research_question,experiment_name,sweep_parameter,sweep_value,dynamics,activation_family,activation_param_name,activation_param_value,lam,n,s,k,beta,seed,converged,convergence_step,publisher_welfare,user_welfare,max_improvement,last_converged,last_convergence_step,last_publisher_welfare,last_user_welfare,last_max_improvement,exposure_violation_initial,exposure_violation_terminal
How do within-family activation hyperparameters tune the welfare-convergence tradeoff?,hyperparameter_root_power,a,0.0,brd,root_power,a,0.0,0.5,3,3,3,1.0,3,True,7,0.9872722082989813,0.9345883685986397,9.446705183724369e-05,,,,,,0.0,1.1102230246251565e-16
How do within-family activation hyperparameters tune the welfare-convergence tradeoff?,hyperparameter_root_power,a,0.0,brd,root_power,a,0.0,0.5,3,3,3,1.0,4,True,8,0.96290863621432,0.9206292978787491,9.864026863698472e-05,,,,,,2.220446049250313e-16,2.220446049250313e-16
How do within-family activation hyperparameters tune the welfare-convergence tradeoff?,hyperparameter_root_power,a,0.0,brd,root_power,a,0.0,0.5,3,3,3,1.0,6,True,5,0.9832977210036593,0.8477904950734141,6.581896242724428e-05,,,,,,2.220446049250313e-16,2.220446049250313e-16
How do within-family activation hyperparameters tune the welfare-convergence tradeoff?,hyperparameter_root_power,a,0.0,brd,root_power,a,0.0,0.5,3,3,3,1.0,0,True,8,0.9740859816483499,0.8500981459843135,3.985702999281804e-05,,,,,,0.0,1.1102230246251565e-16
How do within-family activation hyperparameters tune the welfare-convergence tradeoff?,hyperparameter_root_power,a,0.0,brd,root_power,a,0.0,0.5,3,3,3,1.0,1,True,8,0.9703255629281498,0.9116081942799695,5.8032342514724444e-05,,,,,,2.220446049250313e-16,0.0
How do within-family activation hyperparameters tune the welfare-convergence tradeoff?,hyperparameter_root_power,a,0.0,brd,root_power,a,0.0,0.5,3,3,3,1.0,2,True,8,0.963343696859507,0.9148880507157511,3.13466545537322e-05,,,,,,1.1102230246251565e-16,1.1102230246251565e-16
How do within-family activation hyperparameters tune the welfare-convergence tradeoff?,hyperparameter_root_power,a,0.0,brd,root_power,a,0.0,0.5,3,3,3,1.0,5,True,8,0.9604786608083377,0.8863662739205035,4.882495824504174e-05,,,,,,2.220446049250313e-16,2.220446049250313e-16
How do within-family activation hyperparameters tune the welfare-convergence tradeoff?,hyperparameter_root_power,a,0.0,brd,root_power,a,0.0,0.5,3,3,3,1.0,7,True,8,0.9781733851933881,0.9235153667945494,8.316460911306223e-05,,,,,,2.220446049250313e-16,2.220446049250313e-16
How do within-family activation hyperparameters tune the welfare-convergence tradeoff?,hyperparameter_root_power,a,0.0,brd,root_power,a,0.0,0.5,3,3,3,1.0,13,True,6,0.972408074318696,0.8785747490066389,6.097314049585689e-05,,,,,,1.1102230246251565e-16,2.220446049250313e-16
How do within-family activation hyperparameters tune the welfare-convergence tradeoff?,hyperparameter_root_power,a,0.0,brd,root_power,a,0.0,0.5,3,3,3,1.0,12,True,7,0.9716389973958334,0.8994274241364764,7.407254004587749e-05,,,,,,1.1102230246251565e-16,0.0
How do within-family activation hyperparameters tune the welfare-convergence tradeoff?,hyperparameter_root_power,a,0.0,brd,root_power,a,0.0,0.5,3,3,3,1.0,10,True,8,0.9743539635570239,0.9050185831773335,7.689538217675596e-05,,,,,,0.0,1.1102230246251565e-16
How do within-family activation hyperparameters tune the welfare-convergence tradeoff?,hyperparameter_root_power,a,0.0,brd,root_power,a,0.0,0.5,3,3,3,1.0,8,True,9,0.9587923181149189,0.920661719561194,5.4595624218389815e-05,,,,,,0.0,2.220446049250313e-16
How do within-family activation hyperparameters tune the welfare-convergence tradeoff?,hyperparameter_root_power,a,0.0,brd,root_power,a,0.0,0.5,3,3,3,1.0,14,True,7,0.9892396142890636,0.9448407773821147,5.188554420809677e-05,,,,,,2.220446049250313e-16,2.220446049250313e-16
How do within-family activation hyperparameters tune the welfare-convergence tradeoff?,hyperparameter_root_power,a,0.0,brd,root_power,a,0.0,0.5,3,3,3,1.0,9,True,7,0.9671075363916943,0.8592317197862194,8.515119269658644e-05,,,,,,2.220446049250313e-16,1.1102230246251565e-16
How do within-family activation hyperparameters tune the welfare-convergence tradeoff?,hyperparameter_root_power,a,0.0,brd,root_power,a,0.0,0.5,3,3,3,1.0,11,True,9,0.9482557466696279,0.8995463421344038,8.135429071787215e-05,,,,,,2.220446049250313e-16,1.1102230246251565e-16
How do within-family activation hyperparameters tune the welfare-convergence tradeoff?,hyperparameter_root_power,a,0.0,brd,root_power,a,0.0,0.5,3,3,3,1.0,15,True,6,0.9773301187237192,0.9025863054356847,8.421623518800603e-05,,,,,,0.0,2.220446049250313e-16
How do within-family activation hyperparameters tune the welfare-convergence tradeoff?,hyperparameter_root_power,a,0.0,brd,root_power,a,0.0,0.5,3,3,3,1.0,19,True,7,0.9775344661981118,0.940250646390552,7.902925331565447e-05,,,,,,0.0,1.1102230246251565e-16
How do within-family activation hyperparameters tune the welfare-convergence tradeoff?,hyperparameter_root_power,a,0.0,brd,root_power,a,0.0,0.5,3,3,3,1.0,20,True,7,0.9780096346951814,0.9184896981296924,7.791867266604413e-05,,,,,,1.1102230246251565e-16,0.0
How do within-family activation hyperparameters tune the welfare-convergence tradeoff?,hyperparameter_root_power,a,0.0,brd,root_power,a,0.0,0.5,3,3,3,1.0,16,True,8,0.9664108841524764,0.8582985968406384,3.114876521348453e-05,,,,,,2.220446049250313e-16,2.220446049250313e-16
How do within-family activation hyperparameters tune the welfare-convergence tradeoff?,hyperparameter_root_power,a,0.0,brd,root_power,a,0.0,0.5,3,3,3,1.0,18,True,8,0.9809556135084248,0.8987466552783481,2.7763930297408645e-05,,,,,,2.220446049250313e-16,1.1102230246251565e-16
How do within-family activation hyperparameters tune the welfare-convergence tradeoff?,hyperparameter_root_power,a,0.0,brd,root_power,a,0.0,0.5,3,3,3,1.0,21,True,7,0.9655346618992593,0.9156353309854817,6.88781395508653e-05,,,,,,2.220446049250313e-16,2.220446049250313e-16
How do within-family activation hyperparameters tune the welfare-convergence tradeoff?,hyperparameter_root_power,a,0.0,brd,root_power,a,0.0,0.5,3,3,3,1.0,17,True,8,0.9646415090373582,0.9135919287815942,1.581244052667463e-05,,,,,,2.220446049250313e-16,0.0
How do within-family activation hyperparameters tune the welfare-convergence tradeoff?,hyperparameter_root_power,a,0.0,brd,root_power,a,0.0,0.5,3,3,3,1.0,22,True,8,0.9702022467085522,0.9473442735110224,1.6922405041308597e-05,,,,,,2.220446049250313e-16,1.1102230246251565e-16
How do within-family activation hyperparameters tune the welfare-convergence tradeoff?,hyperparameter_root_power,a,0.0,brd,root_power,a,0.0,0.5,3,3,3,1.0,23,True,9,0.9820788955745592,0.9533331149160494,1.2855087987762026e-05,,,,,,2.220446049250313e-16,1.1102230246251565e-16
How do within-family activation hyperparameters tune the welfare-convergence tradeoff?,hyperparameter_root_power,a,0.0,brd,root_power,a,0.0,0.5,3,3,3,1.0,24,True,7,0.9875113167930283,0.926238429073896,6.158557770147288e-05,,,,,,2.220446049250313e-16,2.220446049250313e-16
How do within-family activation hyperparameters tune the welfare-convergence tradeoff?,hyperparameter_root_power,a,0.0,brd,root_power,a,0.0,0.5,3,3,3,1.0,26,True,8,0.9850874702145133,0.9110457260366349,6.870650353063557e-05,,,,,,1.1102230246251565e-16,0.0
How do within-family activation hyperparameters tune the welfare-convergence tradeoff?,hyperparameter_root_power,a,0.0,brd,root_power,a,0.0,0.5,3,3,3,1.0,30,True,8,0.9719621304124563,0.9395572662256929,6.373182042179737e-05,,,,,,1.1102230246251565e-16,1.1102230246251565e-16
How do within-family activation hyperparameters tune the welfare-convergence tradeoff?,hyperparameter_root_power,a,0.0,brd,root_power,a,0.0,0.5,3,3,3,1.0,29,True,8,0.9588571629292585,0.8888147718662425,7.492987096507919e-05,,,,,,1.1102230246251565e-16,1.1102230246251565e-16
How do within-family activation hyperparameters tune the welfare-convergence tradeoff?,hyperparameter_root_power,a,0.0,brd,root_power,a,0.0,0.5,3,3,3,1.0,25,True,8,0.9443551023772936,0.8737856612074303,7.264238787402233e-05,,,,,,1.1102230246251565e-16,2.220446049250313e-16
How do within-family activation hyperparameters tune the welfare-convergence tradeoff?,hyperparameter_root_power,a,0.0,brd,root_power,a,0.0,0.5,3,3,3,1.0,27,True,9,0.9617587427474785,0.910187398917706,2.3249487714482875e-05,,,,,,2.220446049250313e-16,1.1102230246251565e-16
How do within-family activation hyperparameters tune the welfare-convergence tradeoff?,hyperparameter_root_power,a,0.0,brd,root_power,a,0.0,0.5,3,3,3,1.0,28,True,9,0.9525518204408366,0.9008868247820644,1.1153256901763609e-05,,,,,,1.1102230246251565e-16,2.220446049250313e-16
How do within-family activation hyperparameters tune the welfare-convergence tradeoff?,hyperparameter_root_power,a,0.0,brd,root_power,a,0.0,0.5,3,3,3,1.0,31,True,8,0.9703332295451141,0.9023906460431043,5.7273242147937165e-05,,,,,,2.220446049250313e-16,2.220446049250313e-16
How do within-family activation hyperparameters tune the welfare-convergence tradeoff?,hyperparameter_root_power,a,0.0,brd,root_power,a,0.0,0.5,3,3,3,1.0,33,True,9,0.9717965923704123,0.9145303401878236,7.5093944682747e-05,,,,,,1.1102230246251565e-16,2.220446049250313e-16
How do within-family activation hyperparameters tune the welfare-convergence tradeoff?,hyperparameter_root_power,a,0.0,brd,root_power,a,0.0,0.5,3,3,3,1.0,32,True,7,0.97260039945467,0.9295486676126615,6.162352137933924e-05,,,,,,0.0,2.220446049250313e-16
How do within-family activation hyperparameters tune the welfare-convergence tradeoff?,hyperparameter_root_power,a,0.0,brd,root_power,a,0.0,0.5,3,3,3,1.0,34,True,7,0.9694851638598422,0.88178912090678,5.413058996955877e-05,,,,,,1.1102230246251565e-16,0.0
How do within-family activation hyperparameters tune the welfare-convergence tradeoff?,hyperparameter_root_power,a,0.0,brd,root_power,a,0.0,0.5,3,3,3,1.0,35,True,9,0.9644775390625,0.8350324490285992,5.958555238300134e-05,,,,,,2.220446049250313e-16,1.1102230246251565e-16
How do within-family activation hyperparameters tune the welfare-convergence tradeoff?,hyperparameter_root_power,a,0.0,brd,root_power,a,0.0,0.5,3,3,3,1.0,38,True,8,0.9816818025091484,0.9467342364804234,9.629837539071318e-05,,,,,,1.1102230246251565e-16,0.0
How do within-family activation hyperparameters tune the welfare-convergence tradeoff?,hyperparameter_root_power,a,0.0,brd,root_power,a,0.0,0.5,3,3,3,1.0,37,True,10,0.9416154776392128,0.8875323302315651,4.999309257025519e-05,,,,,,1.1102230246251565e-16,1.1102230246251565e-16
How do within-family activation hyperparameters tune the welfare-convergence tradeoff?,hyperparameter_root_power,a,0.0,brd,root_power,a,0.0,0.5,3,3,3,1.0,36,True,8,0.9842392264871923,0.9271220066789646,5.4742603489921215e-05,,,,,,1.1102230246251565e-16,1.1102230246251565e-16
How do within-family activation hyperparameters tune the welfare-convergence tradeoff?,hyperparameter_root_power,a,0.0,brd,root_power,a,0.0,0.5,3,3,3,1.0,39,True,7,0.9847792991009585,0.9199804197415368,2.637360742269168e-05,,,,,,0.0,0.0
How do within-family activation hyperparameters tune the welfare-convergence tradeoff?,hyperparameter_root_power,a,0.0,brd,root_power,a,0.0,0.5,3,3,3,1.0,41,True,6,0.9893031528210682,0.9133069534562964,6.358311000537187e-05,,,,,,1.1102230246251565e-16,2.220446049250313e-16
How do within-family activation hyperparameters tune the welfare-convergence tradeoff?,hyperparameter_root_power,a,0.0,brd,root_power,a,0.0,0.5,3,3,3,1.0,45,True,6,0.9910694999395694,0.9748278385460152,9.977825764517778e-05,,,,,,0.0,0.0
How do within-family activation hyperparameters tune the welfare-convergence tradeoff?,hyperparameter_root_power,a,0.0,brd,root_power,a,0.0,0.5,3,3,3,1.0,42,True,8,0.9688080242380427,0.9018029451251826,7.176930384317215e-05,,,,,,1.1102230246251565e-16,1.1102230246251565e-16
How do within-family activation hyperparameters tune the welfare-convergence tradeoff?,hyperparameter_root_power,a,0.0,brd,root_power,a,0.0,0.5,3,3,3,1.0,40,True,8,0.9514095823806765,0.8816226414517674,4.57814093732245e-05,,,,,,2.220446049250313e-16,2.220446049250313e-16
How do within-family activation hyperparameters tune the welfare-convergence tradeoff?,hyperparameter_root_power,a,0.0,brd,root_power,a,0.0,0.5,3,3,3,1.0,43,True,9,0.9457118673029771,0.8611523069381967,8.314460007813329e-05,,,,,,1.1102230246251565e-16,1.1102230246251565e-16
How do within-family activation hyperparameters tune the welfare-convergence tradeoff?,hyperparameter_root_power,a,0.0,brd,root_power,a,0.0,0.5,3,3,3,1.0,44,True,8,0.9516604359145042,0.8665972621034728,9.051621248756803e-05,,,,,,2.220446049250313e-16,1.1102230246251565e-16
How do within-family activation hyperparameters tune the welfare-convergence tradeoff?,hyperparameter_root_power,a,0.0,brd,root_power,a,0.0,0.5,3,3,3,1.0,47,True,6,0.9833460617236777,0.9456145570322395,4.652775206281934e-05,,,,,,1.1102230246251565e-16,0.0
How do within-family activation hyperparameters tune the welfare-convergence tradeoff?,hyperparameter_root_power,a,0.0,brd,root_power,a,0.0,0.5,3,3,3,1.0,46,True,8,0.9782786904105476,0.8996739397836363,7.5788167930856964e-06,,,,,,1.1102230246251565e-16,1.1102230246251565e-16
How do within-family activation hyperparameters tune the welfare-convergence tradeoff?,hyperparameter_root_power,a,0.0,brd,root_power,a,0.0,0.5,3,3,3,1.0,51,True,6,0.9825199741816119,0.8991489415647033,8.625932177225293e-05,,,,,,1.1102230246251565e-16,1.1102230246251565e-16
How do within-family activation hyperparameters tune the welfare-convergence tradeoff?,hyperparameter_root_power,a,0.0,brd,root_power,a,0.0,0.5,3,3,3,1.0,49,True,7,0.9790859875361696,0.8750292421864652,3.8803686994659525e-05,,,,,,1.1102230246251565e-16,1.1102230246251565e-16
How do within-family activation hyperparameters tune the welfare-convergence tradeoff?,hyperparameter_root_power,a,0.0,brd,root_power,a,0.0,0.5,3,3,3,1.0,48,True,8,0.9774317745471537,0.9204469655109221,1.5370856628504903e-05,,,,,,1.1102230246251565e-16,0.0
How do within-family activation hyperparameters tune the welfare-convergence tradeoff?,hyperparameter_root_power,a,0.0,brd,root_power,a,0.0,0.5,3,3,3,1.0,52,True,6,0.9802182981645541,0.8639627818459427,4.56064353065444e-05,,,,,,2.220446049250313e-16,2.220446049250313e-16
How do within-family activation hyperparameters tune the welfare-convergence tradeoff?,hyperparameter_root_power,a,0.0,brd,root_power,a,0.0,0.5,3,3,3,1.0,50,True,8,0.9813635196295738,0.8682043485021773,5.6637844213780486e-05,,,,,,0.0,1.1102230246251565e-16
How do within-family activation hyperparameters tune the welfare-convergence tradeoff?,hyperparameter_root_power,a,0.0,brd,root_power,a,0.0,0.5,3,3,3,1.0,53,True,7,0.9648316197475403,0.9140539665815796,4.99752633526529e-05,,,,,,2.220446049250313e-16,1.1102230246251565e-16
How do within-family activation hyperparameters tune the welfare-convergence tradeoff?,hyperparameter_root_power,a,0.0,brd,root_power,a,0.0,0.5,3,3,3,1.0,54,True,9,0.9716286281739934,0.8948336340080191,9.076426914778057e-05,,,,,,0.0,1.1102230246251565e-16
How do within-family activation hyperparameters tune the welfare-convergence tradeoff?,hyperparameter_root_power,a,0.0,brd,root_power,a,0.0,0.5,3,3,3,1.0,55,True,9,0.975152463386737,0.8925324434794533,5.952584802687566e-05,,,,,,0.0,1.1102230246251565e-16
How do within-family activation hyperparameters tune the welfare-convergence tradeoff?,hyperparameter_root_power,a,0.0,brd,root_power,a,0.0,0.5,3,3,3,1.0,56,True,7,0.9863915986185902,0.9174748409563325,8.895836553884928e-05,,,,,,0.0,2.220446049250313e-16
How do within-family activation hyperparameters tune the welfare-convergence tradeoff?,hyperparameter_root_power,a,0.0,brd,root_power,a,0.0,0.5,3,3,3,1.0,61,True,6,0.9750257813983281,0.9218482614310206,9.805276020752318e-05,,,,,,0.0,1.1102230246251565e-16
How do within-family activation hyperparameters tune the welfare-convergence tradeoff?,hyperparameter_root_power,a,0.0,brd,root_power,a,0.0,0.5,3,3,3,1.0,57,True,8,0.9865979467037415,0.9025981059799982,3.0038748351335354e-05,,,,,,2.220446049250313e-16,2.220446049250313e-16
How do within-family activation hyperparameters tune the welfare-convergence tradeoff?,hyperparameter_root_power,a,0.0,brd,root_power,a,0.0,0.5,3,3,3,1.0,59,True,8,0.9672389305168513,0.8652747356516368,4.0475816365570516e-05,,,,,,1.1102230246251565e-16,2.220446049250313e-16
How do within-family activation hyperparameters tune the welfare-convergence tradeoff?,hyperparameter_root_power,a,0.0,brd,root_power,a,0.0,0.5,3,3,3,1.0,60,True,8,0.9692476456042396,0.9251889102885386,6.979003638024617e-05,,,,,,1.1102230246251565e-16,1.1102230246251565e-16
How do within-family activation hyperparameters tune the welfare-convergence tradeoff?,hyperparameter_root_power,a,0.0,brd,root_power,a,0.0,0.5,3,3,3,1.0,58,True,8,0.9642505378658227,0.887777352942741,5.779503821196075e-05,,,,,,2.220446049250313e-16,0.0
How do within-family activation hyperparameters tune the welfare-convergence tradeoff?,hyperparameter_root_power,a,0.0,brd,root_power,a,0.0,0.5,3,3,3,1.0,63,True,6,0.9883893286964489,0.9304729190274728,6.16646733087034e-05,,,,,,1.1102230246251565e-16,1.1102230246251565e-16
How do within-family activation hyperparameters tune the welfare-convergence tradeoff?,hyperparameter_root_power,a,0.0,brd,root_power,a,0.0,0.5,3,3,3,1.0,62,True,8,0.957959947320209,0.909417316548125,5.94464861476407e-05,,,,,,2.220446049250313e-16,0.0
How do within-family activation hyperparameters tune the welfare-convergence tradeoff?,hyperparameter_root_power,a,0.0,brd,root_power,a,0.0,0.5,3,3,3,1.0,65,True,6,0.9718811204926813,0.8802919236711239,8.994624937946893e-05,,,,,,2.220446049250313e-16,2.220446049250313e-16
How do within-family activation hyperparameters tune the welfare-convergence tradeoff?,hyperparameter_root_power,a,0.0,brd,root_power,a,0.0,0.5,3,3,3,1.0,66,True,8,0.9809002423358639,0.901626967724089,8.813305496557788e-05,,,,,,2.220446049250313e-16,2.220446049250313e-16
How do within-family activation hyperparameters tune the welfare-convergence tradeoff?,hyperparameter_root_power,a,0.0,brd,root_power,a,0.0,0.5,3,3,3,1.0,69,True,7,0.9765919518445618,0.9239466282924814,8.744754832445967e-05,,,,,,0.0,0.0
How do within-family activation hyperparameters tune the welfare-convergence tradeoff?,hyperparameter_root_power,a,0.0,brd,root_power,a,0.0,0.5,3,3,3,1.0,64,True,9,0.9362231615084502,0.861176541975475,5.643385747577945e-05,,,,,,2.220446049250313e-16,0.0
How do within-family activation hyperparameters tune the welfare-convergence tradeoff?,hyperparameter_root_power,a,0.0,brd,root_power,a,0.0,0.5,3,3,3,1.0,67,True,7,0.9738803493283066,0.8840259688647367,5.834972475221578e-05,,,,,,0.0,1.1102230246251565e-16
How do within-family activation hyperparameters tune the welfare-convergence tradeoff?,hyperparameter_root_power,a,0.0,brd,root_power,a,0.0,0.5,3,3,3,1.0,68,True,7,0.9779496957664945,0.8976172979472556,6.603380527103742e-05,,,,,,2.220446049250313e-16,1.1102230246251565e-16
How do within-family activation hyperparameters tune the welfare-convergence tradeoff?,hyperparameter_root_power,a,0.0,brd,root_power,a,0.0,0.5,3,3,3,1.0,71,True,7,0.9667841295869428,0.921674881025394,8.615089359614858e-05,,,,,,0.0,1.1102230246251565e-16
How do within-family activation hyperparameters tune the welfare-convergence tradeoff?,hyperparameter_root_power,a,0.0,brd,root_power,a,0.0,0.5,3,3,3,1.0,70,True,9,0.9617251880077738,0.9128422581658437,5.267347954651669e-05,,,,,,2.220446049250313e-16,1.1102230246251565e-16
How do within-family activation hyperparameters tune the welfare-convergence tradeoff?,hyperparameter_root_power,a,0.0,brd,root_power,a,0.0,0.5,3,3,3,1.0,72,True,8,0.9598558811993034,0.9211152965219126,8.342441591435712e-05,,,,,,2.220446049250313e-16,1.1102230246251565e-16
How do within-family activation hyperparameters tune the welfare-convergence tradeoff?,hyperparameter_root_power,a,0.0,brd,root_power,a,0.0,0.5,3,3,3,1.0,73,True,8,0.9689117000696768,0.899993234793038,7.89560149216384e-05,,,,,,2.220446049250313e-16,2.220446049250313e-16
How do within-family activation hyperparameters tune the welfare-convergence tradeoff?,hyperparameter_root_power,a,0.0,brd,root_power,a,0.0,0.5,3,3,3,1.0,74,True,8,0.9830110770971824,0.9005351200263673,7.435561284840908e-05,,,,,,0.0,1.1102230246251565e-16
How do within-family activation hyperparameters tune the welfare-convergence tradeoff?,hyperparameter_root_power,a,0.0,brd,root_power,a,0.0,0.5,3,3,3,1.0,75,True,7,0.9726743239645869,0.869023065118571,9.684279686278385e-05,,,,,,1.1102230246251565e-16,2.220446049250313e-16
How do within-family activation hyperparameters tune the welfare-convergence tradeoff?,hyperparameter_root_power,a,0.0,brd,root_power,a,0.0,0.5,3,3,3,1.0,77,True,7,0.9823413532042333,0.8945268124743198,6.621011011692657e-05,,,,,,2.220446049250313e-16,1.1102230246251565e-16
How do within-family activation hyperparameters tune the welfare-convergence tradeoff?,hyperparameter_root_power,a,0.0,brd,root_power,a,0.0,0.5,3,3,3,1.0,76,True,9,0.9356792839141661,0.9015333530916522,7.773068548788675e-05,,,,,,2.220446049250313e-16,1.1102230246251565e-16
How do within-family activation hyperparameters tune the welfare-convergence tradeoff?,hyperparameter_root_power,a,0.0,brd,root_power,a,0.0,0.5,3,3,3,1.0,78,True,7,0.9823517609670659,0.9200644502424445,5.210887490009197e-05,,,,,,1.1102230246251565e-16,0.0
How do within-family activation hyperparameters tune the welfare-convergence tradeoff?,hyperparameter_root_power,a,0.0,brd,root_power,a,0.0,0.5,3,3,3,1.0,80,True,8,0.9735042578184029,0.9275199187696991,4.501929371264479e-05,,,,,,0.0,1.1102230246251565e-16
How do within-family activation hyperparameters tune the welfare-convergence tradeoff?,hyperparameter_root_power,a,0.0,brd,root_power,a,0.0,0.5,3,3,3,1.0,79,True,9,0.9497020992401367,0.8636680148808886,8.003331592909557e-05,,,,,,1.1102230246251565e-16,1.1102230246251565e-16
How do within-family activation hyperparameters tune the welfare-convergence tradeoff?,hyperparameter_root_power,a,0.0,brd,root_power,a,0.0,0.5,3,3,3,1.0,82,True,9,0.9508640067179215,0.8703373094535486,1.546124849455266e-05,,,,,,2.220446049250313e-16,0.0
How do within-family activation hyperparameters tune the welfare-convergence tradeoff?,hyperparameter_root_power,a,0.0,brd,root_power,a,0.0,0.5,3,3,3,1.0,81,True,9,0.9568860765940816,0.8946228676993044,3.992919058781741e-05,,,,,,0.0,1.1102230246251565e-16
How do within-family activation hyperparameters tune the welfare-convergence tradeoff?,hyperparameter_root_power,a,0.0,brd,root_power,a,0.0,0.5,3,3,3,1.0,83,True,7,0.9799302347481792,0.9558570355525525,8.563224321106455e-05,,,,,,0.0,1.1102230246251565e-16
How do within-family activation hyperparameters tune the welfare-convergence tradeoff?,hyperparameter_root_power,a,0.0,brd,root_power,a,0.0,0.5,3,3,3,1.0,84,True,6,0.9830729166666666,0.9603171108758878,3.828573943115421e-05,,,,,,1.1102230246251565e-16,1.1102230246251565e-16
How do within-family activation hyperparameters tune the welfare-convergence tradeoff?,hyperparameter_root_power,a,0.0,brd,root_power,a,0.0,0.5,3,3,3,1.0,86,True,7,0.9852701822916666,0.9129219814953468,1.79581383792371e-05,,,,,,1.1102230246251565e-16,2.220446049250313e-16
How do within-family activation hyperparameters tune the welfare-convergence tradeoff?,hyperparameter_root_power,a,0.0,brd,root_power,a,0.0,0.5,3,3,3,1.0,85,True,8,0.9868415649973529,0.8825540798144539,-4.7089358196084063e-07,,,,,,1.1102230246251565e-16,2.220446049250313e-16
How do within-family activation hyperparameters tune the welfare-convergence tradeoff?,hyperparameter_root_power,a,0.0,brd,root_power,a,0.0,0.5,3,3,3,1.0,87,True,6,0.98936951359066,0.8794630551157775,8.896210258685366e-05,,,,,,2.220446049250313e-16,2.220446049250313e-16
How do within-family activation hyperparameters tune the welfare-convergence tradeoff?,hyperparameter_root_power,a,0.0,brd,root_power,a,0.0,0.5,3,3,3,1.0,90,True,6,0.9860220802869262,0.8970768404308749,5.7458687589218016e-05,,,,,,0.0,1.1102230246251565e-16
How do within-family activation hyperparameters tune the welfare-convergence tradeoff?,hyperparameter_root_power,a,0.0,brd,root_power,a,0.0,0.5,3,3,3,1.0,88,True,8,0.978225119767887,0.9144291424801537,4.68349484409325e-05,,,,,,1.1102230246251565e-16,1.1102230246251565e-16
How do within-family activation hyperparameters tune the welfare-convergence tradeoff?,hyperparameter_root_power,a,0.0,brd,root_power,a,0.0,0.5,3,3,3,1.0,91,True,7,0.9723411369294993,0.8845063155923305,7.857348345724491e-05,,,,,,0.0,2.220446049250313e-16
How do within-family activation hyperparameters tune the welfare-convergence tradeoff?,hyperparameter_root_power,a,0.0,brd,root_power,a,0.0,0.5,3,3,3,1.0,89,True,8,0.9826963365073267,0.8968935382140306,-1.0463852228803638e-05,,,,,,2.220446049250313e-16,2.220446049250313e-16
How do within-family activation hyperparameters tune the welfare-convergence tradeoff?,hyperparameter_root_power,a,0.0,brd,root_power,a,0.0,0.5,3,3,3,1.0,92,True,7,0.974533198673083,0.9242726927464275,3.065195645651775e-05,,,,,,2.220446049250313e-16,2.220446049250313e-16
How do within-family activation hyperparameters tune the welfare-convergence tradeoff?,hyperparameter_root_power,a,0.0,brd,root_power,a,0.0,0.5,3,3,3,1.0,93,True,8,0.9660389234619967,0.8264759318487412,6.230876400270535e-05,,,,,,2.220446049250313e-16,0.0
How do within-family activation hyperparameters tune the welfare-convergence tradeoff?,hyperparameter_root_power,a,0.0,brd,root_power,a,0.0,0.5,3,3,3,1.0,94,True,8,0.9678487651238773,0.8891710088548299,8.734695832546269e-05,,,,,,0.0,1.1102230246251565e-16
How do within-family activation hyperparameters tune the welfare-convergence tradeoff?,hyperparameter_root_power,a,0.0,brd,root_power,a,0.0,0.5,3,3,3,1.0,95,True,7,0.9848578758181743,0.9439037654727515,8.31186879937662e-05,,,,,,0.0,1.1102230246251565e-16
How do within-family activation hyperparameters tune the welfare-convergence tradeoff?,hyperparameter_root_power,a,0.0,brd,root_power,a,0.0,0.5,3,3,3,1.0,96,True,7,0.9811197916666666,0.9045630636097782,6.629748157815918e-05,,,,,,0.0,2.220446049250313e-16
How do within-family activation hyperparameters tune the welfare-convergence tradeoff?,hyperparameter_root_power,a,0.0,brd,root_power,a,0.0,0.5,3,3,3,1.0,98,True,7,0.9785591587114641,0.9123015886584102,4.012089155125409e-05,,,,,,1.1102230246251565e-16,0.0
How do within-family activation hyperparameters tune the welfare-convergence tradeoff?,hyperparameter_root_power,a,0.0,brd,root_power,a,0.0,0.5,3,3,3,1.0,97,True,9,0.9618969031390942,0.8641237542408909,2.9246461111964717e-05,,,,,,2.220446049250313e-16,2.220446049250313e-16
How do within-family activation hyperparameters tune the welfare-convergence tradeoff?,hyperparameter_root_power,a,0.0,brd,root_power,a,0.0,0.5,3,3,3,1.0,99,True,6,0.983810542423083,0.9501767337502735,8.509374986243046e-05,,,,,,0.0,1.1102230246251565e-16
How do within-family activation hyperparameters tune the welfare-convergence tradeoff?,hyperparameter_root_power,a,0.1,brd,root_power,a,0.1,0.5,3,3,3,1.0,0,True,8,0.9750162760416666,0.8486162895137325,1.9038947141336582e-05,,,,,,1.1102230246251565e-16,2.220446049250313e-16
How do within-family activation hyperparameters tune the welfare-convergence tradeoff?,hyperparameter_root_power,a,0.1,brd,root_power,a,0.1,0.5,3,3,3,1.0,3,True,7,0.989235001442985,0.9326525924514989,9.881187767840638e-05,,,,,,1.1102230246251565e-16,1.1102230246251565e-16
How do within-family activation hyperparameters tune the welfare-convergence tradeoff?,hyperparameter_root_power,a,0.1,brd,root_power,a,0.1,0.5,3,3,3,1.0,1,True,8,0.972548358216153,0.9092314701169686,1.3252218397930005e-05,,,,,,1.1102230246251565e-16,2.220446049250313e-16
How do within-family activation hyperparameters tune the welfare-convergence tradeoff?,hyperparameter_root_power,a,0.1,brd,root_power,a,0.1,0.5,3,3,3,1.0,2,True,7,0.9675345007564163,0.9103975782724185,9.824029222071928e-05,,,,,,2.220446049250313e-16,1.1102230246251565e-16
How do within-family activation hyperparameters tune the welfare-convergence tradeoff?,hyperparameter_root_power,a,0.1,brd,root_power,a,0.1,0.5,3,3,3,1.0,4,True,8,0.9651975356465153,0.9180686614640612,7.009461047918775e-05,,,,,,2.220446049250313e-16,1.1102230246251565e-16
How do within-family activation hyperparameters tune the welfare-convergence tradeoff?,hyperparameter_root_power,a,0.1,brd,root_power,a,0.1,0.5,3,3,3,1.0,6,True,5,0.9832977210036593,0.8471546622124911,4.007287781881974e-05,,,,,,2.220446049250313e-16,0.0
How do within-family activation hyperparameters tune the welfare-convergence tradeoff?,hyperparameter_root_power,a,0.1,brd,root_power,a,0.1,0.5,3,3,3,1.0,7,True,7,0.9829872419660045,0.9183134570822724,8.113095588663244e-05,,,,,,2.220446049250313e-16,1.1102230246251565e-16
How do within-family activation hyperparameters tune the welfare-convergence tradeoff?,hyperparameter_root_power,a,0.1,brd,root_power,a,0.1,0.5,3,3,3,1.0,5,True,8,0.9655425419784394,0.8814033437790115,9.030180005747956e-05,,,,,,2.220446049250313e-16,2.220446049250313e-16
How do within-family activation hyperparameters tune the welfare-convergence tradeoff?,hyperparameter_root_power,a,0.1,brd,root_power,a,0.1,0.5,3,3,3,1.0,8,True,8,0.9673428179924356,0.9116837192197206,9.413955793680095e-05,,,,,,1.1102230246251565e-16,1.1102230246251565e-16
How do within-family activation hyperparameters tune the welfare-convergence tradeoff?,hyperparameter_root_power,a,0.1,brd,root_power,a,0.1,0.5,3,3,3,1.0,12,True,7,0.9734596443205007,0.8971181095837565,2.086302640563753e-05,,,,,,2.220446049250313e-16,1.1102230246251565e-16
How do within-family activation hyperparameters tune the welfare-convergence tradeoff?,hyperparameter_root_power,a,0.1,brd,root_power,a,0.1,0.5,3,3,3,1.0,10,True,8,0.9753940484049728,0.9036311879175519,2.2606929754309668e-05,,,,,,1.1102230246251565e-16,2.220446049250313e-16
How do within-family activation hyperparameters tune the welfare-convergence tradeoff?,hyperparameter_root_power,a,0.1,brd,root_power,a,0.1,0.5,3,3,3,1.0,13,True,8,0.9755026805540546,0.8752911422539206,7.60877635332391e-05,,,,,,2.220446049250313e-16,0.0
How do within-family activation hyperparameters tune the welfare-convergence tradeoff?,hyperparameter_root_power,a,0.1,brd,root_power,a,0.1,0.5,3,3,3,1.0,9,True,8,0.9703166228614962,0.8563177307011832,6.86534789625659e-05,,,,,,2.220446049250313e-16,2.220446049250313e-16
How do within-family activation hyperparameters tune the welfare-convergence tradeoff?,hyperparameter_root_power,a,0.1,brd,root_power,a,0.1,0.5,3,3,3,1.0,14,True,7,0.9902484920325704,0.9438401854847024,3.6395578138503915e-05,,,,,,1.1102230246251565e-16,0.0
How do within-family activation hyperparameters tune the welfare-convergence tradeoff?,hyperparameter_root_power,a,0.1,brd,root_power,a,0.1,0.5,3,3,3,1.0,11,True,9,0.9523947157010738,0.8948807166676631,9.069612064355193e-05,,,,,,0.0,2.220446049250313e-16
How do within-family activation hyperparameters tune the welfare-convergence tradeoff?,hyperparameter_root_power,a,0.1,brd,root_power,a,0.1,0.5,3,3,3,1.0,15,True,6,0.979800661445031,0.9000612511374145,8.645448210475859e-05,,,,,,1.1102230246251565e-16,2.220446049250313e-16
How do within-family activation hyperparameters tune the welfare-convergence tradeoff?,hyperparameter_root_power,a,0.1,brd,root_power,a,0.1,0.5,3,3,3,1.0,20,True,6,0.9806282124008339,0.9158084277616417,5.788498767483885e-05,,,,,,0.0,1.1102230246251565e-16
How do within-family activation hyperparameters tune the welfare-convergence tradeoff?,hyperparameter_root_power,a,0.1,brd,root_power,a,0.1,0.5,3,3,3,1.0,16,True,8,0.971280413907213,0.8533861304489484,9.692067925870518e-05,,,,,,1.1102230246251565e-16,0.0
How do within-family activation hyperparameters tune the welfare-convergence tradeoff?,hyperparameter_root_power,a,0.1,brd,root_power,a,0.1,0.5,3,3,3,1.0,19,True,7,0.982620861258246,0.9351616109266674,4.685163995910013e-05,,,,,,0.0,1.1102230246251565e-16
How do within-family activation hyperparameters tune the welfare-convergence tradeoff?,hyperparameter_root_power,a,0.1,brd,root_power,a,0.1,0.5,3,3,3,1.0,18,True,7,0.984744320208779,0.8946185786465799,8.566055300707198e-05,,,,,,0.0,2.220446049250313e-16
How do within-family activation hyperparameters tune the welfare-convergence tradeoff?,hyperparameter_root_power,a,0.1,brd,root_power,a,0.1,0.5,3,3,3,1.0,22,True,7,0.9750047090149958,0.9424842140981428,5.186552711072823e-05,,,,,,1.1102230246251565e-16,0.0
How do within-family activation hyperparameters tune the welfare-convergence tradeoff?,hyperparameter_root_power,a,0.1,brd,root_power,a,0.1,0.5,3,3,3,1.0,17,True,7,0.9668216564208028,0.9111397961394897,6.725677892743809e-05,,,,,,2.220446049250313e-16,1.1102230246251565e-16
How do within-family activation hyperparameters tune the welfare-convergence tradeoff?,hyperparameter_root_power,a,0.1,brd,root_power,a,0.1,0.5,3,3,3,1.0,21,True,7,0.9694730130187683,0.9118262718923408,9.258932842237666e-05,,,,,,1.1102230246251565e-16,2.220446049250313e-16
How do within-family activation hyperparameters tune the welfare-convergence tradeoff?,hyperparameter_root_power,a,0.1,brd,root_power,a,0.1,0.5,3,3,3,1.0,23,True,7,0.9859168493615122,0.9490883824879416,9.605317491456766e-05,,,,,,0.0,2.220446049250313e-16
How do within-family activation hyperparameters tune the welfare-convergence tradeoff?,hyperparameter_root_power,a,0.1,brd,root_power,a,0.1,0.5,3,3,3,1.0,26,True,7,0.9878639797364934,0.9080264884264576,6.088691724287498e-05,,,,,,0.0,2.220446049250313e-16
How do within-family activation hyperparameters tune the welfare-convergence tradeoff?,hyperparameter_root_power,a,0.1,brd,root_power,a,0.1,0.5,3,3,3,1.0,24,True,7,0.9887539581467437,0.9247966392218715,2.8527995730331934e-05,,,,,,2.220446049250313e-16,1.1102230246251565e-16
How do within-family activation hyperparameters tune the welfare-convergence tradeoff?,hyperparameter_root_power,a,0.1,brd,root_power,a,0.1,0.5,3,3,3,1.0,27,True,8,0.9687726978090666,0.9028456332807041,7.367533668894977e-05,,,,,,2.220446049250313e-16,2.220446049250313e-16
How do within-family activation hyperparameters tune the welfare-convergence tradeoff?,hyperparameter_root_power,a,0.1,brd,root_power,a,0.1,0.5,3,3,3,1.0,25,True,9,0.9521148956838258,0.8656889588650282,3.387671359511568e-05,,,,,,0.0,2.220446049250313e-16
How do within-family activation hyperparameters tune the welfare-convergence tradeoff?,hyperparameter_root_power,a,0.1,brd,root_power,a,0.1,0.5,3,3,3,1.0,29,True,8,0.9606475275125919,0.886730527186343,1.9979297473549096e-05,,,,,,0.0,1.1102230246251565e-16
How do within-family activation hyperparameters tune the welfare-convergence tradeoff?,hyperparameter_root_power,a,0.1,brd,root_power,a,0.1,0.5,3,3,3,1.0,28,True,7,0.95947265625,0.8933876098110294,9.549686800941481e-05,,,,,,2.220446049250313e-16,1.1102230246251565e-16
How do within-family activation hyperparameters tune the welfare-convergence tradeoff?,hyperparameter_root_power,a,0.1,brd,root_power,a,0.1,0.5,3,3,3,1.0,30,True,8,0.9741710535399284,0.9371446882588987,1.115115997829541e-05,,,,,,0.0,1.1102230246251565e-16
How do within-family activation hyperparameters tune the welfare-convergence tradeoff?,hyperparameter_root_power,a,0.1,brd,root_power,a,0.1,0.5,3,3,3,1.0,31,True,9,0.9738775143705841,0.8984665691870339,2.7755007497687334e-05,,,,,,2.220446049250313e-16,0.0
How do within-family activation hyperparameters tune the welfare-convergence tradeoff?,hyperparameter_root_power,a,0.1,brd,root_power,a,0.1,0.5,3,3,3,1.0,33,True,8,0.9753082935998184,0.9108862360785603,3.7275757190591285e-05,,,,,,0.0,2.220446049250313e-16
How do within-family activation hyperparameters tune the welfare-convergence tradeoff?,hyperparameter_root_power,a,0.1,brd,root_power,a,0.1,0.5,3,3,3,1.0,32,True,7,0.9764775263771741,0.9254348167416041,9.006965062352545e-05,,,,,,2.220446049250313e-16,2.220446049250313e-16
How do within-family activation hyperparameters tune the welfare-convergence tradeoff?,hyperparameter_root_power,a,0.1,brd,root_power,a,0.1,0.5,3,3,3,1.0,34,True,8,0.9713526141591801,0.8796585973369586,3.712125445459735e-05,,,,,,1.1102230246251565e-16,2.220446049250313e-16
How do within-family activation hyperparameters tune the welfare-convergence tradeoff?,hyperparameter_root_power,a,0.1,brd,root_power,a,0.1,0.5,3,3,3,1.0,35,True,8,0.96484375,0.8337696458661176,7.061910938965799e-05,,,,,,1.1102230246251565e-16,2.220446049250313e-16
How do within-family activation hyperparameters tune the welfare-convergence tradeoff?,hyperparameter_root_power,a,0.1,brd,root_power,a,0.1,0.5,3,3,3,1.0,38,True,8,0.9847562463773543,0.9437036311682472,8.197857311337264e-05,,,,,,2.220446049250313e-16,2.220446049250313e-16
How do within-family activation hyperparameters tune the welfare-convergence tradeoff?,hyperparameter_root_power,a,0.1,brd,root_power,a,0.1,0.5,3,3,3,1.0,37,True,9,0.9475273410942695,0.881429289821043,6.793824543510629e-05,,,,,,2.220446049250313e-16,2.220446049250313e-16
How do within-family activation hyperparameters tune the welfare-convergence tradeoff?,hyperparameter_root_power,a,0.1,brd,root_power,a,0.1,0.5,3,3,3,1.0,36,True,8,0.9869015186831611,0.9241882040458096,4.131953973862679e-05,,,,,,1.1102230246251565e-16,2.220446049250313e-16
How do within-family activation hyperparameters tune the welfare-convergence tradeoff?,hyperparameter_root_power,a,0.1,brd,root_power,a,0.1,0.5,3,3,3,1.0,39,True,6,0.9869358746217919,0.9175032232370977,8.69048427760144e-05,,,,,,2.220446049250313e-16,1.1102230246251565e-16
How do within-family activation hyperparameters tune the welfare-convergence tradeoff?,hyperparameter_root_power,a,0.1,brd,root_power,a,0.1,0.5,3,3,3,1.0,41,True,7,0.9912276564732785,0.911464246436776,1.945070851461228e-05,,,,,,1.1102230246251565e-16,1.1102230246251565e-16
How do within-family activation hyperparameters tune the welfare-convergence tradeoff?,hyperparameter_root_power,a,0.1,brd,root_power,a,0.1,0.5,3,3,3,1.0,40,True,8,0.9538861864376835,0.8789692434454732,4.280707975434783e-05,,,,,,0.0,2.220446049250313e-16
How do within-family activation hyperparameters tune the welfare-convergence tradeoff?,hyperparameter_root_power,a,0.1,brd,root_power,a,0.1,0.5,3,3,3,1.0,45,True,6,0.9911024537225275,0.9747658756066436,8.571775055293829e-05,,,,,,1.1102230246251565e-16,1.1102230246251565e-16
How do within-family activation hyperparameters tune the welfare-convergence tradeoff?,hyperparameter_root_power,a,0.1,brd,root_power,a,0.1,0.5,3,3,3,1.0,42,True,8,0.9746284805778119,0.8961668457971772,5.47728366536715e-05,,,,,,2.220446049250313e-16,0.0
How do within-family activation hyperparameters tune the welfare-convergence tradeoff?,hyperparameter_root_power,a,0.1,brd,root_power,a,0.1,0.5,3,3,3,1.0,43,True,7,0.9529108215942615,0.8540158790850804,9.153373079584526e-05,,,,,,1.1102230246251565e-16,2.220446049250313e-16
How do within-family activation hyperparameters tune the welfare-convergence tradeoff?,hyperparameter_root_power,a,0.1,brd,root_power,a,0.1,0.5,3,3,3,1.0,44,True,8,0.9568960367744886,0.8610574941602208,8.94941134464422e-05,,,,,,0.0,0.0
How do within-family activation hyperparameters tune the welfare-convergence tradeoff?,hyperparameter_root_power,a,0.1,brd,root_power,a,0.1,0.5,3,3,3,1.0,47,True,5,0.9843854077628326,0.9443872453716734,5.770422921308471e-05,,,,,,2.220446049250313e-16,1.1102230246251565e-16
How do within-family activation hyperparameters tune the welfare-convergence tradeoff?,hyperparameter_root_power,a,0.1,brd,root_power,a,0.1,0.5,3,3,3,1.0,46,True,8,0.9788851467489957,0.8984839726119324,8.79570959855247e-06,,,,,,1.1102230246251565e-16,2.220446049250313e-16
How do within-family activation hyperparameters tune the welfare-convergence tradeoff?,hyperparameter_root_power,a,0.1,brd,root_power,a,0.1,0.5,3,3,3,1.0,51,True,6,0.9837782118055556,0.8977097494341004,6.992820819784473e-05,,,,,,2.220446049250313e-16,0.0
How do within-family activation hyperparameters tune the welfare-convergence tradeoff?,hyperparameter_root_power,a,0.1,brd,root_power,a,0.1,0.5,3,3,3,1.0,48,True,7,0.9801739627110863,0.9175164440382586,9.797772192965404e-05,,,,,,0.0,0.0
How do within-family activation hyperparameters tune the welfare-convergence tradeoff?,hyperparameter_root_power,a,0.1,brd,root_power,a,0.1,0.5,3,3,3,1.0,49,True,6,0.9803066906611696,0.8734119646861683,9.739967392824456e-05,,,,,,1.1102230246251565e-16,2.220446049250313e-16
How do within-family activation hyperparameters tune the welfare-convergence tradeoff?,hyperparameter_root_power,a,0.1,brd,root_power,a,0.1,0.5,3,3,3,1.0,50,True,7,0.9833420344603249,0.865690033613146,9.102010714984177e-05,,,,,,2.220446049250313e-16,1.1102230246251565e-16
How do within-family activation hyperparameters tune the welfare-convergence tradeoff?,hyperparameter_root_power,a,0.1,brd,root_power,a,0.1,0.5,3,3,3,1.0,52,True,6,0.9820597220738941,0.8617728511752363,8.068395347032853e-05,,,,,,1.1102230246251565e-16,0.0
How do within-family activation hyperparameters tune the welfare-convergence tradeoff?,hyperparameter_root_power,a,0.1,brd,root_power,a,0.1,0.5,3,3,3,1.0,53,True,8,0.9706436714368961,0.9081749003630833,4.9529345126475555e-05,,,,,,0.0,2.220446049250313e-16
How do within-family activation hyperparameters tune the welfare-convergence tradeoff?,hyperparameter_root_power,a,0.1,brd,root_power,a,0.1,0.5,3,3,3,1.0,55,True,9,0.9766140116992619,0.8908536082172033,1.0706507765079198e-05,,,,,,1.1102230246251565e-16,1.1102230246251565e-16
How do within-family activation hyperparameters tune the welfare-convergence tradeoff?,hyperparameter_root_power,a,0.1,brd,root_power,a,0.1,0.5,3,3,3,1.0,54,True,8,0.9749429465274969,0.8913393549659743,5.107053041686349e-05,,,,,,1.1102230246251565e-16,1.1102230246251565e-16
How do within-family activation hyperparameters tune the welfare-convergence tradeoff?,hyperparameter_root_power,a,0.1,brd,root_power,a,0.1,0.5,3,3,3,1.0,56,True,7,0.9878639797364933,0.9158738715064558,5.898183754310393e-05,,,,,,0.0,1.1102230246251565e-16
How do within-family activation hyperparameters tune the welfare-convergence tradeoff?,hyperparameter_root_power,a,0.1,brd,root_power,a,0.1,0.5,3,3,3,1.0,57,True,7,0.9887029334013203,0.9003226338365771,4.34965945009802e-05,,,,,,0.0,2.220446049250313e-16
How do within-family activation hyperparameters tune the welfare-convergence tradeoff?,hyperparameter_root_power,a,0.1,brd,root_power,a,0.1,0.5,3,3,3,1.0,61,True,7,0.9784134678069941,0.91847217211709,7.569058418721575e-05,,,,,,2.220446049250313e-16,2.220446049250313e-16
How do within-family activation hyperparameters tune the welfare-convergence tradeoff?,hyperparameter_root_power,a,0.1,brd,root_power,a,0.1,0.5,3,3,3,1.0,59,True,8,0.9677294879209931,0.8646510754869663,3.7470085561153166e-05,,,,,,1.1102230246251565e-16,1.1102230246251565e-16
How do within-family activation hyperparameters tune the welfare-convergence tradeoff?,hyperparameter_root_power,a,0.1,brd,root_power,a,0.1,0.5,3,3,3,1.0,58,True,8,0.9654843839038341,0.8865113924609848,9.12683846970852e-06,,,,,,2.220446049250313e-16,2.220446049250313e-16
How do within-family activation hyperparameters tune the welfare-convergence tradeoff?,hyperparameter_root_power,a,0.1,brd,root_power,a,0.1,0.5,3,3,3,1.0,60,True,8,0.9709068561436254,0.9232064546961792,2.4632093133192257e-05,,,,,,1.1102230246251565e-16,1.1102230246251565e-16
How do within-family activation hyperparameters tune the welfare-convergence tradeoff?,hyperparameter_root_power,a,0.1,brd,root_power,a,0.1,0.5,3,3,3,1.0,63,True,6,0.9887477338118245,0.9299914461639799,8.503815118626745e-05,,,,,,2.220446049250313e-16,0.0
How do within-family activation hyperparameters tune the welfare-convergence tradeoff?,hyperparameter_root_power,a,0.1,brd,root_power,a,0.1,0.5,3,3,3,1.0,62,True,8,0.961530268724043,0.9057233844010382,7.333723353741828e-05,,,,,,1.1102230246251565e-16,1.1102230246251565e-16
How do within-family activation hyperparameters tune the welfare-convergence tradeoff?,hyperparameter_root_power,a,0.1,brd,root_power,a,0.1,0.5,3,3,3,1.0,65,True,7,0.9736942410478466,0.8784621932073838,9.639598506250291e-05,,,,,,0.0,1.1102230246251565e-16
How do within-family activation hyperparameters tune the welfare-convergence tradeoff?,hyperparameter_root_power,a,0.1,brd,root_power,a,0.1,0.5,3,3,3,1.0,66,True,8,0.9825859720318327,0.8997137645690096,2.5012781349087465e-05,,,,,,1.1102230246251565e-16,1.1102230246251565e-16
How do within-family activation hyperparameters tune the welfare-convergence tradeoff?,hyperparameter_root_power,a,0.1,brd,root_power,a,0.1,0.5,3,3,3,1.0,69,True,6,0.9780920049850549,0.9220989515541341,7.836165667796102e-05,,,,,,2.220446049250313e-16,2.220446049250313e-16
How do within-family activation hyperparameters tune the welfare-convergence tradeoff?,hyperparameter_root_power,a,0.1,brd,root_power,a,0.1,0.5,3,3,3,1.0,67,True,7,0.9774042926846229,0.8802223918615707,6.771860104110017e-05,,,,,,2.220446049250313e-16,2.220446049250313e-16
How do within-family activation hyperparameters tune the welfare-convergence tradeoff?,hyperparameter_root_power,a,0.1,brd,root_power,a,0.1,0.5,3,3,3,1.0,64,True,9,0.9457288678573355,0.8511779075178866,6.961826423207418e-05,,,,,,2.220446049250313e-16,2.220446049250313e-16
How do within-family activation hyperparameters tune the welfare-convergence tradeoff?,hyperparameter_root_power,a,0.1,brd,root_power,a,0.1,0.5,3,3,3,1.0,68,True,8,0.9817352844023234,0.893790306533044,3.116885295095795e-05,,,,,,1.1102230246251565e-16,2.220446049250313e-16
How do within-family activation hyperparameters tune the welfare-convergence tradeoff?,hyperparameter_root_power,a,0.1,brd,root_power,a,0.1,0.5,3,3,3,1.0,71,True,7,0.9695207743289421,0.9188277357234621,4.0573626051199074e-05,,,,,,0.0,1.1102230246251565e-16
How do within-family activation hyperparameters tune the welfare-convergence tradeoff?,hyperparameter_root_power,a,0.1,brd,root_power,a,0.1,0.5,3,3,3,1.0,70,True,8,0.9685635325310469,0.9059740606594007,5.564971591603962e-05,,,,,,1.1102230246251565e-16,1.1102230246251565e-16
How do within-family activation hyperparameters tune the welfare-convergence tradeoff?,hyperparameter_root_power,a,0.1,brd,root_power,a,0.1,0.5,3,3,3,1.0,72,True,8,0.965359956522665,0.9154444107083483,9.06487505817899e-05,,,,,,2.220446049250313e-16,2.220446049250313e-16
How do within-family activation hyperparameters tune the welfare-convergence tradeoff?,hyperparameter_root_power,a,0.1,brd,root_power,a,0.1,0.5,3,3,3,1.0,75,True,7,0.9726303076749038,0.8680624798513149,9.335833563606233e-05,,,,,,2.220446049250313e-16,1.1102230246251565e-16
How do within-family activation hyperparameters tune the welfare-convergence tradeoff?,hyperparameter_root_power,a,0.1,brd,root_power,a,0.1,0.5,3,3,3,1.0,73,True,8,0.9713867615746777,0.8971819545701694,5.768738115025096e-05,,,,,,0.0,0.0
How do within-family activation hyperparameters tune the welfare-convergence tradeoff?,hyperparameter_root_power,a,0.1,brd,root_power,a,0.1,0.5,3,3,3,1.0,74,True,8,0.9841147679427718,0.8992797370760354,7.691735785547715e-05,,,,,,2.220446049250313e-16,1.1102230246251565e-16
How do within-family activation hyperparameters tune the welfare-convergence tradeoff?,hyperparameter_root_power,a,0.1,brd,root_power,a,0.1,0.5,3,3,3,1.0,77,True,6,0.9848448033745593,0.8914575579837831,9.244501883437506e-05,,,,,,1.1102230246251565e-16,2.220446049250313e-16
How do within-family activation hyperparameters tune the welfare-convergence tradeoff?,hyperparameter_root_power,a,0.1,brd,root_power,a,0.1,0.5,3,3,3,1.0,76,True,9,0.9468864702653516,0.8905890842624905,6.689715921448514e-05,,,,,,0.0,2.220446049250313e-16
How do within-family activation hyperparameters tune the welfare-convergence tradeoff?,hyperparameter_root_power,a,0.1,brd,root_power,a,0.1,0.5,3,3,3,1.0,78,True,6,0.9843669298873919,0.9178435432653079,8.942819882878927e-05,,,,,,2.220446049250313e-16,1.1102230246251565e-16
How do within-family activation hyperparameters tune the welfare-convergence tradeoff?,hyperparameter_root_power,a,0.1,brd,root_power,a,0.1,0.5,3,3,3,1.0,79,True,9,0.9575985158486716,0.8556893841474542,6.938743378553935e-05,,,,,,2.220446049250313e-16,2.220446049250313e-16
How do within-family activation hyperparameters tune the welfare-convergence tradeoff?,hyperparameter_root_power,a,0.1,brd,root_power,a,0.1,0.5,3,3,3,1.0,80,True,6,0.9782047748637518,0.9224425898528396,9.312078038609117e-05,,,,,,0.0,0.0
How do within-family activation hyperparameters tune the welfare-convergence tradeoff?,hyperparameter_root_power,a,0.1,brd,root_power,a,0.1,0.5,3,3,3,1.0,82,True,8,0.9544151711652809,0.8662127230946236,9.054532995955711e-05,,,,,,0.0,2.220446049250313e-16
How do within-family activation hyperparameters tune the welfare-convergence tradeoff?,hyperparameter_root_power,a,0.1,brd,root_power,a,0.1,0.5,3,3,3,1.0,81,True,9,0.9609117911753388,0.8904823825738651,2.133618365324219e-05,,,,,,2.220446049250313e-16,1.1102230246251565e-16
How do within-family activation hyperparameters tune the welfare-convergence tradeoff?,hyperparameter_root_power,a,0.1,brd,root_power,a,0.1,0.5,3,3,3,1.0,86,True,5,0.9855143229166666,0.9123788988272654,9.515139537524808e-05,,,,,,1.1102230246251565e-16,0.0
How do within-family activation hyperparameters tune the welfare-convergence tradeoff?,hyperparameter_root_power,a,0.1,brd,root_power,a,0.1,0.5,3,3,3,1.0,84,True,6,0.9841689475384585,0.9591517615250895,3.254883734632452e-05,,,,,,2.220446049250313e-16,1.1102230246251565e-16
How do within-family activation hyperparameters tune the welfare-convergence tradeoff?,hyperparameter_root_power,a,0.1,brd,root_power,a,0.1,0.5,3,3,3,1.0,83,True,8,0.9818824196110504,0.9539451655798469,6.356504177862377e-05,,,,,,1.1102230246251565e-16,2.220446049250313e-16
How do within-family activation hyperparameters tune the welfare-convergence tradeoff?,hyperparameter_root_power,a,0.1,brd,root_power,a,0.1,0.5,3,3,3,1.0,85,True,7,0.9886690749997191,0.8808439660739111,9.234202114616341e-05,,,,,,1.1102230246251565e-16,1.1102230246251565e-16
How do within-family activation hyperparameters tune the welfare-convergence tradeoff?,hyperparameter_root_power,a,0.1,brd,root_power,a,0.1,0.5,3,3,3,1.0,88,True,8,0.9798553672905085,0.9126974896597057,-2.760115241584593e-06,,,,,,2.220446049250313e-16,2.220446049250313e-16
How do within-family activation hyperparameters tune the welfare-convergence tradeoff?,hyperparameter_root_power,a,0.1,brd,root_power,a,0.1,0.5,3,3,3,1.0,87,True,7,0.9911579462495341,0.8774966531003581,5.3584453534483156e-05,,,,,,0.0,0.0
How do within-family activation hyperparameters tune the welfare-convergence tradeoff?,hyperparameter_root_power,a,0.1,brd,root_power,a,0.1,0.5,3,3,3,1.0,90,True,6,0.9860220802869262,0.896955247209105,6.718295991736678e-05,,,,,,1.1102230246251565e-16,1.1102230246251565e-16
How do within-family activation hyperparameters tune the welfare-convergence tradeoff?,hyperparameter_root_power,a,0.1,brd,root_power,a,0.1,0.5,3,3,3,1.0,89,True,8,0.98412049015316,0.8953637655395381,5.865396793036659e-06,,,,,,2.220446049250313e-16,2.220446049250313e-16
How do within-family activation hyperparameters tune the welfare-convergence tradeoff?,hyperparameter_root_power,a,0.1,brd,root_power,a,0.1,0.5,3,3,3,1.0,92,True,7,0.976926693409348,0.9216390359370532,4.258470296625294e-05,,,,,,1.1102230246251565e-16,1.1102230246251565e-16
How do within-family activation hyperparameters tune the welfare-convergence tradeoff?,hyperparameter_root_power,a,0.1,brd,root_power,a,0.1,0.5,3,3,3,1.0,91,True,9,0.9765639729284223,0.8801571075503197,-1.6959665118387868e-06,,,,,,2.220446049250313e-16,0.0
How do within-family activation hyperparameters tune the welfare-convergence tradeoff?,hyperparameter_root_power,a,0.1,brd,root_power,a,0.1,0.5,3,3,3,1.0,94,True,7,0.9688156594798736,0.8878804138719049,6.475635869951368e-05,,,,,,1.1102230246251565e-16,0.0
How do within-family activation hyperparameters tune the welfare-convergence tradeoff?,hyperparameter_root_power,a,0.1,brd,root_power,a,0.1,0.5,3,3,3,1.0,93,True,8,0.9691304330098574,0.8231880692337975,9.781229271965675e-05,,,,,,1.1102230246251565e-16,1.1102230246251565e-16
How do within-family activation hyperparameters tune the welfare-convergence tradeoff?,hyperparameter_root_power,a,0.1,brd,root_power,a,0.1,0.5,3,3,3,1.0,95,True,7,0.9866628236061668,0.9420004148638023,4.704443060632446e-05,,,,,,2.220446049250313e-16,1.1102230246251565e-16
How do within-family activation hyperparameters tune the welfare-convergence tradeoff?,hyperparameter_root_power,a,0.1,brd,root_power,a,0.1,0.5,3,3,3,1.0,96,True,7,0.9811197916666666,0.9042980219285998,4.667070918668026e-05,,,,,,2.220446049250313e-16,2.220446049250313e-16
How do within-family activation hyperparameters tune the welfare-convergence tradeoff?,hyperparameter_root_power,a,0.1,brd,root_power,a,0.1,0.5,3,3,3,1.0,97,True,8,0.9621677712319283,0.8632673198679616,8.555317405406493e-05,,,,,,2.220446049250313e-16,2.220446049250313e-16
How do within-family activation hyperparameters tune the welfare-convergence tradeoff?,hyperparameter_root_power,a,0.1,brd,root_power,a,0.1,0.5,3,3,3,1.0,99,True,7,0.98585021297184,0.9481193905681661,7.463583349015535e-05,,,,,,2.220446049250313e-16,1.1102230246251565e-16
How do within-family activation hyperparameters tune the welfare-convergence tradeoff?,hyperparameter_root_power,a,0.1,brd,root_power,a,0.1,0.5,3,3,3,1.0,98,True,8,0.9808257895204909,0.9100035797353381,8.150753168290059e-06,,,,,,2.220446049250313e-16,0.0
How do within-family activation hyperparameters tune the welfare-convergence tradeoff?,hyperparameter_root_power,a,0.2,brd,root_power,a,0.2,0.5,3,3,3,1.0,0,True,8,0.9786085722350042,0.8447162051579129,1.3425757996399224e-05,,,,,,2.220446049250313e-16,2.220446049250313e-16
How do within-family activation hyperparameters tune the welfare-convergence tradeoff?,hyperparameter_root_power,a,0.2,brd,root_power,a,0.2,0.5,3,3,3,1.0,2,True,8,0.9700462660596423,0.9073876447034087,1.985359124284658e-05,,,,,,1.1102230246251565e-16,2.220446049250313e-16
How do within-family activation hyperparameters tune the welfare-convergence tradeoff?,hyperparameter_root_power,a,0.2,brd,root_power,a,0.2,0.5,3,3,3,1.0,1,True,9,0.9747628964789463,0.9064570501507956,2.0181973675315046e-05,,,,,,1.1102230246251565e-16,2.220446049250313e-16
How do within-family activation hyperparameters tune the welfare-convergence tradeoff?,hyperparameter_root_power,a,0.2,brd,root_power,a,0.2,0.5,3,3,3,1.0,3,True,6,0.9912001901966504,0.9303041632388648,9.754608050799307e-05,,,,,,2.220446049250313e-16,1.1102230246251565e-16
How do within-family activation hyperparameters tune the welfare-convergence tradeoff?,hyperparameter_root_power,a,0.2,brd,root_power,a,0.2,0.5,3,3,3,1.0,4,True,8,0.9705098421505972,0.9119553567485292,9.190273003234495e-05,,,,,,2.220446049250313e-16,2.220446049250313e-16
How do within-family activation hyperparameters tune the welfare-convergence tradeoff?,hyperparameter_root_power,a,0.2,brd,root_power,a,0.2,0.5,3,3,3,1.0,7,True,6,0.9839733028397496,0.9170346230958865,8.111512866820769e-05,,,,,,2.220446049250313e-16,0.0
How do within-family activation hyperparameters tune the welfare-convergence tradeoff?,hyperparameter_root_power,a,0.2,brd,root_power,a,0.2,0.5,3,3,3,1.0,6,True,5,0.985637094307003,0.844521178106938,1.7917514555432223e-05,,,,,,1.1102230246251565e-16,2.220446049250313e-16
How do within-family activation hyperparameters tune the welfare-convergence tradeoff?,hyperparameter_root_power,a,0.2,brd,root_power,a,0.2,0.5,3,3,3,1.0,5,True,7,0.9700816260558384,0.8764103743124335,8.566777449237062e-05,,,,,,2.220446049250313e-16,2.220446049250313e-16
How do within-family activation hyperparameters tune the welfare-convergence tradeoff?,hyperparameter_root_power,a,0.2,brd,root_power,a,0.2,0.5,3,3,3,1.0,8,True,8,0.9685576353647455,0.9102328210406195,6.771670496807936e-05,,,,,,0.0,2.220446049250313e-16
How do within-family activation hyperparameters tune the welfare-convergence tradeoff?,hyperparameter_root_power,a,0.2,brd,root_power,a,0.2,0.5,3,3,3,1.0,9,True,7,0.9754064351549647,0.8499017305063016,9.160563598875626e-05,,,,,,2.220446049250313e-16,1.1102230246251565e-16
How do within-family activation hyperparameters tune the welfare-convergence tradeoff?,hyperparameter_root_power,a,0.2,brd,root_power,a,0.2,0.5,3,3,3,1.0,10,True,8,0.9786143549281119,0.8999348276803278,7.996175143853979e-06,,,,,,0.0,2.220446049250313e-16
How do within-family activation hyperparameters tune the welfare-convergence tradeoff?,hyperparameter_root_power,a,0.2,brd,root_power,a,0.2,0.5,3,3,3,1.0,12,True,7,0.9775390625,0.892357731791891,8.13422826645982e-05,,,,,,2.220446049250313e-16,0.0
How do within-family activation hyperparameters tune the welfare-convergence tradeoff?,hyperparameter_root_power,a,0.2,brd,root_power,a,0.2,0.5,3,3,3,1.0,11,True,9,0.959444345102874,0.887070089979875,5.9969241381019334e-05,,,,,,1.1102230246251565e-16,2.220446049250313e-16
How do within-family activation hyperparameters tune the welfare-convergence tradeoff?,hyperparameter_root_power,a,0.2,brd,root_power,a,0.2,0.5,3,3,3,1.0,14,True,7,0.9923327015654093,0.9414102438809143,2.9511397768466896e-05,,,,,,1.1102230246251565e-16,1.1102230246251565e-16
How do within-family activation hyperparameters tune the welfare-convergence tradeoff?,hyperparameter_root_power,a,0.2,brd,root_power,a,0.2,0.5,3,3,3,1.0,13,True,8,0.9797716942651384,0.8703122956769279,6.74584622507024e-05,,,,,,1.1102230246251565e-16,0.0
How do within-family activation hyperparameters tune the welfare-convergence tradeoff?,hyperparameter_root_power,a,0.2,brd,root_power,a,0.2,0.5,3,3,3,1.0,15,True,6,0.9831846177573267,0.8964669617575014,5.222997415244013e-05,,,,,,0.0,2.220446049250313e-16
How do within-family activation hyperparameters tune the welfare-convergence tradeoff?,hyperparameter_root_power,a,0.2,brd,root_power,a,0.2,0.5,3,3,3,1.0,19,True,7,0.9840061871217919,0.9333913732744478,1.904610889302827e-05,,,,,,0.0,1.1102230246251565e-16
How do within-family activation hyperparameters tune the welfare-convergence tradeoff?,hyperparameter_root_power,a,0.2,brd,root_power,a,0.2,0.5,3,3,3,1.0,20,True,6,0.9830800264136664,0.9131831483251532,4.1933198211330236e-05,,,,,,2.220446049250313e-16,1.1102230246251565e-16
How do within-family activation hyperparameters tune the welfare-convergence tradeoff?,hyperparameter_root_power,a,0.2,brd,root_power,a,0.2,0.5,3,3,3,1.0,18,True,7,0.9847772739917371,0.8944741557199268,9.054408993497409e-05,,,,,,1.1102230246251565e-16,2.220446049250313e-16
How do within-family activation hyperparameters tune the welfare-convergence tradeoff?,hyperparameter_root_power,a,0.2,brd,root_power,a,0.2,0.5,3,3,3,1.0,17,True,7,0.9727587962729167,0.9043031488485381,9.741414736291754e-05,,,,,,1.1102230246251565e-16,2.220446049250313e-16
How do within-family activation hyperparameters tune the welfare-convergence tradeoff?,hyperparameter_root_power,a,0.2,brd,root_power,a,0.2,0.5,3,3,3,1.0,16,True,9,0.9740813188476674,0.8499002789717883,3.633498825073023e-05,,,,,,1.1102230246251565e-16,1.1102230246251565e-16
How do within-family activation hyperparameters tune the welfare-convergence tradeoff?,hyperparameter_root_power,a,0.2,brd,root_power,a,0.2,0.5,3,3,3,1.0,22,True,5,0.9765625,0.9404402417977918,8.907210224962103e-05,,,,,,1.1102230246251565e-16,0.0
How do within-family activation hyperparameters tune the welfare-convergence tradeoff?,hyperparameter_root_power,a,0.2,brd,root_power,a,0.2,0.5,3,3,3,1.0,21,True,7,0.9722568807804473,0.9084073604963715,9.068971842474127e-05,,,,,,1.1102230246251565e-16,1.1102230246251565e-16
How do within-family activation hyperparameters tune the welfare-convergence tradeoff?,hyperparameter_root_power,a,0.2,brd,root_power,a,0.2,0.5,3,3,3,1.0,23,True,7,0.9868893962236527,0.9479016104825116,3.4090747443427105e-05,,,,,,1.1102230246251565e-16,2.220446049250313e-16
How do within-family activation hyperparameters tune the welfare-convergence tradeoff?,hyperparameter_root_power,a,0.2,brd,root_power,a,0.2,0.5,3,3,3,1.0,26,True,6,0.9882301906739934,0.9074389597021152,9.471696624197001e-05,,,,,,1.1102230246251565e-16,1.1102230246251565e-16
How do within-family activation hyperparameters tune the welfare-convergence tradeoff?,hyperparameter_root_power,a,0.2,brd,root_power,a,0.2,0.5,3,3,3,1.0,25,True,8,0.9544039492799917,0.8630239820918767,9.281861639431899e-05,,,,,,1.1102230246251565e-16,0.0
How do within-family activation hyperparameters tune the welfare-convergence tradeoff?,hyperparameter_root_power,a,0.2,brd,root_power,a,0.2,0.5,3,3,3,1.0,24,True,7,0.9892546261467358,0.9241261571038247,2.9879582826186635e-05,,,,,,1.1102230246251565e-16,2.220446049250313e-16
How do within-family activation hyperparameters tune the welfare-convergence tradeoff?,hyperparameter_root_power,a,0.2,brd,root_power,a,0.2,0.5,3,3,3,1.0,27,True,7,0.9704928986718192,0.9003354036364407,6.87284846530023e-05,,,,,,1.1102230246251565e-16,0.0
How do within-family activation hyperparameters tune the welfare-convergence tradeoff?,hyperparameter_root_power,a,0.2,brd,root_power,a,0.2,0.5,3,3,3,1.0,28,True,7,0.9641520182291666,0.8877670638533447,8.789083995580649e-05,,,,,,1.1102230246251565e-16,1.1102230246251565e-16
How do within-family activation hyperparameters tune the welfare-convergence tradeoff?,hyperparameter_root_power,a,0.2,brd,root_power,a,0.2,0.5,3,3,3,1.0,29,True,8,0.9660696570064163,0.8807210054744692,3.0005207224237385e-05,,,,,,2.220446049250313e-16,2.220446049250313e-16
How do within-family activation hyperparameters tune the welfare-convergence tradeoff?,hyperparameter_root_power,a,0.2,brd,root_power,a,0.2,0.5,3,3,3,1.0,30,True,7,0.9784496866656571,0.9321277326468974,3.0421418428350222e-05,,,,,,2.220446049250313e-16,1.1102230246251565e-16
How do within-family activation hyperparameters tune the welfare-convergence tradeoff?,hyperparameter_root_power,a,0.2,brd,root_power,a,0.2,0.5,3,3,3,1.0,31,True,9,0.9756654989301584,0.8964050879788749,4.790500879991999e-05,,,,,,1.1102230246251565e-16,2.220446049250313e-16
How do within-family activation hyperparameters tune the welfare-convergence tradeoff?,hyperparameter_root_power,a,0.2,brd,root_power,a,0.2,0.5,3,3,3,1.0,33,True,6,0.9792273084313201,0.9063000901135944,9.566084594564428e-05,,,,,,0.0,0.0
How do within-family activation hyperparameters tune the welfare-convergence tradeoff?,hyperparameter_root_power,a,0.2,brd,root_power,a,0.2,0.5,3,3,3,1.0,34,True,7,0.9756844715523889,0.8749924636673986,2.0143642265324502e-05,,,,,,1.1102230246251565e-16,1.1102230246251565e-16
How do within-family activation hyperparameters tune the welfare-convergence tradeoff?,hyperparameter_root_power,a,0.2,brd,root_power,a,0.2,0.5,3,3,3,1.0,32,True,7,0.9804550467996923,0.9209334678350024,5.958368780778489e-05,,,,,,2.220446049250313e-16,1.1102230246251565e-16
How do within-family activation hyperparameters tune the welfare-convergence tradeoff?,hyperparameter_root_power,a,0.2,brd,root_power,a,0.2,0.5,3,3,3,1.0,35,True,8,0.9689482851804097,0.8288978428470645,8.091466710247186e-05,,,,,,0.0,0.0
How do within-family activation hyperparameters tune the welfare-convergence tradeoff?,hyperparameter_root_power,a,0.2,brd,root_power,a,0.2,0.5,3,3,3,1.0,36,True,7,0.9892316984244406,0.921490213984276,8.19322791326682e-05,,,,,,1.1102230246251565e-16,2.220446049250313e-16
How do within-family activation hyperparameters tune the welfare-convergence tradeoff?,hyperparameter_root_power,a,0.2,brd,root_power,a,0.2,0.5,3,3,3,1.0,38,True,7,0.9849848760222727,0.9432966623711653,9.719513146577707e-05,,,,,,2.220446049250313e-16,1.1102230246251565e-16
How do within-family activation hyperparameters tune the welfare-convergence tradeoff?,hyperparameter_root_power,a,0.2,brd,root_power,a,0.2,0.5,3,3,3,1.0,37,True,10,0.9544532855732937,0.8736271179709517,5.804727457803249e-05,,,,,,1.1102230246251565e-16,2.220446049250313e-16
How do within-family activation hyperparameters tune the welfare-convergence tradeoff?,hyperparameter_root_power,a,0.2,brd,root_power,a,0.2,0.5,3,3,3,1.0,39,True,7,0.9883161565908313,0.9158744752330543,1.4107317055922497e-05,,,,,,1.1102230246251565e-16,1.1102230246251565e-16
How do within-family activation hyperparameters tune the welfare-convergence tradeoff?,hyperparameter_root_power,a,0.2,brd,root_power,a,0.2,0.5,3,3,3,1.0,42,True,6,0.9764331775298903,0.8934941078285089,8.861860813336175e-05,,,,,,1.1102230246251565e-16,1.1102230246251565e-16
How do within-family activation hyperparameters tune the welfare-convergence tradeoff?,hyperparameter_root_power,a,0.2,brd,root_power,a,0.2,0.5,3,3,3,1.0,41,True,6,0.9915693426153755,0.9107266814793435,9.948513819058036e-05,,,,,,0.0,1.1102230246251565e-16
How do within-family activation hyperparameters tune the welfare-convergence tradeoff?,hyperparameter_root_power,a,0.2,brd,root_power,a,0.2,0.5,3,3,3,1.0,40,True,8,0.9601880179911345,0.8719128046082206,4.16617158517929e-05,,,,,,1.1102230246251565e-16,1.1102230246251565e-16
How do within-family activation hyperparameters tune the welfare-convergence tradeoff?,hyperparameter_root_power,a,0.2,brd,root_power,a,0.2,0.5,3,3,3,1.0,44,True,9,0.9614381679999919,0.8556231694815938,-7.541146823109024e-07,,,,,,1.1102230246251565e-16,2.220446049250313e-16
How do within-family activation hyperparameters tune the welfare-convergence tradeoff?,hyperparameter_root_power,a,0.2,brd,root_power,a,0.2,0.5,3,3,3,1.0,45,True,6,0.9924186694624518,0.9732686803665133,7.165999695596392e-05,,,,,,2.220446049250313e-16,2.220446049250313e-16
How do within-family activation hyperparameters tune the welfare-convergence tradeoff?,hyperparameter_root_power,a,0.2,brd,root_power,a,0.2,0.5,3,3,3,1.0,43,True,8,0.9580450268768712,0.8477173728292863,8.960791722073536e-05,,,,,,2.220446049250313e-16,2.220446049250313e-16
How do within-family activation hyperparameters tune the welfare-convergence tradeoff?,hyperparameter_root_power,a,0.2,brd,root_power,a,0.2,0.5,3,3,3,1.0,46,True,7,0.9821852326168257,0.8946212787370142,8.874478647474815e-05,,,,,,0.0,2.220446049250313e-16
How do within-family activation hyperparameters tune the welfare-convergence tradeoff?,hyperparameter_root_power,a,0.2,brd,root_power,a,0.2,0.5,3,3,3,1.0,47,True,6,0.9861454900048319,0.9424275876102611,2.8194152000393657e-05,,,,,,2.220446049250313e-16,2.220446049250313e-16
How do within-family activation hyperparameters tune the welfare-convergence tradeoff?,hyperparameter_root_power,a,0.2,brd,root_power,a,0.2,0.5,3,3,3,1.0,49,True,6,0.9819440015128327,0.8717260870462032,8.811919549583935e-05,,,,,,1.1102230246251565e-16,2.220446049250313e-16
How do within-family activation hyperparameters tune the welfare-convergence tradeoff?,hyperparameter_root_power,a,0.2,brd,root_power,a,0.2,0.5,3,3,3,1.0,51,True,6,0.9854162237350549,0.8957059391231849,7.178649456657249e-05,,,,,,1.1102230246251565e-16,2.220446049250313e-16
How do within-family activation hyperparameters tune the welfare-convergence tradeoff?,hyperparameter_root_power,a,0.2,brd,root_power,a,0.2,0.5,3,3,3,1.0,50,True,7,0.9858141742547445,0.8629570985665769,9.252071621523861e-05,,,,,,0.0,1.1102230246251565e-16
How do within-family activation hyperparameters tune the welfare-convergence tradeoff?,hyperparameter_root_power,a,0.2,brd,root_power,a,0.2,0.5,3,3,3,1.0,52,True,6,0.9838266538168333,0.8599106656406367,9.717024725791612e-05,,,,,,1.1102230246251565e-16,1.1102230246251565e-16
How do within-family activation hyperparameters tune the welfare-convergence tradeoff?,hyperparameter_root_power,a,0.2,brd,root_power,a,0.2,0.5,3,3,3,1.0,48,True,8,0.9818384592165853,0.9156503199906599,1.2273948960972447e-05,,,,,,2.220446049250313e-16,1.1102230246251565e-16
How do within-family activation hyperparameters tune the welfare-convergence tradeoff?,hyperparameter_root_power,a,0.2,brd,root_power,a,0.2,0.5,3,3,3,1.0,53,True,7,0.9734602594810982,0.9046093152227789,8.026039084590986e-05,,,,,,2.220446049250313e-16,2.220446049250313e-16
How do within-family activation hyperparameters tune the welfare-convergence tradeoff?,hyperparameter_root_power,a,0.2,brd,root_power,a,0.2,0.5,3,3,3,1.0,54,True,7,0.9780481592756652,0.887678455933249,6.40132120849346e-05,,,,,,2.220446049250313e-16,2.220446049250313e-16
How do within-family activation hyperparameters tune the welfare-convergence tradeoff?,hyperparameter_root_power,a,0.2,brd,root_power,a,0.2,0.5,3,3,3,1.0,57,True,6,0.9905379576046178,0.898014937192895,8.395190556198528e-05,,,,,,2.220446049250313e-16,0.0
How do within-family activation hyperparameters tune the welfare-convergence tradeoff?,hyperparameter_root_power,a,0.2,brd,root_power,a,0.2,0.5,3,3,3,1.0,55,True,8,0.9811837286569133,0.8854163417900297,6.970453229698803e-05,,,,,,2.220446049250313e-16,2.220446049250313e-16
How do within-family activation hyperparameters tune the welfare-convergence tradeoff?,hyperparameter_root_power,a,0.2,brd,root_power,a,0.2,0.5,3,3,3,1.0,59,True,7,0.9736084806418275,0.8578488925777563,5.2332191080972645e-05,,,,,,2.220446049250313e-16,1.1102230246251565e-16
How do within-family activation hyperparameters tune the welfare-convergence tradeoff?,hyperparameter_root_power,a,0.2,brd,root_power,a,0.2,0.5,3,3,3,1.0,56,True,7,0.9885545137024958,0.9148449354048838,5.8579555451798715e-05,,,,,,2.220446049250313e-16,1.1102230246251565e-16
How do within-family activation hyperparameters tune the welfare-convergence tradeoff?,hyperparameter_root_power,a,0.2,brd,root_power,a,0.2,0.5,3,3,3,1.0,58,True,7,0.9704313039743742,0.8807902813106739,8.613718077582488e-05,,,,,,1.1102230246251565e-16,0.0
How do within-family activation hyperparameters tune the welfare-convergence tradeoff?,hyperparameter_root_power,a,0.2,brd,root_power,a,0.2,0.5,3,3,3,1.0,61,True,6,0.9800534972646454,0.9159188968818719,9.971492720822761e-05,,,,,,2.220446049250313e-16,2.220446049250313e-16
How do within-family activation hyperparameters tune the welfare-convergence tradeoff?,hyperparameter_root_power,a,0.2,brd,root_power,a,0.2,0.5,3,3,3,1.0,60,True,8,0.972478609764962,0.9212955990221775,7.106251514904516e-05,,,,,,0.0,1.1102230246251565e-16
How do within-family activation hyperparameters tune the welfare-convergence tradeoff?,hyperparameter_root_power,a,0.2,brd,root_power,a,0.2,0.5,3,3,3,1.0,62,True,8,0.96849748451434,0.8977891076945488,2.782960387132105e-05,,,,,,1.1102230246251565e-16,1.1102230246251565e-16
How do within-family activation hyperparameters tune the welfare-convergence tradeoff?,hyperparameter_root_power,a,0.2,brd,root_power,a,0.2,0.5,3,3,3,1.0,63,True,7,0.990776691637815,0.9278677320393989,3.2007905377218204e-05,,,,,,1.1102230246251565e-16,2.220446049250313e-16
How do within-family activation hyperparameters tune the welfare-convergence tradeoff?,hyperparameter_root_power,a,0.2,brd,root_power,a,0.2,0.5,3,3,3,1.0,65,True,8,0.975715198262145,0.8761830509031153,9.516744905907482e-05,,,,,,1.1102230246251565e-16,1.1102230246251565e-16
How do within-family activation hyperparameters tune the welfare-convergence tradeoff?,hyperparameter_root_power,a,0.2,brd,root_power,a,0.2,0.5,3,3,3,1.0,66,True,8,0.9842699013257689,0.8975246051789639,-6.9974123621530104e-06,,,,,,2.220446049250313e-16,2.220446049250313e-16
How do within-family activation hyperparameters tune the welfare-convergence tradeoff?,hyperparameter_root_power,a,0.2,brd,root_power,a,0.2,0.5,3,3,3,1.0,69,True,6,0.9789162148312208,0.9205687617670316,7.703255787649965e-05,,,,,,1.1102230246251565e-16,2.220446049250313e-16
How do within-family activation hyperparameters tune the welfare-convergence tradeoff?,hyperparameter_root_power,a,0.2,brd,root_power,a,0.2,0.5,3,3,3,1.0,67,True,7,0.9807640270329919,0.876064307618742,6.528222254081895e-05,,,,,,1.1102230246251565e-16,0.0
How do within-family activation hyperparameters tune the welfare-convergence tradeoff?,hyperparameter_root_power,a,0.2,brd,root_power,a,0.2,0.5,3,3,3,1.0,64,True,9,0.9506752342633608,0.8451322922081957,4.8050256749421205e-05,,,,,,2.220446049250313e-16,0.0
How do within-family activation hyperparameters tune the welfare-convergence tradeoff?,hyperparameter_root_power,a,0.2,brd,root_power,a,0.2,0.5,3,3,3,1.0,68,True,7,0.9825021171312625,0.892510417007015,8.348227370563732e-05,,,,,,2.220446049250313e-16,2.220446049250313e-16
How do within-family activation hyperparameters tune the welfare-convergence tradeoff?,hyperparameter_root_power,a,0.2,brd,root_power,a,0.2,0.5,3,3,3,1.0,70,True,7,0.9690886086611616,0.9047003703589795,7.706737401985686e-05,,,,,,2.220446049250313e-16,0.0
How do within-family activation hyperparameters tune the welfare-convergence tradeoff?,hyperparameter_root_power,a,0.2,brd,root_power,a,0.2,0.5,3,3,3,1.0,71,True,7,0.9716935305325598,0.9163978383018506,8.309040820242419e-05,,,,,,1.1102230246251565e-16,1.1102230246251565e-16
How do within-family activation hyperparameters tune the welfare-convergence tradeoff?,hyperparameter_root_power,a,0.2,brd,root_power,a,0.2,0.5,3,3,3,1.0,75,True,6,0.9763486802573267,0.863857858311578,6.833089669749937e-05,,,,,,2.220446049250313e-16,2.220446049250313e-16
How do within-family activation hyperparameters tune the welfare-convergence tradeoff?,hyperparameter_root_power,a,0.2,brd,root_power,a,0.2,0.5,3,3,3,1.0,72,True,8,0.9706657890391515,0.9091996289327259,5.21752199877934e-05,,,,,,0.0,1.1102230246251565e-16
How do within-family activation hyperparameters tune the welfare-convergence tradeoff?,hyperparameter_root_power,a,0.2,brd,root_power,a,0.2,0.5,3,3,3,1.0,74,True,7,0.9865011689331498,0.8961620123135005,7.194524766973576e-05,,,,,,1.1102230246251565e-16,2.220446049250313e-16
How do within-family activation hyperparameters tune the welfare-convergence tradeoff?,hyperparameter_root_power,a,0.2,brd,root_power,a,0.2,0.5,3,3,3,1.0,73,True,8,0.9749545860775906,0.8932917661666663,3.702487313095304e-05,,,,,,0.0,1.1102230246251565e-16
How do within-family activation hyperparameters tune the welfare-convergence tradeoff?,hyperparameter_root_power,a,0.2,brd,root_power,a,0.2,0.5,3,3,3,1.0,76,True,8,0.954116587307339,0.8820425468102844,4.125219220940668e-05,,,,,,1.1102230246251565e-16,1.1102230246251565e-16
How do within-family activation hyperparameters tune the welfare-convergence tradeoff?,hyperparameter_root_power,a,0.2,brd,root_power,a,0.2,0.5,3,3,3,1.0,77,True,7,0.9858806736864189,0.8899438137265294,8.328841636484619e-05,,,,,,1.1102230246251565e-16,1.1102230246251565e-16
How do within-family activation hyperparameters tune the welfare-convergence tradeoff?,hyperparameter_root_power,a,0.2,brd,root_power,a,0.2,0.5,3,3,3,1.0,80,True,6,0.9800465768546014,0.920286477241099,4.4171048995900186e-05,,,,,,2.220446049250313e-16,2.220446049250313e-16
How do within-family activation hyperparameters tune the welfare-convergence tradeoff?,hyperparameter_root_power,a,0.2,brd,root_power,a,0.2,0.5,3,3,3,1.0,78,True,7,0.9859930912289359,0.9160108209948487,1.528345059220726e-05,,,,,,2.220446049250313e-16,1.1102230246251565e-16
How do within-family activation hyperparameters tune the welfare-convergence tradeoff?,hyperparameter_root_power,a,0.2,brd,root_power,a,0.2,0.5,3,3,3,1.0,82,True,8,0.960212264953985,0.8598796479884315,9.157155808703354e-05,,,,,,1.1102230246251565e-16,0.0
How do within-family activation hyperparameters tune the welfare-convergence tradeoff?,hyperparameter_root_power,a,0.2,brd,root_power,a,0.2,0.5,3,3,3,1.0,79,True,9,0.9618188658434106,0.8508386591558222,2.898425138031513e-05,,,,,,1.1102230246251565e-16,0.0
How do within-family activation hyperparameters tune the welfare-convergence tradeoff?,hyperparameter_root_power,a,0.2,brd,root_power,a,0.2,0.5,3,3,3,1.0,83,True,7,0.9853419021489477,0.9499008470215484,5.8741125029737606e-05,,,,,,1.1102230246251565e-16,1.1102230246251565e-16
How do within-family activation hyperparameters tune the welfare-convergence tradeoff?,hyperparameter_root_power,a,0.2,brd,root_power,a,0.2,0.5,3,3,3,1.0,81,True,7,0.9658036091126241,0.8846839510504566,8.02153954914675e-05,,,,,,2.220446049250313e-16,2.220446049250313e-16
How do within-family activation hyperparameters tune the welfare-convergence tradeoff?,hyperparameter_root_power,a,0.2,brd,root_power,a,0.2,0.5,3,3,3,1.0,84,True,6,0.986328125,0.9567377787560464,3.8837693105198134e-05,,,,,,0.0,0.0
How do within-family activation hyperparameters tune the welfare-convergence tradeoff?,hyperparameter_root_power,a,0.2,brd,root_power,a,0.2,0.5,3,3,3,1.0,85,True,7,0.990414652926499,0.8789046893888749,3.9365860241280526e-05,,,,,,2.220446049250313e-16,2.220446049250313e-16
How do within-family activation hyperparameters tune the welfare-convergence tradeoff?,hyperparameter_root_power,a,0.2,brd,root_power,a,0.2,0.5,3,3,3,1.0,86,True,5,0.9872504340277778,0.9104036541197497,9.130961515957381e-05,,,,,,1.1102230246251565e-16,2.220446049250313e-16
How do within-family activation hyperparameters tune the welfare-convergence tradeoff?,hyperparameter_root_power,a,0.2,brd,root_power,a,0.2,0.5,3,3,3,1.0,87,True,6,0.992524706505489,0.8758198527627902,6.297132416888118e-05,,,,,,1.1102230246251565e-16,2.220446049250313e-16
How do within-family activation hyperparameters tune the welfare-convergence tradeoff?,hyperparameter_root_power,a,0.2,brd,root_power,a,0.2,0.5,3,3,3,1.0,88,True,8,0.9830803675742534,0.9090548878420313,4.4083902640434935e-05,,,,,,1.1102230246251565e-16,2.220446049250313e-16
How do within-family activation hyperparameters tune the welfare-convergence tradeoff?,hyperparameter_root_power,a,0.2,brd,root_power,a,0.2,0.5,3,3,3,1.0,89,True,8,0.9870453864338367,0.8920176462534001,7.612780240640049e-06,,,,,,1.1102230246251565e-16,2.220446049250313e-16
How do within-family activation hyperparameters tune the welfare-convergence tradeoff?,hyperparameter_root_power,a,0.2,brd,root_power,a,0.2,0.5,3,3,3,1.0,90,True,7,0.9881379657035928,0.8947625271673697,1.932365425560967e-06,,,,,,1.1102230246251565e-16,0.0
How do within-family activation hyperparameters tune the welfare-convergence tradeoff?,hyperparameter_root_power,a,0.2,brd,root_power,a,0.2,0.5,3,3,3,1.0,91,True,7,0.9812501941061573,0.8744365153468955,9.002358232579333e-05,,,,,,0.0,1.1102230246251565e-16
How do within-family activation hyperparameters tune the welfare-convergence tradeoff?,hyperparameter_root_power,a,0.2,brd,root_power,a,0.2,0.5,3,3,3,1.0,92,True,7,0.9786550140723553,0.9194465484823753,8.068884421652545e-05,,,,,,2.220446049250313e-16,2.220446049250313e-16
How do within-family activation hyperparameters tune the welfare-convergence tradeoff?,hyperparameter_root_power,a,0.2,brd,root_power,a,0.2,0.5,3,3,3,1.0,93,True,8,0.9740633664670579,0.8179991148519882,6.482292570963999e-05,,,,,,1.1102230246251565e-16,2.220446049250313e-16
How do within-family activation hyperparameters tune the welfare-convergence tradeoff?,hyperparameter_root_power,a,0.2,brd,root_power,a,0.2,0.5,3,3,3,1.0,95,True,6,0.9887441423775366,0.9395204841499272,9.008566003670948e-05,,,,,,2.220446049250313e-16,0.0
How do within-family activation hyperparameters tune the welfare-convergence tradeoff?,hyperparameter_root_power,a,0.2,brd,root_power,a,0.2,0.5,3,3,3,1.0,94,True,9,0.971939638519226,0.8843092088491459,1.3701435086888036e-05,,,,,,2.220446049250313e-16,0.0
How do within-family activation hyperparameters tune the welfare-convergence tradeoff?,hyperparameter_root_power,a,0.2,brd,root_power,a,0.2,0.5,3,3,3,1.0,97,True,7,0.9691845814422926,0.8556948427285905,9.081560681367673e-05,,,,,,0.0,0.0
How do within-family activation hyperparameters tune the welfare-convergence tradeoff?,hyperparameter_root_power,a,0.2,brd,root_power,a,0.2,0.5,3,3,3,1.0,98,True,6,0.9848337165306926,0.9052418426638639,8.194355298529743e-05,,,,,,2.220446049250313e-16,1.1102230246251565e-16
How do within-family activation hyperparameters tune the welfare-convergence tradeoff?,hyperparameter_root_power,a,0.2,brd,root_power,a,0.2,0.5,3,3,3,1.0,96,True,7,0.9857944009675026,0.8990174863579216,9.038766520441666e-05,,,,,,1.1102230246251565e-16,1.1102230246251565e-16
How do within-family activation hyperparameters tune the welfare-convergence tradeoff?,hyperparameter_root_power,a,0.3,brd,root_power,a,0.3,0.5,3,3,3,1.0,0,True,6,0.9813663279013284,0.8407346062180044,8.572495388264878e-05,,,,,,1.1102230246251565e-16,2.220446049250313e-16
How do within-family activation hyperparameters tune the welfare-convergence tradeoff?,hyperparameter_root_power,a,0.2,brd,root_power,a,0.2,0.5,3,3,3,1.0,99,True,7,0.9876406160961659,0.9461106156513935,6.142256054753048e-05,,,,,,0.0,1.1102230246251565e-16
How do within-family activation hyperparameters tune the welfare-convergence tradeoff?,hyperparameter_root_power,a,0.3,brd,root_power,a,0.3,0.5,3,3,3,1.0,1,True,8,0.9790181041970976,0.900708616527778,6.24695620417004e-05,,,,,,2.220446049250313e-16,1.1102230246251565e-16
How do within-family activation hyperparameters tune the welfare-convergence tradeoff?,hyperparameter_root_power,a,0.3,brd,root_power,a,0.3,0.5,3,3,3,1.0,3,True,7,0.9916910733873585,0.9295782549315673,3.406065360528343e-05,,,,,,0.0,1.1102230246251565e-16
How do within-family activation hyperparameters tune the welfare-convergence tradeoff?,hyperparameter_root_power,a,0.3,brd,root_power,a,0.3,0.5,3,3,3,1.0,2,True,8,0.973142513721848,0.9034518903195554,8.66560611377798e-05,,,,,,1.1102230246251565e-16,2.220446049250313e-16
How do within-family activation hyperparameters tune the welfare-convergence tradeoff?,hyperparameter_root_power,a,0.3,brd,root_power,a,0.3,0.5,3,3,3,1.0,7,True,6,0.9878925164212283,0.9118782929086037,7.969587944756107e-05,,,,,,1.1102230246251565e-16,1.1102230246251565e-16
How do within-family activation hyperparameters tune the welfare-convergence tradeoff?,hyperparameter_root_power,a,0.3,brd,root_power,a,0.3,0.5,3,3,3,1.0,4,True,9,0.9747845914556926,0.9062679832067649,1.3543662636117393e-05,,,,,,0.0,0.0
How do within-family activation hyperparameters tune the welfare-convergence tradeoff?,hyperparameter_root_power,a,0.3,brd,root_power,a,0.3,0.5,3,3,3,1.0,6,True,5,0.9860129733885066,0.8433409465781546,5.307544492699767e-05,,,,,,1.1102230246251565e-16,2.220446049250313e-16
How do within-family activation hyperparameters tune the welfare-convergence tradeoff?,hyperparameter_root_power,a,0.3,brd,root_power,a,0.3,0.5,3,3,3,1.0,8,True,7,0.9735495545957668,0.9038702174916072,8.197778860052907e-05,,,,,,2.220446049250313e-16,1.1102230246251565e-16
How do within-family activation hyperparameters tune the welfare-convergence tradeoff?,hyperparameter_root_power,a,0.3,brd,root_power,a,0.3,0.5,3,3,3,1.0,5,True,8,0.9749765597435129,0.8703472706583805,4.1857743172890594e-05,,,,,,0.0,2.220446049250313e-16
How do within-family activation hyperparameters tune the welfare-convergence tradeoff?,hyperparameter_root_power,a,0.3,brd,root_power,a,0.3,0.5,3,3,3,1.0,10,True,7,0.9812063136332415,0.8964069170420416,7.542269946908542e-05,,,,,,1.1102230246251565e-16,1.1102230246251565e-16
How do within-family activation hyperparameters tune the welfare-convergence tradeoff?,hyperparameter_root_power,a,0.3,brd,root_power,a,0.3,0.5,3,3,3,1.0,13,True,6,0.9811763212930307,0.8683097172709404,9.792287694138091e-05,,,,,,0.0,2.220446049250313e-16
How do within-family activation hyperparameters tune the welfare-convergence tradeoff?,hyperparameter_root_power,a,0.3,brd,root_power,a,0.3,0.5,3,3,3,1.0,9,True,7,0.977513081633911,0.8470494418815872,6.885385148913681e-05,,,,,,2.220446049250313e-16,2.220446049250313e-16
How do within-family activation hyperparameters tune the welfare-convergence tradeoff?,hyperparameter_root_power,a,0.3,brd,root_power,a,0.3,0.5,3,3,3,1.0,14,True,6,0.9930200539587846,0.9403878081381309,2.661609682930166e-05,,,,,,1.1102230246251565e-16,1.1102230246251565e-16
How do within-family activation hyperparameters tune the welfare-convergence tradeoff?,hyperparameter_root_power,a,0.3,brd,root_power,a,0.3,0.5,3,3,3,1.0,12,True,7,0.9784025217536674,0.8908847339903386,7.2664435534886e-05,,,,,,1.1102230246251565e-16,1.1102230246251565e-16
How do within-family activation hyperparameters tune the welfare-convergence tradeoff?,hyperparameter_root_power,a,0.3,brd,root_power,a,0.3,0.5,3,3,3,1.0,11,True,9,0.9637653253455191,0.8814368237659632,4.23561583384191e-05,,,,,,2.220446049250313e-16,2.220446049250313e-16
How do within-family activation hyperparameters tune the welfare-convergence tradeoff?,hyperparameter_root_power,a,0.3,brd,root_power,a,0.3,0.5,3,3,3,1.0,15,True,6,0.984891206522665,0.8941105255571616,3.998346892658544e-05,,,,,,0.0,1.1102230246251565e-16
How do within-family activation hyperparameters tune the welfare-convergence tradeoff?,hyperparameter_root_power,a,0.3,brd,root_power,a,0.3,0.5,3,3,3,1.0,16,True,8,0.9779227320296074,0.8449955257008673,7.667330061367217e-05,,,,,,2.220446049250313e-16,0.0
How do within-family activation hyperparameters tune the welfare-convergence tradeoff?,hyperparameter_root_power,a,0.3,brd,root_power,a,0.3,0.5,3,3,3,1.0,20,True,5,0.9848405888384699,0.9108205486931295,9.374391974831253e-05,,,,,,1.1102230246251565e-16,2.220446049250313e-16
How do within-family activation hyperparameters tune the welfare-convergence tradeoff?,hyperparameter_root_power,a,0.3,brd,root_power,a,0.3,0.5,3,3,3,1.0,19,True,6,0.9870482767902882,0.9292510013423945,7.517646320842619e-05,,,,,,1.1102230246251565e-16,0.0
How do within-family activation hyperparameters tune the welfare-convergence tradeoff?,hyperparameter_root_power,a,0.3,brd,root_power,a,0.3,0.5,3,3,3,1.0,17,True,6,0.9756067530256652,0.9007496752691532,7.40661385984498e-05,,,,,,2.220446049250313e-16,2.220446049250313e-16
How do within-family activation hyperparameters tune the welfare-convergence tradeoff?,hyperparameter_root_power,a,0.3,brd,root_power,a,0.3,0.5,3,3,3,1.0,18,True,7,0.9884818922490787,0.889958333527801,2.6435247013623098e-05,,,,,,0.0,2.220446049250313e-16
How do within-family activation hyperparameters tune the welfare-convergence tradeoff?,hyperparameter_root_power,a,0.3,brd,root_power,a,0.3,0.5,3,3,3,1.0,22,True,5,0.98155701359066,0.9343467522589965,6.911638237250273e-05,,,,,,2.220446049250313e-16,0.0
How do within-family activation hyperparameters tune the welfare-convergence tradeoff?,hyperparameter_root_power,a,0.3,brd,root_power,a,0.3,0.5,3,3,3,1.0,21,True,7,0.9754595120091234,0.9042380078982752,5.160154642896986e-05,,,,,,1.1102230246251565e-16,2.220446049250313e-16
How do within-family activation hyperparameters tune the welfare-convergence tradeoff?,hyperparameter_root_power,a,0.3,brd,root_power,a,0.3,0.5,3,3,3,1.0,24,True,6,0.9917354292175586,0.9207285258402601,9.060510146047251e-05,,,,,,1.1102230246251565e-16,2.220446049250313e-16
How do within-family activation hyperparameters tune the welfare-convergence tradeoff?,hyperparameter_root_power,a,0.3,brd,root_power,a,0.3,0.5,3,3,3,1.0,23,True,7,0.9872691705292083,0.9473693659141512,6.335434961640685e-05,,,,,,2.220446049250313e-16,1.1102230246251565e-16
How do within-family activation hyperparameters tune the welfare-convergence tradeoff?,hyperparameter_root_power,a,0.3,brd,root_power,a,0.3,0.5,3,3,3,1.0,26,True,6,0.99029022554533,0.9048804849612897,5.762162869027421e-05,,,,,,0.0,2.220446049250313e-16
How do within-family activation hyperparameters tune the welfare-convergence tradeoff?,hyperparameter_root_power,a,0.3,brd,root_power,a,0.3,0.5,3,3,3,1.0,25,True,7,0.966232417423083,0.8478898474455788,6.50760280300755e-05,,,,,,0.0,0.0
How do within-family activation hyperparameters tune the welfare-convergence tradeoff?,hyperparameter_root_power,a,0.3,brd,root_power,a,0.3,0.5,3,3,3,1.0,27,True,8,0.9744665662438201,0.8952966353374192,3.4097986881753695e-05,,,,,,0.0,2.220446049250313e-16
How do within-family activation hyperparameters tune the welfare-convergence tradeoff?,hyperparameter_root_power,a,0.3,brd,root_power,a,0.3,0.5,3,3,3,1.0,29,True,8,0.9699855130272452,0.8756874427604983,2.656667350625641e-05,,,,,,1.1102230246251565e-16,1.1102230246251565e-16
How do within-family activation hyperparameters tune the welfare-convergence tradeoff?,hyperparameter_root_power,a,0.3,brd,root_power,a,0.3,0.5,3,3,3,1.0,28,True,7,0.96728515625,0.8832298000783235,7.767684796766705e-05,,,,,,0.0,2.220446049250313e-16
How do within-family activation hyperparameters tune the welfare-convergence tradeoff?,hyperparameter_root_power,a,0.3,brd,root_power,a,0.3,0.5,3,3,3,1.0,30,True,7,0.9801274477521592,0.9297498019831295,1.9709184885974285e-05,,,,,,1.1102230246251565e-16,2.220446049250313e-16
How do within-family activation hyperparameters tune the welfare-convergence tradeoff?,hyperparameter_root_power,a,0.3,brd,root_power,a,0.3,0.5,3,3,3,1.0,33,True,6,0.9798783500979867,0.9051316238029526,5.790618815604276e-05,,,,,,2.220446049250313e-16,2.220446049250313e-16
How do within-family activation hyperparameters tune the welfare-convergence tradeoff?,hyperparameter_root_power,a,0.3,brd,root_power,a,0.3,0.5,3,3,3,1.0,31,True,9,0.9809386381216284,0.8897108430141647,2.3682903070088024e-05,,,,,,2.220446049250313e-16,1.1102230246251565e-16
How do within-family activation hyperparameters tune the welfare-convergence tradeoff?,hyperparameter_root_power,a,0.3,brd,root_power,a,0.3,0.5,3,3,3,1.0,34,True,5,0.979388556521948,0.8700530829870782,9.950991968610268e-05,,,,,,1.1102230246251565e-16,0.0
How do within-family activation hyperparameters tune the welfare-convergence tradeoff?,hyperparameter_root_power,a,0.3,brd,root_power,a,0.3,0.5,3,3,3,1.0,32,True,6,0.9826329055934668,0.9181080722040025,1.9893455731778698e-05,,,,,,2.220446049250313e-16,1.1102230246251565e-16
How do within-family activation hyperparameters tune the welfare-convergence tradeoff?,hyperparameter_root_power,a,0.3,brd,root_power,a,0.3,0.5,3,3,3,1.0,35,True,7,0.9748483117435837,0.8213965044936843,7.748268521046153e-05,,,,,,0.0,0.0
How do within-family activation hyperparameters tune the welfare-convergence tradeoff?,hyperparameter_root_power,a,0.3,brd,root_power,a,0.3,0.5,3,3,3,1.0,38,True,7,0.989184320198488,0.937814675702214,8.384920717530164e-05,,,,,,2.220446049250313e-16,1.1102230246251565e-16
How do within-family activation hyperparameters tune the welfare-convergence tradeoff?,hyperparameter_root_power,a,0.3,brd,root_power,a,0.3,0.5,3,3,3,1.0,36,True,7,0.9895165291536072,0.920656133758965,2.8481300946125998e-05,,,,,,2.220446049250313e-16,2.220446049250313e-16
How do within-family activation hyperparameters tune the welfare-convergence tradeoff?,hyperparameter_root_power,a,0.3,brd,root_power,a,0.3,0.5,3,3,3,1.0,39,True,6,0.9895984937744967,0.9141285748519192,6.988935316237788e-05,,,,,,2.220446049250313e-16,2.220446049250313e-16
How do within-family activation hyperparameters tune the welfare-convergence tradeoff?,hyperparameter_root_power,a,0.3,brd,root_power,a,0.3,0.5,3,3,3,1.0,37,True,9,0.9617083128699347,0.8644574356352247,3.38030777193854e-05,,,,,,1.1102230246251565e-16,2.220446049250313e-16
How do within-family activation hyperparameters tune the welfare-convergence tradeoff?,hyperparameter_root_power,a,0.3,brd,root_power,a,0.3,0.5,3,3,3,1.0,41,True,5,0.9940540409102504,0.9075498003349868,8.634874374324752e-05,,,,,,1.1102230246251565e-16,0.0
How do within-family activation hyperparameters tune the welfare-convergence tradeoff?,hyperparameter_root_power,a,0.3,brd,root_power,a,0.3,0.5,3,3,3,1.0,40,True,7,0.9666883680555556,0.8638016659847473,8.579174609552043e-05,,,,,,0.0,1.1102230246251565e-16
How do within-family activation hyperparameters tune the welfare-convergence tradeoff?,hyperparameter_root_power,a,0.3,brd,root_power,a,0.3,0.5,3,3,3,1.0,42,True,7,0.9788872676968647,0.8902235600558067,7.912283153704847e-05,,,,,,2.220446049250313e-16,1.1102230246251565e-16
How do within-family activation hyperparameters tune the welfare-convergence tradeoff?,hyperparameter_root_power,a,0.3,brd,root_power,a,0.3,0.5,3,3,3,1.0,45,True,6,0.9930820978791105,0.9724195466551954,5.7605102644076034e-05,,,,,,1.1102230246251565e-16,2.220446049250313e-16
How do within-family activation hyperparameters tune the welfare-convergence tradeoff?,hyperparameter_root_power,a,0.3,brd,root_power,a,0.3,0.5,3,3,3,1.0,44,True,8,0.9673549442844859,0.8476457437599718,2.6659514137772344e-05,,,,,,0.0,2.220446049250313e-16
How do within-family activation hyperparameters tune the welfare-convergence tradeoff?,hyperparameter_root_power,a,0.3,brd,root_power,a,0.3,0.5,3,3,3,1.0,43,True,8,0.9631725797884481,0.841135046873808,1.1645509383262365e-05,,,,,,2.220446049250313e-16,2.220446049250313e-16
How do within-family activation hyperparameters tune the welfare-convergence tradeoff?,hyperparameter_root_power,a,0.3,brd,root_power,a,0.3,0.5,3,3,3,1.0,47,True,6,0.9869384765625,0.9413122884759485,9.8255474871356e-05,,,,,,1.1102230246251565e-16,2.220446049250313e-16
How do within-family activation hyperparameters tune the welfare-convergence tradeoff?,hyperparameter_root_power,a,0.3,brd,root_power,a,0.3,0.5,3,3,3,1.0,46,True,8,0.9840308824974883,0.8921312925540814,2.2232201604688306e-05,,,,,,2.220446049250313e-16,0.0
How do within-family activation hyperparameters tune the welfare-convergence tradeoff?,hyperparameter_root_power,a,0.3,brd,root_power,a,0.3,0.5,3,3,3,1.0,48,True,6,0.9847657357329029,0.9116076622681101,8.004929279187278e-05,,,,,,2.220446049250313e-16,1.1102230246251565e-16
How do within-family activation hyperparameters tune the welfare-convergence tradeoff?,hyperparameter_root_power,a,0.3,brd,root_power,a,0.3,0.5,3,3,3,1.0,49,True,6,0.9836505902781709,0.869567797903002,9.6283837820621e-05,,,,,,1.1102230246251565e-16,2.220446049250313e-16
How do within-family activation hyperparameters tune the welfare-convergence tradeoff?,hyperparameter_root_power,a,0.3,brd,root_power,a,0.3,0.5,3,3,3,1.0,51,True,6,0.9870077726404357,0.8935919122483922,9.398104332730695e-05,,,,,,1.1102230246251565e-16,0.0
How do within-family activation hyperparameters tune the welfare-convergence tradeoff?,hyperparameter_root_power,a,0.3,brd,root_power,a,0.3,0.5,3,3,3,1.0,50,True,7,0.9867890578088218,0.8611477253741199,3.7584286138037104e-05,,,,,,0.0,2.220446049250313e-16
How do within-family activation hyperparameters tune the welfare-convergence tradeoff?,hyperparameter_root_power,a,0.3,brd,root_power,a,0.3,0.5,3,3,3,1.0,52,True,7,0.9862334446921778,0.8570296465556432,9.570959310761795e-05,,,,,,2.220446049250313e-16,1.1102230246251565e-16
How do within-family activation hyperparameters tune the welfare-convergence tradeoff?,hyperparameter_root_power,a,0.3,brd,root_power,a,0.3,0.5,3,3,3,1.0,53,True,7,0.976418425918278,0.9006852463280929,8.510386849064355e-05,,,,,,2.220446049250313e-16,2.220446049250313e-16
How do within-family activation hyperparameters tune the welfare-convergence tradeoff?,hyperparameter_root_power,a,0.3,brd,root_power,a,0.3,0.5,3,3,3,1.0,57,True,5,0.9911102210036593,0.8972091107718222,5.19129426708731e-05,,,,,,2.220446049250313e-16,1.1102230246251565e-16
How do within-family activation hyperparameters tune the welfare-convergence tradeoff?,hyperparameter_root_power,a,0.3,brd,root_power,a,0.3,0.5,3,3,3,1.0,54,True,7,0.981260458648345,0.883564237632541,5.1033406914924306e-05,,,,,,1.1102230246251565e-16,0.0
How do within-family activation hyperparameters tune the welfare-convergence tradeoff?,hyperparameter_root_power,a,0.3,brd,root_power,a,0.3,0.5,3,3,3,1.0,56,True,7,0.9921154967194946,0.910514359810335,7.973456986193339e-05,,,,,,1.1102230246251565e-16,2.220446049250313e-16
How do within-family activation hyperparameters tune the welfare-convergence tradeoff?,hyperparameter_root_power,a,0.3,brd,root_power,a,0.3,0.5,3,3,3,1.0,55,True,8,0.9819005388876643,0.8843225010343736,3.277608146490252e-05,,,,,,2.220446049250313e-16,2.220446049250313e-16
How do within-family activation hyperparameters tune the welfare-convergence tradeoff?,hyperparameter_root_power,a,0.3,brd,root_power,a,0.3,0.5,3,3,3,1.0,59,True,6,0.97509765625,0.8554827320785288,9.84065506460241e-05,,,,,,1.1102230246251565e-16,2.220446049250313e-16
How do within-family activation hyperparameters tune the welfare-convergence tradeoff?,hyperparameter_root_power,a,0.3,brd,root_power,a,0.3,0.5,3,3,3,1.0,58,True,8,0.9765743562524491,0.8728789819612954,5.388284725399428e-05,,,,,,2.220446049250313e-16,1.1102230246251565e-16
How do within-family activation hyperparameters tune the welfare-convergence tradeoff?,hyperparameter_root_power,a,0.3,brd,root_power,a,0.3,0.5,3,3,3,1.0,61,True,7,0.9834353022962409,0.9116799790215726,7.174641534429815e-05,,,,,,1.1102230246251565e-16,2.220446049250313e-16
How do within-family activation hyperparameters tune the welfare-convergence tradeoff?,hyperparameter_root_power,a,0.3,brd,root_power,a,0.3,0.5,3,3,3,1.0,63,True,5,0.993316075613317,0.9243062392898017,9.742630744252745e-05,,,,,,2.220446049250313e-16,0.0
How do within-family activation hyperparameters tune the welfare-convergence tradeoff?,hyperparameter_root_power,a,0.3,brd,root_power,a,0.3,0.5,3,3,3,1.0,60,True,9,0.979259550341369,0.9129111651201874,2.1097981848405833e-05,,,,,,2.220446049250313e-16,2.220446049250313e-16
How do within-family activation hyperparameters tune the welfare-convergence tradeoff?,hyperparameter_root_power,a,0.3,brd,root_power,a,0.3,0.5,3,3,3,1.0,66,True,6,0.987428775340652,0.8931619870980604,9.590874596820953e-05,,,,,,0.0,1.1102230246251565e-16
How do within-family activation hyperparameters tune the welfare-convergence tradeoff?,hyperparameter_root_power,a,0.3,brd,root_power,a,0.3,0.5,3,3,3,1.0,62,True,8,0.9705035697032186,0.8952179587412061,3.7004750448377255e-05,,,,,,1.1102230246251565e-16,1.1102230246251565e-16
How do within-family activation hyperparameters tune the welfare-convergence tradeoff?,hyperparameter_root_power,a,0.3,brd,root_power,a,0.3,0.5,3,3,3,1.0,65,True,9,0.9811996730706448,0.8692565756370257,2.132967402584951e-05,,,,,,1.1102230246251565e-16,0.0
How do within-family activation hyperparameters tune the welfare-convergence tradeoff?,hyperparameter_root_power,a,0.3,brd,root_power,a,0.3,0.5,3,3,3,1.0,64,True,8,0.9578547901434631,0.835807589560161,3.6981173644146104e-05,,,,,,1.1102230246251565e-16,2.220446049250313e-16
How do within-family activation hyperparameters tune the welfare-convergence tradeoff?,hyperparameter_root_power,a,0.3,brd,root_power,a,0.3,0.5,3,3,3,1.0,67,True,6,0.9810583245778274,0.875398227773847,9.743920844795806e-05,,,,,,1.1102230246251565e-16,2.220446049250313e-16
How do within-family activation hyperparameters tune the welfare-convergence tradeoff?,hyperparameter_root_power,a,0.3,brd,root_power,a,0.3,0.5,3,3,3,1.0,69,True,6,0.9838688616996506,0.9141059706793492,8.545400213910703e-05,,,,,,1.1102230246251565e-16,2.220446049250313e-16
How do within-family activation hyperparameters tune the welfare-convergence tradeoff?,hyperparameter_root_power,a,0.3,brd,root_power,a,0.3,0.5,3,3,3,1.0,68,True,7,0.985475650340652,0.8888375072181653,7.882771424400081e-05,,,,,,1.1102230246251565e-16,2.220446049250313e-16
How do within-family activation hyperparameters tune the welfare-convergence tradeoff?,hyperparameter_root_power,a,0.3,brd,root_power,a,0.3,0.5,3,3,3,1.0,71,True,8,0.9777820342998877,0.9091563882939568,2.4302007406273862e-05,,,,,,0.0,1.1102230246251565e-16
How do within-family activation hyperparameters tune the welfare-convergence tradeoff?,hyperparameter_root_power,a,0.3,brd,root_power,a,0.3,0.5,3,3,3,1.0,70,True,8,0.9745042763257689,0.8980511377931135,8.543546611355923e-05,,,,,,0.0,2.220446049250313e-16
How do within-family activation hyperparameters tune the welfare-convergence tradeoff?,hyperparameter_root_power,a,0.3,brd,root_power,a,0.3,0.5,3,3,3,1.0,72,True,8,0.9741455644185077,0.9046676965698155,3.7938118199021265e-05,,,,,,2.220446049250313e-16,1.1102230246251565e-16
How do within-family activation hyperparameters tune the welfare-convergence tradeoff?,hyperparameter_root_power,a,0.3,brd,root_power,a,0.3,0.5,3,3,3,1.0,73,True,8,0.9778197597558572,0.8896273136722664,3.4357275780105834e-05,,,,,,2.220446049250313e-16,1.1102230246251565e-16
How do within-family activation hyperparameters tune the welfare-convergence tradeoff?,hyperparameter_root_power,a,0.3,brd,root_power,a,0.3,0.5,3,3,3,1.0,74,True,8,0.9882569181418275,0.8940537355454925,4.70777664692279e-05,,,,,,1.1102230246251565e-16,2.220446049250313e-16
How do within-family activation hyperparameters tune the welfare-convergence tradeoff?,hyperparameter_root_power,a,0.3,brd,root_power,a,0.3,0.5,3,3,3,1.0,75,True,7,0.9803059895833334,0.8584892528381659,4.109370346583319e-05,,,,,,2.220446049250313e-16,0.0
How do within-family activation hyperparameters tune the welfare-convergence tradeoff?,hyperparameter_root_power,a,0.3,brd,root_power,a,0.3,0.5,3,3,3,1.0,76,True,8,0.9590264229697292,0.8756987258274727,9.786252592525191e-05,,,,,,1.1102230246251565e-16,2.220446049250313e-16
How do within-family activation hyperparameters tune the welfare-convergence tradeoff?,hyperparameter_root_power,a,0.3,brd,root_power,a,0.3,0.5,3,3,3,1.0,80,True,4,0.9842122395833334,0.9148229863870769,9.171198440677264e-05,,,,,,2.220446049250313e-16,1.1102230246251565e-16
How do within-family activation hyperparameters tune the welfare-convergence tradeoff?,hyperparameter_root_power,a,0.3,brd,root_power,a,0.3,0.5,3,3,3,1.0,77,True,7,0.9885790596846661,0.8867297334169599,7.252424903186894e-05,,,,,,2.220446049250313e-16,0.0
How do within-family activation hyperparameters tune the welfare-convergence tradeoff?,hyperparameter_root_power,a,0.3,brd,root_power,a,0.3,0.5,3,3,3,1.0,78,True,7,0.9885005582492983,0.912847518575853,2.6363970917486768e-06,,,,,,1.1102230246251565e-16,1.1102230246251565e-16
How do within-family activation hyperparameters tune the welfare-convergence tradeoff?,hyperparameter_root_power,a,0.3,brd,root_power,a,0.3,0.5,3,3,3,1.0,79,True,8,0.967084892082431,0.8438547933161852,3.4888229242857616e-05,,,,,,2.220446049250313e-16,1.1102230246251565e-16
How do within-family activation hyperparameters tune the welfare-convergence tradeoff?,hyperparameter_root_power,a,0.3,brd,root_power,a,0.3,0.5,3,3,3,1.0,82,True,8,0.9648589104411633,0.8540001570641794,8.857641982551456e-05,,,,,,2.220446049250313e-16,1.1102230246251565e-16
How do within-family activation hyperparameters tune the welfare-convergence tradeoff?,hyperparameter_root_power,a,0.3,brd,root_power,a,0.3,0.5,3,3,3,1.0,81,True,8,0.9714406886332415,0.8776476156191059,8.358611384179371e-05,,,,,,1.1102230246251565e-16,1.1102230246251565e-16
How do within-family activation hyperparameters tune the welfare-convergence tradeoff?,hyperparameter_root_power,a,0.3,brd,root_power,a,0.3,0.5,3,3,3,1.0,83,True,7,0.986563913931312,0.9483456805296836,3.881833956725922e-05,,,,,,1.1102230246251565e-16,1.1102230246251565e-16
How do within-family activation hyperparameters tune the welfare-convergence tradeoff?,hyperparameter_root_power,a,0.3,brd,root_power,a,0.3,0.5,3,3,3,1.0,84,True,6,0.9882206082353466,0.9542296278965455,5.6574500286621365e-05,,,,,,1.1102230246251565e-16,1.1102230246251565e-16
How do within-family activation hyperparameters tune the welfare-convergence tradeoff?,hyperparameter_root_power,a,0.3,brd,root_power,a,0.3,0.5,3,3,3,1.0,86,True,6,0.9884246042125333,0.9089311501604614,6.42361066662267e-05,,,,,,1.1102230246251565e-16,1.1102230246251565e-16
How do within-family activation hyperparameters tune the welfare-convergence tradeoff?,hyperparameter_root_power,a,0.3,brd,root_power,a,0.3,0.5,3,3,3,1.0,87,True,5,0.993439225085163,0.8745677068365932,8.742395021443805e-05,,,,,,1.1102230246251565e-16,1.1102230246251565e-16
How do within-family activation hyperparameters tune the welfare-convergence tradeoff?,hyperparameter_root_power,a,0.3,brd,root_power,a,0.3,0.5,3,3,3,1.0,88,True,7,0.9851614902029431,0.9060754074711833,8.71208139779922e-05,,,,,,2.220446049250313e-16,1.1102230246251565e-16
How do within-family activation hyperparameters tune the welfare-convergence tradeoff?,hyperparameter_root_power,a,0.3,brd,root_power,a,0.3,0.5,3,3,3,1.0,89,True,7,0.9886912041854604,0.889739023167234,7.997465271308846e-05,,,,,,1.1102230246251565e-16,0.0
How do within-family activation hyperparameters tune the welfare-convergence tradeoff?,hyperparameter_root_power,a,0.3,brd,root_power,a,0.3,0.5,3,3,3,1.0,85,True,6,0.990908788010978,0.877682965674473,8.401706767174888e-05,,,,,,1.1102230246251565e-16,1.1102230246251565e-16
How do within-family activation hyperparameters tune the welfare-convergence tradeoff?,hyperparameter_root_power,a,0.3,brd,root_power,a,0.3,0.5,3,3,3,1.0,90,True,7,0.9900788359929017,0.8923648477821787,5.049071058416121e-06,,,,,,2.220446049250313e-16,0.0
How do within-family activation hyperparameters tune the welfare-convergence tradeoff?,hyperparameter_root_power,a,0.3,brd,root_power,a,0.3,0.5,3,3,3,1.0,91,True,6,0.9818124643846639,0.8734021200397576,8.895378995416037e-05,,,,,,1.1102230246251565e-16,2.220446049250313e-16
How do within-family activation hyperparameters tune the welfare-convergence tradeoff?,hyperparameter_root_power,a,0.3,brd,root_power,a,0.3,0.5,3,3,3,1.0,92,True,8,0.9825448091776785,0.9146382572183002,5.6027203066078e-05,,,,,,1.1102230246251565e-16,0.0
How do within-family activation hyperparameters tune the welfare-convergence tradeoff?,hyperparameter_root_power,a,0.3,brd,root_power,a,0.3,0.5,3,3,3,1.0,95,True,6,0.9896719656992764,0.9382733392076475,7.11075785849169e-05,,,,,,0.0,2.220446049250313e-16
How do within-family activation hyperparameters tune the welfare-convergence tradeoff?,hyperparameter_root_power,a,0.3,brd,root_power,a,0.3,0.5,3,3,3,1.0,98,True,5,0.9859171889020293,0.9032243816266502,8.79478692562552e-05,,,,,,2.220446049250313e-16,0.0
How do within-family activation hyperparameters tune the welfare-convergence tradeoff?,hyperparameter_root_power,a,0.3,brd,root_power,a,0.3,0.5,3,3,3,1.0,97,True,6,0.9724934895833334,0.8513550577295909,7.14227274086765e-05,,,,,,2.220446049250313e-16,1.1102230246251565e-16
How do within-family activation hyperparameters tune the welfare-convergence tradeoff?,hyperparameter_root_power,a,0.3,brd,root_power,a,0.3,0.5,3,3,3,1.0,93,True,8,0.9747895398818789,0.8170289452061148,9.236937942247447e-05,,,,,,1.1102230246251565e-16,1.1102230246251565e-16
How do within-family activation hyperparameters tune the welfare-convergence tradeoff?,hyperparameter_root_power,a,0.3,brd,root_power,a,0.3,0.5,3,3,3,1.0,94,True,8,0.9763834344423175,0.878515743333236,9.525090102896483e-05,,,,,,0.0,2.220446049250313e-16
How do within-family activation hyperparameters tune the welfare-convergence tradeoff?,hyperparameter_root_power,a,0.3,brd,root_power,a,0.3,0.5,3,3,3,1.0,96,True,7,0.9867972107525326,0.8975772474553959,4.815797681545497e-05,,,,,,0.0,0.0
How do within-family activation hyperparameters tune the welfare-convergence tradeoff?,hyperparameter_root_power,a,0.3,brd,root_power,a,0.3,0.5,3,3,3,1.0,99,True,7,0.9898962956662115,0.943362251321469,4.0448036189966174e-05,,,,,,1.1102230246251565e-16,2.220446049250313e-16
How do within-family activation hyperparameters tune the welfare-convergence tradeoff?,hyperparameter_root_power,a,0.4,brd,root_power,a,0.4,0.5,3,3,3,1.0,0,True,6,0.9840549714638264,0.8370855811023188,7.625924433174447e-05,,,,,,2.220446049250313e-16,2.220446049250313e-16
How do within-family activation hyperparameters tune the welfare-convergence tradeoff?,hyperparameter_root_power,a,0.4,brd,root_power,a,0.4,0.5,3,3,3,1.0,3,True,7,0.9929749738837761,0.9275886664759216,3.79008343932008e-05,,,,,,1.1102230246251565e-16,2.220446049250313e-16
How do within-family activation hyperparameters tune the welfare-convergence tradeoff?,hyperparameter_root_power,a,0.4,brd,root_power,a,0.4,0.5,3,3,3,1.0,6,True,5,0.9892674806440036,0.8387645935405498,8.930304227966479e-05,,,,,,2.220446049250313e-16,2.220446049250313e-16
How do within-family activation hyperparameters tune the welfare-convergence tradeoff?,hyperparameter_root_power,a,0.4,brd,root_power,a,0.4,0.5,3,3,3,1.0,1,True,7,0.9837146131856563,0.8939721202693801,5.722497817761685e-05,,,,,,2.220446049250313e-16,2.220446049250313e-16
How do within-family activation hyperparameters tune the welfare-convergence tradeoff?,hyperparameter_root_power,a,0.4,brd,root_power,a,0.4,0.5,3,3,3,1.0,5,True,5,0.9803059895833334,0.8623151622335482,7.007805491188179e-05,,,,,,1.1102230246251565e-16,1.1102230246251565e-16
How do within-family activation hyperparameters tune the welfare-convergence tradeoff?,hyperparameter_root_power,a,0.4,brd,root_power,a,0.4,0.5,3,3,3,1.0,4,True,8,0.9780498202692096,0.9013894226798987,5.3066904852350216e-05,,,,,,2.220446049250313e-16,0.0
How do within-family activation hyperparameters tune the welfare-convergence tradeoff?,hyperparameter_root_power,a,0.4,brd,root_power,a,0.4,0.5,3,3,3,1.0,2,True,8,0.979256000110446,0.8945340796163928,4.5320478911869966e-05,,,,,,2.220446049250313e-16,1.1102230246251565e-16
How do within-family activation hyperparameters tune the welfare-convergence tradeoff?,hyperparameter_root_power,a,0.4,brd,root_power,a,0.4,0.5,3,3,3,1.0,7,True,6,0.9892733933962076,0.9097077815885698,4.3549539563869644e-05,,,,,,1.1102230246251565e-16,0.0
How do within-family activation hyperparameters tune the welfare-convergence tradeoff?,hyperparameter_root_power,a,0.4,brd,root_power,a,0.4,0.5,3,3,3,1.0,8,True,7,0.9801432291666666,0.8938961138562161,8.612448942396655e-05,,,,,,0.0,0.0
How do within-family activation hyperparameters tune the welfare-convergence tradeoff?,hyperparameter_root_power,a,0.4,brd,root_power,a,0.4,0.5,3,3,3,1.0,9,True,6,0.9797123955351045,0.8434434092280813,5.688318744351273e-05,,,,,,1.1102230246251565e-16,1.1102230246251565e-16
How do within-family activation hyperparameters tune the welfare-convergence tradeoff?,hyperparameter_root_power,a,0.4,brd,root_power,a,0.4,0.5,3,3,3,1.0,10,True,6,0.9841501956630073,0.891994303314427,8.342332684380116e-05,,,,,,2.220446049250313e-16,0.0
How do within-family activation hyperparameters tune the welfare-convergence tradeoff?,hyperparameter_root_power,a,0.4,brd,root_power,a,0.4,0.5,3,3,3,1.0,13,True,6,0.9846797053076681,0.8634259995040173,6.120649988405891e-05,,,,,,0.0,0.0
How do within-family activation hyperparameters tune the welfare-convergence tradeoff?,hyperparameter_root_power,a,0.4,brd,root_power,a,0.4,0.5,3,3,3,1.0,12,True,7,0.9829605144981703,0.8843938520141729,4.70716549327288e-05,,,,,,1.1102230246251565e-16,0.0
How do within-family activation hyperparameters tune the welfare-convergence tradeoff?,hyperparameter_root_power,a,0.4,brd,root_power,a,0.4,0.5,3,3,3,1.0,14,True,5,0.993714387670326,0.9391441918134898,8.746733842757148e-05,,,,,,1.1102230246251565e-16,2.220446049250313e-16
How do within-family activation hyperparameters tune the welfare-convergence tradeoff?,hyperparameter_root_power,a,0.4,brd,root_power,a,0.4,0.5,3,3,3,1.0,11,True,8,0.9689811694624518,0.873999195819382,8.581758413578333e-05,,,,,,2.220446049250313e-16,1.1102230246251565e-16
How do within-family activation hyperparameters tune the welfare-convergence tradeoff?,hyperparameter_root_power,a,0.4,brd,root_power,a,0.4,0.5,3,3,3,1.0,15,True,6,0.988107504989014,0.8893325391475658,6.558345264950916e-05,,,,,,1.1102230246251565e-16,1.1102230246251565e-16
How do within-family activation hyperparameters tune the welfare-convergence tradeoff?,hyperparameter_root_power,a,0.4,brd,root_power,a,0.4,0.5,3,3,3,1.0,20,True,4,0.9886067708333334,0.9055660772287774,5.978453326599409e-05,,,,,,2.220446049250313e-16,1.1102230246251565e-16
How do within-family activation hyperparameters tune the welfare-convergence tradeoff?,hyperparameter_root_power,a,0.4,brd,root_power,a,0.4,0.5,3,3,3,1.0,18,True,5,0.9900470744139097,0.8872500885452416,9.682104376035339e-05,,,,,,0.0,1.1102230246251565e-16
How do within-family activation hyperparameters tune the welfare-convergence tradeoff?,hyperparameter_root_power,a,0.4,brd,root_power,a,0.4,0.5,3,3,3,1.0,19,True,6,0.9882308917518297,0.9273500576838649,1.6886076450284282e-05,,,,,,2.220446049250313e-16,0.0
How do within-family activation hyperparameters tune the welfare-convergence tradeoff?,hyperparameter_root_power,a,0.4,brd,root_power,a,0.4,0.5,3,3,3,1.0,17,True,7,0.9785769678424897,0.8964303806222604,9.538037867601323e-05,,,,,,1.1102230246251565e-16,2.220446049250313e-16
How do within-family activation hyperparameters tune the welfare-convergence tradeoff?,hyperparameter_root_power,a,0.4,brd,root_power,a,0.4,0.5,3,3,3,1.0,22,True,5,0.9851126257564163,0.9289645116838896,4.943191252171353e-05,,,,,,2.220446049250313e-16,0.0
How do within-family activation hyperparameters tune the welfare-convergence tradeoff?,hyperparameter_root_power,a,0.4,brd,root_power,a,0.4,0.5,3,3,3,1.0,16,True,8,0.9814087007839597,0.8398172548246547,5.163452509832078e-05,,,,,,1.1102230246251565e-16,1.1102230246251565e-16
How do within-family activation hyperparameters tune the welfare-convergence tradeoff?,hyperparameter_root_power,a,0.4,brd,root_power,a,0.4,0.5,3,3,3,1.0,21,True,7,0.9812917910210537,0.8961586911881283,4.643093060274772e-05,,,,,,0.0,0.0
How do within-family activation hyperparameters tune the welfare-convergence tradeoff?,hyperparameter_root_power,a,0.4,brd,root_power,a,0.4,0.5,3,3,3,1.0,24,True,6,0.9929790443772871,0.9187893839326717,5.486585294350865e-05,,,,,,1.1102230246251565e-16,2.220446049250313e-16
How do within-family activation hyperparameters tune the welfare-convergence tradeoff?,hyperparameter_root_power,a,0.4,brd,root_power,a,0.4,0.5,3,3,3,1.0,23,True,7,0.9905173280332668,0.9424731531359872,9.710191172596083e-05,,,,,,1.1102230246251565e-16,2.220446049250313e-16
How do within-family activation hyperparameters tune the welfare-convergence tradeoff?,hyperparameter_root_power,a,0.4,brd,root_power,a,0.4,0.5,3,3,3,1.0,26,True,6,0.9909412672119967,0.9038430568809441,9.570418295395955e-05,,,,,,1.1102230246251565e-16,2.220446049250313e-16
How do within-family activation hyperparameters tune the welfare-convergence tradeoff?,hyperparameter_root_power,a,0.4,brd,root_power,a,0.4,0.5,3,3,3,1.0,25,True,7,0.9691949892051251,0.843375798900384,8.139711619614687e-06,,,,,,0.0,1.1102230246251565e-16
How do within-family activation hyperparameters tune the welfare-convergence tradeoff?,hyperparameter_root_power,a,0.4,brd,root_power,a,0.4,0.5,3,3,3,1.0,27,True,7,0.9779419284853627,0.8901635630005732,8.664082149512087e-05,,,,,,2.220446049250313e-16,1.1102230246251565e-16
How do within-family activation hyperparameters tune the welfare-convergence tradeoff?,hyperparameter_root_power,a,0.4,brd,root_power,a,0.4,0.5,3,3,3,1.0,30,True,6,0.984499087840652,0.9231604444431095,8.994777629273143e-05,,,,,,1.1102230246251565e-16,2.220446049250313e-16
How do within-family activation hyperparameters tune the welfare-convergence tradeoff?,hyperparameter_root_power,a,0.4,brd,root_power,a,0.4,0.5,3,3,3,1.0,29,True,7,0.9777888967504945,0.8643042566199796,9.514563358375971e-05,,,,,,2.220446049250313e-16,1.1102230246251565e-16
How do within-family activation hyperparameters tune the welfare-convergence tradeoff?,hyperparameter_root_power,a,0.4,brd,root_power,a,0.4,0.5,3,3,3,1.0,28,True,7,0.9735346669844442,0.8742095911949582,6.888257968656886e-05,,,,,,2.220446049250313e-16,0.0
How do within-family activation hyperparameters tune the welfare-convergence tradeoff?,hyperparameter_root_power,a,0.4,brd,root_power,a,0.4,0.5,3,3,3,1.0,33,True,6,0.9826963365073267,0.9011941047829323,6.360012866624132e-05,,,,,,1.1102230246251565e-16,1.1102230246251565e-16
How do within-family activation hyperparameters tune the welfare-convergence tradeoff?,hyperparameter_root_power,a,0.4,brd,root_power,a,0.4,0.5,3,3,3,1.0,32,True,6,0.9856405614949413,0.913595806065203,5.852523333538251e-05,,,,,,0.0,2.220446049250313e-16
How do within-family activation hyperparameters tune the welfare-convergence tradeoff?,hyperparameter_root_power,a,0.4,brd,root_power,a,0.4,0.5,3,3,3,1.0,34,True,5,0.9823708156739933,0.8656446340669054,6.518838541919036e-05,,,,,,2.220446049250313e-16,0.0
How do within-family activation hyperparameters tune the welfare-convergence tradeoff?,hyperparameter_root_power,a,0.4,brd,root_power,a,0.4,0.5,3,3,3,1.0,31,True,9,0.9848664753962156,0.883809567378831,1.8714605713399113e-05,,,,,,0.0,2.220446049250313e-16
How do within-family activation hyperparameters tune the welfare-convergence tradeoff?,hyperparameter_root_power,a,0.4,brd,root_power,a,0.4,0.5,3,3,3,1.0,36,True,5,0.991335025340652,0.9176940970549367,8.650540627125336e-05,,,,,,0.0,1.1102230246251565e-16
How do within-family activation hyperparameters tune the welfare-convergence tradeoff?,hyperparameter_root_power,a,0.4,brd,root_power,a,0.4,0.5,3,3,3,1.0,35,True,7,0.9748483117435837,0.8203915170449321,8.452705214440082e-05,,,,,,2.220446049250313e-16,2.220446049250313e-16
How do within-family activation hyperparameters tune the welfare-convergence tradeoff?,hyperparameter_root_power,a,0.4,brd,root_power,a,0.4,0.5,3,3,3,1.0,38,True,7,0.9907433089883231,0.9355317277940348,6.199522946270797e-05,,,,,,1.1102230246251565e-16,2.220446049250313e-16
How do within-family activation hyperparameters tune the welfare-convergence tradeoff?,hyperparameter_root_power,a,0.4,brd,root_power,a,0.4,0.5,3,3,3,1.0,37,True,9,0.9660957547496672,0.857810362090608,5.2016446558167395e-05,,,,,,0.0,0.0
How do within-family activation hyperparameters tune the welfare-convergence tradeoff?,hyperparameter_root_power,a,0.4,brd,root_power,a,0.4,0.5,3,3,3,1.0,39,True,5,0.9915923088786633,0.9111277668350205,7.797027230566078e-05,,,,,,2.220446049250313e-16,1.1102230246251565e-16
How do within-family activation hyperparameters tune the welfare-convergence tradeoff?,hyperparameter_root_power,a,0.4,brd,root_power,a,0.4,0.5,3,3,3,1.0,42,True,6,0.9835519589789463,0.883380388896736,8.999983787449928e-05,,,,,,1.1102230246251565e-16,2.220446049250313e-16
How do within-family activation hyperparameters tune the welfare-convergence tradeoff?,hyperparameter_root_power,a,0.4,brd,root_power,a,0.4,0.5,3,3,3,1.0,41,True,5,0.9949137369791666,0.9061337074401021,4.2323726893667146e-05,,,,,,2.220446049250313e-16,1.1102230246251565e-16
How do within-family activation hyperparameters tune the welfare-convergence tradeoff?,hyperparameter_root_power,a,0.4,brd,root_power,a,0.4,0.5,3,3,3,1.0,45,True,5,0.994904068835163,0.9696068655809625,8.127900883547756e-05,,,,,,1.1102230246251565e-16,0.0
How do within-family activation hyperparameters tune the welfare-convergence tradeoff?,hyperparameter_root_power,a,0.4,brd,root_power,a,0.4,0.5,3,3,3,1.0,40,True,7,0.9710345577755023,0.8577292449810775,7.831785337286679e-05,,,,,,2.220446049250313e-16,0.0
How do within-family activation hyperparameters tune the welfare-convergence tradeoff?,hyperparameter_root_power,a,0.4,brd,root_power,a,0.4,0.5,3,3,3,1.0,44,True,7,0.9721177347481792,0.8404829839162122,8.004674648631749e-05,,,,,,1.1102230246251565e-16,0.0
How do within-family activation hyperparameters tune the welfare-convergence tradeoff?,hyperparameter_root_power,a,0.4,brd,root_power,a,0.4,0.5,3,3,3,1.0,43,True,8,0.9700900768283139,0.8311723584172883,1.6611994046900058e-05,,,,,,2.220446049250313e-16,2.220446049250313e-16
How do within-family activation hyperparameters tune the welfare-convergence tradeoff?,hyperparameter_root_power,a,0.4,brd,root_power,a,0.4,0.5,3,3,3,1.0,47,True,6,0.9901477909102504,0.9365322724844715,8.465327208323492e-05,,,,,,1.1102230246251565e-16,0.0
How do within-family activation hyperparameters tune the welfare-convergence tradeoff?,hyperparameter_root_power,a,0.4,brd,root_power,a,0.4,0.5,3,3,3,1.0,46,True,7,0.9877155946182521,0.8866084063189441,9.299910612631246e-05,,,,,,1.1102230246251565e-16,1.1102230246251565e-16
How do within-family activation hyperparameters tune the welfare-convergence tradeoff?,hyperparameter_root_power,a,0.4,brd,root_power,a,0.4,0.5,3,3,3,1.0,49,True,6,0.9871187930299917,0.8643940134629536,9.369085078791972e-05,,,,,,2.220446049250313e-16,1.1102230246251565e-16
How do within-family activation hyperparameters tune the welfare-convergence tradeoff?,hyperparameter_root_power,a,0.4,brd,root_power,a,0.4,0.5,3,3,3,1.0,48,True,7,0.9867939297307904,0.9090028880081175,5.8429070756316204e-05,,,,,,1.1102230246251565e-16,1.1102230246251565e-16
How do within-family activation hyperparameters tune the welfare-convergence tradeoff?,hyperparameter_root_power,a,0.4,brd,root_power,a,0.4,0.5,3,3,3,1.0,50,True,7,0.9884351997269418,0.8584711807794472,2.1144628619740313e-05,,,,,,1.1102230246251565e-16,1.1102230246251565e-16
How do within-family activation hyperparameters tune the welfare-convergence tradeoff?,hyperparameter_root_power,a,0.4,brd,root_power,a,0.4,0.5,3,3,3,1.0,51,True,7,0.9903499327737193,0.8886469422125817,1.784843082247578e-05,,,,,,1.1102230246251565e-16,2.220446049250313e-16
How do within-family activation hyperparameters tune the welfare-convergence tradeoff?,hyperparameter_root_power,a,0.4,brd,root_power,a,0.4,0.5,3,3,3,1.0,52,True,7,0.9890801800579133,0.8528757328098653,3.213510004523856e-05,,,,,,0.0,2.220446049250313e-16
How do within-family activation hyperparameters tune the welfare-convergence tradeoff?,hyperparameter_root_power,a,0.4,brd,root_power,a,0.4,0.5,3,3,3,1.0,53,True,6,0.982421875,0.8915947126801193,8.715564830436007e-05,,,,,,0.0,1.1102230246251565e-16
How do within-family activation hyperparameters tune the welfare-convergence tradeoff?,hyperparameter_root_power,a,0.4,brd,root_power,a,0.4,0.5,3,3,3,1.0,55,True,7,0.9855797519402341,0.8789195681886159,5.0705441363374515e-05,,,,,,2.220446049250313e-16,2.220446049250313e-16
How do within-family activation hyperparameters tune the welfare-convergence tradeoff?,hyperparameter_root_power,a,0.4,brd,root_power,a,0.4,0.5,3,3,3,1.0,54,True,7,0.9830653171755886,0.8807168287543817,7.124597004953825e-05,,,,,,2.220446049250313e-16,2.220446049250313e-16
How do within-family activation hyperparameters tune the welfare-convergence tradeoff?,hyperparameter_root_power,a,0.4,brd,root_power,a,0.4,0.5,3,3,3,1.0,56,True,6,0.99273163179533,0.909256115469799,2.2871394820767055e-05,,,,,,2.220446049250313e-16,0.0
How do within-family activation hyperparameters tune the welfare-convergence tradeoff?,hyperparameter_root_power,a,0.4,brd,root_power,a,0.4,0.5,3,3,3,1.0,57,True,4,0.9920247395833334,0.8957054248814097,9.646089909709499e-05,,,,,,1.1102230246251565e-16,2.220446049250313e-16
How do within-family activation hyperparameters tune the welfare-convergence tradeoff?,hyperparameter_root_power,a,0.4,brd,root_power,a,0.4,0.5,3,3,3,1.0,59,True,6,0.9812721443205007,0.8469882306260058,9.341334503099041e-05,,,,,,1.1102230246251565e-16,2.220446049250313e-16
How do within-family activation hyperparameters tune the welfare-convergence tradeoff?,hyperparameter_root_power,a,0.4,brd,root_power,a,0.4,0.5,3,3,3,1.0,61,True,6,0.9866640535961659,0.9070539990234248,4.006132179834587e-05,,,,,,1.1102230246251565e-16,1.1102230246251565e-16
How do within-family activation hyperparameters tune the welfare-convergence tradeoff?,hyperparameter_root_power,a,0.4,brd,root_power,a,0.4,0.5,3,3,3,1.0,60,True,7,0.9827361779084536,0.9072202546323428,9.731317233768744e-05,,,,,,2.220446049250313e-16,1.1102230246251565e-16
How do within-family activation hyperparameters tune the welfare-convergence tradeoff?,hyperparameter_root_power,a,0.4,brd,root_power,a,0.4,0.5,3,3,3,1.0,58,True,7,0.9784214210424401,0.8699401826983157,6.170289194668e-05,,,,,,1.1102230246251565e-16,1.1102230246251565e-16
How do within-family activation hyperparameters tune the welfare-convergence tradeoff?,hyperparameter_root_power,a,0.4,brd,root_power,a,0.4,0.5,3,3,3,1.0,63,True,5,0.993316075613317,0.9242234719960606,7.873908908451188e-05,,,,,,2.220446049250313e-16,1.1102230246251565e-16
How do within-family activation hyperparameters tune the welfare-convergence tradeoff?,hyperparameter_root_power,a,0.4,brd,root_power,a,0.4,0.5,3,3,3,1.0,62,True,8,0.9753685377366501,0.8883667689324115,3.388649557939383e-05,,,,,,2.220446049250313e-16,1.1102230246251565e-16
How do within-family activation hyperparameters tune the welfare-convergence tradeoff?,hyperparameter_root_power,a,0.4,brd,root_power,a,0.4,0.5,3,3,3,1.0,65,True,7,0.9843575210311603,0.8642558898863397,5.2619556273725276e-05,,,,,,2.220446049250313e-16,2.220446049250313e-16
How do within-family activation hyperparameters tune the welfare-convergence tradeoff?,hyperparameter_root_power,a,0.4,brd,root_power,a,0.4,0.5,3,3,3,1.0,64,True,7,0.9618159633183881,0.8297395950952303,8.71356266156087e-05,,,,,,2.220446049250313e-16,1.1102230246251565e-16
How do within-family activation hyperparameters tune the welfare-convergence tradeoff?,hyperparameter_root_power,a,0.4,brd,root_power,a,0.4,0.5,3,3,3,1.0,66,True,6,0.9889322916666666,0.8907637641492786,9.13391863610058e-05,,,,,,1.1102230246251565e-16,2.220446049250313e-16
How do within-family activation hyperparameters tune the welfare-convergence tradeoff?,hyperparameter_root_power,a,0.4,brd,root_power,a,0.4,0.5,3,3,3,1.0,69,True,6,0.9850081846163172,0.9121480364052924,6.546916695010507e-05,,,,,,1.1102230246251565e-16,0.0
How do within-family activation hyperparameters tune the welfare-convergence tradeoff?,hyperparameter_root_power,a,0.4,brd,root_power,a,0.4,0.5,3,3,3,1.0,67,True,7,0.9840954116932423,0.8712673230082947,6.557525062006464e-05,,,,,,1.1102230246251565e-16,1.1102230246251565e-16
How do within-family activation hyperparameters tune the welfare-convergence tradeoff?,hyperparameter_root_power,a,0.4,brd,root_power,a,0.4,0.5,3,3,3,1.0,68,True,7,0.9885509202880033,0.8840610325970016,8.489932597677274e-05,,,,,,0.0,1.1102230246251565e-16
How do within-family activation hyperparameters tune the welfare-convergence tradeoff?,hyperparameter_root_power,a,0.4,brd,root_power,a,0.4,0.5,3,3,3,1.0,71,True,5,0.9812052069313041,0.9035298264450741,8.869789826254637e-05,,,,,,1.1102230246251565e-16,2.220446049250313e-16
How do within-family activation hyperparameters tune the welfare-convergence tradeoff?,hyperparameter_root_power,a,0.4,brd,root_power,a,0.4,0.5,3,3,3,1.0,70,True,8,0.9799476665526548,0.8899799661426672,5.3493154242190144e-05,,,,,,2.220446049250313e-16,2.220446049250313e-16
How do within-family activation hyperparameters tune the welfare-convergence tradeoff?,hyperparameter_root_power,a,0.4,brd,root_power,a,0.4,0.5,3,3,3,1.0,72,True,8,0.9789330911392297,0.897474211073778,4.438848982479815e-05,,,,,,2.220446049250313e-16,2.220446049250313e-16
How do within-family activation hyperparameters tune the welfare-convergence tradeoff?,hyperparameter_root_power,a,0.4,brd,root_power,a,0.4,0.5,3,3,3,1.0,74,True,6,0.99072265625,0.8900427189791804,8.265114424321762e-05,,,,,,0.0,1.1102230246251565e-16
How do within-family activation hyperparameters tune the welfare-convergence tradeoff?,hyperparameter_root_power,a,0.4,brd,root_power,a,0.4,0.5,3,3,3,1.0,73,True,8,0.9814644270829402,0.8843711069064782,1.5259908482390117e-05,,,,,,0.0,1.1102230246251565e-16
How do within-family activation hyperparameters tune the welfare-convergence tradeoff?,hyperparameter_root_power,a,0.4,brd,root_power,a,0.4,0.5,3,3,3,1.0,75,True,7,0.9822846442463367,0.8546903953312186,3.679492597041811e-05,,,,,,1.1102230246251565e-16,1.1102230246251565e-16
How do within-family activation hyperparameters tune the welfare-convergence tradeoff?,hyperparameter_root_power,a,0.4,brd,root_power,a,0.4,0.5,3,3,3,1.0,78,True,6,0.9902596240402113,0.9102064700672837,2.6316342983612184e-05,,,,,,2.220446049250313e-16,2.220446049250313e-16
How do within-family activation hyperparameters tune the welfare-convergence tradeoff?,hyperparameter_root_power,a,0.4,brd,root_power,a,0.4,0.5,3,3,3,1.0,76,True,8,0.966322857237604,0.8652747602348403,5.2011751353664426e-05,,,,,,2.220446049250313e-16,1.1102230246251565e-16
How do within-family activation hyperparameters tune the welfare-convergence tradeoff?,hyperparameter_root_power,a,0.4,brd,root_power,a,0.4,0.5,3,3,3,1.0,80,True,4,0.9842122395833334,0.9145268536229819,8.641882297805159e-05,,,,,,1.1102230246251565e-16,0.0
How do within-family activation hyperparameters tune the welfare-convergence tradeoff?,hyperparameter_root_power,a,0.4,brd,root_power,a,0.4,0.5,3,3,3,1.0,77,True,7,0.9904207873837702,0.8839261276043086,5.894834267222704e-05,,,,,,1.1102230246251565e-16,1.1102230246251565e-16
How do within-family activation hyperparameters tune the welfare-convergence tradeoff?,hyperparameter_root_power,a,0.4,brd,root_power,a,0.4,0.5,3,3,3,1.0,81,True,7,0.97614043851717,0.8704335155214906,8.965037352209881e-05,,,,,,2.220446049250313e-16,1.1102230246251565e-16
How do within-family activation hyperparameters tune the welfare-convergence tradeoff?,hyperparameter_root_power,a,0.4,brd,root_power,a,0.4,0.5,3,3,3,1.0,79,True,8,0.9711751011089842,0.8377926788669673,8.86188850090508e-05,,,,,,1.1102230246251565e-16,2.220446049250313e-16
How do within-family activation hyperparameters tune the welfare-convergence tradeoff?,hyperparameter_root_power,a,0.4,brd,root_power,a,0.4,0.5,3,3,3,1.0,82,True,7,0.9733583509926733,0.8416552774305622,9.586591923904653e-05,,,,,,2.220446049250313e-16,2.220446049250313e-16
How do within-family activation hyperparameters tune the welfare-convergence tradeoff?,hyperparameter_root_power,a,0.4,brd,root_power,a,0.4,0.5,3,3,3,1.0,84,True,6,0.9910154605913449,0.9502096073752817,2.3289579114071923e-05,,,,,,1.1102230246251565e-16,2.220446049250313e-16
How do within-family activation hyperparameters tune the welfare-convergence tradeoff?,hyperparameter_root_power,a,0.4,brd,root_power,a,0.4,0.5,3,3,3,1.0,86,True,6,0.9901993399803353,0.9064704594046423,7.271517712476028e-05,,,,,,1.1102230246251565e-16,2.220446049250313e-16
How do within-family activation hyperparameters tune the welfare-convergence tradeoff?,hyperparameter_root_power,a,0.4,brd,root_power,a,0.4,0.5,3,3,3,1.0,83,True,7,0.9901555656707874,0.9429252374715382,7.784878340127976e-05,,,,,,1.1102230246251565e-16,2.220446049250313e-16
How do within-family activation hyperparameters tune the welfare-convergence tradeoff?,hyperparameter_root_power,a,0.4,brd,root_power,a,0.4,0.5,3,3,3,1.0,87,True,5,0.9938151041666666,0.8734709240288723,3.478050067939886e-05,,,,,,1.1102230246251565e-16,0.0
How do within-family activation hyperparameters tune the welfare-convergence tradeoff?,hyperparameter_root_power,a,0.4,brd,root_power,a,0.4,0.5,3,3,3,1.0,89,True,6,0.9900891320931657,0.887275243296409,8.997292327128648e-05,,,,,,1.1102230246251565e-16,2.220446049250313e-16
How do within-family activation hyperparameters tune the welfare-convergence tradeoff?,hyperparameter_root_power,a,0.4,brd,root_power,a,0.4,0.5,3,3,3,1.0,88,True,6,0.9882800521951691,0.9011253296275411,9.307041029182894e-05,,,,,,1.1102230246251565e-16,0.0
How do within-family activation hyperparameters tune the welfare-convergence tradeoff?,hyperparameter_root_power,a,0.4,brd,root_power,a,0.4,0.5,3,3,3,1.0,85,True,6,0.993108281870796,0.8745024904270561,6.588717735661609e-05,,,,,,1.1102230246251565e-16,2.220446049250313e-16
How do within-family activation hyperparameters tune the welfare-convergence tradeoff?,hyperparameter_root_power,a,0.4,brd,root_power,a,0.4,0.5,3,3,3,1.0,90,True,6,0.9911566840277778,0.8907208337746187,3.30307579797795e-05,,,,,,1.1102230246251565e-16,2.220446049250313e-16
How do within-family activation hyperparameters tune the welfare-convergence tradeoff?,hyperparameter_root_power,a,0.4,brd,root_power,a,0.4,0.5,3,3,3,1.0,91,True,6,0.9858190282243348,0.8676791912940464,9.057134427109537e-05,,,,,,2.220446049250313e-16,1.1102230246251565e-16
How do within-family activation hyperparameters tune the welfare-convergence tradeoff?,hyperparameter_root_power,a,0.4,brd,root_power,a,0.4,0.5,3,3,3,1.0,92,True,7,0.9870738536176558,0.907900988591959,6.193970768675339e-05,,,,,,1.1102230246251565e-16,2.220446049250313e-16
How do within-family activation hyperparameters tune the welfare-convergence tradeoff?,hyperparameter_root_power,a,0.4,brd,root_power,a,0.4,0.5,3,3,3,1.0,95,True,5,0.9912005297371673,0.935895119833383,8.344386489245181e-05,,,,,,1.1102230246251565e-16,2.220446049250313e-16
How do within-family activation hyperparameters tune the welfare-convergence tradeoff?,hyperparameter_root_power,a,0.4,brd,root_power,a,0.4,0.5,3,3,3,1.0,98,True,5,0.986568230568696,0.9018470444437902,9.104783934932303e-05,,,,,,1.1102230246251565e-16,1.1102230246251565e-16
How do within-family activation hyperparameters tune the welfare-convergence tradeoff?,hyperparameter_root_power,a,0.4,brd,root_power,a,0.4,0.5,3,3,3,1.0,93,True,8,0.9811801305998438,0.8079023840069217,9.986899521458037e-05,,,,,,1.1102230246251565e-16,2.220446049250313e-16
How do within-family activation hyperparameters tune the welfare-convergence tradeoff?,hyperparameter_root_power,a,0.4,brd,root_power,a,0.4,0.5,3,3,3,1.0,97,True,6,0.97601836820467,0.8458205889615499,9.992915048556705e-05,,,,,,0.0,1.1102230246251565e-16
How do within-family activation hyperparameters tune the welfare-convergence tradeoff?,hyperparameter_root_power,a,0.4,brd,root_power,a,0.4,0.5,3,3,3,1.0,96,True,7,0.9889131347101919,0.8944310846458703,2.909573205517324e-05,,,,,,2.220446049250313e-16,2.220446049250313e-16
How do within-family activation hyperparameters tune the welfare-convergence tradeoff?,hyperparameter_root_power,a,0.4,brd,root_power,a,0.4,0.5,3,3,3,1.0,94,True,9,0.981182618537644,0.8717350467951439,2.7309247378426438e-05,,,,,,1.1102230246251565e-16,2.220446049250313e-16
How do within-family activation hyperparameters tune the welfare-convergence tradeoff?,hyperparameter_root_power,a,0.4,brd,root_power,a,0.4,0.5,3,3,3,1.0,99,True,7,0.9912081292282454,0.9414979789626333,1.3868528749405584e-05,,,,,,0.0,0.0
How do within-family activation hyperparameters tune the welfare-convergence tradeoff?,hyperparameter_root_power,a,0.5,brd,root_power,a,0.5,0.5,3,3,3,1.0,0,True,5,0.9876581336059983,0.8310127880123255,8.56761694580932e-05,,,,,,1.1102230246251565e-16,0.0
How do within-family activation hyperparameters tune the welfare-convergence tradeoff?,hyperparameter_root_power,a,0.5,brd,root_power,a,0.5,0.5,3,3,3,1.0,1,True,7,0.9848914438136347,0.8917928578127156,4.616437901389103e-05,,,,,,2.220446049250313e-16,1.1102230246251565e-16
How do within-family activation hyperparameters tune the welfare-convergence tradeoff?,hyperparameter_root_power,a,0.5,brd,root_power,a,0.5,0.5,3,3,3,1.0,4,True,7,0.9836891346474266,0.8917475081082319,5.385245523192861e-05,,,,,,0.0,2.220446049250313e-16
How do within-family activation hyperparameters tune the welfare-convergence tradeoff?,hyperparameter_root_power,a,0.5,brd,root_power,a,0.5,0.5,3,3,3,1.0,3,True,6,0.9946831597222222,0.9245003048938528,4.694036903396537e-05,,,,,,0.0,2.220446049250313e-16
How do within-family activation hyperparameters tune the welfare-convergence tradeoff?,hyperparameter_root_power,a,0.5,brd,root_power,a,0.5,0.5,3,3,3,1.0,6,True,6,0.9904216755860903,0.8361096242014243,6.189784505111762e-05,,,,,,2.220446049250313e-16,2.220446049250313e-16
How do within-family activation hyperparameters tune the welfare-convergence tradeoff?,hyperparameter_root_power,a,0.5,brd,root_power,a,0.5,0.5,3,3,3,1.0,5,True,5,0.9803059895833334,0.8616593925658188,5.679029313498951e-05,,,,,,2.220446049250313e-16,1.1102230246251565e-16
How do within-family activation hyperparameters tune the welfare-convergence tradeoff?,hyperparameter_root_power,a,0.5,brd,root_power,a,0.5,0.5,3,3,3,1.0,2,True,7,0.9828159726691723,0.8884776612468,5.95101320792768e-05,,,,,,2.220446049250313e-16,1.1102230246251565e-16
How do within-family activation hyperparameters tune the welfare-convergence tradeoff?,hyperparameter_root_power,a,0.5,brd,root_power,a,0.5,0.5,3,3,3,1.0,7,True,6,0.9910695308994927,0.9066668718743013,2.007414235088989e-05,,,,,,2.220446049250313e-16,2.220446049250313e-16
How do within-family activation hyperparameters tune the welfare-convergence tradeoff?,hyperparameter_root_power,a,0.5,brd,root_power,a,0.5,0.5,3,3,3,1.0,8,True,6,0.9813846707353466,0.8914993282631952,8.28504016792686e-05,,,,,,2.220446049250313e-16,2.220446049250313e-16
How do within-family activation hyperparameters tune the welfare-convergence tradeoff?,hyperparameter_root_power,a,0.5,brd,root_power,a,0.5,0.5,3,3,3,1.0,13,True,6,0.9873704560640844,0.8589751302446832,7.00662912163641e-05,,,,,,1.1102230246251565e-16,2.220446049250313e-16
How do within-family activation hyperparameters tune the welfare-convergence tradeoff?,hyperparameter_root_power,a,0.5,brd,root_power,a,0.5,0.5,3,3,3,1.0,10,True,6,0.9871710635546451,0.8866217985614783,7.151591453863348e-05,,,,,,2.220446049250313e-16,1.1102230246251565e-16
How do within-family activation hyperparameters tune the welfare-convergence tradeoff?,hyperparameter_root_power,a,0.5,brd,root_power,a,0.5,0.5,3,3,3,1.0,14,True,5,0.9955647786458334,0.9360886974577114,6.348295503599832e-05,,,,,,1.1102230246251565e-16,1.1102230246251565e-16
How do within-family activation hyperparameters tune the welfare-convergence tradeoff?,hyperparameter_root_power,a,0.5,brd,root_power,a,0.5,0.5,3,3,3,1.0,9,True,7,0.984552850941704,0.8357746220511281,7.114725337931116e-05,,,,,,1.1102230246251565e-16,2.220446049250313e-16
How do within-family activation hyperparameters tune the welfare-convergence tradeoff?,hyperparameter_root_power,a,0.5,brd,root_power,a,0.5,0.5,3,3,3,1.0,12,True,7,0.9860787804935837,0.8791379027683576,3.227212263140489e-05,,,,,,2.220446049250313e-16,2.220446049250313e-16
How do within-family activation hyperparameters tune the welfare-convergence tradeoff?,hyperparameter_root_power,a,0.5,brd,root_power,a,0.5,0.5,3,3,3,1.0,11,True,9,0.9767629434991016,0.8612192517386671,2.2750251974901214e-05,,,,,,2.220446049250313e-16,0.0
How do within-family activation hyperparameters tune the welfare-convergence tradeoff?,hyperparameter_root_power,a,0.5,brd,root_power,a,0.5,0.5,3,3,3,1.0,15,True,6,0.989222755483533,0.8871124262066005,3.48500160373133e-05,,,,,,2.220446049250313e-16,1.1102230246251565e-16
How do within-family activation hyperparameters tune the welfare-convergence tradeoff?,hyperparameter_root_power,a,0.5,brd,root_power,a,0.5,0.5,3,3,3,1.0,20,True,4,0.9894748263888888,0.9037211375607611,3.938383695423209e-05,,,,,,1.1102230246251565e-16,0.0
How do within-family activation hyperparameters tune the welfare-convergence tradeoff?,hyperparameter_root_power,a,0.5,brd,root_power,a,0.5,0.5,3,3,3,1.0,18,True,4,0.9926783831907081,0.8825066063324257,9.14238721367866e-05,,,,,,2.220446049250313e-16,2.220446049250313e-16
How do within-family activation hyperparameters tune the welfare-convergence tradeoff?,hyperparameter_root_power,a,0.5,brd,root_power,a,0.5,0.5,3,3,3,1.0,19,True,5,0.9906436716513284,0.9230725295314027,8.596509203268043e-05,,,,,,1.1102230246251565e-16,1.1102230246251565e-16
How do within-family activation hyperparameters tune the welfare-convergence tradeoff?,hyperparameter_root_power,a,0.5,brd,root_power,a,0.5,0.5,3,3,3,1.0,17,True,6,0.9835673912916627,0.8879402529388791,6.407742458869325e-05,,,,,,1.1102230246251565e-16,2.220446049250313e-16
How do within-family activation hyperparameters tune the welfare-convergence tradeoff?,hyperparameter_root_power,a,0.5,brd,root_power,a,0.5,0.5,3,3,3,1.0,16,True,8,0.98477693445122,0.8343838320950283,4.305797672954359e-05,,,,,,1.1102230246251565e-16,0.0
How do within-family activation hyperparameters tune the welfare-convergence tradeoff?,hyperparameter_root_power,a,0.5,brd,root_power,a,0.5,0.5,3,3,3,1.0,21,True,6,0.9854042188991144,0.8889838934235623,4.911941063640013e-05,,,,,,2.220446049250313e-16,0.0
How do within-family activation hyperparameters tune the welfare-convergence tradeoff?,hyperparameter_root_power,a,0.5,brd,root_power,a,0.5,0.5,3,3,3,1.0,22,True,6,0.9870020943889618,0.9253040638305542,1.7393374303786846e-05,,,,,,1.1102230246251565e-16,2.220446049250313e-16
How do within-family activation hyperparameters tune the welfare-convergence tradeoff?,hyperparameter_root_power,a,0.5,brd,root_power,a,0.5,0.5,3,3,3,1.0,26,True,5,0.9937389278397496,0.8989416409003761,9.658553495522915e-05,,,,,,0.0,2.220446049250313e-16
How do within-family activation hyperparameters tune the welfare-convergence tradeoff?,hyperparameter_root_power,a,0.5,brd,root_power,a,0.5,0.5,3,3,3,1.0,24,True,5,0.9934895833333334,0.9175989675502129,9.643796426406226e-05,,,,,,2.220446049250313e-16,2.220446049250313e-16
How do within-family activation hyperparameters tune the welfare-convergence tradeoff?,hyperparameter_root_power,a,0.5,brd,root_power,a,0.5,0.5,3,3,3,1.0,23,True,6,0.9931963931175274,0.937729277241138,5.547906097841393e-05,,,,,,0.0,0.0
How do within-family activation hyperparameters tune the welfare-convergence tradeoff?,hyperparameter_root_power,a,0.5,brd,root_power,a,0.5,0.5,3,3,3,1.0,25,True,7,0.9741799203571384,0.8349092688795077,9.671671144112493e-05,,,,,,2.220446049250313e-16,1.1102230246251565e-16
How do within-family activation hyperparameters tune the welfare-convergence tradeoff?,hyperparameter_root_power,a,0.5,brd,root_power,a,0.5,0.5,3,3,3,1.0,27,True,8,0.9823087056700832,0.8829500977765804,3.560287569259746e-05,,,,,,0.0,2.220446049250313e-16
How do within-family activation hyperparameters tune the welfare-convergence tradeoff?,hyperparameter_root_power,a,0.5,brd,root_power,a,0.5,0.5,3,3,3,1.0,29,True,7,0.9801782641863315,0.8599578002581035,9.439981489151039e-05,,,,,,1.1102230246251565e-16,2.220446049250313e-16
How do within-family activation hyperparameters tune the welfare-convergence tradeoff?,hyperparameter_root_power,a,0.5,brd,root_power,a,0.5,0.5,3,3,3,1.0,30,True,6,0.987855012670326,0.9172760654811595,6.521923399221974e-05,,,,,,1.1102230246251565e-16,1.1102230246251565e-16
How do within-family activation hyperparameters tune the welfare-convergence tradeoff?,hyperparameter_root_power,a,0.5,brd,root_power,a,0.5,0.5,3,3,3,1.0,28,True,7,0.9790688646520374,0.8641556153583969,7.745557071942022e-05,,,,,,0.0,1.1102230246251565e-16
How do within-family activation hyperparameters tune the welfare-convergence tradeoff?,hyperparameter_root_power,a,0.5,brd,root_power,a,0.5,0.5,3,3,3,1.0,31,True,7,0.9880777994791666,0.8778037687722374,8.447993671756304e-05,,,,,,0.0,2.220446049250313e-16
How do within-family activation hyperparameters tune the welfare-convergence tradeoff?,hyperparameter_root_power,a,0.5,brd,root_power,a,0.5,0.5,3,3,3,1.0,32,True,6,0.9883949300778194,0.9086673567762068,8.683881782939329e-05,,,,,,1.1102230246251565e-16,2.220446049250313e-16
How do within-family activation hyperparameters tune the welfare-convergence tradeoff?,hyperparameter_root_power,a,0.5,brd,root_power,a,0.5,0.5,3,3,3,1.0,33,True,7,0.9881898590033603,0.8922434406419737,3.395469966904763e-05,,,,,,2.220446049250313e-16,2.220446049250313e-16
How do within-family activation hyperparameters tune the welfare-convergence tradeoff?,hyperparameter_root_power,a,0.5,brd,root_power,a,0.5,0.5,3,3,3,1.0,34,True,6,0.9848170988486736,0.8614360827357564,2.6682288215673644e-05,,,,,,2.220446049250313e-16,2.220446049250313e-16
How do within-family activation hyperparameters tune the welfare-convergence tradeoff?,hyperparameter_root_power,a,0.5,brd,root_power,a,0.5,0.5,3,3,3,1.0,37,True,7,0.9750869089466504,0.8430003036300993,9.183872481699495e-05,,,,,,2.220446049250313e-16,0.0
How do within-family activation hyperparameters tune the welfare-convergence tradeoff?,hyperparameter_root_power,a,0.5,brd,root_power,a,0.5,0.5,3,3,3,1.0,36,True,5,0.994140625,0.9125036523157347,9.585953071028497e-05,,,,,,0.0,1.1102230246251565e-16
How do within-family activation hyperparameters tune the welfare-convergence tradeoff?,hyperparameter_root_power,a,0.5,brd,root_power,a,0.5,0.5,3,3,3,1.0,38,True,7,0.9930516603315036,0.9313067613810463,8.817436230545983e-05,,,,,,1.1102230246251565e-16,1.1102230246251565e-16
How do within-family activation hyperparameters tune the welfare-convergence tradeoff?,hyperparameter_root_power,a,0.5,brd,root_power,a,0.5,0.5,3,3,3,1.0,35,True,6,0.9826572113461749,0.8078730657997027,8.976706347246788e-05,,,,,,2.220446049250313e-16,0.0
How do within-family activation hyperparameters tune the welfare-convergence tradeoff?,hyperparameter_root_power,a,0.5,brd,root_power,a,0.5,0.5,3,3,3,1.0,39,True,3,0.994140625,0.9064878387297952,6.383318509967095e-05,,,,,,1.1102230246251565e-16,0.0
How do within-family activation hyperparameters tune the welfare-convergence tradeoff?,hyperparameter_root_power,a,0.5,brd,root_power,a,0.5,0.5,3,3,3,1.0,41,True,4,0.9952799479166666,0.9051463294455889,3.150300833593134e-05,,,,,,2.220446049250313e-16,1.1102230246251565e-16
How do within-family activation hyperparameters tune the welfare-convergence tradeoff?,hyperparameter_root_power,a,0.5,brd,root_power,a,0.5,0.5,3,3,3,1.0,45,True,4,0.9964192708333334,0.9666807398483854,9.082275336619317e-05,,,,,,1.1102230246251565e-16,1.1102230246251565e-16
How do within-family activation hyperparameters tune the welfare-convergence tradeoff?,hyperparameter_root_power,a,0.5,brd,root_power,a,0.5,0.5,3,3,3,1.0,42,True,6,0.9853204007075849,0.8798289811840013,6.51201503633625e-05,,,,,,1.1102230246251565e-16,2.220446049250313e-16
How do within-family activation hyperparameters tune the welfare-convergence tradeoff?,hyperparameter_root_power,a,0.5,brd,root_power,a,0.5,0.5,3,3,3,1.0,40,True,6,0.9768776130705007,0.8475654500903764,9.661762124069107e-05,,,,,,1.1102230246251565e-16,1.1102230246251565e-16
How do within-family activation hyperparameters tune the welfare-convergence tradeoff?,hyperparameter_root_power,a,0.5,brd,root_power,a,0.5,0.5,3,3,3,1.0,44,True,7,0.9780731056962821,0.8301485939986551,9.780638834044897e-05,,,,,,1.1102230246251565e-16,2.220446049250313e-16
How do within-family activation hyperparameters tune the welfare-convergence tradeoff?,hyperparameter_root_power,a,0.5,brd,root_power,a,0.5,0.5,3,3,3,1.0,43,True,7,0.9746896171312625,0.8233472195727521,8.026412685174789e-05,,,,,,2.220446049250313e-16,2.220446049250313e-16
How do within-family activation hyperparameters tune the welfare-convergence tradeoff?,hyperparameter_root_power,a,0.5,brd,root_power,a,0.5,0.5,3,3,3,1.0,46,True,7,0.9887981576005013,0.8841200196157488,5.352318991092009e-05,,,,,,0.0,0.0
How do within-family activation hyperparameters tune the welfare-convergence tradeoff?,hyperparameter_root_power,a,0.5,brd,root_power,a,0.5,0.5,3,3,3,1.0,47,True,6,0.9925891971602504,0.9325170225212952,2.1017864415218135e-05,,,,,,2.220446049250313e-16,0.0
How do within-family activation hyperparameters tune the welfare-convergence tradeoff?,hyperparameter_root_power,a,0.5,brd,root_power,a,0.5,0.5,3,3,3,1.0,48,True,6,0.9905325839529431,0.9024366196154187,5.9671642507697076e-05,,,,,,1.1102230246251565e-16,1.1102230246251565e-16
How do within-family activation hyperparameters tune the welfare-convergence tradeoff?,hyperparameter_root_power,a,0.5,brd,root_power,a,0.5,0.5,3,3,3,1.0,51,True,6,0.9917792903009689,0.8858105006229824,5.3365250481884896e-05,,,,,,1.1102230246251565e-16,0.0
How do within-family activation hyperparameters tune the welfare-convergence tradeoff?,hyperparameter_root_power,a,0.5,brd,root_power,a,0.5,0.5,3,3,3,1.0,49,True,6,0.9910481770833334,0.8578117455268455,8.39530305741798e-05,,,,,,1.1102230246251565e-16,2.220446049250313e-16
How do within-family activation hyperparameters tune the welfare-convergence tradeoff?,hyperparameter_root_power,a,0.5,brd,root_power,a,0.5,0.5,3,3,3,1.0,50,True,7,0.9911483245411385,0.8538828074044958,4.5894290651160574e-07,,,,,,1.1102230246251565e-16,1.1102230246251565e-16
How do within-family activation hyperparameters tune the welfare-convergence tradeoff?,hyperparameter_root_power,a,0.5,brd,root_power,a,0.5,0.5,3,3,3,1.0,52,True,5,0.992518513130493,0.8464605741739719,9.626266919243731e-05,,,,,,2.220446049250313e-16,1.1102230246251565e-16
How do within-family activation hyperparameters tune the welfare-convergence tradeoff?,hyperparameter_root_power,a,0.5,brd,root_power,a,0.5,0.5,3,3,3,1.0,53,True,7,0.9844713998589567,0.8880350003559143,5.406755634279614e-05,,,,,,1.1102230246251565e-16,1.1102230246251565e-16
How do within-family activation hyperparameters tune the welfare-convergence tradeoff?,hyperparameter_root_power,a,0.5,brd,root_power,a,0.5,0.5,3,3,3,1.0,54,True,7,0.9866209293413449,0.8748465235441344,4.727429853318421e-05,,,,,,1.1102230246251565e-16,2.220446049250313e-16
How do within-family activation hyperparameters tune the welfare-convergence tradeoff?,hyperparameter_root_power,a,0.5,brd,root_power,a,0.5,0.5,3,3,3,1.0,55,True,6,0.9885680982573187,0.8735028243559985,9.634825828058746e-05,,,,,,0.0,1.1102230246251565e-16
How do within-family activation hyperparameters tune the welfare-convergence tradeoff?,hyperparameter_root_power,a,0.5,brd,root_power,a,0.5,0.5,3,3,3,1.0,56,True,5,0.9939371744791666,0.9066949828982551,6.0038988336952315e-05,,,,,,1.1102230246251565e-16,0.0
How do within-family activation hyperparameters tune the welfare-convergence tradeoff?,hyperparameter_root_power,a,0.5,brd,root_power,a,0.5,0.5,3,3,3,1.0,57,True,5,0.9936768839194237,0.8926755365870003,7.43226715697598e-05,,,,,,2.220446049250313e-16,2.220446049250313e-16
How do within-family activation hyperparameters tune the welfare-convergence tradeoff?,hyperparameter_root_power,a,0.5,brd,root_power,a,0.5,0.5,3,3,3,1.0,59,True,6,0.9830609118307263,0.8435770324107249,6.823957287260818e-05,,,,,,0.0,2.220446049250313e-16
How do within-family activation hyperparameters tune the welfare-convergence tradeoff?,hyperparameter_root_power,a,0.5,brd,root_power,a,0.5,0.5,3,3,3,1.0,60,True,7,0.985386619516467,0.9026511569183394,8.206129564736209e-05,,,,,,1.1102230246251565e-16,1.1102230246251565e-16
How do within-family activation hyperparameters tune the welfare-convergence tradeoff?,hyperparameter_root_power,a,0.5,brd,root_power,a,0.5,0.5,3,3,3,1.0,58,True,7,0.983650508405356,0.8612999197556886,4.2203994871314876e-05,,,,,,2.220446049250313e-16,2.220446049250313e-16
How do within-family activation hyperparameters tune the welfare-convergence tradeoff?,hyperparameter_root_power,a,0.5,brd,root_power,a,0.5,0.5,3,3,3,1.0,61,True,6,0.9892786280256652,0.9020230430536423,6.651098503179798e-05,,,,,,1.1102230246251565e-16,2.220446049250313e-16
How do within-family activation hyperparameters tune the welfare-convergence tradeoff?,hyperparameter_root_power,a,0.5,brd,root_power,a,0.5,0.5,3,3,3,1.0,63,True,5,0.9951385413161593,0.9211846799346373,2.3647333641130253e-05,,,,,,0.0,1.1102230246251565e-16
How do within-family activation hyperparameters tune the welfare-convergence tradeoff?,hyperparameter_root_power,a,0.5,brd,root_power,a,0.5,0.5,3,3,3,1.0,65,True,6,0.9863735677824974,0.8609300469310762,8.691458880533132e-05,,,,,,1.1102230246251565e-16,1.1102230246251565e-16
How do within-family activation hyperparameters tune the welfare-convergence tradeoff?,hyperparameter_root_power,a,0.5,brd,root_power,a,0.5,0.5,3,3,3,1.0,62,True,8,0.9801197516123986,0.8806836390522529,8.171127643347154e-05,,,,,,2.220446049250313e-16,1.1102230246251565e-16
How do within-family activation hyperparameters tune the welfare-convergence tradeoff?,hyperparameter_root_power,a,0.5,brd,root_power,a,0.5,0.5,3,3,3,1.0,64,True,7,0.9734059906348553,0.8108719260945518,7.659339164867163e-05,,,,,,1.1102230246251565e-16,1.1102230246251565e-16
How do within-family activation hyperparameters tune the welfare-convergence tradeoff?,hyperparameter_root_power,a,0.5,brd,root_power,a,0.5,0.5,3,3,3,1.0,66,True,7,0.9913996056611797,0.8861718904064153,6.1023297203144367e-05,,,,,,0.0,0.0
How do within-family activation hyperparameters tune the welfare-convergence tradeoff?,hyperparameter_root_power,a,0.5,brd,root_power,a,0.5,0.5,3,3,3,1.0,67,True,6,0.9897054036458334,0.8618741929655811,6.362150887623264e-05,,,,,,2.220446049250313e-16,1.1102230246251565e-16
How do within-family activation hyperparameters tune the welfare-convergence tradeoff?,hyperparameter_root_power,a,0.5,brd,root_power,a,0.5,0.5,3,3,3,1.0,68,True,7,0.9910481770833334,0.8799041665241978,3.4189417240815256e-05,,,,,,0.0,2.220446049250313e-16
How do within-family activation hyperparameters tune the welfare-convergence tradeoff?,hyperparameter_root_power,a,0.5,brd,root_power,a,0.5,0.5,3,3,3,1.0,69,True,7,0.9888858985586743,0.9058307884483522,2.9867359364887935e-05,,,,,,1.1102230246251565e-16,2.220446049250313e-16
How do within-family activation hyperparameters tune the welfare-convergence tradeoff?,hyperparameter_root_power,a,0.5,brd,root_power,a,0.5,0.5,3,3,3,1.0,71,True,6,0.9847140842013888,0.897844209217929,5.419357833441607e-05,,,,,,0.0,2.220446049250313e-16
How do within-family activation hyperparameters tune the welfare-convergence tradeoff?,hyperparameter_root_power,a,0.5,brd,root_power,a,0.5,0.5,3,3,3,1.0,72,True,7,0.9836019189807566,0.8893631245976427,5.6817543960252515e-05,,,,,,0.0,0.0
How do within-family activation hyperparameters tune the welfare-convergence tradeoff?,hyperparameter_root_power,a,0.5,brd,root_power,a,0.5,0.5,3,3,3,1.0,70,True,7,0.9828184068198267,0.8845660725921528,9.517229373656733e-05,,,,,,2.220446049250313e-16,2.220446049250313e-16
How do within-family activation hyperparameters tune the welfare-convergence tradeoff?,hyperparameter_root_power,a,0.5,brd,root_power,a,0.5,0.5,3,3,3,1.0,73,True,6,0.9854193793402778,0.8777398410425311,2.321272257371776e-05,,,,,,2.220446049250313e-16,2.220446049250313e-16
How do within-family activation hyperparameters tune the welfare-convergence tradeoff?,hyperparameter_root_power,a,0.5,brd,root_power,a,0.5,0.5,3,3,3,1.0,74,True,6,0.99213164945467,0.8875479960412346,4.339336019887341e-05,,,,,,1.1102230246251565e-16,1.1102230246251565e-16
How do within-family activation hyperparameters tune the welfare-convergence tradeoff?,hyperparameter_root_power,a,0.5,brd,root_power,a,0.5,0.5,3,3,3,1.0,75,True,6,0.9843718058537844,0.8498859546230761,2.7813593579728568e-05,,,,,,1.1102230246251565e-16,1.1102230246251565e-16
How do within-family activation hyperparameters tune the welfare-convergence tradeoff?,hyperparameter_root_power,a,0.5,brd,root_power,a,0.5,0.5,3,3,3,1.0,77,True,6,0.9934554646856724,0.8786317859485687,4.0316300106424396e-05,,,,,,1.1102230246251565e-16,2.220446049250313e-16
How do within-family activation hyperparameters tune the welfare-convergence tradeoff?,hyperparameter_root_power,a,0.5,brd,root_power,a,0.5,0.5,3,3,3,1.0,78,True,5,0.9920247395833334,0.9068187615832449,5.43737524233423e-05,,,,,,1.1102230246251565e-16,2.220446049250313e-16
How do within-family activation hyperparameters tune the welfare-convergence tradeoff?,hyperparameter_root_power,a,0.5,brd,root_power,a,0.5,0.5,3,3,3,1.0,76,True,8,0.9719022360595831,0.8558447203836627,4.178796025505749e-05,,,,,,1.1102230246251565e-16,0.0
How do within-family activation hyperparameters tune the welfare-convergence tradeoff?,hyperparameter_root_power,a,0.5,brd,root_power,a,0.5,0.5,3,3,3,1.0,80,True,5,0.9874778556794993,0.9091506353400615,7.729376545695388e-05,,,,,,2.220446049250313e-16,0.0
How do within-family activation hyperparameters tune the welfare-convergence tradeoff?,hyperparameter_root_power,a,0.5,brd,root_power,a,0.5,0.5,3,3,3,1.0,82,True,8,0.9777288098205257,0.8336164543124674,9.845236927996659e-05,,,,,,2.220446049250313e-16,2.220446049250313e-16
How do within-family activation hyperparameters tune the welfare-convergence tradeoff?,hyperparameter_root_power,a,0.5,brd,root_power,a,0.5,0.5,3,3,3,1.0,81,True,6,0.9804343940613692,0.8629341401365734,7.359385036292965e-05,,,,,,2.220446049250313e-16,2.220446049250313e-16
How do within-family activation hyperparameters tune the welfare-convergence tradeoff?,hyperparameter_root_power,a,0.5,brd,root_power,a,0.5,0.5,3,3,3,1.0,79,True,9,0.9775958715789864,0.8272366512990171,7.218956954047062e-06,,,,,,2.220446049250313e-16,1.1102230246251565e-16
How do within-family activation hyperparameters tune the welfare-convergence tradeoff?,hyperparameter_root_power,a,0.5,brd,root_power,a,0.5,0.5,3,3,3,1.0,83,True,6,0.9923502604166666,0.938859185902841,5.266877616377785e-05,,,,,,2.220446049250313e-16,2.220446049250313e-16
How do within-family activation hyperparameters tune the welfare-convergence tradeoff?,hyperparameter_root_power,a,0.5,brd,root_power,a,0.5,0.5,3,3,3,1.0,84,True,5,0.9926247219239934,0.9471769252093356,7.938583236538621e-05,,,,,,0.0,1.1102230246251565e-16
How do within-family activation hyperparameters tune the welfare-convergence tradeoff?,hyperparameter_root_power,a,0.5,brd,root_power,a,0.5,0.5,3,3,3,1.0,86,True,5,0.993804356863317,0.9003338216225766,7.194209952032793e-05,,,,,,2.220446049250313e-16,1.1102230246251565e-16
How do within-family activation hyperparameters tune the welfare-convergence tradeoff?,hyperparameter_root_power,a,0.5,brd,root_power,a,0.5,0.5,3,3,3,1.0,88,True,5,0.9915364583333334,0.8954844937591778,9.756854143527782e-05,,,,,,0.0,0.0
How do within-family activation hyperparameters tune the welfare-convergence tradeoff?,hyperparameter_root_power,a,0.5,brd,root_power,a,0.5,0.5,3,3,3,1.0,90,True,5,0.9935438368055556,0.8867774646259986,5.2075396436923604e-05,,,,,,1.1102230246251565e-16,1.1102230246251565e-16
How do within-family activation hyperparameters tune the welfare-convergence tradeoff?,hyperparameter_root_power,a,0.5,brd,root_power,a,0.5,0.5,3,3,3,1.0,85,True,5,0.9947358161213367,0.8715333815363216,6.816399039510923e-05,,,,,,2.220446049250313e-16,2.220446049250313e-16
How do within-family activation hyperparameters tune the welfare-convergence tradeoff?,hyperparameter_root_power,a,0.5,brd,root_power,a,0.5,0.5,3,3,3,1.0,87,True,5,0.9948578864338367,0.8715272382871312,3.42642784014191e-05,,,,,,2.220446049250313e-16,1.1102230246251565e-16
How do within-family activation hyperparameters tune the welfare-convergence tradeoff?,hyperparameter_root_power,a,0.5,brd,root_power,a,0.5,0.5,3,3,3,1.0,89,True,7,0.9919716351865832,0.8843076220495673,7.455853429250148e-05,,,,,,1.1102230246251565e-16,1.1102230246251565e-16
How do within-family activation hyperparameters tune the welfare-convergence tradeoff?,hyperparameter_root_power,a,0.5,brd,root_power,a,0.5,0.5,3,3,3,1.0,91,True,6,0.9895729255705007,0.8611197553055637,7.862532528601918e-05,,,,,,2.220446049250313e-16,1.1102230246251565e-16
How do within-family activation hyperparameters tune the welfare-convergence tradeoff?,hyperparameter_root_power,a,0.5,brd,root_power,a,0.5,0.5,3,3,3,1.0,92,True,7,0.9892396374560356,0.9039292021142745,4.8477357646792285e-05,,,,,,1.1102230246251565e-16,2.220446049250313e-16
How do within-family activation hyperparameters tune the welfare-convergence tradeoff?,hyperparameter_root_power,a,0.5,brd,root_power,a,0.5,0.5,3,3,3,1.0,95,True,5,0.993672669531587,0.931605918773672,7.177639170569128e-05,,,,,,1.1102230246251565e-16,2.220446049250313e-16
How do within-family activation hyperparameters tune the welfare-convergence tradeoff?,hyperparameter_root_power,a,0.5,brd,root_power,a,0.5,0.5,3,3,3,1.0,96,True,6,0.9919448967203479,0.8887350838033496,8.368728860630448e-05,,,,,,0.0,1.1102230246251565e-16
How do within-family activation hyperparameters tune the welfare-convergence tradeoff?,hyperparameter_root_power,a,0.5,brd,root_power,a,0.5,0.5,3,3,3,1.0,93,True,9,0.9846035163969701,0.8023782491888625,3.4336856001182525e-05,,,,,,1.1102230246251565e-16,1.1102230246251565e-16
How do within-family activation hyperparameters tune the welfare-convergence tradeoff?,hyperparameter_root_power,a,0.5,brd,root_power,a,0.5,0.5,3,3,3,1.0,97,True,7,0.981844305258113,0.8367046977365451,7.857768854230285e-05,,,,,,2.220446049250313e-16,1.1102230246251565e-16
How do within-family activation hyperparameters tune the welfare-convergence tradeoff?,hyperparameter_root_power,a,0.5,brd,root_power,a,0.5,0.5,3,3,3,1.0,94,True,7,0.9847876122536539,0.8652148594087951,7.675313030441888e-05,,,,,,0.0,2.220446049250313e-16
How do within-family activation hyperparameters tune the welfare-convergence tradeoff?,hyperparameter_root_power,a,0.5,brd,root_power,a,0.5,0.5,3,3,3,1.0,98,True,6,0.9900053562751707,0.8966351807055165,1.5727454640734884e-05,,,,,,2.220446049250313e-16,1.1102230246251565e-16
How do within-family activation hyperparameters tune the welfare-convergence tradeoff?,hyperparameter_root_power,a,0.5,brd,root_power,a,0.5,0.5,3,3,3,1.0,99,True,4,0.994140625,0.935910530793595,9.987742775185993e-05,,,,,,1.1102230246251565e-16,2.220446049250313e-16
How do within-family activation hyperparameters tune the welfare-convergence tradeoff?,hyperparameter_root_power,a,0.6,brd,root_power,a,0.6,0.5,3,3,3,1.0,0,True,5,0.9895262010881456,0.8264488663286024,8.521829472446507e-05,,,,,,1.1102230246251565e-16,2.220446049250313e-16
How do within-family activation hyperparameters tune the welfare-convergence tradeoff?,hyperparameter_root_power,a,0.6,brd,root_power,a,0.6,0.5,3,3,3,1.0,1,True,6,0.9898035413684378,0.8817653739011302,7.852033180449913e-05,,,,,,1.1102230246251565e-16,2.220446049250313e-16
How do within-family activation hyperparameters tune the welfare-convergence tradeoff?,hyperparameter_root_power,a,0.6,brd,root_power,a,0.6,0.5,3,3,3,1.0,3,True,5,0.9958224826388888,0.9217653185651175,9.356893491863083e-05,,,,,,0.0,2.220446049250313e-16
How do within-family activation hyperparameters tune the welfare-convergence tradeoff?,hyperparameter_root_power,a,0.6,brd,root_power,a,0.6,0.5,3,3,3,1.0,2,True,7,0.9873018792282454,0.8791896553286088,2.183507907355109e-05,,,,,,2.220446049250313e-16,2.220446049250313e-16
How do within-family activation hyperparameters tune the welfare-convergence tradeoff?,hyperparameter_root_power,a,0.6,brd,root_power,a,0.6,0.5,3,3,3,1.0,4,True,6,0.9882844441462156,0.8818775817360643,9.127722751967049e-05,,,,,,2.220446049250313e-16,1.1102230246251565e-16
How do within-family activation hyperparameters tune the welfare-convergence tradeoff?,hyperparameter_root_power,a,0.6,brd,root_power,a,0.6,0.5,3,3,3,1.0,7,True,6,0.9939481512805347,0.90052290672627,1.2443323155475472e-05,,,,,,0.0,2.220446049250313e-16
How do within-family activation hyperparameters tune the welfare-convergence tradeoff?,hyperparameter_root_power,a,0.6,brd,root_power,a,0.6,0.5,3,3,3,1.0,6,True,6,0.9937837900002255,0.8298326973704215,2.653820645814875e-05,,,,,,0.0,2.220446049250313e-16
How do within-family activation hyperparameters tune the welfare-convergence tradeoff?,hyperparameter_root_power,a,0.6,brd,root_power,a,0.6,0.5,3,3,3,1.0,5,True,7,0.9853882175478627,0.8523916886616744,3.0491782657349198e-05,,,,,,1.1102230246251565e-16,2.220446049250313e-16
How do within-family activation hyperparameters tune the welfare-convergence tradeoff?,hyperparameter_root_power,a,0.6,brd,root_power,a,0.6,0.5,3,3,3,1.0,8,True,6,0.988330907170334,0.8776679699049065,5.765242130523207e-05,,,,,,1.1102230246251565e-16,1.1102230246251565e-16
How do within-family activation hyperparameters tune the welfare-convergence tradeoff?,hyperparameter_root_power,a,0.6,brd,root_power,a,0.6,0.5,3,3,3,1.0,9,True,6,0.9876510238589986,0.82985289884629,9.215449507304907e-05,,,,,,1.1102230246251565e-16,2.220446049250313e-16
How do within-family activation hyperparameters tune the welfare-convergence tradeoff?,hyperparameter_root_power,a,0.6,brd,root_power,a,0.6,0.5,3,3,3,1.0,10,True,6,0.9892159226107978,0.8824137320169164,9.777211978317935e-05,,,,,,1.1102230246251565e-16,2.220446049250313e-16
How do within-family activation hyperparameters tune the welfare-convergence tradeoff?,hyperparameter_root_power,a,0.6,brd,root_power,a,0.6,0.5,3,3,3,1.0,11,True,7,0.9809528563614438,0.8526161234450044,8.05466309947156e-05,,,,,,1.1102230246251565e-16,1.1102230246251565e-16
How do within-family activation hyperparameters tune the welfare-convergence tradeoff?,hyperparameter_root_power,a,0.6,brd,root_power,a,0.6,0.5,3,3,3,1.0,13,True,6,0.9913872612847222,0.8510023931906119,2.535688039645434e-05,,,,,,1.1102230246251565e-16,1.1102230246251565e-16
How do within-family activation hyperparameters tune the welfare-convergence tradeoff?,hyperparameter_root_power,a,0.6,brd,root_power,a,0.6,0.5,3,3,3,1.0,14,True,5,0.996505854923083,0.9340802055214543,5.2837377995385015e-05,,,,,,1.1102230246251565e-16,0.0
How do within-family activation hyperparameters tune the welfare-convergence tradeoff?,hyperparameter_root_power,a,0.6,brd,root_power,a,0.6,0.5,3,3,3,1.0,12,True,7,0.9887191730018297,0.8736078588237005,5.001306867269406e-05,,,,,,1.1102230246251565e-16,2.220446049250313e-16
How do within-family activation hyperparameters tune the welfare-convergence tradeoff?,hyperparameter_root_power,a,0.6,brd,root_power,a,0.6,0.5,3,3,3,1.0,15,True,6,0.9922737880929369,0.8812772770188766,-9.6464562612808e-06,,,,,,0.0,0.0
How do within-family activation hyperparameters tune the welfare-convergence tradeoff?,hyperparameter_root_power,a,0.6,brd,root_power,a,0.6,0.5,3,3,3,1.0,18,True,4,0.993087886173083,0.881566982201495,8.82397401728019e-05,,,,,,0.0,2.220446049250313e-16
How do within-family activation hyperparameters tune the welfare-convergence tradeoff?,hyperparameter_root_power,a,0.6,brd,root_power,a,0.6,0.5,3,3,3,1.0,16,True,7,0.9887553834693883,0.8265119202297034,3.705800009634608e-05,,,,,,2.220446049250313e-16,2.220446049250313e-16
How do within-family activation hyperparameters tune the welfare-convergence tradeoff?,hyperparameter_root_power,a,0.6,brd,root_power,a,0.6,0.5,3,3,3,1.0,20,True,3,0.9925338363589986,0.897553369409667,9.30017040806641e-05,,,,,,1.1102230246251565e-16,2.220446049250313e-16
How do within-family activation hyperparameters tune the welfare-convergence tradeoff?,hyperparameter_root_power,a,0.6,brd,root_power,a,0.6,0.5,3,3,3,1.0,17,True,6,0.9878476214904992,0.8792155122276516,7.42336425608725e-05,,,,,,1.1102230246251565e-16,0.0
How do within-family activation hyperparameters tune the welfare-convergence tradeoff?,hyperparameter_root_power,a,0.6,brd,root_power,a,0.6,0.5,3,3,3,1.0,19,True,5,0.9933268229166666,0.917500656254691,5.869434600042078e-05,,,,,,0.0,1.1102230246251565e-16
How do within-family activation hyperparameters tune the welfare-convergence tradeoff?,hyperparameter_root_power,a,0.6,brd,root_power,a,0.6,0.5,3,3,3,1.0,22,True,5,0.9913736979166666,0.9163131969843613,4.786610286572346e-05,,,,,,2.220446049250313e-16,2.220446049250313e-16
How do within-family activation hyperparameters tune the welfare-convergence tradeoff?,hyperparameter_root_power,a,0.6,brd,root_power,a,0.6,0.5,3,3,3,1.0,21,True,5,0.9893065532983303,0.8804849162575921,9.15045556286187e-05,,,,,,2.220446049250313e-16,1.1102230246251565e-16
How do within-family activation hyperparameters tune the welfare-convergence tradeoff?,hyperparameter_root_power,a,0.6,brd,root_power,a,0.6,0.5,3,3,3,1.0,24,True,5,0.9961573678264618,0.9121145585467527,7.47663477009275e-05,,,,,,2.220446049250313e-16,1.1102230246251565e-16
How do within-family activation hyperparameters tune the welfare-convergence tradeoff?,hyperparameter_root_power,a,0.6,brd,root_power,a,0.6,0.5,3,3,3,1.0,23,True,6,0.9943065563959103,0.9351879567308828,6.993491647661054e-05,,,,,,1.1102230246251565e-16,1.1102230246251565e-16
How do within-family activation hyperparameters tune the welfare-convergence tradeoff?,hyperparameter_root_power,a,0.6,brd,root_power,a,0.6,0.5,3,3,3,1.0,26,True,6,0.9953308009116268,0.8957415959512165,4.039534875777129e-05,,,,,,1.1102230246251565e-16,1.1102230246251565e-16
How do within-family activation hyperparameters tune the welfare-convergence tradeoff?,hyperparameter_root_power,a,0.6,brd,root_power,a,0.6,0.5,3,3,3,1.0,29,True,5,0.9851022179935837,0.8501847295872315,8.989454931040974e-05,,,,,,0.0,2.220446049250313e-16
How do within-family activation hyperparameters tune the welfare-convergence tradeoff?,hyperparameter_root_power,a,0.6,brd,root_power,a,0.6,0.5,3,3,3,1.0,27,True,7,0.987229403207945,0.8730234387499275,3.719085675157885e-05,,,,,,1.1102230246251565e-16,0.0
How do within-family activation hyperparameters tune the welfare-convergence tradeoff?,hyperparameter_root_power,a,0.6,brd,root_power,a,0.6,0.5,3,3,3,1.0,25,True,8,0.9804918840533416,0.8229147498961146,6.898316297720974e-05,,,,,,1.1102230246251565e-16,1.1102230246251565e-16
How do within-family activation hyperparameters tune the welfare-convergence tradeoff?,hyperparameter_root_power,a,0.6,brd,root_power,a,0.6,0.5,3,3,3,1.0,30,True,6,0.9914602820064163,0.9094919414977696,5.515016697643649e-05,,,,,,2.220446049250313e-16,0.0
How do within-family activation hyperparameters tune the welfare-convergence tradeoff?,hyperparameter_root_power,a,0.6,brd,root_power,a,0.6,0.5,3,3,3,1.0,28,True,7,0.9840217911849714,0.8542011785692928,9.186961121326886e-05,,,,,,0.0,2.220446049250313e-16
How do within-family activation hyperparameters tune the welfare-convergence tradeoff?,hyperparameter_root_power,a,0.6,brd,root_power,a,0.6,0.5,3,3,3,1.0,31,True,6,0.99169921875,0.8698280058572824,6.284197176703588e-05,,,,,,1.1102230246251565e-16,0.0
How do within-family activation hyperparameters tune the welfare-convergence tradeoff?,hyperparameter_root_power,a,0.6,brd,root_power,a,0.6,0.5,3,3,3,1.0,33,True,6,0.9903364936520133,0.8873165717581014,8.390979470007665e-05,,,,,,2.220446049250313e-16,1.1102230246251565e-16
How do within-family activation hyperparameters tune the welfare-convergence tradeoff?,hyperparameter_root_power,a,0.6,brd,root_power,a,0.6,0.5,3,3,3,1.0,32,True,5,0.99267578125,0.8993996189939834,7.796945942839528e-05,,,,,,1.1102230246251565e-16,2.220446049250313e-16
How do within-family activation hyperparameters tune the welfare-convergence tradeoff?,hyperparameter_root_power,a,0.6,brd,root_power,a,0.6,0.5,3,3,3,1.0,35,True,5,0.9869176995778274,0.7986975440001537,9.532702289161143e-05,,,,,,2.220446049250313e-16,1.1102230246251565e-16
How do within-family activation hyperparameters tune the welfare-convergence tradeoff?,hyperparameter_root_power,a,0.6,brd,root_power,a,0.6,0.5,3,3,3,1.0,34,True,6,0.9900557771895935,0.8513815499074279,7.776444244422809e-05,,,,,,1.1102230246251565e-16,0.0
How do within-family activation hyperparameters tune the welfare-convergence tradeoff?,hyperparameter_root_power,a,0.6,brd,root_power,a,0.6,0.5,3,3,3,1.0,36,True,5,0.994140625,0.911903771736458,7.827245098646074e-05,,,,,,2.220446049250313e-16,0.0
How do within-family activation hyperparameters tune the welfare-convergence tradeoff?,hyperparameter_root_power,a,0.6,brd,root_power,a,0.6,0.5,3,3,3,1.0,37,True,7,0.9794697109807904,0.8341489774433306,8.814735846085497e-05,,,,,,1.1102230246251565e-16,0.0
How do within-family activation hyperparameters tune the welfare-convergence tradeoff?,hyperparameter_root_power,a,0.6,brd,root_power,a,0.6,0.5,3,3,3,1.0,38,True,6,0.9946675788260146,0.92771679572965,7.38985764558997e-05,,,,,,1.1102230246251565e-16,1.1102230246251565e-16
How do within-family activation hyperparameters tune the welfare-convergence tradeoff?,hyperparameter_root_power,a,0.6,brd,root_power,a,0.6,0.5,3,3,3,1.0,39,True,3,0.994140625,0.9061133216129943,7.698615963008804e-05,,,,,,0.0,1.1102230246251565e-16
How do within-family activation hyperparameters tune the welfare-convergence tradeoff?,hyperparameter_root_power,a,0.6,brd,root_power,a,0.6,0.5,3,3,3,1.0,41,True,4,0.99658203125,0.902598268324371,4.454744338305838e-05,,,,,,2.220446049250313e-16,0.0
How do within-family activation hyperparameters tune the welfare-convergence tradeoff?,hyperparameter_root_power,a,0.6,brd,root_power,a,0.6,0.5,3,3,3,1.0,40,True,5,0.9816288884423319,0.8385360912048222,9.060034362529112e-05,,,,,,1.1102230246251565e-16,1.1102230246251565e-16
How do within-family activation hyperparameters tune the welfare-convergence tradeoff?,hyperparameter_root_power,a,0.6,brd,root_power,a,0.6,0.5,3,3,3,1.0,42,True,6,0.989836402483508,0.8710792448411911,2.8790523907751275e-05,,,,,,1.1102230246251565e-16,2.220446049250313e-16
How do within-family activation hyperparameters tune the welfare-convergence tradeoff?,hyperparameter_root_power,a,0.6,brd,root_power,a,0.6,0.5,3,3,3,1.0,45,True,4,0.9971710289963407,0.9649841295725586,8.169864416818218e-05,,,,,,1.1102230246251565e-16,2.220446049250313e-16
How do within-family activation hyperparameters tune the welfare-convergence tradeoff?,hyperparameter_root_power,a,0.6,brd,root_power,a,0.6,0.5,3,3,3,1.0,43,True,6,0.9812903425314371,0.8102907206292459,7.479015892986052e-05,,,,,,1.1102230246251565e-16,0.0
How do within-family activation hyperparameters tune the welfare-convergence tradeoff?,hyperparameter_root_power,a,0.6,brd,root_power,a,0.6,0.5,3,3,3,1.0,44,True,8,0.9827672712218698,0.8205228440572552,2.855102313353841e-05,,,,,,2.220446049250313e-16,1.1102230246251565e-16
How do within-family activation hyperparameters tune the welfare-convergence tradeoff?,hyperparameter_root_power,a,0.6,brd,root_power,a,0.6,0.5,3,3,3,1.0,47,True,4,0.99560546875,0.9255659148207019,5.1199683427483045e-05,,,,,,1.1102230246251565e-16,0.0
How do within-family activation hyperparameters tune the welfare-convergence tradeoff?,hyperparameter_root_power,a,0.6,brd,root_power,a,0.6,0.5,3,3,3,1.0,46,True,6,0.9922378582481703,0.8773109700535512,4.8238876888095916e-05,,,,,,2.220446049250313e-16,2.220446049250313e-16
How do within-family activation hyperparameters tune the welfare-convergence tradeoff?,hyperparameter_root_power,a,0.6,brd,root_power,a,0.6,0.5,3,3,3,1.0,48,True,5,0.9926371086739854,0.8978092588717436,7.9944330474091e-05,,,,,,2.220446049250313e-16,0.0
How do within-family activation hyperparameters tune the welfare-convergence tradeoff?,hyperparameter_root_power,a,0.6,brd,root_power,a,0.6,0.5,3,3,3,1.0,51,True,6,0.9943673070328926,0.8803035516290558,1.6120576920464202e-05,,,,,,2.220446049250313e-16,1.1102230246251565e-16
How do within-family activation hyperparameters tune the welfare-convergence tradeoff?,hyperparameter_root_power,a,0.6,brd,root_power,a,0.6,0.5,3,3,3,1.0,49,True,5,0.9934768185018317,0.8525332249693477,5.80901852482163e-05,,,,,,2.220446049250313e-16,0.0
How do within-family activation hyperparameters tune the welfare-convergence tradeoff?,hyperparameter_root_power,a,0.6,brd,root_power,a,0.6,0.5,3,3,3,1.0,50,True,6,0.9940414824097952,0.8475783090604927,4.6127745048307744e-05,,,,,,2.220446049250313e-16,1.1102230246251565e-16
How do within-family activation hyperparameters tune the welfare-convergence tradeoff?,hyperparameter_root_power,a,0.6,brd,root_power,a,0.6,0.5,3,3,3,1.0,52,True,5,0.9931114061008856,0.8450156708073937,2.4937974188732337e-05,,,,,,0.0,1.1102230246251565e-16
How do within-family activation hyperparameters tune the welfare-convergence tradeoff?,hyperparameter_root_power,a,0.6,brd,root_power,a,0.6,0.5,3,3,3,1.0,53,True,7,0.9900736321114854,0.876399216125422,6.788138015667577e-05,,,,,,1.1102230246251565e-16,0.0
How do within-family activation hyperparameters tune the welfare-convergence tradeoff?,hyperparameter_root_power,a,0.6,brd,root_power,a,0.6,0.5,3,3,3,1.0,54,True,5,0.9911598781739933,0.8654341282353201,8.760387756373555e-05,,,,,,2.220446049250313e-16,1.1102230246251565e-16
How do within-family activation hyperparameters tune the welfare-convergence tradeoff?,hyperparameter_root_power,a,0.6,brd,root_power,a,0.6,0.5,3,3,3,1.0,55,True,6,0.9918619791666666,0.8665094921201512,9.054588317664036e-05,,,,,,0.0,2.220446049250313e-16
How do within-family activation hyperparameters tune the welfare-convergence tradeoff?,hyperparameter_root_power,a,0.6,brd,root_power,a,0.6,0.5,3,3,3,1.0,56,True,4,0.9948985765380033,0.9043002415287426,9.680466986844438e-05,,,,,,1.1102230246251565e-16,2.220446049250313e-16
How do within-family activation hyperparameters tune the welfare-convergence tradeoff?,hyperparameter_root_power,a,0.6,brd,root_power,a,0.6,0.5,3,3,3,1.0,57,True,6,0.9960713170244947,0.8877590098842644,4.3606694288766956e-05,,,,,,0.0,2.220446049250313e-16
How do within-family activation hyperparameters tune the welfare-convergence tradeoff?,hyperparameter_root_power,a,0.6,brd,root_power,a,0.6,0.5,3,3,3,1.0,59,True,6,0.9881377080358907,0.8342554010710307,3.9782209804828383e-05,,,,,,2.220446049250313e-16,1.1102230246251565e-16
How do within-family activation hyperparameters tune the welfare-convergence tradeoff?,hyperparameter_root_power,a,0.6,brd,root_power,a,0.6,0.5,3,3,3,1.0,60,True,6,0.99072265625,0.8913857989735513,8.083010049969586e-05,,,,,,1.1102230246251565e-16,2.220446049250313e-16
How do within-family activation hyperparameters tune the welfare-convergence tradeoff?,hyperparameter_root_power,a,0.6,brd,root_power,a,0.6,0.5,3,3,3,1.0,58,True,8,0.9889178244087242,0.8503436398301497,1.9030922426943597e-05,,,,,,1.1102230246251565e-16,1.1102230246251565e-16
How do within-family activation hyperparameters tune the welfare-convergence tradeoff?,hyperparameter_root_power,a,0.6,brd,root_power,a,0.6,0.5,3,3,3,1.0,63,True,4,0.9959309895833334,0.919347037667155,7.85188199710074e-05,,,,,,2.220446049250313e-16,2.220446049250313e-16
How do within-family activation hyperparameters tune the welfare-convergence tradeoff?,hyperparameter_root_power,a,0.6,brd,root_power,a,0.6,0.5,3,3,3,1.0,61,True,6,0.99115508695467,0.898002008093469,8.997247695619048e-05,,,,,,0.0,2.220446049250313e-16
How do within-family activation hyperparameters tune the welfare-convergence tradeoff?,hyperparameter_root_power,a,0.6,brd,root_power,a,0.6,0.5,3,3,3,1.0,64,True,6,0.9750122409853627,0.8072106044806536,7.882718297441693e-05,,,,,,1.1102230246251565e-16,2.220446049250313e-16
How do within-family activation hyperparameters tune the welfare-convergence tradeoff?,hyperparameter_root_power,a,0.6,brd,root_power,a,0.6,0.5,3,3,3,1.0,62,True,7,0.9853164833384779,0.8704405998181374,8.569236923811063e-05,,,,,,1.1102230246251565e-16,1.1102230246251565e-16
How do within-family activation hyperparameters tune the welfare-convergence tradeoff?,hyperparameter_root_power,a,0.6,brd,root_power,a,0.6,0.5,3,3,3,1.0,66,True,6,0.9932764646684963,0.8820000249770117,7.203498342245318e-05,,,,,,0.0,1.1102230246251565e-16
How do within-family activation hyperparameters tune the welfare-convergence tradeoff?,hyperparameter_root_power,a,0.6,brd,root_power,a,0.6,0.5,3,3,3,1.0,65,True,5,0.9911102210036593,0.8507928657935606,6.322747966885922e-05,,,,,,2.220446049250313e-16,1.1102230246251565e-16
How do within-family activation hyperparameters tune the welfare-convergence tradeoff?,hyperparameter_root_power,a,0.6,brd,root_power,a,0.6,0.5,3,3,3,1.0,67,True,5,0.9912109375,0.8585631027778411,3.2018255044341526e-05,,,,,,2.220446049250313e-16,2.220446049250313e-16
How do within-family activation hyperparameters tune the welfare-convergence tradeoff?,hyperparameter_root_power,a,0.6,brd,root_power,a,0.6,0.5,3,3,3,1.0,69,True,6,0.9920325300314371,0.8990564190490519,8.850798238091429e-06,,,,,,2.220446049250313e-16,1.1102230246251565e-16
How do within-family activation hyperparameters tune the welfare-convergence tradeoff?,hyperparameter_root_power,a,0.6,brd,root_power,a,0.6,0.5,3,3,3,1.0,71,True,5,0.9877387152777778,0.8911851076771026,6.778672077828451e-05,,,,,,1.1102230246251565e-16,1.1102230246251565e-16
How do within-family activation hyperparameters tune the welfare-convergence tradeoff?,hyperparameter_root_power,a,0.6,brd,root_power,a,0.6,0.5,3,3,3,1.0,70,True,6,0.986754362329674,0.8761425353281389,6.583583012664818e-05,,,,,,1.1102230246251565e-16,1.1102230246251565e-16
How do within-family activation hyperparameters tune the welfare-convergence tradeoff?,hyperparameter_root_power,a,0.6,brd,root_power,a,0.6,0.5,3,3,3,1.0,68,True,6,0.9939158206630073,0.8735661632334031,4.791986958069261e-05,,,,,,2.220446049250313e-16,1.1102230246251565e-16
How do within-family activation hyperparameters tune the welfare-convergence tradeoff?,hyperparameter_root_power,a,0.6,brd,root_power,a,0.6,0.5,3,3,3,1.0,72,True,6,0.9867949116433007,0.8826071768058714,8.00078657575698e-05,,,,,,2.220446049250313e-16,1.1102230246251565e-16
How do within-family activation hyperparameters tune the welfare-convergence tradeoff?,hyperparameter_root_power,a,0.6,brd,root_power,a,0.6,0.5,3,3,3,1.0,73,True,6,0.988123794128917,0.8721950152372749,7.258693662320903e-05,,,,,,2.220446049250313e-16,2.220446049250313e-16
How do within-family activation hyperparameters tune the welfare-convergence tradeoff?,hyperparameter_root_power,a,0.6,brd,root_power,a,0.6,0.5,3,3,3,1.0,74,True,7,0.9946827117245864,0.8821732040669646,5.427721247097672e-05,,,,,,2.220446049250313e-16,2.220446049250313e-16
How do within-family activation hyperparameters tune the welfare-convergence tradeoff?,hyperparameter_root_power,a,0.6,brd,root_power,a,0.6,0.5,3,3,3,1.0,75,True,6,0.9890188757564163,0.8408950272080817,7.25942346687658e-05,,,,,,2.220446049250313e-16,0.0
How do within-family activation hyperparameters tune the welfare-convergence tradeoff?,hyperparameter_root_power,a,0.6,brd,root_power,a,0.6,0.5,3,3,3,1.0,78,True,5,0.9938151041666666,0.90327249557548,8.492089474965159e-05,,,,,,2.220446049250313e-16,1.1102230246251565e-16
How do within-family activation hyperparameters tune the welfare-convergence tradeoff?,hyperparameter_root_power,a,0.6,brd,root_power,a,0.6,0.5,3,3,3,1.0,77,True,6,0.9934554646856724,0.8782304764984373,2.2767310713434075e-05,,,,,,2.220446049250313e-16,2.220446049250313e-16
How do within-family activation hyperparameters tune the welfare-convergence tradeoff?,hyperparameter_root_power,a,0.6,brd,root_power,a,0.6,0.5,3,3,3,1.0,80,True,6,0.9920059723338615,0.9001158792126311,6.439490810311588e-05,,,,,,0.0,1.1102230246251565e-16
How do within-family activation hyperparameters tune the welfare-convergence tradeoff?,hyperparameter_root_power,a,0.6,brd,root_power,a,0.6,0.5,3,3,3,1.0,76,True,7,0.9805598840576939,0.8386409106648615,9.390177365264929e-05,,,,,,2.220446049250313e-16,2.220446049250313e-16
How do within-family activation hyperparameters tune the welfare-convergence tradeoff?,hyperparameter_root_power,a,0.6,brd,root_power,a,0.6,0.5,3,3,3,1.0,79,True,8,0.9838807626659738,0.8148017052980339,9.088171243032406e-05,,,,,,1.1102230246251565e-16,0.0
How do within-family activation hyperparameters tune the welfare-convergence tradeoff?,hyperparameter_root_power,a,0.6,brd,root_power,a,0.6,0.5,3,3,3,1.0,81,True,7,0.9846570570379953,0.8545699347420022,9.675710761286593e-05,,,,,,1.1102230246251565e-16,1.1102230246251565e-16
How do within-family activation hyperparameters tune the welfare-convergence tradeoff?,hyperparameter_root_power,a,0.6,brd,root_power,a,0.6,0.5,3,3,3,1.0,82,True,7,0.9825537301217838,0.8242061851223567,2.984612366335737e-05,,,,,,0.0,0.0
How do within-family activation hyperparameters tune the welfare-convergence tradeoff?,hyperparameter_root_power,a,0.6,brd,root_power,a,0.6,0.5,3,3,3,1.0,86,True,4,0.995667512670326,0.8958088123569121,9.869339942797373e-05,,,,,,0.0,1.1102230246251565e-16
How do within-family activation hyperparameters tune the welfare-convergence tradeoff?,hyperparameter_root_power,a,0.6,brd,root_power,a,0.6,0.5,3,3,3,1.0,84,True,6,0.99487754967858,0.9425352637908372,1.2952447100533782e-05,,,,,,1.1102230246251565e-16,1.1102230246251565e-16
How do within-family activation hyperparameters tune the welfare-convergence tradeoff?,hyperparameter_root_power,a,0.6,brd,root_power,a,0.6,0.5,3,3,3,1.0,83,True,6,0.9941171050721974,0.9348727358477721,7.628380015095582e-05,,,,,,1.1102230246251565e-16,2.220446049250313e-16
How do within-family activation hyperparameters tune the welfare-convergence tradeoff?,hyperparameter_root_power,a,0.6,brd,root_power,a,0.6,0.5,3,3,3,1.0,87,True,5,0.9959615167967065,0.8688868409306166,8.774872739597539e-05,,,,,,0.0,2.220446049250313e-16
How do within-family activation hyperparameters tune the welfare-convergence tradeoff?,hyperparameter_root_power,a,0.6,brd,root_power,a,0.6,0.5,3,3,3,1.0,85,True,5,0.9953078731893317,0.8698468640077381,6.410503514042709e-05,,,,,,2.220446049250313e-16,0.0
How do within-family activation hyperparameters tune the welfare-convergence tradeoff?,hyperparameter_root_power,a,0.6,brd,root_power,a,0.6,0.5,3,3,3,1.0,88,True,5,0.9915364583333334,0.8951830147276582,7.646407579353642e-05,,,,,,1.1102230246251565e-16,1.1102230246251565e-16
How do within-family activation hyperparameters tune the welfare-convergence tradeoff?,hyperparameter_root_power,a,0.6,brd,root_power,a,0.6,0.5,3,3,3,1.0,89,True,5,0.9943592359619967,0.8790984044967575,7.634951050605743e-05,,,,,,1.1102230246251565e-16,1.1102230246251565e-16
How do within-family activation hyperparameters tune the welfare-convergence tradeoff?,hyperparameter_root_power,a,0.6,brd,root_power,a,0.6,0.5,3,3,3,1.0,90,True,5,0.9946831597222222,0.8842281064240199,3.70509008672526e-05,,,,,,1.1102230246251565e-16,2.220446049250313e-16
How do within-family activation hyperparameters tune the welfare-convergence tradeoff?,hyperparameter_root_power,a,0.6,brd,root_power,a,0.6,0.5,3,3,3,1.0,91,True,6,0.9923502604166666,0.8549372170300327,2.7348449904263106e-05,,,,,,1.1102230246251565e-16,0.0
How do within-family activation hyperparameters tune the welfare-convergence tradeoff?,hyperparameter_root_power,a,0.6,brd,root_power,a,0.6,0.5,3,3,3,1.0,92,True,6,0.9911802039555804,0.8995995525997779,5.8955270127059034e-05,,,,,,2.220446049250313e-16,1.1102230246251565e-16
How do within-family activation hyperparameters tune the welfare-convergence tradeoff?,hyperparameter_root_power,a,0.6,brd,root_power,a,0.6,0.5,3,3,3,1.0,95,True,5,0.9957961544393317,0.9270037349583458,3.5089870228266484e-05,,,,,,2.220446049250313e-16,0.0
How do within-family activation hyperparameters tune the welfare-convergence tradeoff?,hyperparameter_root_power,a,0.6,brd,root_power,a,0.6,0.5,3,3,3,1.0,96,True,6,0.9929917038554558,0.8863519003732231,5.919036032731029e-05,,,,,,0.0,2.220446049250313e-16
How do within-family activation hyperparameters tune the welfare-convergence tradeoff?,hyperparameter_root_power,a,0.6,brd,root_power,a,0.6,0.5,3,3,3,1.0,93,True,8,0.9882034843929265,0.7954850713922849,4.047010663382755e-05,,,,,,1.1102230246251565e-16,2.220446049250313e-16
How do within-family activation hyperparameters tune the welfare-convergence tradeoff?,hyperparameter_root_power,a,0.6,brd,root_power,a,0.6,0.5,3,3,3,1.0,94,True,7,0.987936665606836,0.8589888780225935,6.685730727645778e-05,,,,,,2.220446049250313e-16,2.220446049250313e-16
How do within-family activation hyperparameters tune the welfare-convergence tradeoff?,hyperparameter_root_power,a,0.6,brd,root_power,a,0.6,0.5,3,3,3,1.0,97,True,7,0.9863664580354976,0.8275842296361335,6.523319907902891e-05,,,,,,1.1102230246251565e-16,2.220446049250313e-16
How do within-family activation hyperparameters tune the welfare-convergence tradeoff?,hyperparameter_root_power,a,0.6,brd,root_power,a,0.6,0.5,3,3,3,1.0,98,True,6,0.9934090016615539,0.889424717335956,4.755557157470891e-05,,,,,,1.1102230246251565e-16,2.220446049250313e-16
How do within-family activation hyperparameters tune the welfare-convergence tradeoff?,hyperparameter_root_power,a,0.7,brd,root_power,a,0.7,0.5,3,3,3,1.0,0,True,5,0.9938151041666666,0.8164162507450072,7.282750071058164e-05,,,,,,2.220446049250313e-16,2.220446049250313e-16
How do within-family activation hyperparameters tune the welfare-convergence tradeoff?,hyperparameter_root_power,a,0.6,brd,root_power,a,0.6,0.5,3,3,3,1.0,99,True,4,0.9954427083333334,0.9333186837127293,6.591750720152945e-05,,,,,,0.0,2.220446049250313e-16
How do within-family activation hyperparameters tune the welfare-convergence tradeoff?,hyperparameter_root_power,a,0.7,brd,root_power,a,0.7,0.5,3,3,3,1.0,3,True,4,0.9979965167518297,0.9156740185381399,9.054231167876514e-05,,,,,,0.0,2.220446049250313e-16
How do within-family activation hyperparameters tune the welfare-convergence tradeoff?,hyperparameter_root_power,a,0.7,brd,root_power,a,0.7,0.5,3,3,3,1.0,1,True,6,0.9930258422527569,0.8734000156042367,3.904283591882329e-05,,,,,,0.0,2.220446049250313e-16
How do within-family activation hyperparameters tune the welfare-convergence tradeoff?,hyperparameter_root_power,a,0.7,brd,root_power,a,0.7,0.5,3,3,3,1.0,2,True,5,0.99072265625,0.8704110351705592,8.848293431068521e-05,,,,,,1.1102230246251565e-16,0.0
How do within-family activation hyperparameters tune the welfare-convergence tradeoff?,hyperparameter_root_power,a,0.7,brd,root_power,a,0.7,0.5,3,3,3,1.0,6,True,3,0.99609375,0.8237149347800203,4.947763106016856e-05,,,,,,1.1102230246251565e-16,0.0
How do within-family activation hyperparameters tune the welfare-convergence tradeoff?,hyperparameter_root_power,a,0.7,brd,root_power,a,0.7,0.5,3,3,3,1.0,4,True,6,0.9915364583333334,0.8733508519591874,9.327768743688791e-05,,,,,,1.1102230246251565e-16,2.220446049250313e-16
How do within-family activation hyperparameters tune the welfare-convergence tradeoff?,hyperparameter_root_power,a,0.7,brd,root_power,a,0.7,0.5,3,3,3,1.0,5,True,4,0.9912005297371673,0.8380455150950414,9.446017446318455e-05,,,,,,1.1102230246251565e-16,2.220446049250313e-16
How do within-family activation hyperparameters tune the welfare-convergence tradeoff?,hyperparameter_root_power,a,0.7,brd,root_power,a,0.7,0.5,3,3,3,1.0,7,True,5,0.9962998024615415,0.8937214995006988,9.859093834763133e-05,,,,,,2.220446049250313e-16,2.220446049250313e-16
How do within-family activation hyperparameters tune the welfare-convergence tradeoff?,hyperparameter_root_power,a,0.7,brd,root_power,a,0.7,0.5,3,3,3,1.0,8,True,6,0.9926254230018297,0.8657739401126715,8.171184425170841e-05,,,,,,2.220446049250313e-16,2.220446049250313e-16
How do within-family activation hyperparameters tune the welfare-convergence tradeoff?,hyperparameter_root_power,a,0.7,brd,root_power,a,0.7,0.5,3,3,3,1.0,10,True,5,0.994471638130493,0.8696393101337194,6.740405418720341e-05,,,,,,1.1102230246251565e-16,2.220446049250313e-16
How do within-family activation hyperparameters tune the welfare-convergence tradeoff?,hyperparameter_root_power,a,0.7,brd,root_power,a,0.7,0.5,3,3,3,1.0,9,True,6,0.990757114438178,0.8220388009589298,8.310388922772027e-05,,,,,,2.220446049250313e-16,2.220446049250313e-16
How do within-family activation hyperparameters tune the welfare-convergence tradeoff?,hyperparameter_root_power,a,0.7,brd,root_power,a,0.7,0.5,3,3,3,1.0,11,True,6,0.9873907818456714,0.8366716319761306,9.552138179375058e-05,,,,,,2.220446049250313e-16,2.220446049250313e-16
How do within-family activation hyperparameters tune the welfare-convergence tradeoff?,hyperparameter_root_power,a,0.7,brd,root_power,a,0.7,0.5,3,3,3,1.0,14,True,4,0.9979965167518297,0.9296988269843439,6.758559759023619e-05,,,,,,1.1102230246251565e-16,2.220446049250313e-16
How do within-family activation hyperparameters tune the welfare-convergence tradeoff?,hyperparameter_root_power,a,0.7,brd,root_power,a,0.7,0.5,3,3,3,1.0,12,True,5,0.9934462912884585,0.8619173144478302,6.584918520113892e-05,,,,,,0.0,2.220446049250313e-16
How do within-family activation hyperparameters tune the welfare-convergence tradeoff?,hyperparameter_root_power,a,0.7,brd,root_power,a,0.7,0.5,3,3,3,1.0,13,True,6,0.9942658816657642,0.8436484658622291,2.0187944822946946e-05,,,,,,2.220446049250313e-16,2.220446049250313e-16
How do within-family activation hyperparameters tune the welfare-convergence tradeoff?,hyperparameter_root_power,a,0.7,brd,root_power,a,0.7,0.5,3,3,3,1.0,15,True,4,0.9944274732573187,0.8753860179580416,9.137804652281645e-05,,,,,,0.0,1.1102230246251565e-16
How do within-family activation hyperparameters tune the welfare-convergence tradeoff?,hyperparameter_root_power,a,0.7,brd,root_power,a,0.7,0.5,3,3,3,1.0,16,True,6,0.9924509769130073,0.8174184624525488,9.186091688684339e-05,,,,,,1.1102230246251565e-16,1.1102230246251565e-16
How do within-family activation hyperparameters tune the welfare-convergence tradeoff?,hyperparameter_root_power,a,0.7,brd,root_power,a,0.7,0.5,3,3,3,1.0,18,True,5,0.9965387392051251,0.8729120024142968,6.942435953988246e-05,,,,,,2.220446049250313e-16,0.0
How do within-family activation hyperparameters tune the welfare-convergence tradeoff?,hyperparameter_root_power,a,0.7,brd,root_power,a,0.7,0.5,3,3,3,1.0,19,True,4,0.9959309895833334,0.9100947883294049,7.689632090485121e-05,,,,,,2.220446049250313e-16,0.0
How do within-family activation hyperparameters tune the welfare-convergence tradeoff?,hyperparameter_root_power,a,0.7,brd,root_power,a,0.7,0.5,3,3,3,1.0,20,True,3,0.9960071659102504,0.888353550617138,8.402294444664893e-05,,,,,,2.220446049250313e-16,2.220446049250313e-16
How do within-family activation hyperparameters tune the welfare-convergence tradeoff?,hyperparameter_root_power,a,0.7,brd,root_power,a,0.7,0.5,3,3,3,1.0,17,True,5,0.9914853990073267,0.8703124361161013,9.620872124910251e-05,,,,,,0.0,1.1102230246251565e-16
How do within-family activation hyperparameters tune the welfare-convergence tradeoff?,hyperparameter_root_power,a,0.7,brd,root_power,a,0.7,0.5,3,3,3,1.0,21,True,6,0.992723692763735,0.8715621000540397,2.8514038390548002e-05,,,,,,0.0,1.1102230246251565e-16
How do within-family activation hyperparameters tune the welfare-convergence tradeoff?,hyperparameter_root_power,a,0.7,brd,root_power,a,0.7,0.5,3,3,3,1.0,22,True,5,0.994140625,0.9088430379119742,1.0059620863311913e-05,,,,,,2.220446049250313e-16,2.220446049250313e-16
How do within-family activation hyperparameters tune the welfare-convergence tradeoff?,hyperparameter_root_power,a,0.7,brd,root_power,a,0.7,0.5,3,3,3,1.0,24,True,4,0.9974237586059983,0.9083050834791888,7.011418582514306e-05,,,,,,2.220446049250313e-16,2.220446049250313e-16
How do within-family activation hyperparameters tune the welfare-convergence tradeoff?,hyperparameter_root_power,a,0.7,brd,root_power,a,0.7,0.5,3,3,3,1.0,23,True,5,0.9968139017902882,0.9283002783554184,6.528149051326926e-05,,,,,,1.1102230246251565e-16,0.0
How do within-family activation hyperparameters tune the welfare-convergence tradeoff?,hyperparameter_root_power,a,0.7,brd,root_power,a,0.7,0.5,3,3,3,1.0,27,True,5,0.9914853990073267,0.8615999394567994,9.494046840236026e-05,,,,,,2.220446049250313e-16,1.1102230246251565e-16
How do within-family activation hyperparameters tune the welfare-convergence tradeoff?,hyperparameter_root_power,a,0.7,brd,root_power,a,0.7,0.5,3,3,3,1.0,29,True,5,0.9909923265380033,0.8355716958750966,7.968207352920809e-05,,,,,,0.0,1.1102230246251565e-16
How do within-family activation hyperparameters tune the welfare-convergence tradeoff?,hyperparameter_root_power,a,0.7,brd,root_power,a,0.7,0.5,3,3,3,1.0,25,True,6,0.98692810734066,0.807311434460462,5.041181271664419e-05,,,,,,2.220446049250313e-16,1.1102230246251565e-16
How do within-family activation hyperparameters tune the welfare-convergence tradeoff?,hyperparameter_root_power,a,0.7,brd,root_power,a,0.7,0.5,3,3,3,1.0,26,True,5,0.9972609981893317,0.8903998808376693,4.746077914002944e-05,,,,,,1.1102230246251565e-16,1.1102230246251565e-16
How do within-family activation hyperparameters tune the welfare-convergence tradeoff?,hyperparameter_root_power,a,0.7,brd,root_power,a,0.7,0.5,3,3,3,1.0,28,True,6,0.9905598958333334,0.8369175461589444,6.710214648386614e-05,,,,,,2.220446049250313e-16,2.220446049250313e-16
How do within-family activation hyperparameters tune the welfare-convergence tradeoff?,hyperparameter_root_power,a,0.7,brd,root_power,a,0.7,0.5,3,3,3,1.0,30,True,5,0.9945023716749126,0.9009673036846685,2.091808557386221e-05,,,,,,1.1102230246251565e-16,2.220446049250313e-16
How do within-family activation hyperparameters tune the welfare-convergence tradeoff?,hyperparameter_root_power,a,0.7,brd,root_power,a,0.7,0.5,3,3,3,1.0,31,True,6,0.9924509769130073,0.8673003406505577,4.938084491268313e-05,,,,,,2.220446049250313e-16,1.1102230246251565e-16
How do within-family activation hyperparameters tune the welfare-convergence tradeoff?,hyperparameter_root_power,a,0.7,brd,root_power,a,0.7,0.5,3,3,3,1.0,32,True,5,0.9944661458333334,0.8943830489156763,9.131025703335016e-05,,,,,,0.0,2.220446049250313e-16
How do within-family activation hyperparameters tune the welfare-convergence tradeoff?,hyperparameter_root_power,a,0.7,brd,root_power,a,0.7,0.5,3,3,3,1.0,33,True,5,0.9945219963786633,0.8765419970168998,9.371436805083455e-05,,,,,,2.220446049250313e-16,2.220446049250313e-16
How do within-family activation hyperparameters tune the welfare-convergence tradeoff?,hyperparameter_root_power,a,0.7,brd,root_power,a,0.7,0.5,3,3,3,1.0,34,True,5,0.992791930059057,0.8432046726301854,4.662956093387516e-05,,,,,,2.220446049250313e-16,2.220446049250313e-16
How do within-family activation hyperparameters tune the welfare-convergence tradeoff?,hyperparameter_root_power,a,0.7,brd,root_power,a,0.7,0.5,3,3,3,1.0,35,True,6,0.9912109375,0.7873846297532262,9.133010489298377e-05,,,,,,2.220446049250313e-16,2.220446049250313e-16
How do within-family activation hyperparameters tune the welfare-convergence tradeoff?,hyperparameter_root_power,a,0.7,brd,root_power,a,0.7,0.5,3,3,3,1.0,36,True,5,0.9972717454926813,0.9038263116108567,5.275337340260311e-05,,,,,,1.1102230246251565e-16,2.220446049250313e-16
How do within-family activation hyperparameters tune the welfare-convergence tradeoff?,hyperparameter_root_power,a,0.7,brd,root_power,a,0.7,0.5,3,3,3,1.0,37,True,7,0.9860234196923319,0.8184861269436988,8.286137289592599e-05,,,,,,0.0,2.220446049250313e-16
How do within-family activation hyperparameters tune the welfare-convergence tradeoff?,hyperparameter_root_power,a,0.7,brd,root_power,a,0.7,0.5,3,3,3,1.0,38,True,5,0.9963130620398329,0.923086733155981,8.41196617696327e-05,,,,,,2.220446049250313e-16,2.220446049250313e-16
How do within-family activation hyperparameters tune the welfare-convergence tradeoff?,hyperparameter_root_power,a,0.7,brd,root_power,a,0.7,0.5,3,3,3,1.0,39,True,5,0.9969075520833334,0.899226659786787,4.598350196144407e-05,,,,,,1.1102230246251565e-16,2.220446049250313e-16
How do within-family activation hyperparameters tune the welfare-convergence tradeoff?,hyperparameter_root_power,a,0.7,brd,root_power,a,0.7,0.5,3,3,3,1.0,41,True,4,0.9978408225384585,0.8991740280560574,2.5640786382341574e-05,,,,,,2.220446049250313e-16,1.1102230246251565e-16
How do within-family activation hyperparameters tune the welfare-convergence tradeoff?,hyperparameter_root_power,a,0.7,brd,root_power,a,0.7,0.5,3,3,3,1.0,40,True,5,0.9871523348461659,0.8251553435684849,8.504075075638218e-05,,,,,,1.1102230246251565e-16,2.220446049250313e-16
How do within-family activation hyperparameters tune the welfare-convergence tradeoff?,hyperparameter_root_power,a,0.7,brd,root_power,a,0.7,0.5,3,3,3,1.0,45,True,4,0.9984003211059983,0.961506817514119,4.616089357889486e-05,,,,,,1.1102230246251565e-16,1.1102230246251565e-16
How do within-family activation hyperparameters tune the welfare-convergence tradeoff?,hyperparameter_root_power,a,0.7,brd,root_power,a,0.7,0.5,3,3,3,1.0,42,True,6,0.9933914841517215,0.8614701440036456,4.053071356996396e-05,,,,,,1.1102230246251565e-16,2.220446049250313e-16
How do within-family activation hyperparameters tune the welfare-convergence tradeoff?,hyperparameter_root_power,a,0.7,brd,root_power,a,0.7,0.5,3,3,3,1.0,43,True,6,0.9865878772692489,0.7975095754659796,7.800273375763167e-05,,,,,,0.0,2.220446049250313e-16
How do within-family activation hyperparameters tune the welfare-convergence tradeoff?,hyperparameter_root_power,a,0.7,brd,root_power,a,0.7,0.5,3,3,3,1.0,46,True,5,0.995392350085163,0.8688687083730479,6.798345697012209e-05,,,,,,2.220446049250313e-16,2.220446049250313e-16
How do within-family activation hyperparameters tune the welfare-convergence tradeoff?,hyperparameter_root_power,a,0.7,brd,root_power,a,0.7,0.5,3,3,3,1.0,44,True,6,0.9891291707309944,0.8041930993511747,9.618460322341482e-05,,,,,,2.220446049250313e-16,1.1102230246251565e-16
How do within-family activation hyperparameters tune the welfare-convergence tradeoff?,hyperparameter_root_power,a,0.7,brd,root_power,a,0.7,0.5,3,3,3,1.0,47,True,4,0.99560546875,0.9254188411182018,9.175418545032121e-05,,,,,,2.220446049250313e-16,1.1102230246251565e-16
How do within-family activation hyperparameters tune the welfare-convergence tradeoff?,hyperparameter_root_power,a,0.7,brd,root_power,a,0.7,0.5,3,3,3,1.0,49,True,4,0.9944661458333334,0.8495081579331547,7.085750791996359e-05,,,,,,2.220446049250313e-16,2.220446049250313e-16
How do within-family activation hyperparameters tune the welfare-convergence tradeoff?,hyperparameter_root_power,a,0.7,brd,root_power,a,0.7,0.5,3,3,3,1.0,48,True,5,0.995392350085163,0.8907907973087769,6.638364521710516e-05,,,,,,2.220446049250313e-16,2.220446049250313e-16
How do within-family activation hyperparameters tune the welfare-convergence tradeoff?,hyperparameter_root_power,a,0.7,brd,root_power,a,0.7,0.5,3,3,3,1.0,50,True,5,0.9953078731893317,0.8430699748194724,7.541172141400931e-05,,,,,,2.220446049250313e-16,1.1102230246251565e-16
How do within-family activation hyperparameters tune the welfare-convergence tradeoff?,hyperparameter_root_power,a,0.7,brd,root_power,a,0.7,0.5,3,3,3,1.0,51,True,5,0.9954536697606807,0.8767072087420639,8.287705399084855e-05,,,,,,1.1102230246251565e-16,1.1102230246251565e-16
How do within-family activation hyperparameters tune the welfare-convergence tradeoff?,hyperparameter_root_power,a,0.7,brd,root_power,a,0.7,0.5,3,3,3,1.0,52,True,4,0.9941948784722222,0.8417915941777454,9.379596775288546e-05,,,,,,1.1102230246251565e-16,2.220446049250313e-16
How do within-family activation hyperparameters tune the welfare-convergence tradeoff?,hyperparameter_root_power,a,0.7,brd,root_power,a,0.7,0.5,3,3,3,1.0,53,True,6,0.9928850046907851,0.868484570555956,4.5220822866454125e-05,,,,,,0.0,1.1102230246251565e-16
How do within-family activation hyperparameters tune the welfare-convergence tradeoff?,hyperparameter_root_power,a,0.7,brd,root_power,a,0.7,0.5,3,3,3,1.0,55,True,5,0.9944661458333334,0.8591306098897288,9.802634458777604e-05,,,,,,2.220446049250313e-16,0.0
How do within-family activation hyperparameters tune the welfare-convergence tradeoff?,hyperparameter_root_power,a,0.7,brd,root_power,a,0.7,0.5,3,3,3,1.0,54,True,6,0.9942272090897496,0.8574199559727962,5.852624030416864e-05,,,,,,0.0,1.1102230246251565e-16
How do within-family activation hyperparameters tune the welfare-convergence tradeoff?,hyperparameter_root_power,a,0.7,brd,root_power,a,0.7,0.5,3,3,3,1.0,57,True,3,0.998046875,0.8817011551391909,9.850930437177441e-05,,,,,,1.1102230246251565e-16,1.1102230246251565e-16
How do within-family activation hyperparameters tune the welfare-convergence tradeoff?,hyperparameter_root_power,a,0.7,brd,root_power,a,0.7,0.5,3,3,3,1.0,56,True,5,0.997098237772665,0.8987313650787696,4.974179268324441e-05,,,,,,1.1102230246251565e-16,2.220446049250313e-16
How do within-family activation hyperparameters tune the welfare-convergence tradeoff?,hyperparameter_root_power,a,0.7,brd,root_power,a,0.7,0.5,3,3,3,1.0,58,True,5,0.9918077256944444,0.8425275123639064,4.906927722525545e-05,,,,,,1.1102230246251565e-16,1.1102230246251565e-16
How do within-family activation hyperparameters tune the welfare-convergence tradeoff?,hyperparameter_root_power,a,0.7,brd,root_power,a,0.7,0.5,3,3,3,1.0,59,True,6,0.9928805993459227,0.8223347530398422,8.482658569247681e-05,,,,,,2.220446049250313e-16,1.1102230246251565e-16
How do within-family activation hyperparameters tune the welfare-convergence tradeoff?,hyperparameter_root_power,a,0.7,brd,root_power,a,0.7,0.5,3,3,3,1.0,60,True,6,0.9922960069444444,0.887017492735508,6.32893823345193e-05,,,,,,2.220446049250313e-16,2.220446049250313e-16
How do within-family activation hyperparameters tune the welfare-convergence tradeoff?,hyperparameter_root_power,a,0.7,brd,root_power,a,0.7,0.5,3,3,3,1.0,61,True,5,0.9945561150263243,0.8892184943517659,9.351957181075177e-05,,,,,,1.1102230246251565e-16,1.1102230246251565e-16
How do within-family activation hyperparameters tune the welfare-convergence tradeoff?,hyperparameter_root_power,a,0.7,brd,root_power,a,0.7,0.5,3,3,3,1.0,63,True,4,0.9973399827880033,0.9156939341269617,8.430239002837903e-05,,,,,,2.220446049250313e-16,2.220446049250313e-16
How do within-family activation hyperparameters tune the welfare-convergence tradeoff?,hyperparameter_root_power,a,0.7,brd,root_power,a,0.7,0.5,3,3,3,1.0,65,True,4,0.99267578125,0.8466082256230297,9.852458055831237e-05,,,,,,1.1102230246251565e-16,2.220446049250313e-16
How do within-family activation hyperparameters tune the welfare-convergence tradeoff?,hyperparameter_root_power,a,0.7,brd,root_power,a,0.7,0.5,3,3,3,1.0,62,True,5,0.9922417534722222,0.8524313227902605,9.296589178708903e-05,,,,,,0.0,0.0
How do within-family activation hyperparameters tune the welfare-convergence tradeoff?,hyperparameter_root_power,a,0.7,brd,root_power,a,0.7,0.5,3,3,3,1.0,64,True,6,0.9846797053076681,0.784598254488531,8.857787320026844e-05,,,,,,1.1102230246251565e-16,0.0
How do within-family activation hyperparameters tune the welfare-convergence tradeoff?,hyperparameter_root_power,a,0.7,brd,root_power,a,0.7,0.5,3,3,3,1.0,66,True,6,0.9952179039963407,0.8767506913237124,7.22600344983948e-05,,,,,,2.220446049250313e-16,2.220446049250313e-16
How do within-family activation hyperparameters tune the welfare-convergence tradeoff?,hyperparameter_root_power,a,0.7,brd,root_power,a,0.7,0.5,3,3,3,1.0,69,True,5,0.994552729923083,0.8919568987714691,9.58701039322496e-05,,,,,,1.1102230246251565e-16,2.220446049250313e-16
How do within-family activation hyperparameters tune the welfare-convergence tradeoff?,hyperparameter_root_power,a,0.7,brd,root_power,a,0.7,0.5,3,3,3,1.0,67,True,6,0.99457305570467,0.8499218232501686,3.42353607937218e-05,,,,,,2.220446049250313e-16,1.1102230246251565e-16
How do within-family activation hyperparameters tune the welfare-convergence tradeoff?,hyperparameter_root_power,a,0.7,brd,root_power,a,0.7,0.5,3,3,3,1.0,71,True,5,0.9929626295073187,0.8786039712664299,9.558437566203892e-05,,,,,,1.1102230246251565e-16,2.220446049250313e-16
How do within-family activation hyperparameters tune the welfare-convergence tradeoff?,hyperparameter_root_power,a,0.7,brd,root_power,a,0.7,0.5,3,3,3,1.0,68,True,6,0.9950668292518297,0.8700185846255845,4.826121607220957e-05,,,,,,1.1102230246251565e-16,1.1102230246251565e-16
How do within-family activation hyperparameters tune the welfare-convergence tradeoff?,hyperparameter_root_power,a,0.7,brd,root_power,a,0.7,0.5,3,3,3,1.0,72,True,6,0.99261993070467,0.8673546597865616,7.216816571536944e-05,,,,,,0.0,0.0
How do within-family activation hyperparameters tune the welfare-convergence tradeoff?,hyperparameter_root_power,a,0.7,brd,root_power,a,0.7,0.5,3,3,3,1.0,70,True,6,0.9924068120398329,0.8620915685389497,2.914405696335942e-05,,,,,,2.220446049250313e-16,2.220446049250313e-16
How do within-family activation hyperparameters tune the welfare-convergence tradeoff?,hyperparameter_root_power,a,0.7,brd,root_power,a,0.7,0.5,3,3,3,1.0,73,True,5,0.992311587840652,0.8619330421110609,6.563515099766715e-05,,,,,,2.220446049250313e-16,1.1102230246251565e-16
How do within-family activation hyperparameters tune the welfare-convergence tradeoff?,hyperparameter_root_power,a,0.7,brd,root_power,a,0.7,0.5,3,3,3,1.0,74,True,5,0.9968006422119967,0.8757499721396216,7.99584452180202e-05,,,,,,0.0,2.220446049250313e-16
How do within-family activation hyperparameters tune the welfare-convergence tradeoff?,hyperparameter_root_power,a,0.7,brd,root_power,a,0.7,0.5,3,3,3,1.0,75,True,6,0.993006794380493,0.8305881586716536,4.48180717800839e-05,,,,,,2.220446049250313e-16,2.220446049250313e-16
How do within-family activation hyperparameters tune the welfare-convergence tradeoff?,hyperparameter_root_power,a,0.7,brd,root_power,a,0.7,0.5,3,3,3,1.0,77,True,5,0.9965664503537924,0.8700918498011694,6.96843578362194e-05,,,,,,1.1102230246251565e-16,2.220446049250313e-16
How do within-family activation hyperparameters tune the welfare-convergence tradeoff?,hyperparameter_root_power,a,0.7,brd,root_power,a,0.7,0.5,3,3,3,1.0,78,True,5,0.9957682291666666,0.8982547208966531,8.495901229516045e-05,,,,,,2.220446049250313e-16,2.220446049250313e-16
How do within-family activation hyperparameters tune the welfare-convergence tradeoff?,hyperparameter_root_power,a,0.7,brd,root_power,a,0.7,0.5,3,3,3,1.0,80,True,4,0.9948678429935837,0.8922927537867436,4.4075567680212924e-05,,,,,,1.1102230246251565e-16,1.1102230246251565e-16
How do within-family activation hyperparameters tune the welfare-convergence tradeoff?,hyperparameter_root_power,a,0.7,brd,root_power,a,0.7,0.5,3,3,3,1.0,76,True,7,0.9848017552434358,0.8270948446818869,8.126528793178656e-05,,,,,,2.220446049250313e-16,0.0
How do within-family activation hyperparameters tune the welfare-convergence tradeoff?,hyperparameter_root_power,a,0.7,brd,root_power,a,0.7,0.5,3,3,3,1.0,79,True,6,0.9892578125,0.8006289151931499,9.086621741094536e-05,,,,,,1.1102230246251565e-16,1.1102230246251565e-16
How do within-family activation hyperparameters tune the welfare-convergence tradeoff?,hyperparameter_root_power,a,0.7,brd,root_power,a,0.7,0.5,3,3,3,1.0,81,True,6,0.9915195176549877,0.8373431834043014,3.7541519395445366e-05,,,,,,1.1102230246251565e-16,1.1102230246251565e-16
How do within-family activation hyperparameters tune the welfare-convergence tradeoff?,hyperparameter_root_power,a,0.7,brd,root_power,a,0.7,0.5,3,3,3,1.0,82,True,6,0.9883464880665416,0.8097146998882239,3.6056866240086194e-05,,,,,,2.220446049250313e-16,2.220446049250313e-16
How do within-family activation hyperparameters tune the welfare-convergence tradeoff?,hyperparameter_root_power,a,0.7,brd,root_power,a,0.7,0.5,3,3,3,1.0,84,True,4,0.9964192708333334,0.9380112109003361,4.038767056852022e-05,,,,,,0.0,2.220446049250313e-16
How do within-family activation hyperparameters tune the welfare-convergence tradeoff?,hyperparameter_root_power,a,0.7,brd,root_power,a,0.7,0.5,3,3,3,1.0,86,True,4,0.9964192708333334,0.8937789814477316,6.114327124251417e-05,,,,,,0.0,1.1102230246251565e-16
How do within-family activation hyperparameters tune the welfare-convergence tradeoff?,hyperparameter_root_power,a,0.7,brd,root_power,a,0.7,0.5,3,3,3,1.0,83,True,5,0.996885119107828,0.9269607095617397,8.007670828907854e-05,,,,,,2.220446049250313e-16,2.220446049250313e-16
How do within-family activation hyperparameters tune the welfare-convergence tradeoff?,hyperparameter_root_power,a,0.7,brd,root_power,a,0.7,0.5,3,3,3,1.0,85,True,4,0.997482417423083,0.8639019636013442,9.857518940070698e-05,,,,,,0.0,1.1102230246251565e-16
How do within-family activation hyperparameters tune the welfare-convergence tradeoff?,hyperparameter_root_power,a,0.7,brd,root_power,a,0.7,0.5,3,3,3,1.0,87,True,4,0.9977213541666666,0.8641295029248818,8.826204443690422e-05,,,,,,2.220446049250313e-16,2.220446049250313e-16
How do within-family activation hyperparameters tune the welfare-convergence tradeoff?,hyperparameter_root_power,a,0.7,brd,root_power,a,0.7,0.5,3,3,3,1.0,89,True,5,0.9964192708333334,0.8738693113731237,4.5718960206497794e-05,,,,,,2.220446049250313e-16,0.0
How do within-family activation hyperparameters tune the welfare-convergence tradeoff?,hyperparameter_root_power,a,0.7,brd,root_power,a,0.7,0.5,3,3,3,1.0,90,True,5,0.9965316730018297,0.879761754383748,1.940708706371641e-05,,,,,,2.220446049250313e-16,0.0
How do within-family activation hyperparameters tune the welfare-convergence tradeoff?,hyperparameter_root_power,a,0.7,brd,root_power,a,0.7,0.5,3,3,3,1.0,88,True,5,0.9950164710036593,0.886637367962177,4.6689574148106594e-05,,,,,,2.220446049250313e-16,0.0
How do within-family activation hyperparameters tune the welfare-convergence tradeoff?,hyperparameter_root_power,a,0.7,brd,root_power,a,0.7,0.5,3,3,3,1.0,91,True,5,0.9942413414963407,0.8494363360280338,9.626745243840329e-05,,,,,,1.1102230246251565e-16,1.1102230246251565e-16
How do within-family activation hyperparameters tune the welfare-convergence tradeoff?,hyperparameter_root_power,a,0.7,brd,root_power,a,0.7,0.5,3,3,3,1.0,92,True,4,0.9934895833333334,0.8937084153935028,9.075520880291732e-05,,,,,,0.0,1.1102230246251565e-16
How do within-family activation hyperparameters tune the welfare-convergence tradeoff?,hyperparameter_root_power,a,0.7,brd,root_power,a,0.7,0.5,3,3,3,1.0,93,True,5,0.9913736979166666,0.7873818252155317,7.843865872692035e-05,,,,,,2.220446049250313e-16,0.0
How do within-family activation hyperparameters tune the welfare-convergence tradeoff?,hyperparameter_root_power,a,0.7,brd,root_power,a,0.7,0.5,3,3,3,1.0,94,True,6,0.9924123043369927,0.8478731313945816,7.188385921064189e-05,,,,,,2.220446049250313e-16,0.0
How do within-family activation hyperparameters tune the welfare-convergence tradeoff?,hyperparameter_root_power,a,0.7,brd,root_power,a,0.7,0.5,3,3,3,1.0,95,True,5,0.997008268579674,0.9234266529727914,1.2660182420687338e-05,,,,,,2.220446049250313e-16,0.0
How do within-family activation hyperparameters tune the welfare-convergence tradeoff?,hyperparameter_root_power,a,0.7,brd,root_power,a,0.7,0.5,3,3,3,1.0,96,True,5,0.9957682291666666,0.8791001179115248,4.5845054683857356e-05,,,,,,2.220446049250313e-16,2.220446049250313e-16
How do within-family activation hyperparameters tune the welfare-convergence tradeoff?,hyperparameter_root_power,a,0.7,brd,root_power,a,0.7,0.5,3,3,3,1.0,98,True,5,0.9954427083333334,0.883410393448067,4.571269649794596e-05,,,,,,1.1102230246251565e-16,0.0
How do within-family activation hyperparameters tune the welfare-convergence tradeoff?,hyperparameter_root_power,a,0.7,brd,root_power,a,0.7,0.5,3,3,3,1.0,97,True,6,0.9902860111574934,0.817302177461967,8.176986515395779e-05,,,,,,2.220446049250313e-16,1.1102230246251565e-16
How do within-family activation hyperparameters tune the welfare-convergence tradeoff?,hyperparameter_root_power,a,0.7,brd,root_power,a,0.7,0.5,3,3,3,1.0,99,True,4,0.99658203125,0.930042471015405,7.838284664285489e-05,,,,,,0.0,1.1102230246251565e-16
How do within-family activation hyperparameters tune the welfare-convergence tradeoff?,hyperparameter_root_power,a,0.8,brd,root_power,a,0.8,0.5,3,3,3,1.0,0,True,4,0.9957682291666666,0.8085185697336706,7.129224209595497e-05,,,,,,2.220446049250313e-16,0.0
How do within-family activation hyperparameters tune the welfare-convergence tradeoff?,hyperparameter_root_power,a,0.8,brd,root_power,a,0.8,0.5,3,3,3,1.0,3,True,4,0.9985894097222222,0.913174531826265,7.860138944837392e-05,,,,,,2.220446049250313e-16,1.1102230246251565e-16
How do within-family activation hyperparameters tune the welfare-convergence tradeoff?,hyperparameter_root_power,a,0.8,brd,root_power,a,0.8,0.5,3,3,3,1.0,1,True,5,0.996745492744503,0.8598996003886258,5.5432323657955695e-05,,,,,,2.220446049250313e-16,2.220446049250313e-16
How do within-family activation hyperparameters tune the welfare-convergence tradeoff?,hyperparameter_root_power,a,0.8,brd,root_power,a,0.8,0.5,3,3,3,1.0,4,True,5,0.9963634202880033,0.8555367072760744,8.044367525755769e-05,,,,,,0.0,1.1102230246251565e-16
How do within-family activation hyperparameters tune the welfare-convergence tradeoff?,hyperparameter_root_power,a,0.8,brd,root_power,a,0.8,0.5,3,3,3,1.0,2,True,6,0.9953994162884585,0.8551740274737155,3.5915955481358175e-05,,,,,,2.220446049250313e-16,1.1102230246251565e-16
How do within-family activation hyperparameters tune the welfare-convergence tradeoff?,hyperparameter_root_power,a,0.8,brd,root_power,a,0.8,0.5,3,3,3,1.0,6,True,4,0.9972330729166666,0.8190118087745476,3.8441899008201386e-05,,,,,,1.1102230246251565e-16,2.220446049250313e-16
How do within-family activation hyperparameters tune the welfare-convergence tradeoff?,hyperparameter_root_power,a,0.8,brd,root_power,a,0.8,0.5,3,3,3,1.0,5,True,4,0.9951171875,0.8251324043821665,4.9663622967877075e-05,,,,,,1.1102230246251565e-16,2.220446049250313e-16
How do within-family activation hyperparameters tune the welfare-convergence tradeoff?,hyperparameter_root_power,a,0.8,brd,root_power,a,0.8,0.5,3,3,3,1.0,7,True,3,0.998046875,0.8865657798049109,6.651490446624164e-05,,,,,,1.1102230246251565e-16,2.220446049250313e-16
How do within-family activation hyperparameters tune the welfare-convergence tradeoff?,hyperparameter_root_power,a,0.8,brd,root_power,a,0.8,0.5,3,3,3,1.0,8,True,5,0.9953868577880033,0.8552742792359894,7.308782334891628e-05,,,,,,1.1102230246251565e-16,1.1102230246251565e-16
How do within-family activation hyperparameters tune the welfare-convergence tradeoff?,hyperparameter_root_power,a,0.8,brd,root_power,a,0.8,0.5,3,3,3,1.0,10,True,4,0.9961480034722222,0.8628637781923834,6.890311698026785e-05,,,,,,0.0,2.220446049250313e-16
How do within-family activation hyperparameters tune the welfare-convergence tradeoff?,hyperparameter_root_power,a,0.8,brd,root_power,a,0.8,0.5,3,3,3,1.0,9,True,5,0.9953078731893317,0.8075382965109393,9.277372209215429e-05,,,,,,2.220446049250313e-16,2.220446049250313e-16
How do within-family activation hyperparameters tune the welfare-convergence tradeoff?,hyperparameter_root_power,a,0.8,brd,root_power,a,0.8,0.5,3,3,3,1.0,13,True,4,0.9973525412884585,0.8320240061417761,8.108183117450096e-05,,,,,,1.1102230246251565e-16,2.220446049250313e-16
How do within-family activation hyperparameters tune the welfare-convergence tradeoff?,hyperparameter_root_power,a,0.8,brd,root_power,a,0.8,0.5,3,3,3,1.0,12,True,4,0.9964192708333334,0.8504912113207416,6.610969193526772e-05,,,,,,1.1102230246251565e-16,2.220446049250313e-16
How do within-family activation hyperparameters tune the welfare-convergence tradeoff?,hyperparameter_root_power,a,0.8,brd,root_power,a,0.8,0.5,3,3,3,1.0,11,True,6,0.99365234375,0.8160771205511169,2.7761919784707878e-05,,,,,,2.220446049250313e-16,2.220446049250313e-16
How do within-family activation hyperparameters tune the welfare-convergence tradeoff?,hyperparameter_root_power,a,0.8,brd,root_power,a,0.8,0.5,3,3,3,1.0,14,True,3,0.9990234375,0.9256813668688736,4.862847880776622e-05,,,,,,1.1102230246251565e-16,1.1102230246251565e-16
How do within-family activation hyperparameters tune the welfare-convergence tradeoff?,hyperparameter_root_power,a,0.8,brd,root_power,a,0.8,0.5,3,3,3,1.0,15,True,3,0.9973337894130073,0.8653120750893287,8.316894834697885e-05,,,,,,2.220446049250313e-16,2.220446049250313e-16
How do within-family activation hyperparameters tune the welfare-convergence tradeoff?,hyperparameter_root_power,a,0.8,brd,root_power,a,0.8,0.5,3,3,3,1.0,18,True,3,0.998046875,0.8673452608460265,2.1351178036421725e-05,,,,,,2.220446049250313e-16,2.220446049250313e-16
How do within-family activation hyperparameters tune the welfare-convergence tradeoff?,hyperparameter_root_power,a,0.8,brd,root_power,a,0.8,0.5,3,3,3,1.0,17,True,4,0.9959309895833334,0.854763640955064,6.345199439705684e-05,,,,,,1.1102230246251565e-16,0.0
How do within-family activation hyperparameters tune the welfare-convergence tradeoff?,hyperparameter_root_power,a,0.8,brd,root_power,a,0.8,0.5,3,3,3,1.0,19,True,4,0.9970703125,0.905758339642801,5.311782043038171e-05,,,,,,1.1102230246251565e-16,1.1102230246251565e-16
How do within-family activation hyperparameters tune the welfare-convergence tradeoff?,hyperparameter_root_power,a,0.8,brd,root_power,a,0.8,0.5,3,3,3,1.0,20,True,2,0.9972330729166666,0.8831343711624021,6.2536510223421e-05,,,,,,0.0,1.1102230246251565e-16
How do within-family activation hyperparameters tune the welfare-convergence tradeoff?,hyperparameter_root_power,a,0.8,brd,root_power,a,0.8,0.5,3,3,3,1.0,22,True,3,0.99658203125,0.899284056489814,5.091012120272964e-05,,,,,,0.0,2.220446049250313e-16
How do within-family activation hyperparameters tune the welfare-convergence tradeoff?,hyperparameter_root_power,a,0.8,brd,root_power,a,0.8,0.5,3,3,3,1.0,21,True,4,0.9963650173611112,0.8577622498147334,8.618896456519254e-05,,,,,,1.1102230246251565e-16,1.1102230246251565e-16
How do within-family activation hyperparameters tune the welfare-convergence tradeoff?,hyperparameter_root_power,a,0.8,brd,root_power,a,0.8,0.5,3,3,3,1.0,16,True,5,0.9957419009671095,0.8056267380745087,5.510440236267122e-05,,,,,,1.1102230246251565e-16,1.1102230246251565e-16
How do within-family activation hyperparameters tune the welfare-convergence tradeoff?,hyperparameter_root_power,a,0.8,brd,root_power,a,0.8,0.5,3,3,3,1.0,23,True,3,0.99853515625,0.9204886718412215,9.274468272024716e-05,,,,,,2.220446049250313e-16,1.1102230246251565e-16
How do within-family activation hyperparameters tune the welfare-convergence tradeoff?,hyperparameter_root_power,a,0.8,brd,root_power,a,0.8,0.5,3,3,3,1.0,27,True,4,0.995041011173083,0.8490925996467761,9.725465249083021e-05,,,,,,1.1102230246251565e-16,2.220446049250313e-16
How do within-family activation hyperparameters tune the welfare-convergence tradeoff?,hyperparameter_root_power,a,0.8,brd,root_power,a,0.8,0.5,3,3,3,1.0,24,True,3,0.99853515625,0.9039055995953875,6.549664442007108e-05,,,,,,0.0,1.1102230246251565e-16
How do within-family activation hyperparameters tune the welfare-convergence tradeoff?,hyperparameter_root_power,a,0.8,brd,root_power,a,0.8,0.5,3,3,3,1.0,25,True,5,0.9925130208333334,0.7890542831866494,6.21990615472523e-05,,,,,,1.1102230246251565e-16,2.220446049250313e-16
How do within-family activation hyperparameters tune the welfare-convergence tradeoff?,hyperparameter_root_power,a,0.8,brd,root_power,a,0.8,0.5,3,3,3,1.0,26,True,4,0.9982096354166666,0.8866843059550913,5.8326241809347756e-05,,,,,,1.1102230246251565e-16,2.220446049250313e-16
How do within-family activation hyperparameters tune the welfare-convergence tradeoff?,hyperparameter_root_power,a,0.8,brd,root_power,a,0.8,0.5,3,3,3,1.0,30,True,4,0.9972330729166666,0.8897977049528323,6.512378618733772e-05,,,,,,0.0,0.0
How do within-family activation hyperparameters tune the welfare-convergence tradeoff?,hyperparameter_root_power,a,0.8,brd,root_power,a,0.8,0.5,3,3,3,1.0,29,True,5,0.9948782507564163,0.8217300437890357,5.2809028656564116e-05,,,,,,2.220446049250313e-16,1.1102230246251565e-16
How do within-family activation hyperparameters tune the welfare-convergence tradeoff?,hyperparameter_root_power,a,0.8,brd,root_power,a,0.8,0.5,3,3,3,1.0,28,True,6,0.9948582645153463,0.8205213931161213,5.319905487660703e-05,,,,,,1.1102230246251565e-16,1.1102230246251565e-16
How do within-family activation hyperparameters tune the welfare-convergence tradeoff?,hyperparameter_root_power,a,0.8,brd,root_power,a,0.8,0.5,3,3,3,1.0,31,True,5,0.9970703125,0.8511718057312736,8.88251244338667e-05,,,,,,0.0,0.0
How do within-family activation hyperparameters tune the welfare-convergence tradeoff?,hyperparameter_root_power,a,0.8,brd,root_power,a,0.8,0.5,3,3,3,1.0,33,True,3,0.99658203125,0.8677970841702258,8.787729826692514e-05,,,,,,1.1102230246251565e-16,0.0
How do within-family activation hyperparameters tune the welfare-convergence tradeoff?,hyperparameter_root_power,a,0.8,brd,root_power,a,0.8,0.5,3,3,3,1.0,32,True,5,0.9973021830402882,0.8840379724199615,4.6140612422029825e-05,,,,,,1.1102230246251565e-16,2.220446049250313e-16
How do within-family activation hyperparameters tune the welfare-convergence tradeoff?,hyperparameter_root_power,a,0.8,brd,root_power,a,0.8,0.5,3,3,3,1.0,34,True,4,0.9959309895833334,0.832292271182824,4.881930645572741e-05,,,,,,1.1102230246251565e-16,2.220446049250313e-16
How do within-family activation hyperparameters tune the welfare-convergence tradeoff?,hyperparameter_root_power,a,0.8,brd,root_power,a,0.8,0.5,3,3,3,1.0,38,True,4,0.9983723958333334,0.9150911543587231,8.844591451012684e-05,,,,,,2.220446049250313e-16,2.220446049250313e-16
How do within-family activation hyperparameters tune the welfare-convergence tradeoff?,hyperparameter_root_power,a,0.8,brd,root_power,a,0.8,0.5,3,3,3,1.0,35,True,5,0.9953868577880033,0.772342402701943,5.1007583790785294e-05,,,,,,2.220446049250313e-16,1.1102230246251565e-16
How do within-family activation hyperparameters tune the welfare-convergence tradeoff?,hyperparameter_root_power,a,0.8,brd,root_power,a,0.8,0.5,3,3,3,1.0,36,True,5,0.99853515625,0.898662988664344,1.613481587792176e-05,,,,,,0.0,1.1102230246251565e-16
How do within-family activation hyperparameters tune the welfare-convergence tradeoff?,hyperparameter_root_power,a,0.8,brd,root_power,a,0.8,0.5,3,3,3,1.0,39,True,3,0.99853515625,0.8930099541519203,8.186812375465813e-06,,,,,,1.1102230246251565e-16,1.1102230246251565e-16
How do within-family activation hyperparameters tune the welfare-convergence tradeoff?,hyperparameter_root_power,a,0.8,brd,root_power,a,0.8,0.5,3,3,3,1.0,37,True,6,0.992311587840652,0.7973777442737359,7.161857584508935e-05,,,,,,1.1102230246251565e-16,2.220446049250313e-16
How do within-family activation hyperparameters tune the welfare-convergence tradeoff?,hyperparameter_root_power,a,0.8,brd,root_power,a,0.8,0.5,3,3,3,1.0,40,True,4,0.9934029992435837,0.8047367453015886,8.580207312613997e-05,,,,,,2.220446049250313e-16,2.220446049250313e-16
How do within-family activation hyperparameters tune the welfare-convergence tradeoff?,hyperparameter_root_power,a,0.8,brd,root_power,a,0.8,0.5,3,3,3,1.0,41,True,3,0.9990234375,0.8947187356623449,3.529604615942761e-05,,,,,,1.1102230246251565e-16,2.220446049250313e-16
How do within-family activation hyperparameters tune the welfare-convergence tradeoff?,hyperparameter_root_power,a,0.8,brd,root_power,a,0.8,0.5,3,3,3,1.0,42,True,4,0.9966827477463407,0.8489183417990743,7.692460475450247e-05,,,,,,0.0,1.1102230246251565e-16
How do within-family activation hyperparameters tune the welfare-convergence tradeoff?,hyperparameter_root_power,a,0.8,brd,root_power,a,0.8,0.5,3,3,3,1.0,45,True,2,0.9991861979166666,0.9575147284609508,8.404401820183427e-05,,,,,,1.1102230246251565e-16,2.220446049250313e-16
How do within-family activation hyperparameters tune the welfare-convergence tradeoff?,hyperparameter_root_power,a,0.8,brd,root_power,a,0.8,0.5,3,3,3,1.0,47,True,3,0.99853515625,0.9144471178540986,8.002264227685574e-05,,,,,,0.0,2.220446049250313e-16
How do within-family activation hyperparameters tune the welfare-convergence tradeoff?,hyperparameter_root_power,a,0.8,brd,root_power,a,0.8,0.5,3,3,3,1.0,44,True,6,0.9936260155504428,0.7886963608987244,5.098252736379649e-05,,,,,,1.1102230246251565e-16,1.1102230246251565e-16
How do within-family activation hyperparameters tune the welfare-convergence tradeoff?,hyperparameter_root_power,a,0.8,brd,root_power,a,0.8,0.5,3,3,3,1.0,43,True,5,0.9926874669221557,0.7778034431754621,5.994342159842958e-05,,,,,,2.220446049250313e-16,0.0
How do within-family activation hyperparameters tune the welfare-convergence tradeoff?,hyperparameter_root_power,a,0.8,brd,root_power,a,0.8,0.5,3,3,3,1.0,46,True,4,0.9970703125,0.8614585088710132,7.244293824432146e-05,,,,,,1.1102230246251565e-16,1.1102230246251565e-16
How do within-family activation hyperparameters tune the welfare-convergence tradeoff?,hyperparameter_root_power,a,0.8,brd,root_power,a,0.8,0.5,3,3,3,1.0,50,True,4,0.9975082355018297,0.8352300010146353,4.508108771672514e-05,,,,,,2.220446049250313e-16,1.1102230246251565e-16
How do within-family activation hyperparameters tune the welfare-convergence tradeoff?,hyperparameter_root_power,a,0.8,brd,root_power,a,0.8,0.5,3,3,3,1.0,51,True,3,0.99853515625,0.8650322103081197,8.90725568694073e-05,,,,,,1.1102230246251565e-16,2.220446049250313e-16
How do within-family activation hyperparameters tune the welfare-convergence tradeoff?,hyperparameter_root_power,a,0.8,brd,root_power,a,0.8,0.5,3,3,3,1.0,49,True,4,0.9972609981893317,0.8395535081701387,8.123846994850803e-05,,,,,,2.220446049250313e-16,2.220446049250313e-16
How do within-family activation hyperparameters tune the welfare-convergence tradeoff?,hyperparameter_root_power,a,0.8,brd,root_power,a,0.8,0.5,3,3,3,1.0,48,True,5,0.9973196570064163,0.8838315541254312,1.437572441015389e-05,,,,,,2.220446049250313e-16,0.0
How do within-family activation hyperparameters tune the welfare-convergence tradeoff?,hyperparameter_root_power,a,0.8,brd,root_power,a,0.8,0.5,3,3,3,1.0,52,True,4,0.9979120398559983,0.8299892749882108,4.277220335302534e-05,,,,,,1.1102230246251565e-16,0.0
How do within-family activation hyperparameters tune the welfare-convergence tradeoff?,hyperparameter_root_power,a,0.8,brd,root_power,a,0.8,0.5,3,3,3,1.0,53,True,6,0.9957744225416627,0.8581364212625721,3.844887570308986e-05,,,,,,1.1102230246251565e-16,0.0
How do within-family activation hyperparameters tune the welfare-convergence tradeoff?,hyperparameter_root_power,a,0.8,brd,root_power,a,0.8,0.5,3,3,3,1.0,54,True,5,0.99701446195467,0.8469087376943865,5.2050302298933815e-05,,,,,,1.1102230246251565e-16,1.1102230246251565e-16
How do within-family activation hyperparameters tune the welfare-convergence tradeoff?,hyperparameter_root_power,a,0.8,brd,root_power,a,0.8,0.5,3,3,3,1.0,56,True,3,0.99853515625,0.8930840937620402,6.286172425629122e-05,,,,,,1.1102230246251565e-16,2.220446049250313e-16
How do within-family activation hyperparameters tune the welfare-convergence tradeoff?,hyperparameter_root_power,a,0.8,brd,root_power,a,0.8,0.5,3,3,3,1.0,57,True,3,0.998046875,0.8813606891054407,6.672406250801677e-05,,,,,,1.1102230246251565e-16,1.1102230246251565e-16
How do within-family activation hyperparameters tune the welfare-convergence tradeoff?,hyperparameter_root_power,a,0.8,brd,root_power,a,0.8,0.5,3,3,3,1.0,55,True,5,0.9970199542518297,0.8503810683248201,2.5321203298900308e-05,,,,,,1.1102230246251565e-16,2.220446049250313e-16
How do within-family activation hyperparameters tune the welfare-convergence tradeoff?,hyperparameter_root_power,a,0.8,brd,root_power,a,0.8,0.5,3,3,3,1.0,59,True,4,0.9953994162884585,0.8128374403404429,5.639868273027426e-05,,,,,,1.1102230246251565e-16,0.0
How do within-family activation hyperparameters tune the welfare-convergence tradeoff?,hyperparameter_root_power,a,0.8,brd,root_power,a,0.8,0.5,3,3,3,1.0,60,True,6,0.9964813147536593,0.8726357607563918,3.571975368982239e-05,,,,,,2.220446049250313e-16,2.220446049250313e-16
How do within-family activation hyperparameters tune the welfare-convergence tradeoff?,hyperparameter_root_power,a,0.8,brd,root_power,a,0.8,0.5,3,3,3,1.0,58,True,6,0.996155793920326,0.8271455460575078,6.129797015924643e-05,,,,,,0.0,1.1102230246251565e-16
How do within-family activation hyperparameters tune the welfare-convergence tradeoff?,hyperparameter_root_power,a,0.8,brd,root_power,a,0.8,0.5,3,3,3,1.0,61,True,3,0.99658203125,0.8810095109305847,8.340014179714084e-05,,,,,,1.1102230246251565e-16,1.1102230246251565e-16
How do within-family activation hyperparameters tune the welfare-convergence tradeoff?,hyperparameter_root_power,a,0.8,brd,root_power,a,0.8,0.5,3,3,3,1.0,63,True,3,0.9990234375,0.9095633272595087,5.196025112297331e-05,,,,,,2.220446049250313e-16,2.220446049250313e-16
How do within-family activation hyperparameters tune the welfare-convergence tradeoff?,hyperparameter_root_power,a,0.8,brd,root_power,a,0.8,0.5,3,3,3,1.0,62,True,6,0.9949606204583293,0.842793435517328,3.317547586301206e-05,,,,,,1.1102230246251565e-16,2.220446049250313e-16
How do within-family activation hyperparameters tune the welfare-convergence tradeoff?,hyperparameter_root_power,a,0.8,brd,root_power,a,0.8,0.5,3,3,3,1.0,65,True,5,0.9968642600384585,0.8327894117035451,5.775134545848992e-05,,,,,,1.1102230246251565e-16,1.1102230246251565e-16
How do within-family activation hyperparameters tune the welfare-convergence tradeoff?,hyperparameter_root_power,a,0.8,brd,root_power,a,0.8,0.5,3,3,3,1.0,64,True,6,0.9910481770833334,0.7644944018216129,2.958601461239274e-05,,,,,,2.220446049250313e-16,2.220446049250313e-16
How do within-family activation hyperparameters tune the welfare-convergence tradeoff?,hyperparameter_root_power,a,0.8,brd,root_power,a,0.8,0.5,3,3,3,1.0,66,True,6,0.9979344728315037,0.8671242837071138,2.5342203652301e-05,,,,,,1.1102230246251565e-16,2.220446049250313e-16
How do within-family activation hyperparameters tune the welfare-convergence tradeoff?,hyperparameter_root_power,a,0.8,brd,root_power,a,0.8,0.5,3,3,3,1.0,67,True,4,0.9973525412884585,0.8391492248524233,5.08284580201801e-05,,,,,,1.1102230246251565e-16,0.0
How do within-family activation hyperparameters tune the welfare-convergence tradeoff?,hyperparameter_root_power,a,0.8,brd,root_power,a,0.8,0.5,3,3,3,1.0,69,True,4,0.9975082355018297,0.8804884933286873,7.265529466199405e-05,,,,,,0.0,1.1102230246251565e-16
How do within-family activation hyperparameters tune the welfare-convergence tradeoff?,hyperparameter_root_power,a,0.8,brd,root_power,a,0.8,0.5,3,3,3,1.0,68,True,4,0.998046875,0.8587604382248077,8.458915695663816e-05,,,,,,2.220446049250313e-16,2.220446049250313e-16
How do within-family activation hyperparameters tune the welfare-convergence tradeoff?,hyperparameter_root_power,a,0.8,brd,root_power,a,0.8,0.5,3,3,3,1.0,70,True,5,0.9953078731893317,0.8507658786582661,6.832904606185464e-05,,,,,,1.1102230246251565e-16,2.220446049250313e-16
How do within-family activation hyperparameters tune the welfare-convergence tradeoff?,hyperparameter_root_power,a,0.8,brd,root_power,a,0.8,0.5,3,3,3,1.0,73,True,5,0.9963650173611112,0.8484266372197649,2.1348234482243544e-05,,,,,,1.1102230246251565e-16,1.1102230246251565e-16
How do within-family activation hyperparameters tune the welfare-convergence tradeoff?,hyperparameter_root_power,a,0.8,brd,root_power,a,0.8,0.5,3,3,3,1.0,72,True,6,0.9955209918541686,0.856699416734022,5.196942985091768e-05,,,,,,2.220446049250313e-16,2.220446049250313e-16
How do within-family activation hyperparameters tune the welfare-convergence tradeoff?,hyperparameter_root_power,a,0.8,brd,root_power,a,0.8,0.5,3,3,3,1.0,74,True,4,0.9978841145833334,0.8712994256376368,9.285752351784193e-05,,,,,,1.1102230246251565e-16,0.0
How do within-family activation hyperparameters tune the welfare-convergence tradeoff?,hyperparameter_root_power,a,0.8,brd,root_power,a,0.8,0.5,3,3,3,1.0,71,True,4,0.9953419918369927,0.8694983409318118,6.341468975573639e-05,,,,,,0.0,0.0
How do within-family activation hyperparameters tune the welfare-convergence tradeoff?,hyperparameter_root_power,a,0.8,brd,root_power,a,0.8,0.5,3,3,3,1.0,75,True,4,0.99560546875,0.8202152443790327,4.639290291996723e-05,,,,,,1.1102230246251565e-16,2.220446049250313e-16
How do within-family activation hyperparameters tune the welfare-convergence tradeoff?,hyperparameter_root_power,a,0.8,brd,root_power,a,0.8,0.5,3,3,3,1.0,76,True,5,0.991823306590652,0.8043198201005927,7.856718593024503e-05,,,,,,1.1102230246251565e-16,0.0
How do within-family activation hyperparameters tune the welfare-convergence tradeoff?,hyperparameter_root_power,a,0.8,brd,root_power,a,0.8,0.5,3,3,3,1.0,77,True,4,0.9978841145833334,0.8648629306877526,7.290796582515302e-05,,,,,,1.1102230246251565e-16,0.0
How do within-family activation hyperparameters tune the welfare-convergence tradeoff?,hyperparameter_root_power,a,0.8,brd,root_power,a,0.8,0.5,3,3,3,1.0,78,True,4,0.9983723958333334,0.888800010626902,8.610704556605286e-05,,,,,,2.220446049250313e-16,1.1102230246251565e-16
How do within-family activation hyperparameters tune the welfare-convergence tradeoff?,hyperparameter_root_power,a,0.8,brd,root_power,a,0.8,0.5,3,3,3,1.0,80,True,3,0.99658203125,0.8855343174122847,6.841643641458672e-05,,,,,,2.220446049250313e-16,1.1102230246251565e-16
How do within-family activation hyperparameters tune the welfare-convergence tradeoff?,hyperparameter_root_power,a,0.8,brd,root_power,a,0.8,0.5,3,3,3,1.0,81,True,4,0.9947296227463407,0.8248925235793859,7.907607231766312e-05,,,,,,2.220446049250313e-16,2.220446049250313e-16
How do within-family activation hyperparameters tune the welfare-convergence tradeoff?,hyperparameter_root_power,a,0.8,brd,root_power,a,0.8,0.5,3,3,3,1.0,83,True,3,0.998046875,0.9216523058296877,8.975311747133619e-05,,,,,,2.220446049250313e-16,0.0
How do within-family activation hyperparameters tune the welfare-convergence tradeoff?,hyperparameter_root_power,a,0.8,brd,root_power,a,0.8,0.5,3,3,3,1.0,79,True,6,0.9937530602463407,0.7854150798188092,5.133452664635163e-05,,,,,,2.220446049250313e-16,2.220446049250313e-16
How do within-family activation hyperparameters tune the welfare-convergence tradeoff?,hyperparameter_root_power,a,0.8,brd,root_power,a,0.8,0.5,3,3,3,1.0,82,True,7,0.9934023602889221,0.792802897828782,2.1417725968531087e-05,,,,,,2.220446049250313e-16,1.1102230246251565e-16
How do within-family activation hyperparameters tune the welfare-convergence tradeoff?,hyperparameter_root_power,a,0.8,brd,root_power,a,0.8,0.5,3,3,3,1.0,85,True,3,0.99853515625,0.8593395891582513,8.662853745977639e-05,,,,,,1.1102230246251565e-16,1.1102230246251565e-16
How do within-family activation hyperparameters tune the welfare-convergence tradeoff?,hyperparameter_root_power,a,0.8,brd,root_power,a,0.8,0.5,3,3,3,1.0,84,True,3,0.998563081522665,0.9293346591478114,5.664235532393258e-05,,,,,,1.1102230246251565e-16,1.1102230246251565e-16
How do within-family activation hyperparameters tune the welfare-convergence tradeoff?,hyperparameter_root_power,a,0.8,brd,root_power,a,0.8,0.5,3,3,3,1.0,86,True,3,0.9986475584184963,0.885002163547617,8.342462233812409e-05,,,,,,1.1102230246251565e-16,2.220446049250313e-16
How do within-family activation hyperparameters tune the welfare-convergence tradeoff?,hyperparameter_root_power,a,0.8,brd,root_power,a,0.8,0.5,3,3,3,1.0,87,True,3,0.99853515625,0.8613530367106588,6.337088433944205e-05,,,,,,2.220446049250313e-16,2.220446049250313e-16
How do within-family activation hyperparameters tune the welfare-convergence tradeoff?,hyperparameter_root_power,a,0.8,brd,root_power,a,0.8,0.5,3,3,3,1.0,89,True,4,0.998046875,0.8672612045508735,8.439549780681066e-05,,,,,,1.1102230246251565e-16,0.0
How do within-family activation hyperparameters tune the welfare-convergence tradeoff?,hyperparameter_root_power,a,0.8,brd,root_power,a,0.8,0.5,3,3,3,1.0,90,True,5,0.9981011284722222,0.8745109073998657,4.704743926331467e-06,,,,,,0.0,2.220446049250313e-16
How do within-family activation hyperparameters tune the welfare-convergence tradeoff?,hyperparameter_root_power,a,0.8,brd,root_power,a,0.8,0.5,3,3,3,1.0,91,True,3,0.998046875,0.8347371608087828,8.73412878324431e-05,,,,,,2.220446049250313e-16,1.1102230246251565e-16
How do within-family activation hyperparameters tune the welfare-convergence tradeoff?,hyperparameter_root_power,a,0.8,brd,root_power,a,0.8,0.5,3,3,3,1.0,88,True,5,0.9978841145833334,0.8763555662605981,2.9371510857911787e-05,,,,,,0.0,2.220446049250313e-16
How do within-family activation hyperparameters tune the welfare-convergence tradeoff?,hyperparameter_root_power,a,0.8,brd,root_power,a,0.8,0.5,3,3,3,1.0,92,True,5,0.9972177061444568,0.8809920137132061,5.3644961798715585e-05,,,,,,2.220446049250313e-16,2.220446049250313e-16
How do within-family activation hyperparameters tune the welfare-convergence tradeoff?,hyperparameter_root_power,a,0.8,brd,root_power,a,0.8,0.5,3,3,3,1.0,95,True,3,0.99853515625,0.9168781929340573,8.82045369922646e-05,,,,,,2.220446049250313e-16,1.1102230246251565e-16
How do within-family activation hyperparameters tune the welfare-convergence tradeoff?,hyperparameter_root_power,a,0.8,brd,root_power,a,0.8,0.5,3,3,3,1.0,93,True,6,0.9956999918713446,0.773673196585222,5.4805798699264496e-05,,,,,,1.1102230246251565e-16,1.1102230246251565e-16
How do within-family activation hyperparameters tune the welfare-convergence tradeoff?,hyperparameter_root_power,a,0.8,brd,root_power,a,0.8,0.5,3,3,3,1.0,94,True,6,0.9959946074097952,0.8350525223789943,3.732453410509873e-05,,,,,,0.0,2.220446049250313e-16
How do within-family activation hyperparameters tune the welfare-convergence tradeoff?,hyperparameter_root_power,a,0.8,brd,root_power,a,0.8,0.5,3,3,3,1.0,96,True,5,0.9980539412032955,0.8704767724100527,2.0232345423254472e-05,,,,,,0.0,1.1102230246251565e-16
How do within-family activation hyperparameters tune the welfare-convergence tradeoff?,hyperparameter_root_power,a,0.9,brd,root_power,a,0.9,0.5,3,3,3,1.0,0,True,3,0.9986979166666666,0.7929655762430707,3.766557906542678e-05,,,,,,1.1102230246251565e-16,2.220446049250313e-16
How do within-family activation hyperparameters tune the welfare-convergence tradeoff?,hyperparameter_root_power,a,0.8,brd,root_power,a,0.8,0.5,3,3,3,1.0,97,True,5,0.9938151041666666,0.8058113719571945,9.006893285407047e-05,,,,,,1.1102230246251565e-16,1.1102230246251565e-16
How do within-family activation hyperparameters tune the welfare-convergence tradeoff?,hyperparameter_root_power,a,0.8,brd,root_power,a,0.8,0.5,3,3,3,1.0,98,True,4,0.9973525412884585,0.8762948352135181,2.901719170333994e-05,,,,,,2.220446049250313e-16,1.1102230246251565e-16
How do within-family activation hyperparameters tune the welfare-convergence tradeoff?,hyperparameter_root_power,a,0.9,brd,root_power,a,0.9,0.5,3,3,3,1.0,1,True,3,0.9990234375,0.8447197547495294,7.663335892044154e-05,,,,,,2.220446049250313e-16,2.220446049250313e-16
How do within-family activation hyperparameters tune the welfare-convergence tradeoff?,hyperparameter_root_power,a,0.8,brd,root_power,a,0.8,0.5,3,3,3,1.0,99,True,4,0.99853515625,0.9231717340327247,2.0644280091630662e-05,,,,,,1.1102230246251565e-16,2.220446049250313e-16
How do within-family activation hyperparameters tune the welfare-convergence tradeoff?,hyperparameter_root_power,a,0.9,brd,root_power,a,0.9,0.5,3,3,3,1.0,3,True,2,0.9996744791666666,0.9058890302060841,5.300312324829637e-05,,,,,,1.1102230246251565e-16,2.220446049250313e-16
How do within-family activation hyperparameters tune the welfare-convergence tradeoff?,hyperparameter_root_power,a,0.9,brd,root_power,a,0.9,0.5,3,3,3,1.0,2,True,3,0.99853515625,0.8366040211941607,7.542572970659078e-05,,,,,,1.1102230246251565e-16,1.1102230246251565e-16
How do within-family activation hyperparameters tune the welfare-convergence tradeoff?,hyperparameter_root_power,a,0.9,brd,root_power,a,0.9,0.5,3,3,3,1.0,4,True,3,0.9990234375,0.8372506630684692,6.492080175790615e-05,,,,,,1.1102230246251565e-16,0.0
How do within-family activation hyperparameters tune the welfare-convergence tradeoff?,hyperparameter_root_power,a,0.9,brd,root_power,a,0.9,0.5,3,3,3,1.0,5,True,2,0.9986979166666666,0.8042675165231112,9.210016931560094e-05,,,,,,0.0,2.220446049250313e-16
How do within-family activation hyperparameters tune the welfare-convergence tradeoff?,hyperparameter_root_power,a,0.9,brd,root_power,a,0.9,0.5,3,3,3,1.0,8,True,3,0.99853515625,0.8368974974074682,6.0587474399131924e-05,,,,,,0.0,0.0
How do within-family activation hyperparameters tune the welfare-convergence tradeoff?,hyperparameter_root_power,a,0.9,brd,root_power,a,0.9,0.5,3,3,3,1.0,7,True,3,0.99951171875,0.8770931967226754,2.408529714736929e-05,,,,,,1.1102230246251565e-16,1.1102230246251565e-16
How do within-family activation hyperparameters tune the welfare-convergence tradeoff?,hyperparameter_root_power,a,0.9,brd,root_power,a,0.9,0.5,3,3,3,1.0,9,True,3,0.9990234375,0.7868000763677122,6.749326855831628e-05,,,,,,0.0,1.1102230246251565e-16
How do within-family activation hyperparameters tune the welfare-convergence tradeoff?,hyperparameter_root_power,a,0.9,brd,root_power,a,0.9,0.5,3,3,3,1.0,6,True,3,0.9990234375,0.8094030907189715,-4.8679510357696465e-06,,,,,,1.1102230246251565e-16,0.0
How do within-family activation hyperparameters tune the welfare-convergence tradeoff?,hyperparameter_root_power,a,0.9,brd,root_power,a,0.9,0.5,3,3,3,1.0,10,True,3,0.9990234375,0.8469670587308066,2.6216787932520358e-05,,,,,,2.220446049250313e-16,1.1102230246251565e-16
How do within-family activation hyperparameters tune the welfare-convergence tradeoff?,hyperparameter_root_power,a,0.9,brd,root_power,a,0.9,0.5,3,3,3,1.0,11,True,3,0.99853515625,0.7864465378871524,8.025914263937173e-05,,,,,,0.0,2.220446049250313e-16
How do within-family activation hyperparameters tune the welfare-convergence tradeoff?,hyperparameter_root_power,a,0.9,brd,root_power,a,0.9,0.5,3,3,3,1.0,12,True,3,0.9990234375,0.8342869629835289,9.871213627737907e-05,,,,,,2.220446049250313e-16,1.1102230246251565e-16
How do within-family activation hyperparameters tune the welfare-convergence tradeoff?,hyperparameter_root_power,a,0.9,brd,root_power,a,0.9,0.5,3,3,3,1.0,14,True,1,0.9998372395833334,0.9188523084926635,7.93473227819752e-05,,,,,,0.0,2.220446049250313e-16
How do within-family activation hyperparameters tune the welfare-convergence tradeoff?,hyperparameter_root_power,a,0.9,brd,root_power,a,0.9,0.5,3,3,3,1.0,13,True,3,0.99951171875,0.817635917456843,6.29837134787925e-05,,,,,,2.220446049250313e-16,1.1102230246251565e-16
How do within-family activation hyperparameters tune the welfare-convergence tradeoff?,hyperparameter_root_power,a,0.9,brd,root_power,a,0.9,0.5,3,3,3,1.0,15,True,2,0.9991861979166666,0.8540768520481916,9.05837917538066e-05,,,,,,2.220446049250313e-16,1.1102230246251565e-16
How do within-family activation hyperparameters tune the welfare-convergence tradeoff?,hyperparameter_root_power,a,0.9,brd,root_power,a,0.9,0.5,3,3,3,1.0,16,True,3,0.99853515625,0.7905912623031807,8.41262012195032e-05,,,,,,0.0,2.220446049250313e-16
How do within-family activation hyperparameters tune the welfare-convergence tradeoff?,hyperparameter_root_power,a,0.9,brd,root_power,a,0.9,0.5,3,3,3,1.0,20,True,1,0.9993489583333334,0.8700163897748698,4.866380426832295e-05,,,,,,1.1102230246251565e-16,2.220446049250313e-16
How do within-family activation hyperparameters tune the welfare-convergence tradeoff?,hyperparameter_root_power,a,0.9,brd,root_power,a,0.9,0.5,3,3,3,1.0,17,True,3,0.9990234375,0.8352168587948402,9.056835710941069e-05,,,,,,2.220446049250313e-16,2.220446049250313e-16
How do within-family activation hyperparameters tune the welfare-convergence tradeoff?,hyperparameter_root_power,a,0.9,brd,root_power,a,0.9,0.5,3,3,3,1.0,18,True,3,0.99951171875,0.8583797463439017,-3.2271452626853048e-06,,,,,,1.1102230246251565e-16,1.1102230246251565e-16
How do within-family activation hyperparameters tune the welfare-convergence tradeoff?,hyperparameter_root_power,a,0.9,brd,root_power,a,0.9,0.5,3,3,3,1.0,19,True,2,0.9991861979166666,0.8932018557500879,7.94935147120368e-05,,,,,,1.1102230246251565e-16,0.0
How do within-family activation hyperparameters tune the welfare-convergence tradeoff?,hyperparameter_root_power,a,0.9,brd,root_power,a,0.9,0.5,3,3,3,1.0,22,True,2,0.9991861979166666,0.8829627522887032,8.573719631471688e-05,,,,,,1.1102230246251565e-16,0.0
How do within-family activation hyperparameters tune the welfare-convergence tradeoff?,hyperparameter_root_power,a,0.9,brd,root_power,a,0.9,0.5,3,3,3,1.0,21,True,3,0.9990234375,0.8407050502781045,7.902751387278695e-05,,,,,,1.1102230246251565e-16,1.1102230246251565e-16
How do within-family activation hyperparameters tune the welfare-convergence tradeoff?,hyperparameter_root_power,a,0.9,brd,root_power,a,0.9,0.5,3,3,3,1.0,24,True,2,0.9996744791666666,0.8963373534395109,7.125241079936062e-05,,,,,,2.220446049250313e-16,2.220446049250313e-16
How do within-family activation hyperparameters tune the welfare-convergence tradeoff?,hyperparameter_root_power,a,0.9,brd,root_power,a,0.9,0.5,3,3,3,1.0,23,True,3,0.99951171875,0.9143498987040898,2.2396618870990093e-05,,,,,,1.1102230246251565e-16,2.220446049250313e-16
How do within-family activation hyperparameters tune the welfare-convergence tradeoff?,hyperparameter_root_power,a,0.9,brd,root_power,a,0.9,0.5,3,3,3,1.0,25,True,3,0.998046875,0.7590820538647538,8.81643066446558e-05,,,,,,0.0,0.0
How do within-family activation hyperparameters tune the welfare-convergence tradeoff?,hyperparameter_root_power,a,0.9,brd,root_power,a,0.9,0.5,3,3,3,1.0,27,True,3,0.99853515625,0.8298595813490799,4.8767369966673524e-05,,,,,,1.1102230246251565e-16,2.220446049250313e-16
How do within-family activation hyperparameters tune the welfare-convergence tradeoff?,hyperparameter_root_power,a,0.9,brd,root_power,a,0.9,0.5,3,3,3,1.0,26,True,3,0.99951171875,0.879198129367419,2.2087833724204753e-05,,,,,,1.1102230246251565e-16,2.220446049250313e-16
How do within-family activation hyperparameters tune the welfare-convergence tradeoff?,hyperparameter_root_power,a,0.9,brd,root_power,a,0.9,0.5,3,3,3,1.0,29,True,4,0.998046875,0.8045882623891868,2.9017690240829008e-05,,,,,,0.0,2.220446049250313e-16
How do within-family activation hyperparameters tune the welfare-convergence tradeoff?,hyperparameter_root_power,a,0.9,brd,root_power,a,0.9,0.5,3,3,3,1.0,30,True,3,0.9990234375,0.8785508200860456,2.2771221696749055e-05,,,,,,0.0,1.1102230246251565e-16
How do within-family activation hyperparameters tune the welfare-convergence tradeoff?,hyperparameter_root_power,a,0.9,brd,root_power,a,0.9,0.5,3,3,3,1.0,28,True,4,0.9978841145833334,0.8026740335530539,6.225383998914591e-05,,,,,,0.0,2.220446049250313e-16
How do within-family activation hyperparameters tune the welfare-convergence tradeoff?,hyperparameter_root_power,a,0.9,brd,root_power,a,0.9,0.5,3,3,3,1.0,31,True,3,0.99951171875,0.8339555023417998,6.443974688702392e-05,,,,,,1.1102230246251565e-16,1.1102230246251565e-16
How do within-family activation hyperparameters tune the welfare-convergence tradeoff?,hyperparameter_root_power,a,0.9,brd,root_power,a,0.9,0.5,3,3,3,1.0,32,True,3,0.99951171875,0.868903254611971,8.468050777138414e-05,,,,,,0.0,1.1102230246251565e-16
How do within-family activation hyperparameters tune the welfare-convergence tradeoff?,hyperparameter_root_power,a,0.9,brd,root_power,a,0.9,0.5,3,3,3,1.0,33,True,2,0.9991861979166666,0.8517165444414552,8.363490028284737e-05,,,,,,0.0,1.1102230246251565e-16
How do within-family activation hyperparameters tune the welfare-convergence tradeoff?,hyperparameter_root_power,a,0.9,brd,root_power,a,0.9,0.5,3,3,3,1.0,35,True,3,0.99853515625,0.7527507545487566,7.631573308042316e-05,,,,,,0.0,0.0
How do within-family activation hyperparameters tune the welfare-convergence tradeoff?,hyperparameter_root_power,a,0.9,brd,root_power,a,0.9,0.5,3,3,3,1.0,34,True,3,0.9986475584184963,0.8161969839730606,5.730463138359232e-05,,,,,,1.1102230246251565e-16,1.1102230246251565e-16
How do within-family activation hyperparameters tune the welfare-convergence tradeoff?,hyperparameter_root_power,a,0.9,brd,root_power,a,0.9,0.5,3,3,3,1.0,39,True,2,0.9996744791666666,0.884712492284044,4.283249089848118e-05,,,,,,2.220446049250313e-16,1.1102230246251565e-16
How do within-family activation hyperparameters tune the welfare-convergence tradeoff?,hyperparameter_root_power,a,0.9,brd,root_power,a,0.9,0.5,3,3,3,1.0,36,True,2,0.9996744791666666,0.8895765388858639,6.039633377724618e-05,,,,,,2.220446049250313e-16,2.220446049250313e-16
How do within-family activation hyperparameters tune the welfare-convergence tradeoff?,hyperparameter_root_power,a,0.9,brd,root_power,a,0.9,0.5,3,3,3,1.0,37,True,4,0.9979965167518297,0.7663848191545916,6.589497177678094e-05,,,,,,2.220446049250313e-16,1.1102230246251565e-16
How do within-family activation hyperparameters tune the welfare-convergence tradeoff?,hyperparameter_root_power,a,0.9,brd,root_power,a,0.9,0.5,3,3,3,1.0,38,True,2,0.9996744791666666,0.9056136261106807,6.584350443467057e-05,,,,,,2.220446049250313e-16,2.220446049250313e-16
How do within-family activation hyperparameters tune the welfare-convergence tradeoff?,hyperparameter_root_power,a,0.9,brd,root_power,a,0.9,0.5,3,3,3,1.0,40,True,4,0.9977213541666666,0.7823931356579551,4.675722872954369e-05,,,,,,2.220446049250313e-16,1.1102230246251565e-16
How do within-family activation hyperparameters tune the welfare-convergence tradeoff?,hyperparameter_root_power,a,0.9,brd,root_power,a,0.9,0.5,3,3,3,1.0,41,True,1,0.9998372395833334,0.8879630131406908,7.146876912150768e-05,,,,,,2.220446049250313e-16,2.220446049250313e-16
How do within-family activation hyperparameters tune the welfare-convergence tradeoff?,hyperparameter_root_power,a,0.9,brd,root_power,a,0.9,0.5,3,3,3,1.0,42,True,3,0.9990234375,0.8339636543928576,4.459121341610084e-05,,,,,,2.220446049250313e-16,1.1102230246251565e-16
How do within-family activation hyperparameters tune the welfare-convergence tradeoff?,hyperparameter_root_power,a,0.9,brd,root_power,a,0.9,0.5,3,3,3,1.0,45,True,1,0.9998372395833334,0.9527328083556424,4.973692690463105e-05,,,,,,2.220446049250313e-16,2.220446049250313e-16
How do within-family activation hyperparameters tune the welfare-convergence tradeoff?,hyperparameter_root_power,a,0.9,brd,root_power,a,0.9,0.5,3,3,3,1.0,44,True,3,0.998046875,0.7631275296632163,7.803182346743931e-05,,,,,,2.220446049250313e-16,2.220446049250313e-16
How do within-family activation hyperparameters tune the welfare-convergence tradeoff?,hyperparameter_root_power,a,0.9,brd,root_power,a,0.9,0.5,3,3,3,1.0,43,True,4,0.9975082355018297,0.7528654613613774,5.938468420774168e-05,,,,,,2.220446049250313e-16,1.1102230246251565e-16
How do within-family activation hyperparameters tune the welfare-convergence tradeoff?,hyperparameter_root_power,a,0.9,brd,root_power,a,0.9,0.5,3,3,3,1.0,47,True,2,0.9996744791666666,0.9056132786615728,9.172144764119095e-05,,,,,,1.1102230246251565e-16,1.1102230246251565e-16
How do within-family activation hyperparameters tune the welfare-convergence tradeoff?,hyperparameter_root_power,a,0.9,brd,root_power,a,0.9,0.5,3,3,3,1.0,46,True,2,0.9991861979166666,0.8479359629310467,9.847933826506727e-05,,,,,,0.0,2.220446049250313e-16
How do within-family activation hyperparameters tune the welfare-convergence tradeoff?,hyperparameter_root_power,a,0.9,brd,root_power,a,0.9,0.5,3,3,3,1.0,48,True,2,0.9991861979166666,0.8717247119195185,6.851636815913276e-05,,,,,,1.1102230246251565e-16,1.1102230246251565e-16
How do within-family activation hyperparameters tune the welfare-convergence tradeoff?,hyperparameter_root_power,a,0.9,brd,root_power,a,0.9,0.5,3,3,3,1.0,49,True,2,0.9991861979166666,0.8280474226969087,7.964620118627863e-05,,,,,,2.220446049250313e-16,0.0
How do within-family activation hyperparameters tune the welfare-convergence tradeoff?,hyperparameter_root_power,a,0.9,brd,root_power,a,0.9,0.5,3,3,3,1.0,50,True,3,0.99951171875,0.8223672807960832,7.089974316948355e-05,,,,,,2.220446049250313e-16,2.220446049250313e-16
How do within-family activation hyperparameters tune the welfare-convergence tradeoff?,hyperparameter_root_power,a,0.9,brd,root_power,a,0.9,0.5,3,3,3,1.0,53,True,3,0.9990234375,0.838093557960064,6.339561469503874e-05,,,,,,1.1102230246251565e-16,2.220446049250313e-16
How do within-family activation hyperparameters tune the welfare-convergence tradeoff?,hyperparameter_root_power,a,0.9,brd,root_power,a,0.9,0.5,3,3,3,1.0,51,True,2,0.9996744791666666,0.8553755275762681,6.408846429306614e-05,,,,,,0.0,1.1102230246251565e-16
How do within-family activation hyperparameters tune the welfare-convergence tradeoff?,hyperparameter_root_power,a,0.9,brd,root_power,a,0.9,0.5,3,3,3,1.0,52,True,2,0.9991861979166666,0.8213933142389301,6.852997421030738e-05,,,,,,2.220446049250313e-16,0.0
How do within-family activation hyperparameters tune the welfare-convergence tradeoff?,hyperparameter_root_power,a,0.9,brd,root_power,a,0.9,0.5,3,3,3,1.0,54,True,3,0.9990234375,0.8339777432010677,7.890599749038607e-05,,,,,,1.1102230246251565e-16,0.0
How do within-family activation hyperparameters tune the welfare-convergence tradeoff?,hyperparameter_root_power,a,0.9,brd,root_power,a,0.9,0.5,3,3,3,1.0,55,True,3,0.99951171875,0.8338004862284133,7.974856950621056e-05,,,,,,1.1102230246251565e-16,1.1102230246251565e-16
How do within-family activation hyperparameters tune the welfare-convergence tradeoff?,hyperparameter_root_power,a,0.9,brd,root_power,a,0.9,0.5,3,3,3,1.0,56,True,2,0.9996744791666666,0.8852078620749729,3.9165137943220074e-05,,,,,,0.0,2.220446049250313e-16
How do within-family activation hyperparameters tune the welfare-convergence tradeoff?,hyperparameter_root_power,a,0.9,brd,root_power,a,0.9,0.5,3,3,3,1.0,57,True,3,0.99951171875,0.8736516712053918,7.55278900493872e-06,,,,,,2.220446049250313e-16,0.0
How do within-family activation hyperparameters tune the welfare-convergence tradeoff?,hyperparameter_root_power,a,0.9,brd,root_power,a,0.9,0.5,3,3,3,1.0,58,True,3,0.99853515625,0.8120701150345973,8.755811472793695e-05,,,,,,1.1102230246251565e-16,2.220446049250313e-16
How do within-family activation hyperparameters tune the welfare-convergence tradeoff?,hyperparameter_root_power,a,0.9,brd,root_power,a,0.9,0.5,3,3,3,1.0,59,True,3,0.9990234375,0.7921604681494839,7.336956279729856e-05,,,,,,0.0,0.0
How do within-family activation hyperparameters tune the welfare-convergence tradeoff?,hyperparameter_root_power,a,0.9,brd,root_power,a,0.9,0.5,3,3,3,1.0,63,True,1,0.9998372395833334,0.9026698816393891,6.048701873845319e-05,,,,,,1.1102230246251565e-16,2.220446049250313e-16
How do within-family activation hyperparameters tune the welfare-convergence tradeoff?,hyperparameter_root_power,a,0.9,brd,root_power,a,0.9,0.5,3,3,3,1.0,60,True,4,0.999236556164837,0.8544857780676622,5.9691994922894676e-05,,,,,,1.1102230246251565e-16,2.220446049250313e-16
How do within-family activation hyperparameters tune the welfare-convergence tradeoff?,hyperparameter_root_power,a,0.9,brd,root_power,a,0.9,0.5,3,3,3,1.0,61,True,3,0.9990234375,0.8685401936526276,1.8701214168248548e-05,,,,,,1.1102230246251565e-16,1.1102230246251565e-16
How do within-family activation hyperparameters tune the welfare-convergence tradeoff?,hyperparameter_root_power,a,0.9,brd,root_power,a,0.9,0.5,3,3,3,1.0,62,True,4,0.9981011284722222,0.8257893119023608,8.593034458820314e-05,,,,,,1.1102230246251565e-16,0.0
How do within-family activation hyperparameters tune the welfare-convergence tradeoff?,hyperparameter_root_power,a,0.9,brd,root_power,a,0.9,0.5,3,3,3,1.0,64,True,3,0.998046875,0.7260096794729402,7.959309884275623e-05,,,,,,0.0,2.220446049250313e-16
How do within-family activation hyperparameters tune the welfare-convergence tradeoff?,hyperparameter_root_power,a,0.9,brd,root_power,a,0.9,0.5,3,3,3,1.0,65,True,3,0.9990234375,0.819220963223764,4.8437428718406395e-05,,,,,,2.220446049250313e-16,2.220446049250313e-16
How do within-family activation hyperparameters tune the welfare-convergence tradeoff?,hyperparameter_root_power,a,0.9,brd,root_power,a,0.9,0.5,3,3,3,1.0,66,True,3,0.99951171875,0.8558664297320228,5.129091997801982e-05,,,,,,1.1102230246251565e-16,2.220446049250313e-16
How do within-family activation hyperparameters tune the welfare-convergence tradeoff?,hyperparameter_root_power,a,0.9,brd,root_power,a,0.9,0.5,3,3,3,1.0,68,True,2,0.9991861979166666,0.8498761335944122,9.81350889145971e-05,,,,,,2.220446049250313e-16,1.1102230246251565e-16
How do within-family activation hyperparameters tune the welfare-convergence tradeoff?,hyperparameter_root_power,a,0.9,brd,root_power,a,0.9,0.5,3,3,3,1.0,69,True,3,0.9990234375,0.8706223098768481,5.5403974821954804e-05,,,,,,1.1102230246251565e-16,2.220446049250313e-16
How do within-family activation hyperparameters tune the welfare-convergence tradeoff?,hyperparameter_root_power,a,0.9,brd,root_power,a,0.9,0.5,3,3,3,1.0,67,True,3,0.9990234375,0.8286763537303418,5.188759956431532e-05,,,,,,2.220446049250313e-16,1.1102230246251565e-16
How do within-family activation hyperparameters tune the welfare-convergence tradeoff?,hyperparameter_root_power,a,0.9,brd,root_power,a,0.9,0.5,3,3,3,1.0,70,True,3,0.9990234375,0.8276754434910417,8.585790422238615e-05,,,,,,1.1102230246251565e-16,2.220446049250313e-16
How do within-family activation hyperparameters tune the welfare-convergence tradeoff?,hyperparameter_root_power,a,0.9,brd,root_power,a,0.9,0.5,3,3,3,1.0,73,True,2,0.9986979166666666,0.8332809291924299,7.795895526968577e-05,,,,,,2.220446049250313e-16,2.220446049250313e-16
How do within-family activation hyperparameters tune the welfare-convergence tradeoff?,hyperparameter_root_power,a,0.9,brd,root_power,a,0.9,0.5,3,3,3,1.0,71,True,2,0.9991861979166666,0.8467543493516118,8.223203496748877e-05,,,,,,2.220446049250313e-16,1.1102230246251565e-16
How do within-family activation hyperparameters tune the welfare-convergence tradeoff?,hyperparameter_root_power,a,0.9,brd,root_power,a,0.9,0.5,3,3,3,1.0,72,True,3,0.99853515625,0.8382052693846651,7.753553542028113e-05,,,,,,2.220446049250313e-16,1.1102230246251565e-16
How do within-family activation hyperparameters tune the welfare-convergence tradeoff?,hyperparameter_root_power,a,0.9,brd,root_power,a,0.9,0.5,3,3,3,1.0,74,True,3,0.99951171875,0.8613177791168859,3.6486130566115715e-05,,,,,,1.1102230246251565e-16,2.220446049250313e-16
How do within-family activation hyperparameters tune the welfare-convergence tradeoff?,hyperparameter_root_power,a,0.9,brd,root_power,a,0.9,0.5,3,3,3,1.0,75,True,3,0.99853515625,0.8036594341679226,5.5194732318242234e-05,,,,,,0.0,2.220446049250313e-16
How do within-family activation hyperparameters tune the welfare-convergence tradeoff?,hyperparameter_root_power,a,0.9,brd,root_power,a,0.9,0.5,3,3,3,1.0,78,True,2,0.9996744791666666,0.8791252745893003,5.1030013535402485e-05,,,,,,1.1102230246251565e-16,1.1102230246251565e-16
How do within-family activation hyperparameters tune the welfare-convergence tradeoff?,hyperparameter_root_power,a,0.9,brd,root_power,a,0.9,0.5,3,3,3,1.0,80,True,2,0.9991861979166666,0.8702007883346728,9.957111621416992e-05,,,,,,2.220446049250313e-16,1.1102230246251565e-16
How do within-family activation hyperparameters tune the welfare-convergence tradeoff?,hyperparameter_root_power,a,0.9,brd,root_power,a,0.9,0.5,3,3,3,1.0,77,True,3,0.99951171875,0.8550044171768837,6.612297645952614e-05,,,,,,2.220446049250313e-16,1.1102230246251565e-16
How do within-family activation hyperparameters tune the welfare-convergence tradeoff?,hyperparameter_root_power,a,0.9,brd,root_power,a,0.9,0.5,3,3,3,1.0,79,True,3,0.998046875,0.7610193361012069,8.370132602181224e-05,,,,,,2.220446049250313e-16,1.1102230246251565e-16
How do within-family activation hyperparameters tune the welfare-convergence tradeoff?,hyperparameter_root_power,a,0.9,brd,root_power,a,0.9,0.5,3,3,3,1.0,76,True,5,0.9973196570064163,0.7756913961735258,8.47465794007185e-06,,,,,,0.0,2.220446049250313e-16
How do within-family activation hyperparameters tune the welfare-convergence tradeoff?,hyperparameter_root_power,a,0.9,brd,root_power,a,0.9,0.5,3,3,3,1.0,81,True,3,0.99853515625,0.8035496476345556,3.7042388573993446e-05,,,,,,0.0,1.1102230246251565e-16
How do within-family activation hyperparameters tune the welfare-convergence tradeoff?,hyperparameter_root_power,a,0.9,brd,root_power,a,0.9,0.5,3,3,3,1.0,82,True,4,0.9978841145833334,0.7684734674671608,4.855991192220799e-05,,,,,,1.1102230246251565e-16,0.0
How do within-family activation hyperparameters tune the welfare-convergence tradeoff?,hyperparameter_root_power,a,0.9,brd,root_power,a,0.9,0.5,3,3,3,1.0,86,True,1,0.9993489583333334,0.8790727308701918,8.55657253427955e-05,,,,,,2.220446049250313e-16,1.1102230246251565e-16
How do within-family activation hyperparameters tune the welfare-convergence tradeoff?,hyperparameter_root_power,a,0.9,brd,root_power,a,0.9,0.5,3,3,3,1.0,85,True,2,0.9996744791666666,0.8515333741405104,4.30978079074551e-05,,,,,,2.220446049250313e-16,0.0
How do within-family activation hyperparameters tune the welfare-convergence tradeoff?,hyperparameter_root_power,a,0.9,brd,root_power,a,0.9,0.5,3,3,3,1.0,83,True,3,0.99951171875,0.9127582104772403,2.5879982529342094e-05,,,,,,2.220446049250313e-16,2.220446049250313e-16
How do within-family activation hyperparameters tune the welfare-convergence tradeoff?,hyperparameter_root_power,a,0.9,brd,root_power,a,0.9,0.5,3,3,3,1.0,84,True,2,0.9991861979166666,0.9251067168342963,7.351435068858603e-05,,,,,,0.0,2.220446049250313e-16
How do within-family activation hyperparameters tune the welfare-convergence tradeoff?,hyperparameter_root_power,a,0.9,brd,root_power,a,0.9,0.5,3,3,3,1.0,88,True,2,0.9991861979166666,0.8666051054602892,7.5276563714477e-05,,,,,,0.0,2.220446049250313e-16
How do within-family activation hyperparameters tune the welfare-convergence tradeoff?,hyperparameter_root_power,a,0.9,brd,root_power,a,0.9,0.5,3,3,3,1.0,87,True,2,0.9996744791666666,0.8543588613370651,6.285325181337731e-05,,,,,,2.220446049250313e-16,2.220446049250313e-16
How do within-family activation hyperparameters tune the welfare-convergence tradeoff?,hyperparameter_root_power,a,0.9,brd,root_power,a,0.9,0.5,3,3,3,1.0,89,True,2,0.9996744791666666,0.8561586608666866,7.588232619110125e-05,,,,,,2.220446049250313e-16,2.220446049250313e-16
How do within-family activation hyperparameters tune the welfare-convergence tradeoff?,hyperparameter_root_power,a,0.9,brd,root_power,a,0.9,0.5,3,3,3,1.0,90,True,2,0.9996744791666666,0.8643620493373335,5.37640146484053e-05,,,,,,1.1102230246251565e-16,2.220446049250313e-16
How do within-family activation hyperparameters tune the welfare-convergence tradeoff?,hyperparameter_root_power,a,0.9,brd,root_power,a,0.9,0.5,3,3,3,1.0,92,True,2,0.9991861979166666,0.8671786349776988,9.871658061960664e-05,,,,,,1.1102230246251565e-16,1.1102230246251565e-16
How do within-family activation hyperparameters tune the welfare-convergence tradeoff?,hyperparameter_root_power,a,0.9,brd,root_power,a,0.9,0.5,3,3,3,1.0,91,True,3,0.99951171875,0.8237838940413909,4.041977126045815e-05,,,,,,2.220446049250313e-16,0.0
How do within-family activation hyperparameters tune the welfare-convergence tradeoff?,hyperparameter_root_power,a,0.9,brd,root_power,a,0.9,0.5,3,3,3,1.0,94,True,3,0.99853515625,0.8196039904766842,6.82202494101114e-05,,,,,,2.220446049250313e-16,0.0
How do within-family activation hyperparameters tune the welfare-convergence tradeoff?,hyperparameter_root_power,a,0.9,brd,root_power,a,0.9,0.5,3,3,3,1.0,93,True,3,0.998046875,0.7617840930360704,9.88785262271974e-05,,,,,,0.0,1.1102230246251565e-16
How do within-family activation hyperparameters tune the welfare-convergence tradeoff?,hyperparameter_root_power,a,0.9,brd,root_power,a,0.9,0.5,3,3,3,1.0,95,True,2,0.9996744791666666,0.9090810963927191,3.501922804455271e-05,,,,,,2.220446049250313e-16,0.0
How do within-family activation hyperparameters tune the welfare-convergence tradeoff?,hyperparameter_root_power,a,0.9,brd,root_power,a,0.9,0.5,3,3,3,1.0,96,True,2,0.9991861979166666,0.8617192638577298,7.270489697175364e-05,,,,,,0.0,2.220446049250313e-16
How do within-family activation hyperparameters tune the welfare-convergence tradeoff?,hyperparameter_root_power,a,0.9,brd,root_power,a,0.9,0.5,3,3,3,1.0,97,True,3,0.99853515625,0.7808474827560254,5.830189900551952e-05,,,,,,0.0,2.220446049250313e-16
How do within-family activation hyperparameters tune the welfare-convergence tradeoff?,hyperparameter_root_power,a,0.9,brd,root_power,a,0.9,0.5,3,3,3,1.0,98,True,3,0.9990234375,0.8664789610282404,5.2793018913754874e-05,,,,,,1.1102230246251565e-16,0.0
How do within-family activation hyperparameters tune the welfare-convergence tradeoff?,hyperparameter_root_power,a,0.9,brd,root_power,a,0.9,0.5,3,3,3,1.0,99,True,1,0.9998372395833334,0.9124599012447501,6.510262667203115e-05,,,,,,0.0,2.220446049250313e-16
How do within-family activation hyperparameters tune the welfare-convergence tradeoff?,hyperparameter_shifted_linear,b,1.00001,brd,shifted_linear,b,1.00001,0.5,3,3,3,1.0,3,True,7,0.9872722082989813,0.9345883552624912,9.44648864853459e-05,,,,,,0.0,0.0
How do within-family activation hyperparameters tune the welfare-convergence tradeoff?,hyperparameter_shifted_linear,b,1.00001,brd,shifted_linear,b,1.00001,0.5,3,3,3,1.0,0,True,8,0.9740859816483499,0.850098059411899,3.985763406189058e-05,,,,,,1.1102230246251565e-16,0.0
How do within-family activation hyperparameters tune the welfare-convergence tradeoff?,hyperparameter_shifted_linear,b,1.00001,brd,shifted_linear,b,1.00001,0.5,3,3,3,1.0,1,True,8,0.9703255629281498,0.9116081634615121,5.802235152846391e-05,,,,,,2.220446049250313e-16,2.220446049250313e-16
How do within-family activation hyperparameters tune the welfare-convergence tradeoff?,hyperparameter_shifted_linear,b,1.00001,brd,shifted_linear,b,1.00001,0.5,3,3,3,1.0,2,True,8,0.963343696859507,0.914888031754101,3.133747699857192e-05,,,,,,1.1102230246251565e-16,1.1102230246251565e-16
How do within-family activation hyperparameters tune the welfare-convergence tradeoff?,hyperparameter_shifted_linear,b,1.00001,brd,shifted_linear,b,1.00001,0.5,3,3,3,1.0,4,True,8,0.96290863621432,0.9206292892373963,9.862503734470174e-05,,,,,,1.1102230246251565e-16,2.220446049250313e-16
How do within-family activation hyperparameters tune the welfare-convergence tradeoff?,hyperparameter_shifted_linear,b,1.00001,brd,shifted_linear,b,1.00001,0.5,3,3,3,1.0,6,True,5,0.9832977210036593,0.847790418233998,6.581464217142452e-05,,,,,,1.1102230246251565e-16,1.1102230246251565e-16
How do within-family activation hyperparameters tune the welfare-convergence tradeoff?,hyperparameter_shifted_linear,b,1.00001,brd,shifted_linear,b,1.00001,0.5,3,3,3,1.0,5,True,8,0.9604786608083377,0.8863662359715896,4.88350332451537e-05,,,,,,1.1102230246251565e-16,0.0
How do within-family activation hyperparameters tune the welfare-convergence tradeoff?,hyperparameter_shifted_linear,b,1.00001,brd,shifted_linear,b,1.00001,0.5,3,3,3,1.0,7,True,8,0.9781733851933881,0.9235153505353887,8.317400193791347e-05,,,,,,0.0,2.220446049250313e-16
How do within-family activation hyperparameters tune the welfare-convergence tradeoff?,hyperparameter_shifted_linear,b,1.00001,brd,shifted_linear,b,1.00001,0.5,3,3,3,1.0,10,True,8,0.9743539635570239,0.9050185365572953,7.688950789214166e-05,,,,,,2.220446049250313e-16,2.220446049250313e-16
How do within-family activation hyperparameters tune the welfare-convergence tradeoff?,hyperparameter_shifted_linear,b,1.00001,brd,shifted_linear,b,1.00001,0.5,3,3,3,1.0,13,True,6,0.972408074318696,0.8785747304687018,6.0976464107964645e-05,,,,,,1.1102230246251565e-16,0.0
How do within-family activation hyperparameters tune the welfare-convergence tradeoff?,hyperparameter_shifted_linear,b,1.00001,brd,shifted_linear,b,1.00001,0.5,3,3,3,1.0,9,True,7,0.9671075363916943,0.8592316643397916,8.515826389882131e-05,,,,,,1.1102230246251565e-16,1.1102230246251565e-16
How do within-family activation hyperparameters tune the welfare-convergence tradeoff?,hyperparameter_shifted_linear,b,1.00001,brd,shifted_linear,b,1.00001,0.5,3,3,3,1.0,8,True,9,0.9587923181149189,0.9206617109353351,5.4594671370644665e-05,,,,,,2.220446049250313e-16,0.0
How do within-family activation hyperparameters tune the welfare-convergence tradeoff?,hyperparameter_shifted_linear,b,1.00001,brd,shifted_linear,b,1.00001,0.5,3,3,3,1.0,12,True,7,0.9716389973958334,0.8994273724512577,7.405758188960831e-05,,,,,,2.220446049250313e-16,1.1102230246251565e-16
How do within-family activation hyperparameters tune the welfare-convergence tradeoff?,hyperparameter_shifted_linear,b,1.00001,brd,shifted_linear,b,1.00001,0.5,3,3,3,1.0,14,True,7,0.9892396142890636,0.9448407692542089,5.188837721414874e-05,,,,,,2.220446049250313e-16,2.220446049250313e-16
How do within-family activation hyperparameters tune the welfare-convergence tradeoff?,hyperparameter_shifted_linear,b,1.00001,brd,shifted_linear,b,1.00001,0.5,3,3,3,1.0,11,True,9,0.9482557466696279,0.8995463301834938,8.134848619040236e-05,,,,,,1.1102230246251565e-16,2.220446049250313e-16
How do within-family activation hyperparameters tune the welfare-convergence tradeoff?,hyperparameter_shifted_linear,b,1.00001,brd,shifted_linear,b,1.00001,0.5,3,3,3,1.0,15,True,6,0.9773301187237192,0.9025862638908463,8.42233758651667e-05,,,,,,1.1102230246251565e-16,0.0
How do within-family activation hyperparameters tune the welfare-convergence tradeoff?,hyperparameter_shifted_linear,b,1.00001,brd,shifted_linear,b,1.00001,0.5,3,3,3,1.0,19,True,7,0.9775344661981118,0.9402506130000386,7.903369426381923e-05,,,,,,0.0,2.220446049250313e-16
How do within-family activation hyperparameters tune the welfare-convergence tradeoff?,hyperparameter_shifted_linear,b,1.00001,brd,shifted_linear,b,1.00001,0.5,3,3,3,1.0,20,True,7,0.9780096346951814,0.9184896591922266,7.791633571174739e-05,,,,,,2.220446049250313e-16,0.0
How do within-family activation hyperparameters tune the welfare-convergence tradeoff?,hyperparameter_shifted_linear,b,1.00001,brd,shifted_linear,b,1.00001,0.5,3,3,3,1.0,18,True,8,0.9809556135084248,0.8987466439565436,2.7769158779666903e-05,,,,,,0.0,2.220446049250313e-16
How do within-family activation hyperparameters tune the welfare-convergence tradeoff?,hyperparameter_shifted_linear,b,1.00001,brd,shifted_linear,b,1.00001,0.5,3,3,3,1.0,17,True,8,0.9646415090373582,0.9135918967517999,1.5822506866491892e-05,,,,,,0.0,1.1102230246251565e-16
How do within-family activation hyperparameters tune the welfare-convergence tradeoff?,hyperparameter_shifted_linear,b,1.00001,brd,shifted_linear,b,1.00001,0.5,3,3,3,1.0,16,True,8,0.9664108841524764,0.858298580522205,3.1156763057871295e-05,,,,,,1.1102230246251565e-16,1.1102230246251565e-16
How do within-family activation hyperparameters tune the welfare-convergence tradeoff?,hyperparameter_shifted_linear,b,1.00001,brd,shifted_linear,b,1.00001,0.5,3,3,3,1.0,21,True,7,0.9655346618992593,0.9156353108315205,6.88816473930487e-05,,,,,,1.1102230246251565e-16,2.220446049250313e-16
How do within-family activation hyperparameters tune the welfare-convergence tradeoff?,hyperparameter_shifted_linear,b,1.00001,brd,shifted_linear,b,1.00001,0.5,3,3,3,1.0,22,True,8,0.9702022467085522,0.9473442516430235,1.692737212416473e-05,,,,,,1.1102230246251565e-16,1.1102230246251565e-16
How do within-family activation hyperparameters tune the welfare-convergence tradeoff?,hyperparameter_shifted_linear,b,1.00001,brd,shifted_linear,b,1.00001,0.5,3,3,3,1.0,23,True,9,0.9820788955745592,0.9533331082358969,1.2852826223652691e-05,,,,,,2.220446049250313e-16,1.1102230246251565e-16
How do within-family activation hyperparameters tune the welfare-convergence tradeoff?,hyperparameter_shifted_linear,b,1.00001,brd,shifted_linear,b,1.00001,0.5,3,3,3,1.0,24,True,7,0.9875113167930283,0.9262384117444705,6.157671568329803e-05,,,,,,1.1102230246251565e-16,0.0
How do within-family activation hyperparameters tune the welfare-convergence tradeoff?,hyperparameter_shifted_linear,b,1.00001,brd,shifted_linear,b,1.00001,0.5,3,3,3,1.0,26,True,8,0.9850874702145133,0.9110457183733441,6.870134060588118e-05,,,,,,0.0,2.220446049250313e-16
How do within-family activation hyperparameters tune the welfare-convergence tradeoff?,hyperparameter_shifted_linear,b,1.00001,brd,shifted_linear,b,1.00001,0.5,3,3,3,1.0,25,True,8,0.9443551023772936,0.8737856579386006,7.265887877710986e-05,,,,,,2.220446049250313e-16,0.0
How do within-family activation hyperparameters tune the welfare-convergence tradeoff?,hyperparameter_shifted_linear,b,1.00001,brd,shifted_linear,b,1.00001,0.5,3,3,3,1.0,29,True,8,0.9588571629292585,0.8888147546808103,7.491714372898084e-05,,,,,,1.1102230246251565e-16,1.1102230246251565e-16
How do within-family activation hyperparameters tune the welfare-convergence tradeoff?,hyperparameter_shifted_linear,b,1.00001,brd,shifted_linear,b,1.00001,0.5,3,3,3,1.0,30,True,8,0.9719621304124563,0.9395572516127403,6.371612792188674e-05,,,,,,2.220446049250313e-16,1.1102230246251565e-16
How do within-family activation hyperparameters tune the welfare-convergence tradeoff?,hyperparameter_shifted_linear,b,1.00001,brd,shifted_linear,b,1.00001,0.5,3,3,3,1.0,27,True,9,0.9617587427474785,0.9101873580923936,2.3257190589265342e-05,,,,,,2.220446049250313e-16,0.0
How do within-family activation hyperparameters tune the welfare-convergence tradeoff?,hyperparameter_shifted_linear,b,1.00001,brd,shifted_linear,b,1.00001,0.5,3,3,3,1.0,28,True,9,0.9525518204408366,0.9008867895295998,1.1156191108585567e-05,,,,,,2.220446049250313e-16,2.220446049250313e-16
How do within-family activation hyperparameters tune the welfare-convergence tradeoff?,hyperparameter_shifted_linear,b,1.00001,brd,shifted_linear,b,1.00001,0.5,3,3,3,1.0,31,True,8,0.9703332295451141,0.9023906083630585,5.727959017509665e-05,,,,,,0.0,2.220446049250313e-16
How do within-family activation hyperparameters tune the welfare-convergence tradeoff?,hyperparameter_shifted_linear,b,1.00001,brd,shifted_linear,b,1.00001,0.5,3,3,3,1.0,34,True,7,0.9694851638598422,0.8817890549431123,5.412830492479426e-05,,,,,,1.1102230246251565e-16,2.220446049250313e-16
How do within-family activation hyperparameters tune the welfare-convergence tradeoff?,hyperparameter_shifted_linear,b,1.00001,brd,shifted_linear,b,1.00001,0.5,3,3,3,1.0,32,True,7,0.97260039945467,0.9295486594530163,6.16243776299652e-05,,,,,,2.220446049250313e-16,2.220446049250313e-16
How do within-family activation hyperparameters tune the welfare-convergence tradeoff?,hyperparameter_shifted_linear,b,1.00001,brd,shifted_linear,b,1.00001,0.5,3,3,3,1.0,33,True,9,0.9717965923704123,0.9145303126323906,7.508820275808903e-05,,,,,,2.220446049250313e-16,1.1102230246251565e-16
How do within-family activation hyperparameters tune the welfare-convergence tradeoff?,hyperparameter_shifted_linear,b,1.00001,brd,shifted_linear,b,1.00001,0.5,3,3,3,1.0,35,True,9,0.9644775390625,0.835032359496578,5.957071513934542e-05,,,,,,2.220446049250313e-16,1.1102230246251565e-16
How do within-family activation hyperparameters tune the welfare-convergence tradeoff?,hyperparameter_shifted_linear,b,1.00001,brd,shifted_linear,b,1.00001,0.5,3,3,3,1.0,38,True,8,0.9816818025091484,0.9467342308864763,9.629784671688624e-05,,,,,,0.0,2.220446049250313e-16
How do within-family activation hyperparameters tune the welfare-convergence tradeoff?,hyperparameter_shifted_linear,b,1.00001,brd,shifted_linear,b,1.00001,0.5,3,3,3,1.0,37,True,10,0.9416154776392128,0.887532296976932,4.99986960989518e-05,,,,,,0.0,1.1102230246251565e-16
How do within-family activation hyperparameters tune the welfare-convergence tradeoff?,hyperparameter_shifted_linear,b,1.00001,brd,shifted_linear,b,1.00001,0.5,3,3,3,1.0,36,True,8,0.9842392264871923,0.9271219679411953,5.474696485219255e-05,,,,,,1.1102230246251565e-16,2.220446049250313e-16
How do within-family activation hyperparameters tune the welfare-convergence tradeoff?,hyperparameter_shifted_linear,b,1.00001,brd,shifted_linear,b,1.00001,0.5,3,3,3,1.0,39,True,7,0.9847792991009585,0.9199803967559891,2.6382239231903526e-05,,,,,,1.1102230246251565e-16,2.220446049250313e-16
How do within-family activation hyperparameters tune the welfare-convergence tradeoff?,hyperparameter_shifted_linear,b,1.00001,brd,shifted_linear,b,1.00001,0.5,3,3,3,1.0,41,True,6,0.9893031528210682,0.9133069355227702,6.358738296335931e-05,,,,,,2.220446049250313e-16,2.220446049250313e-16
How do within-family activation hyperparameters tune the welfare-convergence tradeoff?,hyperparameter_shifted_linear,b,1.00001,brd,shifted_linear,b,1.00001,0.5,3,3,3,1.0,45,True,6,0.9910694999395694,0.9748278355309664,9.977685297557493e-05,,,,,,1.1102230246251565e-16,1.1102230246251565e-16
How do within-family activation hyperparameters tune the welfare-convergence tradeoff?,hyperparameter_shifted_linear,b,1.00001,brd,shifted_linear,b,1.00001,0.5,3,3,3,1.0,42,True,8,0.9688080242380427,0.9018028800324576,7.177569676675155e-05,,,,,,2.220446049250313e-16,0.0
How do within-family activation hyperparameters tune the welfare-convergence tradeoff?,hyperparameter_shifted_linear,b,1.00001,brd,shifted_linear,b,1.00001,0.5,3,3,3,1.0,40,True,8,0.9514095823806765,0.8816225996155689,4.577566190305804e-05,,,,,,2.220446049250313e-16,1.1102230246251565e-16
How do within-family activation hyperparameters tune the welfare-convergence tradeoff?,hyperparameter_shifted_linear,b,1.00001,brd,shifted_linear,b,1.00001,0.5,3,3,3,1.0,43,True,9,0.9457118673029771,0.8611522783724485,8.314173415552295e-05,,,,,,0.0,1.1102230246251565e-16
How do within-family activation hyperparameters tune the welfare-convergence tradeoff?,hyperparameter_shifted_linear,b,1.00001,brd,shifted_linear,b,1.00001,0.5,3,3,3,1.0,44,True,8,0.9516604359145042,0.866597214704118,9.052147825561185e-05,,,,,,2.220446049250313e-16,1.1102230246251565e-16
How do within-family activation hyperparameters tune the welfare-convergence tradeoff?,hyperparameter_shifted_linear,b,1.00001,brd,shifted_linear,b,1.00001,0.5,3,3,3,1.0,46,True,8,0.9782786904105476,0.8996738750010428,7.576163991496188e-06,,,,,,2.220446049250313e-16,0.0
How do within-family activation hyperparameters tune the welfare-convergence tradeoff?,hyperparameter_shifted_linear,b,1.00001,brd,shifted_linear,b,1.00001,0.5,3,3,3,1.0,47,True,6,0.9833460617236777,0.9456145498051495,4.651890637336065e-05,,,,,,2.220446049250313e-16,2.220446049250313e-16
How do within-family activation hyperparameters tune the welfare-convergence tradeoff?,hyperparameter_shifted_linear,b,1.00001,brd,shifted_linear,b,1.00001,0.5,3,3,3,1.0,51,True,6,0.9825199741816119,0.8991488820652996,8.625322433353233e-05,,,,,,1.1102230246251565e-16,0.0
How do within-family activation hyperparameters tune the welfare-convergence tradeoff?,hyperparameter_shifted_linear,b,1.00001,brd,shifted_linear,b,1.00001,0.5,3,3,3,1.0,49,True,7,0.9790859875361696,0.8750292095167526,3.8793723873276065e-05,,,,,,2.220446049250313e-16,1.1102230246251565e-16
How do within-family activation hyperparameters tune the welfare-convergence tradeoff?,hyperparameter_shifted_linear,b,1.00001,brd,shifted_linear,b,1.00001,0.5,3,3,3,1.0,48,True,8,0.9774317745471537,0.9204469538578374,1.5365692510704854e-05,,,,,,0.0,0.0
How do within-family activation hyperparameters tune the welfare-convergence tradeoff?,hyperparameter_shifted_linear,b,1.00001,brd,shifted_linear,b,1.00001,0.5,3,3,3,1.0,50,True,8,0.9813635196295738,0.8682042708057992,5.663593125565525e-05,,,,,,2.220446049250313e-16,2.220446049250313e-16
How do within-family activation hyperparameters tune the welfare-convergence tradeoff?,hyperparameter_shifted_linear,b,1.00001,brd,shifted_linear,b,1.00001,0.5,3,3,3,1.0,52,True,6,0.9802182981645541,0.8639627359671304,4.561674623865253e-05,,,,,,0.0,2.220446049250313e-16
How do within-family activation hyperparameters tune the welfare-convergence tradeoff?,hyperparameter_shifted_linear,b,1.00001,brd,shifted_linear,b,1.00001,0.5,3,3,3,1.0,53,True,7,0.9648316197475403,0.9140539388479141,4.9974356708060164e-05,,,,,,1.1102230246251565e-16,1.1102230246251565e-16
How do within-family activation hyperparameters tune the welfare-convergence tradeoff?,hyperparameter_shifted_linear,b,1.00001,brd,shifted_linear,b,1.00001,0.5,3,3,3,1.0,55,True,9,0.975152463386737,0.8925324207577185,5.9518390332413684e-05,,,,,,0.0,1.1102230246251565e-16
How do within-family activation hyperparameters tune the welfare-convergence tradeoff?,hyperparameter_shifted_linear,b,1.00001,brd,shifted_linear,b,1.00001,0.5,3,3,3,1.0,54,True,9,0.9716286281739934,0.8948336209774852,9.07656124570222e-05,,,,,,1.1102230246251565e-16,1.1102230246251565e-16
How do within-family activation hyperparameters tune the welfare-convergence tradeoff?,hyperparameter_shifted_linear,b,1.00001,brd,shifted_linear,b,1.00001,0.5,3,3,3,1.0,56,True,7,0.9863915986185902,0.9174748102577149,8.895429060079563e-05,,,,,,1.1102230246251565e-16,2.220446049250313e-16
How do within-family activation hyperparameters tune the welfare-convergence tradeoff?,hyperparameter_shifted_linear,b,1.00001,brd,shifted_linear,b,1.00001,0.5,3,3,3,1.0,61,True,6,0.9750257813983281,0.921848206533859,9.806119205607589e-05,,,,,,1.1102230246251565e-16,2.220446049250313e-16
How do within-family activation hyperparameters tune the welfare-convergence tradeoff?,hyperparameter_shifted_linear,b,1.00001,brd,shifted_linear,b,1.00001,0.5,3,3,3,1.0,57,True,8,0.9865979467037415,0.902598091143096,3.0033972100107498e-05,,,,,,2.220446049250313e-16,1.1102230246251565e-16
How do within-family activation hyperparameters tune the welfare-convergence tradeoff?,hyperparameter_shifted_linear,b,1.00001,brd,shifted_linear,b,1.00001,0.5,3,3,3,1.0,60,True,8,0.9692476456042396,0.9251888842456522,6.977972456245762e-05,,,,,,0.0,0.0
How do within-family activation hyperparameters tune the welfare-convergence tradeoff?,hyperparameter_shifted_linear,b,1.00001,brd,shifted_linear,b,1.00001,0.5,3,3,3,1.0,58,True,8,0.9642505378658227,0.8877773485544601,5.779079819467903e-05,,,,,,0.0,2.220446049250313e-16
How do within-family activation hyperparameters tune the welfare-convergence tradeoff?,hyperparameter_shifted_linear,b,1.00001,brd,shifted_linear,b,1.00001,0.5,3,3,3,1.0,59,True,8,0.9672389305168513,0.8652747036848711,4.047825989039744e-05,,,,,,0.0,2.220446049250313e-16
How do within-family activation hyperparameters tune the welfare-convergence tradeoff?,hyperparameter_shifted_linear,b,1.00001,brd,shifted_linear,b,1.00001,0.5,3,3,3,1.0,63,True,6,0.9883893286964489,0.9304729134895676,6.165904625743401e-05,,,,,,2.220446049250313e-16,2.220446049250313e-16
How do within-family activation hyperparameters tune the welfare-convergence tradeoff?,hyperparameter_shifted_linear,b,1.00001,brd,shifted_linear,b,1.00001,0.5,3,3,3,1.0,62,True,8,0.957959947320209,0.9094173154165371,5.945308020194329e-05,,,,,,2.220446049250313e-16,1.1102230246251565e-16
How do within-family activation hyperparameters tune the welfare-convergence tradeoff?,hyperparameter_shifted_linear,b,1.00001,brd,shifted_linear,b,1.00001,0.5,3,3,3,1.0,65,True,6,0.9718811204926813,0.8802919058255871,8.993627464409792e-05,,,,,,2.220446049250313e-16,0.0
How do within-family activation hyperparameters tune the welfare-convergence tradeoff?,hyperparameter_shifted_linear,b,1.00001,brd,shifted_linear,b,1.00001,0.5,3,3,3,1.0,66,True,8,0.9809002423358639,0.9016269327254401,8.812525639523283e-05,,,,,,1.1102230246251565e-16,1.1102230246251565e-16
How do within-family activation hyperparameters tune the welfare-convergence tradeoff?,hyperparameter_shifted_linear,b,1.00001,brd,shifted_linear,b,1.00001,0.5,3,3,3,1.0,69,True,7,0.9765919518445618,0.923946585399567,8.74454531668567e-05,,,,,,1.1102230246251565e-16,2.220446049250313e-16
How do within-family activation hyperparameters tune the welfare-convergence tradeoff?,hyperparameter_shifted_linear,b,1.00001,brd,shifted_linear,b,1.00001,0.5,3,3,3,1.0,67,True,7,0.9738803493283066,0.8840259510049854,5.834981942232087e-05,,,,,,1.1102230246251565e-16,0.0
How do within-family activation hyperparameters tune the welfare-convergence tradeoff?,hyperparameter_shifted_linear,b,1.00001,brd,shifted_linear,b,1.00001,0.5,3,3,3,1.0,64,True,9,0.9362231615084502,0.8611765136644379,5.644205443733341e-05,,,,,,0.0,2.220446049250313e-16
How do within-family activation hyperparameters tune the welfare-convergence tradeoff?,hyperparameter_shifted_linear,b,1.00001,brd,shifted_linear,b,1.00001,0.5,3,3,3,1.0,68,True,7,0.9779496957664945,0.8976172674546178,6.604456407394155e-05,,,,,,1.1102230246251565e-16,2.220446049250313e-16
How do within-family activation hyperparameters tune the welfare-convergence tradeoff?,hyperparameter_shifted_linear,b,1.00001,brd,shifted_linear,b,1.00001,0.5,3,3,3,1.0,71,True,7,0.9667841295869428,0.9216748453645242,8.614148725932802e-05,,,,,,1.1102230246251565e-16,1.1102230246251565e-16
How do within-family activation hyperparameters tune the welfare-convergence tradeoff?,hyperparameter_shifted_linear,b,1.00001,brd,shifted_linear,b,1.00001,0.5,3,3,3,1.0,72,True,8,0.9598558811993034,0.9211152876266523,8.342881291140136e-05,,,,,,2.220446049250313e-16,2.220446049250313e-16
How do within-family activation hyperparameters tune the welfare-convergence tradeoff?,hyperparameter_shifted_linear,b,1.00001,brd,shifted_linear,b,1.00001,0.5,3,3,3,1.0,73,True,8,0.9689117000696768,0.8999932068445684,7.894730096597025e-05,,,,,,1.1102230246251565e-16,1.1102230246251565e-16
How do within-family activation hyperparameters tune the welfare-convergence tradeoff?,hyperparameter_shifted_linear,b,1.00001,brd,shifted_linear,b,1.00001,0.5,3,3,3,1.0,74,True,8,0.9830110770971824,0.9005350937744422,7.434626087632346e-05,,,,,,1.1102230246251565e-16,2.220446049250313e-16
How do within-family activation hyperparameters tune the welfare-convergence tradeoff?,hyperparameter_shifted_linear,b,1.00001,brd,shifted_linear,b,1.00001,0.5,3,3,3,1.0,75,True,7,0.9726743239645869,0.8690229281870314,9.683221452000401e-05,,,,,,2.220446049250313e-16,2.220446049250313e-16
How do within-family activation hyperparameters tune the welfare-convergence tradeoff?,hyperparameter_shifted_linear,b,1.00001,brd,shifted_linear,b,1.00001,0.5,3,3,3,1.0,70,True,9,0.9617251880077738,0.9128422042646376,5.26831772794667e-05,,,,,,1.1102230246251565e-16,2.220446049250313e-16
How do within-family activation hyperparameters tune the welfare-convergence tradeoff?,hyperparameter_shifted_linear,b,1.00001,brd,shifted_linear,b,1.00001,0.5,3,3,3,1.0,77,True,7,0.9823413532042333,0.8945267847986984,6.620844378951718e-05,,,,,,2.220446049250313e-16,2.220446049250313e-16
How do within-family activation hyperparameters tune the welfare-convergence tradeoff?,hyperparameter_shifted_linear,b,1.00001,brd,shifted_linear,b,1.00001,0.5,3,3,3,1.0,76,True,9,0.9356792839141661,0.9015333152729049,7.773605047944887e-05,,,,,,0.0,2.220446049250313e-16
How do within-family activation hyperparameters tune the welfare-convergence tradeoff?,hyperparameter_shifted_linear,b,1.00001,brd,shifted_linear,b,1.00001,0.5,3,3,3,1.0,78,True,7,0.9823517609670659,0.9200644369231336,5.210528907972911e-05,,,,,,2.220446049250313e-16,2.220446049250313e-16
How do within-family activation hyperparameters tune the welfare-convergence tradeoff?,hyperparameter_shifted_linear,b,1.00001,brd,shifted_linear,b,1.00001,0.5,3,3,3,1.0,79,True,9,0.9497020992401367,0.8636679987729545,8.004072335582313e-05,,,,,,0.0,1.1102230246251565e-16
How do within-family activation hyperparameters tune the welfare-convergence tradeoff?,hyperparameter_shifted_linear,b,1.00001,brd,shifted_linear,b,1.00001,0.5,3,3,3,1.0,82,True,9,0.9508640067179215,0.8703372706645355,1.5463781279867472e-05,,,,,,2.220446049250313e-16,1.1102230246251565e-16
How do within-family activation hyperparameters tune the welfare-convergence tradeoff?,hyperparameter_shifted_linear,b,1.00001,brd,shifted_linear,b,1.00001,0.5,3,3,3,1.0,83,True,7,0.9799302347481792,0.9558570334209984,8.562910062365203e-05,,,,,,2.220446049250313e-16,2.220446049250313e-16
How do within-family activation hyperparameters tune the welfare-convergence tradeoff?,hyperparameter_shifted_linear,b,1.00001,brd,shifted_linear,b,1.00001,0.5,3,3,3,1.0,80,True,8,0.9735042578184029,0.9275198987370601,4.5018979156541405e-05,,,,,,2.220446049250313e-16,1.1102230246251565e-16
How do within-family activation hyperparameters tune the welfare-convergence tradeoff?,hyperparameter_shifted_linear,b,1.00001,brd,shifted_linear,b,1.00001,0.5,3,3,3,1.0,81,True,9,0.9568860765940816,0.8946228489938259,3.99431620938806e-05,,,,,,1.1102230246251565e-16,1.1102230246251565e-16
How do within-family activation hyperparameters tune the welfare-convergence tradeoff?,hyperparameter_shifted_linear,b,1.00001,brd,shifted_linear,b,1.00001,0.5,3,3,3,1.0,84,True,6,0.9830729166666666,0.9603170993327379,3.8279195288537515e-05,,,,,,0.0,1.1102230246251565e-16
How do within-family activation hyperparameters tune the welfare-convergence tradeoff?,hyperparameter_shifted_linear,b,1.00001,brd,shifted_linear,b,1.00001,0.5,3,3,3,1.0,86,True,7,0.9852701822916666,0.9129219659341897,1.7947157200048913e-05,,,,,,1.1102230246251565e-16,0.0
How do within-family activation hyperparameters tune the welfare-convergence tradeoff?,hyperparameter_shifted_linear,b,1.00001,brd,shifted_linear,b,1.00001,0.5,3,3,3,1.0,85,True,8,0.9868415649973529,0.882554046366678,-4.688159717658458e-07,,,,,,2.220446049250313e-16,0.0
How do within-family activation hyperparameters tune the welfare-convergence tradeoff?,hyperparameter_shifted_linear,b,1.00001,brd,shifted_linear,b,1.00001,0.5,3,3,3,1.0,90,True,6,0.9860220802869262,0.8970768260958376,5.744985891231735e-05,,,,,,2.220446049250313e-16,1.1102230246251565e-16
How do within-family activation hyperparameters tune the welfare-convergence tradeoff?,hyperparameter_shifted_linear,b,1.00001,brd,shifted_linear,b,1.00001,0.5,3,3,3,1.0,87,True,6,0.98936951359066,0.8794630135082694,8.89680011341154e-05,,,,,,1.1102230246251565e-16,1.1102230246251565e-16
How do within-family activation hyperparameters tune the welfare-convergence tradeoff?,hyperparameter_shifted_linear,b,1.00001,brd,shifted_linear,b,1.00001,0.5,3,3,3,1.0,88,True,8,0.978225119767887,0.9144291278207913,4.6835158257707565e-05,,,,,,2.220446049250313e-16,2.220446049250313e-16
How do within-family activation hyperparameters tune the welfare-convergence tradeoff?,hyperparameter_shifted_linear,b,1.00001,brd,shifted_linear,b,1.00001,0.5,3,3,3,1.0,89,True,8,0.9826963365073267,0.8968935147428091,-1.0468897626958462e-05,,,,,,0.0,2.220446049250313e-16
How do within-family activation hyperparameters tune the welfare-convergence tradeoff?,hyperparameter_shifted_linear,b,1.00001,brd,shifted_linear,b,1.00001,0.5,3,3,3,1.0,91,True,7,0.9723411369294993,0.8845063001695982,7.857865746130344e-05,,,,,,2.220446049250313e-16,1.1102230246251565e-16
How do within-family activation hyperparameters tune the welfare-convergence tradeoff?,hyperparameter_shifted_linear,b,1.00001,brd,shifted_linear,b,1.00001,0.5,3,3,3,1.0,92,True,7,0.974533198673083,0.9242726721733932,3.065030335475116e-05,,,,,,2.220446049250313e-16,2.220446049250313e-16
How do within-family activation hyperparameters tune the welfare-convergence tradeoff?,hyperparameter_shifted_linear,b,1.00001,brd,shifted_linear,b,1.00001,0.5,3,3,3,1.0,93,True,8,0.9660389234619967,0.8264759266096386,6.231856863975205e-05,,,,,,2.220446049250313e-16,1.1102230246251565e-16
How do within-family activation hyperparameters tune the welfare-convergence tradeoff?,hyperparameter_shifted_linear,b,1.00001,brd,shifted_linear,b,1.00001,0.5,3,3,3,1.0,94,True,8,0.9678487651238773,0.8891709913006722,8.733341902017466e-05,,,,,,2.220446049250313e-16,2.220446049250313e-16
How do within-family activation hyperparameters tune the welfare-convergence tradeoff?,hyperparameter_shifted_linear,b,1.00001,brd,shifted_linear,b,1.00001,0.5,3,3,3,1.0,95,True,7,0.9848578758181743,0.9439037506156773,8.31147920783426e-05,,,,,,2.220446049250313e-16,2.220446049250313e-16
How do within-family activation hyperparameters tune the welfare-convergence tradeoff?,hyperparameter_shifted_linear,b,1.00001,brd,shifted_linear,b,1.00001,0.5,3,3,3,1.0,96,True,7,0.9811197916666666,0.9045630331581935,6.629478412506495e-05,,,,,,0.0,2.220446049250313e-16
How do within-family activation hyperparameters tune the welfare-convergence tradeoff?,hyperparameter_shifted_linear,b,1.00001,brd,shifted_linear,b,1.00001,0.5,3,3,3,1.0,98,True,7,0.9785591587114641,0.9123015403719014,4.012948033238484e-05,,,,,,2.220446049250313e-16,0.0
How do within-family activation hyperparameters tune the welfare-convergence tradeoff?,hyperparameter_shifted_linear,b,1.00001,brd,shifted_linear,b,1.00001,0.5,3,3,3,1.0,99,True,6,0.983810542423083,0.95017672562151,8.509625078967353e-05,,,,,,2.220446049250313e-16,1.1102230246251565e-16
How do within-family activation hyperparameters tune the welfare-convergence tradeoff?,hyperparameter_shifted_linear,b,1.00001,brd,shifted_linear,b,1.00001,0.5,3,3,3,1.0,97,True,9,0.9618969031390942,0.8641237172898707,2.923791455433644e-05,,,,,,1.1102230246251565e-16,2.220446049250313e-16
How do within-family activation hyperparameters tune the welfare-convergence tradeoff?,hyperparameter_shifted_linear,b,1.1,brd,shifted_linear,b,1.1,0.5,3,3,3,1.0,0,True,8,0.9773308207598432,0.8469675028791662,2.2413841495760867e-05,,,,,,0.0,0.0
How do within-family activation hyperparameters tune the welfare-convergence tradeoff?,hyperparameter_shifted_linear,b,1.1,brd,shifted_linear,b,1.1,0.5,3,3,3,1.0,3,True,7,0.9897062233691545,0.9321822181222691,9.907788700957987e-05,,,,,,1.1102230246251565e-16,0.0
How do within-family activation hyperparameters tune the welfare-convergence tradeoff?,hyperparameter_shifted_linear,b,1.1,brd,shifted_linear,b,1.1,0.5,3,3,3,1.0,1,True,8,0.972548358216153,0.9092292708718438,9.84264334419338e-06,,,,,,1.1102230246251565e-16,0.0
How do within-family activation hyperparameters tune the welfare-convergence tradeoff?,hyperparameter_shifted_linear,b,1.1,brd,shifted_linear,b,1.1,0.5,3,3,3,1.0,2,True,7,0.9675345007564163,0.9103857525595279,9.483467098331255e-05,,,,,,0.0,2.220446049250313e-16
How do within-family activation hyperparameters tune the welfare-convergence tradeoff?,hyperparameter_shifted_linear,b,1.1,brd,shifted_linear,b,1.1,0.5,3,3,3,1.0,4,True,8,0.9651975356465153,0.9180697674454746,6.843894250413429e-05,,,,,,2.220446049250313e-16,2.220446049250313e-16
How do within-family activation hyperparameters tune the welfare-convergence tradeoff?,hyperparameter_shifted_linear,b,1.1,brd,shifted_linear,b,1.1,0.5,3,3,3,1.0,6,True,5,0.9851391449129993,0.8456337974684223,2.6543516979393722e-05,,,,,,0.0,2.220446049250313e-16
How do within-family activation hyperparameters tune the welfare-convergence tradeoff?,hyperparameter_shifted_linear,b,1.1,brd,shifted_linear,b,1.1,0.5,3,3,3,1.0,7,True,7,0.9829872419660045,0.9183158745106161,8.487547928093253e-05,,,,,,2.220446049250313e-16,2.220446049250313e-16
How do within-family activation hyperparameters tune the welfare-convergence tradeoff?,hyperparameter_shifted_linear,b,1.1,brd,shifted_linear,b,1.1,0.5,3,3,3,1.0,5,True,8,0.9655425419784394,0.8813632439187348,9.635555901776893e-05,,,,,,0.0,1.1102230246251565e-16
How do within-family activation hyperparameters tune the welfare-convergence tradeoff?,hyperparameter_shifted_linear,b,1.1,brd,shifted_linear,b,1.1,0.5,3,3,3,1.0,8,True,8,0.9673428179924356,0.911686463993474,9.333596632993268e-05,,,,,,1.1102230246251565e-16,2.220446049250313e-16
How do within-family activation hyperparameters tune the welfare-convergence tradeoff?,hyperparameter_shifted_linear,b,1.1,brd,shifted_linear,b,1.1,0.5,3,3,3,1.0,12,True,7,0.97265625,0.8979798701514032,2.6921179106853543e-05,,,,,,0.0,0.0
How do within-family activation hyperparameters tune the welfare-convergence tradeoff?,hyperparameter_shifted_linear,b,1.1,brd,shifted_linear,b,1.1,0.5,3,3,3,1.0,10,True,8,0.9753940484049728,0.903631575983709,1.8596338278886737e-05,,,,,,1.1102230246251565e-16,2.220446049250313e-16
How do within-family activation hyperparameters tune the welfare-convergence tradeoff?,hyperparameter_shifted_linear,b,1.1,brd,shifted_linear,b,1.1,0.5,3,3,3,1.0,13,True,8,0.9757212915160512,0.8750699124430329,7.854198181084238e-05,,,,,,2.220446049250313e-16,1.1102230246251565e-16
How do within-family activation hyperparameters tune the welfare-convergence tradeoff?,hyperparameter_shifted_linear,b,1.1,brd,shifted_linear,b,1.1,0.5,3,3,3,1.0,14,True,7,0.9902484920325704,0.9438424314429867,3.763744257712087e-05,,,,,,1.1102230246251565e-16,2.220446049250313e-16
How do within-family activation hyperparameters tune the welfare-convergence tradeoff?,hyperparameter_shifted_linear,b,1.1,brd,shifted_linear,b,1.1,0.5,3,3,3,1.0,9,True,8,0.9703166228614962,0.8562632267779012,7.962197595129394e-05,,,,,,1.1102230246251565e-16,2.220446049250313e-16
How do within-family activation hyperparameters tune the welfare-convergence tradeoff?,hyperparameter_shifted_linear,b,1.1,brd,shifted_linear,b,1.1,0.5,3,3,3,1.0,11,True,9,0.9523947157010738,0.89487831981884,9.610441065210917e-05,,,,,,2.220446049250313e-16,2.220446049250313e-16
How do within-family activation hyperparameters tune the welfare-convergence tradeoff?,hyperparameter_shifted_linear,b,1.1,brd,shifted_linear,b,1.1,0.5,3,3,3,1.0,15,True,6,0.979800661445031,0.9000321897154145,8.325048937984914e-05,,,,,,0.0,0.0
How do within-family activation hyperparameters tune the welfare-convergence tradeoff?,hyperparameter_shifted_linear,b,1.1,brd,shifted_linear,b,1.1,0.5,3,3,3,1.0,20,True,6,0.9806282124008339,0.915785902798067,6.128652433040616e-05,,,,,,2.220446049250313e-16,1.1102230246251565e-16
How do within-family activation hyperparameters tune the welfare-convergence tradeoff?,hyperparameter_shifted_linear,b,1.1,brd,shifted_linear,b,1.1,0.5,3,3,3,1.0,16,True,9,0.9723538675956278,0.852207521421005,1.1606490104565381e-05,,,,,,1.1102230246251565e-16,1.1102230246251565e-16
How do within-family activation hyperparameters tune the welfare-convergence tradeoff?,hyperparameter_shifted_linear,b,1.1,brd,shifted_linear,b,1.1,0.5,3,3,3,1.0,18,True,7,0.984744320208779,0.8946168460070562,9.064781285811341e-05,,,,,,1.1102230246251565e-16,2.220446049250313e-16
How do within-family activation hyperparameters tune the welfare-convergence tradeoff?,hyperparameter_shifted_linear,b,1.1,brd,shifted_linear,b,1.1,0.5,3,3,3,1.0,19,True,7,0.982620861258246,0.9351476188228841,4.5968029303122826e-05,,,,,,2.220446049250313e-16,2.220446049250313e-16
How do within-family activation hyperparameters tune the welfare-convergence tradeoff?,hyperparameter_shifted_linear,b,1.1,brd,shifted_linear,b,1.1,0.5,3,3,3,1.0,17,True,7,0.9673099376708028,0.9107003252818906,7.832535419960429e-05,,,,,,2.220446049250313e-16,2.220446049250313e-16
How do within-family activation hyperparameters tune the welfare-convergence tradeoff?,hyperparameter_shifted_linear,b,1.1,brd,shifted_linear,b,1.1,0.5,3,3,3,1.0,22,True,7,0.9750047090149958,0.9424909442439945,5.4798371348807606e-05,,,,,,1.1102230246251565e-16,0.0
How do within-family activation hyperparameters tune the welfare-convergence tradeoff?,hyperparameter_shifted_linear,b,1.1,brd,shifted_linear,b,1.1,0.5,3,3,3,1.0,21,True,7,0.9694730130187683,0.9118206746460328,8.387078718385954e-05,,,,,,2.220446049250313e-16,2.220446049250313e-16
How do within-family activation hyperparameters tune the welfare-convergence tradeoff?,hyperparameter_shifted_linear,b,1.1,brd,shifted_linear,b,1.1,0.5,3,3,3,1.0,23,True,7,0.9859168493615122,0.9490918256990178,9.833158301636447e-05,,,,,,1.1102230246251565e-16,0.0
How do within-family activation hyperparameters tune the welfare-convergence tradeoff?,hyperparameter_shifted_linear,b,1.1,brd,shifted_linear,b,1.1,0.5,3,3,3,1.0,26,True,7,0.9878639797364934,0.9080250150527712,6.199791126154652e-05,,,,,,0.0,2.220446049250313e-16
How do within-family activation hyperparameters tune the welfare-convergence tradeoff?,hyperparameter_shifted_linear,b,1.1,brd,shifted_linear,b,1.1,0.5,3,3,3,1.0,27,True,8,0.9687726978090666,0.9028341043788698,7.21662976073123e-05,,,,,,1.1102230246251565e-16,0.0
How do within-family activation hyperparameters tune the welfare-convergence tradeoff?,hyperparameter_shifted_linear,b,1.1,brd,shifted_linear,b,1.1,0.5,3,3,3,1.0,24,True,7,0.9887539581467437,0.9248007552894434,3.0516808243397087e-05,,,,,,1.1102230246251565e-16,1.1102230246251565e-16
How do within-family activation hyperparameters tune the welfare-convergence tradeoff?,hyperparameter_shifted_linear,b,1.1,brd,shifted_linear,b,1.1,0.5,3,3,3,1.0,25,True,9,0.9533001125860754,0.8643931283362036,2.6167481309291585e-05,,,,,,1.1102230246251565e-16,2.220446049250313e-16
How do within-family activation hyperparameters tune the welfare-convergence tradeoff?,hyperparameter_shifted_linear,b,1.1,brd,shifted_linear,b,1.1,0.5,3,3,3,1.0,28,True,7,0.95947265625,0.8933902681861956,9.446802674756283e-05,,,,,,2.220446049250313e-16,2.220446049250313e-16
How do within-family activation hyperparameters tune the welfare-convergence tradeoff?,hyperparameter_shifted_linear,b,1.1,brd,shifted_linear,b,1.1,0.5,3,3,3,1.0,29,True,8,0.961903778983517,0.8855252727666665,2.3950570684827532e-05,,,,,,2.220446049250313e-16,2.220446049250313e-16
How do within-family activation hyperparameters tune the welfare-convergence tradeoff?,hyperparameter_shifted_linear,b,1.1,brd,shifted_linear,b,1.1,0.5,3,3,3,1.0,30,True,8,0.9741710535399284,0.9371505283658957,1.2818444365736426e-05,,,,,,2.220446049250313e-16,1.1102230246251565e-16
How do within-family activation hyperparameters tune the welfare-convergence tradeoff?,hyperparameter_shifted_linear,b,1.1,brd,shifted_linear,b,1.1,0.5,3,3,3,1.0,31,True,9,0.9738775143705841,0.8984624889866915,3.325755243616113e-05,,,,,,2.220446049250313e-16,2.220446049250313e-16
How do within-family activation hyperparameters tune the welfare-convergence tradeoff?,hyperparameter_shifted_linear,b,1.1,brd,shifted_linear,b,1.1,0.5,3,3,3,1.0,33,True,8,0.9753082935998184,0.9108858293886822,3.6979999129160834e-05,,,,,,1.1102230246251565e-16,0.0
How do within-family activation hyperparameters tune the welfare-convergence tradeoff?,hyperparameter_shifted_linear,b,1.1,brd,shifted_linear,b,1.1,0.5,3,3,3,1.0,32,True,7,0.9764775263771741,0.9254355759512761,9.347380603019761e-05,,,,,,1.1102230246251565e-16,2.220446049250313e-16
How do within-family activation hyperparameters tune the welfare-convergence tradeoff?,hyperparameter_shifted_linear,b,1.1,brd,shifted_linear,b,1.1,0.5,3,3,3,1.0,34,True,8,0.9723463574289277,0.8787878309830194,3.3357247908927246e-05,,,,,,2.220446049250313e-16,0.0
How do within-family activation hyperparameters tune the welfare-convergence tradeoff?,hyperparameter_shifted_linear,b,1.1,brd,shifted_linear,b,1.1,0.5,3,3,3,1.0,35,True,8,0.96484375,0.8337127952691988,6.818871654240555e-05,,,,,,1.1102230246251565e-16,2.220446049250313e-16
How do within-family activation hyperparameters tune the welfare-convergence tradeoff?,hyperparameter_shifted_linear,b,1.1,brd,shifted_linear,b,1.1,0.5,3,3,3,1.0,38,True,8,0.9847562463773543,0.9437062846098848,8.315680492332334e-05,,,,,,2.220446049250313e-16,1.1102230246251565e-16
How do within-family activation hyperparameters tune the welfare-convergence tradeoff?,hyperparameter_shifted_linear,b,1.1,brd,shifted_linear,b,1.1,0.5,3,3,3,1.0,37,True,9,0.9475273410942695,0.8814032095834773,8.055100343012933e-05,,,,,,1.1102230246251565e-16,2.220446049250313e-16
How do within-family activation hyperparameters tune the welfare-convergence tradeoff?,hyperparameter_shifted_linear,b,1.1,brd,shifted_linear,b,1.1,0.5,3,3,3,1.0,36,True,8,0.9869015186831611,0.9241779260271769,4.247572166476976e-05,,,,,,1.1102230246251565e-16,2.220446049250313e-16
How do within-family activation hyperparameters tune the welfare-convergence tradeoff?,hyperparameter_shifted_linear,b,1.1,brd,shifted_linear,b,1.1,0.5,3,3,3,1.0,39,True,6,0.9869358746217919,0.9175048247826901,8.731863939170914e-05,,,,,,0.0,2.220446049250313e-16
How do within-family activation hyperparameters tune the welfare-convergence tradeoff?,hyperparameter_shifted_linear,b,1.1,brd,shifted_linear,b,1.1,0.5,3,3,3,1.0,41,True,7,0.9912276564732785,0.9114647475810314,1.310445593488696e-05,,,,,,0.0,2.220446049250313e-16
How do within-family activation hyperparameters tune the welfare-convergence tradeoff?,hyperparameter_shifted_linear,b,1.1,brd,shifted_linear,b,1.1,0.5,3,3,3,1.0,45,True,6,0.9911024537225275,0.9747677532229909,8.700840657144271e-05,,,,,,2.220446049250313e-16,0.0
How do within-family activation hyperparameters tune the welfare-convergence tradeoff?,hyperparameter_shifted_linear,b,1.1,brd,shifted_linear,b,1.1,0.5,3,3,3,1.0,42,True,8,0.9746284805778119,0.8961446543734374,4.514542977873681e-05,,,,,,2.220446049250313e-16,1.1102230246251565e-16
How do within-family activation hyperparameters tune the welfare-convergence tradeoff?,hyperparameter_shifted_linear,b,1.1,brd,shifted_linear,b,1.1,0.5,3,3,3,1.0,40,True,8,0.9538861864376835,0.8789419631258513,5.15691500539428e-05,,,,,,0.0,2.220446049250313e-16
How do within-family activation hyperparameters tune the welfare-convergence tradeoff?,hyperparameter_shifted_linear,b,1.1,brd,shifted_linear,b,1.1,0.5,3,3,3,1.0,44,True,8,0.9568960367744886,0.8610219099977215,7.571462340572044e-05,,,,,,2.220446049250313e-16,2.220446049250313e-16
How do within-family activation hyperparameters tune the welfare-convergence tradeoff?,hyperparameter_shifted_linear,b,1.1,brd,shifted_linear,b,1.1,0.5,3,3,3,1.0,43,True,7,0.9529108215942615,0.8539697425161782,9.294091810441163e-05,,,,,,2.220446049250313e-16,2.220446049250313e-16
How do within-family activation hyperparameters tune the welfare-convergence tradeoff?,hyperparameter_shifted_linear,b,1.1,brd,shifted_linear,b,1.1,0.5,3,3,3,1.0,47,True,5,0.9843854077628326,0.9443893224926277,5.775858519535548e-05,,,,,,0.0,1.1102230246251565e-16
How do within-family activation hyperparameters tune the welfare-convergence tradeoff?,hyperparameter_shifted_linear,b,1.1,brd,shifted_linear,b,1.1,0.5,3,3,3,1.0,46,True,8,0.9793695327749439,0.8980122556211714,1.4068648398923855e-05,,,,,,1.1102230246251565e-16,0.0
How do within-family activation hyperparameters tune the welfare-convergence tradeoff?,hyperparameter_shifted_linear,b,1.1,brd,shifted_linear,b,1.1,0.5,3,3,3,1.0,51,True,6,0.9837782118055556,0.8976950363164716,7.361743388656361e-05,,,,,,1.1102230246251565e-16,0.0
How do within-family activation hyperparameters tune the welfare-convergence tradeoff?,hyperparameter_shifted_linear,b,1.1,brd,shifted_linear,b,1.1,0.5,3,3,3,1.0,48,True,7,0.9801739627110863,0.9175097184662904,9.396158162366941e-05,,,,,,1.1102230246251565e-16,1.1102230246251565e-16
How do within-family activation hyperparameters tune the welfare-convergence tradeoff?,hyperparameter_shifted_linear,b,1.1,brd,shifted_linear,b,1.1,0.5,3,3,3,1.0,49,True,6,0.9803066906611696,0.8733879796408112,9.205019794505942e-05,,,,,,1.1102230246251565e-16,0.0
How do within-family activation hyperparameters tune the welfare-convergence tradeoff?,hyperparameter_shifted_linear,b,1.1,brd,shifted_linear,b,1.1,0.5,3,3,3,1.0,50,True,8,0.9835315223448258,0.8657898664118546,5.537223076518272e-05,,,,,,2.220446049250313e-16,2.220446049250313e-16
How do within-family activation hyperparameters tune the welfare-convergence tradeoff?,hyperparameter_shifted_linear,b,1.1,brd,shifted_linear,b,1.1,0.5,3,3,3,1.0,52,True,6,0.9823930333553312,0.8615804466010073,6.809903539362061e-05,,,,,,2.220446049250313e-16,1.1102230246251565e-16
How do within-family activation hyperparameters tune the welfare-convergence tradeoff?,hyperparameter_shifted_linear,b,1.1,brd,shifted_linear,b,1.1,0.5,3,3,3,1.0,53,True,8,0.9706436714368961,0.908180165319935,4.6414685251350285e-05,,,,,,0.0,2.220446049250313e-16
How do within-family activation hyperparameters tune the welfare-convergence tradeoff?,hyperparameter_shifted_linear,b,1.1,brd,shifted_linear,b,1.1,0.5,3,3,3,1.0,54,True,8,0.9749429465274969,0.8913362554083738,4.923192249783881e-05,,,,,,0.0,1.1102230246251565e-16
How do within-family activation hyperparameters tune the welfare-convergence tradeoff?,hyperparameter_shifted_linear,b,1.1,brd,shifted_linear,b,1.1,0.5,3,3,3,1.0,55,True,9,0.9780783017847472,0.8893304498833698,1.3837357963120134e-05,,,,,,0.0,2.220446049250313e-16
How do within-family activation hyperparameters tune the welfare-convergence tradeoff?,hyperparameter_shifted_linear,b,1.1,brd,shifted_linear,b,1.1,0.5,3,3,3,1.0,56,True,7,0.9878639797364933,0.9158744557637389,6.0131411359465314e-05,,,,,,2.220446049250313e-16,2.220446049250313e-16
How do within-family activation hyperparameters tune the welfare-convergence tradeoff?,hyperparameter_shifted_linear,b,1.1,brd,shifted_linear,b,1.1,0.5,3,3,3,1.0,57,True,7,0.9887029334013203,0.9003162001711252,4.275099330569576e-05,,,,,,1.1102230246251565e-16,1.1102230246251565e-16
How do within-family activation hyperparameters tune the welfare-convergence tradeoff?,hyperparameter_shifted_linear,b,1.1,brd,shifted_linear,b,1.1,0.5,3,3,3,1.0,61,True,7,0.9784134678069941,0.9184260058495353,6.38554558801685e-05,,,,,,2.220446049250313e-16,0.0
How do within-family activation hyperparameters tune the welfare-convergence tradeoff?,hyperparameter_shifted_linear,b,1.1,brd,shifted_linear,b,1.1,0.5,3,3,3,1.0,58,True,8,0.9654843839038341,0.8865097733822983,9.913593056687375e-06,,,,,,2.220446049250313e-16,1.1102230246251565e-16
How do within-family activation hyperparameters tune the welfare-convergence tradeoff?,hyperparameter_shifted_linear,b,1.1,brd,shifted_linear,b,1.1,0.5,3,3,3,1.0,60,True,8,0.9709068561436254,0.9232055731160624,2.73446618885842e-05,,,,,,2.220446049250313e-16,1.1102230246251565e-16
How do within-family activation hyperparameters tune the welfare-convergence tradeoff?,hyperparameter_shifted_linear,b,1.1,brd,shifted_linear,b,1.1,0.5,3,3,3,1.0,59,True,8,0.9691448828119102,0.8632207024147718,4.365421363128341e-05,,,,,,2.220446049250313e-16,2.220446049250313e-16
How do within-family activation hyperparameters tune the welfare-convergence tradeoff?,hyperparameter_shifted_linear,b,1.1,brd,shifted_linear,b,1.1,0.5,3,3,3,1.0,63,True,6,0.9887477338118245,0.9299932529495033,8.309638448961154e-05,,,,,,2.220446049250313e-16,0.0
How do within-family activation hyperparameters tune the welfare-convergence tradeoff?,hyperparameter_shifted_linear,b,1.1,brd,shifted_linear,b,1.1,0.5,3,3,3,1.0,62,True,8,0.961530268724043,0.905722778821762,7.481985973351035e-05,,,,,,2.220446049250313e-16,2.220446049250313e-16
How do within-family activation hyperparameters tune the welfare-convergence tradeoff?,hyperparameter_shifted_linear,b,1.1,brd,shifted_linear,b,1.1,0.5,3,3,3,1.0,65,True,8,0.9744509108859922,0.8777627742535493,3.4232153682256516e-05,,,,,,1.1102230246251565e-16,0.0
How do within-family activation hyperparameters tune the welfare-convergence tradeoff?,hyperparameter_shifted_linear,b,1.1,brd,shifted_linear,b,1.1,0.5,3,3,3,1.0,66,True,8,0.9825859720318327,0.8997089823945124,1.723625262006756e-05,,,,,,1.1102230246251565e-16,2.220446049250313e-16
How do within-family activation hyperparameters tune the welfare-convergence tradeoff?,hyperparameter_shifted_linear,b,1.1,brd,shifted_linear,b,1.1,0.5,3,3,3,1.0,69,True,6,0.9780920049850549,0.9220994014153261,7.265555361513076e-05,,,,,,2.220446049250313e-16,2.220446049250313e-16
How do within-family activation hyperparameters tune the welfare-convergence tradeoff?,hyperparameter_shifted_linear,b,1.1,brd,shifted_linear,b,1.1,0.5,3,3,3,1.0,67,True,7,0.9774042926846229,0.880200414602677,5.875477732447676e-05,,,,,,2.220446049250313e-16,2.220446049250313e-16
How do within-family activation hyperparameters tune the welfare-convergence tradeoff?,hyperparameter_shifted_linear,b,1.1,brd,shifted_linear,b,1.1,0.5,3,3,3,1.0,64,True,9,0.9457288678573355,0.8511499525185915,5.437846148598213e-05,,,,,,1.1102230246251565e-16,0.0
How do within-family activation hyperparameters tune the welfare-convergence tradeoff?,hyperparameter_shifted_linear,b,1.1,brd,shifted_linear,b,1.1,0.5,3,3,3,1.0,68,True,8,0.9817352844023234,0.893786443531344,1.9854229848570437e-05,,,,,,1.1102230246251565e-16,0.0
How do within-family activation hyperparameters tune the welfare-convergence tradeoff?,hyperparameter_shifted_linear,b,1.1,brd,shifted_linear,b,1.1,0.5,3,3,3,1.0,71,True,7,0.9695207743289421,0.9188301643242175,4.365029619912697e-05,,,,,,1.1102230246251565e-16,1.1102230246251565e-16
How do within-family activation hyperparameters tune the welfare-convergence tradeoff?,hyperparameter_shifted_linear,b,1.1,brd,shifted_linear,b,1.1,0.5,3,3,3,1.0,70,True,8,0.9685635325310469,0.9059659712684605,4.485765045125767e-05,,,,,,1.1102230246251565e-16,2.220446049250313e-16
How do within-family activation hyperparameters tune the welfare-convergence tradeoff?,hyperparameter_shifted_linear,b,1.1,brd,shifted_linear,b,1.1,0.5,3,3,3,1.0,72,True,8,0.965359956522665,0.9154473052452836,8.828999711241181e-05,,,,,,1.1102230246251565e-16,2.220446049250313e-16
How do within-family activation hyperparameters tune the welfare-convergence tradeoff?,hyperparameter_shifted_linear,b,1.1,brd,shifted_linear,b,1.1,0.5,3,3,3,1.0,75,True,7,0.9756950366499519,0.865792163460075,6.377120607486964e-05,,,,,,2.220446049250313e-16,1.1102230246251565e-16
How do within-family activation hyperparameters tune the welfare-convergence tradeoff?,hyperparameter_shifted_linear,b,1.1,brd,shifted_linear,b,1.1,0.5,3,3,3,1.0,73,True,8,0.9713867615746777,0.8971754593773928,5.882638955118091e-05,,,,,,1.1102230246251565e-16,2.220446049250313e-16
How do within-family activation hyperparameters tune the welfare-convergence tradeoff?,hyperparameter_shifted_linear,b,1.1,brd,shifted_linear,b,1.1,0.5,3,3,3,1.0,74,True,8,0.9842764747624793,0.8991222762570695,7.446588631665474e-05,,,,,,0.0,2.220446049250313e-16
How do within-family activation hyperparameters tune the welfare-convergence tradeoff?,hyperparameter_shifted_linear,b,1.1,brd,shifted_linear,b,1.1,0.5,3,3,3,1.0,76,True,9,0.9468864702653516,0.8905624970954946,6.326458601685347e-05,,,,,,1.1102230246251565e-16,1.1102230246251565e-16
How do within-family activation hyperparameters tune the welfare-convergence tradeoff?,hyperparameter_shifted_linear,b,1.1,brd,shifted_linear,b,1.1,0.5,3,3,3,1.0,78,True,6,0.9843669298873919,0.9178415807939061,8.908085258269027e-05,,,,,,1.1102230246251565e-16,2.220446049250313e-16
How do within-family activation hyperparameters tune the welfare-convergence tradeoff?,hyperparameter_shifted_linear,b,1.1,brd,shifted_linear,b,1.1,0.5,3,3,3,1.0,77,True,6,0.9848448033745593,0.891450314619456,9.778225458073608e-05,,,,,,0.0,2.220446049250313e-16
How do within-family activation hyperparameters tune the welfare-convergence tradeoff?,hyperparameter_shifted_linear,b,1.1,brd,shifted_linear,b,1.1,0.5,3,3,3,1.0,79,True,9,0.9575985158486716,0.8556766516699579,5.8201955549452844e-05,,,,,,1.1102230246251565e-16,1.1102230246251565e-16
How do within-family activation hyperparameters tune the welfare-convergence tradeoff?,hyperparameter_shifted_linear,b,1.1,brd,shifted_linear,b,1.1,0.5,3,3,3,1.0,80,True,5,0.9782454649679184,0.922378470585176,9.917320969854426e-05,,,,,,2.220446049250313e-16,1.1102230246251565e-16
How do within-family activation hyperparameters tune the welfare-convergence tradeoff?,hyperparameter_shifted_linear,b,1.1,brd,shifted_linear,b,1.1,0.5,3,3,3,1.0,82,True,9,0.955022776579201,0.8658037654845931,4.078078312852451e-05,,,,,,0.0,0.0
How do within-family activation hyperparameters tune the welfare-convergence tradeoff?,hyperparameter_shifted_linear,b,1.1,brd,shifted_linear,b,1.1,0.5,3,3,3,1.0,81,True,9,0.9609117911753388,0.8904786820082822,2.254866684120449e-05,,,,,,0.0,0.0
How do within-family activation hyperparameters tune the welfare-convergence tradeoff?,hyperparameter_shifted_linear,b,1.1,brd,shifted_linear,b,1.1,0.5,3,3,3,1.0,86,True,5,0.9855143229166666,0.9123806534807564,9.671070840217011e-05,,,,,,1.1102230246251565e-16,2.220446049250313e-16
How do within-family activation hyperparameters tune the welfare-convergence tradeoff?,hyperparameter_shifted_linear,b,1.1,brd,shifted_linear,b,1.1,0.5,3,3,3,1.0,84,True,6,0.9841689475384585,0.959157118100646,3.144935531884663e-05,,,,,,1.1102230246251565e-16,2.220446049250313e-16
How do within-family activation hyperparameters tune the welfare-convergence tradeoff?,hyperparameter_shifted_linear,b,1.1,brd,shifted_linear,b,1.1,0.5,3,3,3,1.0,83,True,8,0.9818824196110504,0.9539465800481368,6.269119492141595e-05,,,,,,0.0,0.0
How do within-family activation hyperparameters tune the welfare-convergence tradeoff?,hyperparameter_shifted_linear,b,1.1,brd,shifted_linear,b,1.1,0.5,3,3,3,1.0,85,True,7,0.9886690749997191,0.880827738726885,8.135066917269729e-05,,,,,,1.1102230246251565e-16,0.0
How do within-family activation hyperparameters tune the welfare-convergence tradeoff?,hyperparameter_shifted_linear,b,1.1,brd,shifted_linear,b,1.1,0.5,3,3,3,1.0,88,True,8,0.9798553672905085,0.9126993890378116,-9.277155333387022e-07,,,,,,1.1102230246251565e-16,2.220446049250313e-16
How do within-family activation hyperparameters tune the welfare-convergence tradeoff?,hyperparameter_shifted_linear,b,1.1,brd,shifted_linear,b,1.1,0.5,3,3,3,1.0,87,True,7,0.9914693346762764,0.8771334518483341,4.105982000895958e-05,,,,,,1.1102230246251565e-16,1.1102230246251565e-16
How do within-family activation hyperparameters tune the welfare-convergence tradeoff?,hyperparameter_shifted_linear,b,1.1,brd,shifted_linear,b,1.1,0.5,3,3,3,1.0,90,True,6,0.9860220802869262,0.8969465206072295,8.342692712332012e-05,,,,,,2.220446049250313e-16,1.1102230246251565e-16
How do within-family activation hyperparameters tune the welfare-convergence tradeoff?,hyperparameter_shifted_linear,b,1.1,brd,shifted_linear,b,1.1,0.5,3,3,3,1.0,92,True,7,0.976926693409348,0.9216388144091686,4.369196313375179e-05,,,,,,1.1102230246251565e-16,1.1102230246251565e-16
How do within-family activation hyperparameters tune the welfare-convergence tradeoff?,hyperparameter_shifted_linear,b,1.1,brd,shifted_linear,b,1.1,0.5,3,3,3,1.0,89,True,8,0.9842477258060837,0.8952490907010064,3.592787796213859e-06,,,,,,0.0,2.220446049250313e-16
How do within-family activation hyperparameters tune the welfare-convergence tradeoff?,hyperparameter_shifted_linear,b,1.1,brd,shifted_linear,b,1.1,0.5,3,3,3,1.0,91,True,9,0.9765639729284223,0.8801540808200068,-9.793103841748696e-07,,,,,,1.1102230246251565e-16,0.0
How do within-family activation hyperparameters tune the welfare-convergence tradeoff?,hyperparameter_shifted_linear,b,1.1,brd,shifted_linear,b,1.1,0.5,3,3,3,1.0,94,True,7,0.970234698910057,0.8864344247109756,6.689005427634731e-05,,,,,,2.220446049250313e-16,0.0
How do within-family activation hyperparameters tune the welfare-convergence tradeoff?,hyperparameter_shifted_linear,b,1.1,brd,shifted_linear,b,1.1,0.5,3,3,3,1.0,93,True,8,0.9726102083892136,0.819510145863906,9.160605515207143e-05,,,,,,0.0,1.1102230246251565e-16
How do within-family activation hyperparameters tune the welfare-convergence tradeoff?,hyperparameter_shifted_linear,b,1.1,brd,shifted_linear,b,1.1,0.5,3,3,3,1.0,95,True,7,0.9866628236061668,0.9420031559541284,4.770092075756516e-05,,,,,,0.0,0.0
How do within-family activation hyperparameters tune the welfare-convergence tradeoff?,hyperparameter_shifted_linear,b,1.1,brd,shifted_linear,b,1.1,0.5,3,3,3,1.0,96,True,7,0.9811197916666666,0.9042862282529365,5.346251353660625e-05,,,,,,0.0,2.220446049250313e-16
How do within-family activation hyperparameters tune the welfare-convergence tradeoff?,hyperparameter_shifted_linear,b,1.1,brd,shifted_linear,b,1.1,0.5,3,3,3,1.0,97,True,8,0.9655813757564163,0.8597434908102572,8.629089888612107e-05,,,,,,0.0,1.1102230246251565e-16
How do within-family activation hyperparameters tune the welfare-convergence tradeoff?,hyperparameter_shifted_linear,b,1.1,brd,shifted_linear,b,1.1,0.5,3,3,3,1.0,99,True,7,0.98585021297184,0.9481222166390916,7.47505057717146e-05,,,,,,2.220446049250313e-16,2.220446049250313e-16
How do within-family activation hyperparameters tune the welfare-convergence tradeoff?,hyperparameter_shifted_linear,b,1.5,brd,shifted_linear,b,1.5,0.5,3,3,3,1.0,0,True,6,0.9840549714638264,0.8371551744825828,6.240385511990798e-05,,,,,,0.0,2.220446049250313e-16
How do within-family activation hyperparameters tune the welfare-convergence tradeoff?,hyperparameter_shifted_linear,b,1.1,brd,shifted_linear,b,1.1,0.5,3,3,3,1.0,98,True,8,0.9808257895204909,0.9099987323142186,3.4578284696107353e-06,,,,,,2.220446049250313e-16,2.220446049250313e-16
How do within-family activation hyperparameters tune the welfare-convergence tradeoff?,hyperparameter_shifted_linear,b,1.5,brd,shifted_linear,b,1.5,0.5,3,3,3,1.0,1,True,7,0.982474573772649,0.8957940015763913,7.541185380594007e-05,,,,,,1.1102230246251565e-16,1.1102230246251565e-16
How do within-family activation hyperparameters tune the welfare-convergence tradeoff?,hyperparameter_shifted_linear,b,1.5,brd,shifted_linear,b,1.5,0.5,3,3,3,1.0,3,True,7,0.9921005763697334,0.9288699243828781,3.4774781957069845e-05,,,,,,1.1102230246251565e-16,2.220446049250313e-16
How do within-family activation hyperparameters tune the welfare-convergence tradeoff?,hyperparameter_shifted_linear,b,1.5,brd,shifted_linear,b,1.5,0.5,3,3,3,1.0,2,True,8,0.9783740306479167,0.8959173144236635,6.278896929245992e-05,,,,,,0.0,1.1102230246251565e-16
How do within-family activation hyperparameters tune the welfare-convergence tradeoff?,hyperparameter_shifted_linear,b,1.5,brd,shifted_linear,b,1.5,0.5,3,3,3,1.0,4,True,9,0.9766046847158453,0.9037674944741246,1.2734264237479476e-05,,,,,,1.1102230246251565e-16,0.0
How do within-family activation hyperparameters tune the welfare-convergence tradeoff?,hyperparameter_shifted_linear,b,1.5,brd,shifted_linear,b,1.5,0.5,3,3,3,1.0,5,True,5,0.9803059895833334,0.8623876028093352,8.41013842839966e-05,,,,,,0.0,2.220446049250313e-16
How do within-family activation hyperparameters tune the welfare-convergence tradeoff?,hyperparameter_shifted_linear,b,1.5,brd,shifted_linear,b,1.5,0.5,3,3,3,1.0,7,True,6,0.988955663010978,0.9104341815007895,7.349684257640376e-05,,,,,,1.1102230246251565e-16,2.220446049250313e-16
How do within-family activation hyperparameters tune the welfare-convergence tradeoff?,hyperparameter_shifted_linear,b,1.5,brd,shifted_linear,b,1.5,0.5,3,3,3,1.0,6,True,6,0.989226790539837,0.8393220779275702,7.69325883426264e-05,,,,,,1.1102230246251565e-16,1.1102230246251565e-16
How do within-family activation hyperparameters tune the welfare-convergence tradeoff?,hyperparameter_shifted_linear,b,1.5,brd,shifted_linear,b,1.5,0.5,3,3,3,1.0,8,True,8,0.9769787186467522,0.8990772569541631,9.167259398085159e-05,,,,,,0.0,1.1102230246251565e-16
How do within-family activation hyperparameters tune the welfare-convergence tradeoff?,hyperparameter_shifted_linear,b,1.5,brd,shifted_linear,b,1.5,0.5,3,3,3,1.0,9,True,6,0.9802006767851045,0.8433342442560733,6.871908919481307e-05,,,,,,2.220446049250313e-16,0.0
How do within-family activation hyperparameters tune the welfare-convergence tradeoff?,hyperparameter_shifted_linear,b,1.5,brd,shifted_linear,b,1.5,0.5,3,3,3,1.0,10,True,6,0.9841501956630073,0.8922486027994108,8.217650593383974e-05,,,,,,2.220446049250313e-16,1.1102230246251565e-16
How do within-family activation hyperparameters tune the welfare-convergence tradeoff?,hyperparameter_shifted_linear,b,1.5,brd,shifted_linear,b,1.5,0.5,3,3,3,1.0,11,True,8,0.9689811694624518,0.8740533246927552,7.860770368273151e-05,,,,,,1.1102230246251565e-16,1.1102230246251565e-16
How do within-family activation hyperparameters tune the welfare-convergence tradeoff?,hyperparameter_shifted_linear,b,1.5,brd,shifted_linear,b,1.5,0.5,3,3,3,1.0,13,True,6,0.9846797053076681,0.8635090198529861,8.709141649632102e-05,,,,,,1.1102230246251565e-16,2.220446049250313e-16
How do within-family activation hyperparameters tune the welfare-convergence tradeoff?,hyperparameter_shifted_linear,b,1.5,brd,shifted_linear,b,1.5,0.5,3,3,3,1.0,12,True,7,0.9818211915815036,0.886316139776265,5.5971962524936636e-05,,,,,,2.220446049250313e-16,2.220446049250313e-16
How do within-family activation hyperparameters tune the welfare-convergence tradeoff?,hyperparameter_shifted_linear,b,1.5,brd,shifted_linear,b,1.5,0.5,3,3,3,1.0,14,True,6,0.9934857580254075,0.9396994703460823,3.2599053446824566e-05,,,,,,2.220446049250313e-16,1.1102230246251565e-16
How do within-family activation hyperparameters tune the welfare-convergence tradeoff?,hyperparameter_shifted_linear,b,1.5,brd,shifted_linear,b,1.5,0.5,3,3,3,1.0,15,True,6,0.987619223739014,0.8902745489760101,5.073065325550408e-05,,,,,,1.1102230246251565e-16,2.220446049250313e-16
How do within-family activation hyperparameters tune the welfare-convergence tradeoff?,hyperparameter_shifted_linear,b,1.5,brd,shifted_linear,b,1.5,0.5,3,3,3,1.0,20,True,4,0.9886067708333334,0.9057214473127441,7.861949916554423e-05,,,,,,1.1102230246251565e-16,1.1102230246251565e-16
How do within-family activation hyperparameters tune the welfare-convergence tradeoff?,hyperparameter_shifted_linear,b,1.5,brd,shifted_linear,b,1.5,0.5,3,3,3,1.0,18,True,6,0.9903177727364854,0.8872024405226367,3.381656780215847e-05,,,,,,1.1102230246251565e-16,1.1102230246251565e-16
How do within-family activation hyperparameters tune the welfare-convergence tradeoff?,hyperparameter_shifted_linear,b,1.5,brd,shifted_linear,b,1.5,0.5,3,3,3,1.0,17,True,7,0.9783735173216563,0.8969316445060461,6.85623002490976e-05,,,,,,1.1102230246251565e-16,2.220446049250313e-16
How do within-family activation hyperparameters tune the welfare-convergence tradeoff?,hyperparameter_shifted_linear,b,1.5,brd,shifted_linear,b,1.5,0.5,3,3,3,1.0,19,True,6,0.9882308917518297,0.9274830773254301,3.204503852555218e-05,,,,,,0.0,0.0
How do within-family activation hyperparameters tune the welfare-convergence tradeoff?,hyperparameter_shifted_linear,b,1.5,brd,shifted_linear,b,1.5,0.5,3,3,3,1.0,16,True,8,0.9801686613709524,0.8417928037526536,5.826478311021788e-05,,,,,,2.220446049250313e-16,1.1102230246251565e-16
How do within-family activation hyperparameters tune the welfare-convergence tradeoff?,hyperparameter_shifted_linear,b,1.5,brd,shifted_linear,b,1.5,0.5,3,3,3,1.0,22,True,4,0.9842122395833334,0.9304782812519217,9.705187588360253e-05,,,,,,0.0,0.0
How do within-family activation hyperparameters tune the welfare-convergence tradeoff?,hyperparameter_shifted_linear,b,1.5,brd,shifted_linear,b,1.5,0.5,3,3,3,1.0,21,True,7,0.9781062464758566,0.9008782734094404,4.2069975094760625e-05,,,,,,1.1102230246251565e-16,0.0
How do within-family activation hyperparameters tune the welfare-convergence tradeoff?,hyperparameter_shifted_linear,b,1.5,brd,shifted_linear,b,1.5,0.5,3,3,3,1.0,26,True,6,0.9909412672119967,0.9038785207581905,6.446898950224211e-05,,,,,,1.1102230246251565e-16,2.220446049250313e-16
How do within-family activation hyperparameters tune the welfare-convergence tradeoff?,hyperparameter_shifted_linear,b,1.5,brd,shifted_linear,b,1.5,0.5,3,3,3,1.0,24,True,6,0.9923871252129075,0.9198064950128182,6.761193562798695e-05,,,,,,1.1102230246251565e-16,1.1102230246251565e-16
How do within-family activation hyperparameters tune the welfare-convergence tradeoff?,hyperparameter_shifted_linear,b,1.5,brd,shifted_linear,b,1.5,0.5,3,3,3,1.0,25,True,7,0.966232417423083,0.8478620499551246,1.2285600860306722e-05,,,,,,2.220446049250313e-16,0.0
How do within-family activation hyperparameters tune the welfare-convergence tradeoff?,hyperparameter_shifted_linear,b,1.5,brd,shifted_linear,b,1.5,0.5,3,3,3,1.0,27,True,8,0.977412957131196,0.891198818982969,5.061622158503143e-05,,,,,,2.220446049250313e-16,2.220446049250313e-16
How do within-family activation hyperparameters tune the welfare-convergence tradeoff?,hyperparameter_shifted_linear,b,1.5,brd,shifted_linear,b,1.5,0.5,3,3,3,1.0,23,True,8,0.9890001784230705,0.9450170692796601,2.409201433895003e-05,,,,,,0.0,0.0
How do within-family activation hyperparameters tune the welfare-convergence tradeoff?,hyperparameter_shifted_linear,b,1.5,brd,shifted_linear,b,1.5,0.5,3,3,3,1.0,28,True,7,0.9735346669844442,0.8744056350212422,7.936439082179003e-05,,,,,,1.1102230246251565e-16,0.0
How do within-family activation hyperparameters tune the welfare-convergence tradeoff?,hyperparameter_shifted_linear,b,1.5,brd,shifted_linear,b,1.5,0.5,3,3,3,1.0,29,True,7,0.97381073335783,0.870321296363438,9.473214799182728e-05,,,,,,1.1102230246251565e-16,1.1102230246251565e-16
How do within-family activation hyperparameters tune the welfare-convergence tradeoff?,hyperparameter_shifted_linear,b,1.5,brd,shifted_linear,b,1.5,0.5,3,3,3,1.0,30,True,7,0.9829025056341484,0.9257171272583387,7.76098967659733e-05,,,,,,1.1102230246251565e-16,0.0
How do within-family activation hyperparameters tune the welfare-convergence tradeoff?,hyperparameter_shifted_linear,b,1.5,brd,shifted_linear,b,1.5,0.5,3,3,3,1.0,33,True,6,0.9826963365073267,0.9013655735419803,5.1599626185727665e-05,,,,,,1.1102230246251565e-16,2.220446049250313e-16
How do within-family activation hyperparameters tune the welfare-convergence tradeoff?,hyperparameter_shifted_linear,b,1.5,brd,shifted_linear,b,1.5,0.5,3,3,3,1.0,32,True,6,0.9829543431199766,0.9176171157845255,3.3816570155997816e-05,,,,,,1.1102230246251565e-16,1.1102230246251565e-16
How do within-family activation hyperparameters tune the welfare-convergence tradeoff?,hyperparameter_shifted_linear,b,1.5,brd,shifted_linear,b,1.5,0.5,3,3,3,1.0,34,True,5,0.9823708156739933,0.8659073878129995,6.271912513106104e-05,,,,,,0.0,1.1102230246251565e-16
How do within-family activation hyperparameters tune the welfare-convergence tradeoff?,hyperparameter_shifted_linear,b,1.5,brd,shifted_linear,b,1.5,0.5,3,3,3,1.0,31,True,9,0.9834175520829402,0.8860048461439426,5.699699363054256e-05,,,,,,1.1102230246251565e-16,1.1102230246251565e-16
How do within-family activation hyperparameters tune the welfare-convergence tradeoff?,hyperparameter_shifted_linear,b,1.5,brd,shifted_linear,b,1.5,0.5,3,3,3,1.0,36,True,5,0.991335025340652,0.9178659979422795,9.828064498068612e-05,,,,,,2.220446049250313e-16,1.1102230246251565e-16
How do within-family activation hyperparameters tune the welfare-convergence tradeoff?,hyperparameter_shifted_linear,b,1.5,brd,shifted_linear,b,1.5,0.5,3,3,3,1.0,35,True,7,0.9748483117435837,0.8206167156247733,9.425101762322585e-05,,,,,,0.0,1.1102230246251565e-16
How do within-family activation hyperparameters tune the welfare-convergence tradeoff?,hyperparameter_shifted_linear,b,1.5,brd,shifted_linear,b,1.5,0.5,3,3,3,1.0,38,True,7,0.9902298486142379,0.9363502723996708,5.4045410501357694e-05,,,,,,1.1102230246251565e-16,2.220446049250313e-16
How do within-family activation hyperparameters tune the welfare-convergence tradeoff?,hyperparameter_shifted_linear,b,1.5,brd,shifted_linear,b,1.5,0.5,3,3,3,1.0,37,True,9,0.9660957547496672,0.8578729197256347,6.791248061654986e-05,,,,,,0.0,2.220446049250313e-16
How do within-family activation hyperparameters tune the welfare-convergence tradeoff?,hyperparameter_shifted_linear,b,1.5,brd,shifted_linear,b,1.5,0.5,3,3,3,1.0,39,True,5,0.9915923088786633,0.911263001512423,8.355962438522102e-05,,,,,,1.1102230246251565e-16,2.220446049250313e-16
How do within-family activation hyperparameters tune the welfare-convergence tradeoff?,hyperparameter_shifted_linear,b,1.5,brd,shifted_linear,b,1.5,0.5,3,3,3,1.0,41,True,5,0.9944661458333334,0.9069223245156387,5.899380950097344e-05,,,,,,1.1102230246251565e-16,1.1102230246251565e-16
How do within-family activation hyperparameters tune the welfare-convergence tradeoff?,hyperparameter_shifted_linear,b,1.5,brd,shifted_linear,b,1.5,0.5,3,3,3,1.0,40,True,6,0.9714961115576681,0.8570484874129174,9.205482942692411e-05,,,,,,1.1102230246251565e-16,1.1102230246251565e-16
How do within-family activation hyperparameters tune the welfare-convergence tradeoff?,hyperparameter_shifted_linear,b,1.5,brd,shifted_linear,b,1.5,0.5,3,3,3,1.0,42,True,6,0.9835519589789463,0.8836567195711093,9.916460372949576e-05,,,,,,1.1102230246251565e-16,1.1102230246251565e-16
How do within-family activation hyperparameters tune the welfare-convergence tradeoff?,hyperparameter_shifted_linear,b,1.5,brd,shifted_linear,b,1.5,0.5,3,3,3,1.0,45,True,6,0.9945165739976297,0.9704039858020294,5.2955470374538294e-05,,,,,,1.1102230246251565e-16,0.0
How do within-family activation hyperparameters tune the welfare-convergence tradeoff?,hyperparameter_shifted_linear,b,1.5,brd,shifted_linear,b,1.5,0.5,3,3,3,1.0,44,True,8,0.9711602163299085,0.8421577657901488,9.1226052787996e-06,,,,,,2.220446049250313e-16,0.0
How do within-family activation hyperparameters tune the welfare-convergence tradeoff?,hyperparameter_shifted_linear,b,1.5,brd,shifted_linear,b,1.5,0.5,3,3,3,1.0,43,True,8,0.968721395646301,0.8334281415326933,1.9648904452218563e-05,,,,,,1.1102230246251565e-16,0.0
How do within-family activation hyperparameters tune the welfare-convergence tradeoff?,hyperparameter_shifted_linear,b,1.5,brd,shifted_linear,b,1.5,0.5,3,3,3,1.0,47,True,5,0.9892474047371673,0.9378867826985037,9.75235825714793e-05,,,,,,2.220446049250313e-16,0.0
How do within-family activation hyperparameters tune the welfare-convergence tradeoff?,hyperparameter_shifted_linear,b,1.5,brd,shifted_linear,b,1.5,0.5,3,3,3,1.0,46,True,8,0.9871331683284171,0.8878883027801855,2.5526862296731956e-05,,,,,,1.1102230246251565e-16,0.0
How do within-family activation hyperparameters tune the welfare-convergence tradeoff?,hyperparameter_shifted_linear,b,1.5,brd,shifted_linear,b,1.5,0.5,3,3,3,1.0,49,True,6,0.987388463317995,0.8643829672517084,7.46178504352768e-05,,,,,,1.1102230246251565e-16,0.0
How do within-family activation hyperparameters tune the welfare-convergence tradeoff?,hyperparameter_shifted_linear,b,1.5,brd,shifted_linear,b,1.5,0.5,3,3,3,1.0,50,True,7,0.9884351997269418,0.8586734187583739,2.6720064681351463e-05,,,,,,1.1102230246251565e-16,0.0
How do within-family activation hyperparameters tune the welfare-convergence tradeoff?,hyperparameter_shifted_linear,b,1.5,brd,shifted_linear,b,1.5,0.5,3,3,3,1.0,48,True,7,0.9867939297307904,0.9090472705544815,3.9218932933349215e-05,,,,,,1.1102230246251565e-16,1.1102230246251565e-16
How do within-family activation hyperparameters tune the welfare-convergence tradeoff?,hyperparameter_shifted_linear,b,1.5,brd,shifted_linear,b,1.5,0.5,3,3,3,1.0,51,True,7,0.9903499327737193,0.8889140515896856,3.661212852124063e-05,,,,,,1.1102230246251565e-16,1.1102230246251565e-16
How do within-family activation hyperparameters tune the welfare-convergence tradeoff?,hyperparameter_shifted_linear,b,1.5,brd,shifted_linear,b,1.5,0.5,3,3,3,1.0,52,True,6,0.9891208701620801,0.8527874249890744,9.651393595061508e-05,,,,,,0.0,2.220446049250313e-16
How do within-family activation hyperparameters tune the welfare-convergence tradeoff?,hyperparameter_shifted_linear,b,1.5,brd,shifted_linear,b,1.5,0.5,3,3,3,1.0,53,True,8,0.9797787107807874,0.8959383682387202,6.249829593596434e-05,,,,,,0.0,1.1102230246251565e-16
How do within-family activation hyperparameters tune the welfare-convergence tradeoff?,hyperparameter_shifted_linear,b,1.5,brd,shifted_linear,b,1.5,0.5,3,3,3,1.0,54,True,7,0.981513889335839,0.8831080619396493,6.92968508841374e-05,,,,,,0.0,2.220446049250313e-16
How do within-family activation hyperparameters tune the welfare-convergence tradeoff?,hyperparameter_shifted_linear,b,1.5,brd,shifted_linear,b,1.5,0.5,3,3,3,1.0,56,True,6,0.99273163179533,0.9094337340712827,4.228979413528622e-05,,,,,,1.1102230246251565e-16,1.1102230246251565e-16
How do within-family activation hyperparameters tune the welfare-convergence tradeoff?,hyperparameter_shifted_linear,b,1.5,brd,shifted_linear,b,1.5,0.5,3,3,3,1.0,57,True,5,0.9919840494791666,0.8959116490585917,2.036045927644725e-05,,,,,,0.0,0.0
How do within-family activation hyperparameters tune the welfare-convergence tradeoff?,hyperparameter_shifted_linear,b,1.5,brd,shifted_linear,b,1.5,0.5,3,3,3,1.0,55,True,8,0.9841683938739437,0.8811116719402818,5.918375607377735e-05,,,,,,1.1102230246251565e-16,1.1102230246251565e-16
How do within-family activation hyperparameters tune the welfare-convergence tradeoff?,hyperparameter_shifted_linear,b,1.5,brd,shifted_linear,b,1.5,0.5,3,3,3,1.0,58,True,7,0.9781399164987898,0.8703701475879386,9.202160189009101e-05,,,,,,2.220446049250313e-16,2.220446049250313e-16
How do within-family activation hyperparameters tune the welfare-convergence tradeoff?,hyperparameter_shifted_linear,b,1.5,brd,shifted_linear,b,1.5,0.5,3,3,3,1.0,61,True,6,0.9866640535961659,0.9071680019311602,7.036856077957676e-05,,,,,,2.220446049250313e-16,1.1102230246251565e-16
How do within-family activation hyperparameters tune the welfare-convergence tradeoff?,hyperparameter_shifted_linear,b,1.5,brd,shifted_linear,b,1.5,0.5,3,3,3,1.0,59,True,7,0.9806584973205257,0.8482048150432006,6.612558878793529e-05,,,,,,0.0,1.1102230246251565e-16
How do within-family activation hyperparameters tune the welfare-convergence tradeoff?,hyperparameter_shifted_linear,b,1.5,brd,shifted_linear,b,1.5,0.5,3,3,3,1.0,60,True,9,0.9811912472334641,0.9099585060740853,1.8103760365206778e-05,,,,,,2.220446049250313e-16,2.220446049250313e-16
How do within-family activation hyperparameters tune the welfare-convergence tradeoff?,hyperparameter_shifted_linear,b,1.5,brd,shifted_linear,b,1.5,0.5,3,3,3,1.0,63,True,5,0.993316075613317,0.9242653369201207,6.830922074879675e-05,,,,,,2.220446049250313e-16,0.0
How do within-family activation hyperparameters tune the welfare-convergence tradeoff?,hyperparameter_shifted_linear,b,1.5,brd,shifted_linear,b,1.5,0.5,3,3,3,1.0,65,True,7,0.9836530244288253,0.8654116333259944,6.46367982095053e-05,,,,,,1.1102230246251565e-16,1.1102230246251565e-16
How do within-family activation hyperparameters tune the welfare-convergence tradeoff?,hyperparameter_shifted_linear,b,1.5,brd,shifted_linear,b,1.5,0.5,3,3,3,1.0,62,True,8,0.9753685377366501,0.888370797715253,1.5859111548832683e-05,,,,,,1.1102230246251565e-16,1.1102230246251565e-16
How do within-family activation hyperparameters tune the welfare-convergence tradeoff?,hyperparameter_shifted_linear,b,1.5,brd,shifted_linear,b,1.5,0.5,3,3,3,1.0,64,True,7,0.9606662326388888,0.8315847353377741,8.750938478585546e-05,,,,,,1.1102230246251565e-16,1.1102230246251565e-16
How do within-family activation hyperparameters tune the welfare-convergence tradeoff?,hyperparameter_shifted_linear,b,1.5,brd,shifted_linear,b,1.5,0.5,3,3,3,1.0,66,True,6,0.987428775340652,0.8929098012510694,7.395453763214821e-05,,,,,,1.1102230246251565e-16,2.220446049250313e-16
How do within-family activation hyperparameters tune the welfare-convergence tradeoff?,hyperparameter_shifted_linear,b,1.5,brd,shifted_linear,b,1.5,0.5,3,3,3,1.0,67,True,7,0.9847256378342437,0.8703775866680082,7.048092193639999e-05,,,,,,1.1102230246251565e-16,1.1102230246251565e-16
How do within-family activation hyperparameters tune the welfare-convergence tradeoff?,hyperparameter_shifted_linear,b,1.5,brd,shifted_linear,b,1.5,0.5,3,3,3,1.0,69,True,6,0.9850081846163172,0.9123477701798471,7.246235194213746e-05,,,,,,2.220446049250313e-16,0.0
How do within-family activation hyperparameters tune the welfare-convergence tradeoff?,hyperparameter_shifted_linear,b,1.5,brd,shifted_linear,b,1.5,0.5,3,3,3,1.0,68,True,7,0.9870474039619886,0.8865578087263192,7.24990791604041e-05,,,,,,2.220446049250313e-16,0.0
How do within-family activation hyperparameters tune the welfare-convergence tradeoff?,hyperparameter_shifted_linear,b,1.5,brd,shifted_linear,b,1.5,0.5,3,3,3,1.0,71,True,6,0.9810494278328036,0.9041990724082191,8.511782188108663e-05,,,,,,1.1102230246251565e-16,0.0
How do within-family activation hyperparameters tune the welfare-convergence tradeoff?,hyperparameter_shifted_linear,b,1.5,brd,shifted_linear,b,1.5,0.5,3,3,3,1.0,70,True,8,0.9789819911882565,0.8917447821707022,8.204805372563628e-05,,,,,,1.1102230246251565e-16,2.220446049250313e-16
How do within-family activation hyperparameters tune the welfare-convergence tradeoff?,hyperparameter_shifted_linear,b,1.5,brd,shifted_linear,b,1.5,0.5,3,3,3,1.0,74,True,7,0.9907471810454029,0.8903969902572758,9.022042451356516e-05,,,,,,2.220446049250313e-16,1.1102230246251565e-16
How do within-family activation hyperparameters tune the welfare-convergence tradeoff?,hyperparameter_shifted_linear,b,1.5,brd,shifted_linear,b,1.5,0.5,3,3,3,1.0,72,True,8,0.9763406958500755,0.9015514418434485,5.6224855584430244e-05,,,,,,2.220446049250313e-16,2.220446049250313e-16
How do within-family activation hyperparameters tune the welfare-convergence tradeoff?,hyperparameter_shifted_linear,b,1.5,brd,shifted_linear,b,1.5,0.5,3,3,3,1.0,73,True,8,0.9809865535957728,0.8851385200291926,3.6197957846928475e-05,,,,,,2.220446049250313e-16,0.0
How do within-family activation hyperparameters tune the welfare-convergence tradeoff?,hyperparameter_shifted_linear,b,1.5,brd,shifted_linear,b,1.5,0.5,3,3,3,1.0,75,True,7,0.9830832858885067,0.8541647022214741,1.9271202939707965e-05,,,,,,0.0,0.0
How do within-family activation hyperparameters tune the welfare-convergence tradeoff?,hyperparameter_shifted_linear,b,1.5,brd,shifted_linear,b,1.5,0.5,3,3,3,1.0,78,True,5,0.9900329420073187,0.9104781204299467,9.934250358240027e-05,,,,,,0.0,0.0
How do within-family activation hyperparameters tune the welfare-convergence tradeoff?,hyperparameter_shifted_linear,b,1.5,brd,shifted_linear,b,1.5,0.5,3,3,3,1.0,76,True,8,0.9650828178245967,0.8676710786842112,3.499673571727424e-05,,,,,,0.0,1.1102230246251565e-16
How do within-family activation hyperparameters tune the welfare-convergence tradeoff?,hyperparameter_shifted_linear,b,1.5,brd,shifted_linear,b,1.5,0.5,3,3,3,1.0,77,True,7,0.9896179583112702,0.8852750799329572,8.686330369284123e-05,,,,,,0.0,1.1102230246251565e-16
How do within-family activation hyperparameters tune the welfare-convergence tradeoff?,hyperparameter_shifted_linear,b,1.5,brd,shifted_linear,b,1.5,0.5,3,3,3,1.0,80,True,4,0.9842122395833334,0.9146283127157804,6.25429610937589e-05,,,,,,1.1102230246251565e-16,1.1102230246251565e-16
How do within-family activation hyperparameters tune the welfare-convergence tradeoff?,hyperparameter_shifted_linear,b,1.5,brd,shifted_linear,b,1.5,0.5,3,3,3,1.0,79,True,8,0.9698730177756508,0.8398418223286694,8.49384588036961e-05,,,,,,0.0,1.1102230246251565e-16
How do within-family activation hyperparameters tune the welfare-convergence tradeoff?,hyperparameter_shifted_linear,b,1.5,brd,shifted_linear,b,1.5,0.5,3,3,3,1.0,82,True,7,0.9733583509926733,0.8418155693412496,9.507677348113974e-05,,,,,,2.220446049250313e-16,1.1102230246251565e-16
How do within-family activation hyperparameters tune the welfare-convergence tradeoff?,hyperparameter_shifted_linear,b,1.5,brd,shifted_linear,b,1.5,0.5,3,3,3,1.0,81,True,7,0.9746338997954029,0.8728057591797818,8.375615010841608e-05,,,,,,1.1102230246251565e-16,0.0
How do within-family activation hyperparameters tune the welfare-convergence tradeoff?,hyperparameter_shifted_linear,b,1.5,brd,shifted_linear,b,1.5,0.5,3,3,3,1.0,84,True,6,0.9897978541538429,0.9520289481979534,4.2744210196177246e-05,,,,,,2.220446049250313e-16,0.0
How do within-family activation hyperparameters tune the welfare-convergence tradeoff?,hyperparameter_shifted_linear,b,1.5,brd,shifted_linear,b,1.5,0.5,3,3,3,1.0,83,True,7,0.98741638859066,0.9471367004260661,7.180151416164016e-05,,,,,,1.1102230246251565e-16,1.1102230246251565e-16
How do within-family activation hyperparameters tune the welfare-convergence tradeoff?,hyperparameter_shifted_linear,b,1.5,brd,shifted_linear,b,1.5,0.5,3,3,3,1.0,86,True,6,0.9899296696923319,0.9069847618346816,6.622832451730343e-05,,,,,,0.0,1.1102230246251565e-16
How do within-family activation hyperparameters tune the welfare-convergence tradeoff?,hyperparameter_shifted_linear,b,1.5,brd,shifted_linear,b,1.5,0.5,3,3,3,1.0,87,True,5,0.9937492349384148,0.8737005673234544,3.5623265028372764e-05,,,,,,1.1102230246251565e-16,1.1102230246251565e-16
How do within-family activation hyperparameters tune the welfare-convergence tradeoff?,hyperparameter_shifted_linear,b,1.5,brd,shifted_linear,b,1.5,0.5,3,3,3,1.0,85,True,5,0.991823306590652,0.8764541104816432,9.163845911214219e-05,,,,,,0.0,2.220446049250313e-16
How do within-family activation hyperparameters tune the welfare-convergence tradeoff?,hyperparameter_shifted_linear,b,1.5,brd,shifted_linear,b,1.5,0.5,3,3,3,1.0,88,True,7,0.9863126839360445,0.9043733592733982,7.399921325923486e-05,,,,,,0.0,0.0
How do within-family activation hyperparameters tune the welfare-convergence tradeoff?,hyperparameter_shifted_linear,b,1.5,brd,shifted_linear,b,1.5,0.5,3,3,3,1.0,89,True,6,0.9895170750251707,0.8883001930634863,9.01160810783952e-05,,,,,,2.220446049250313e-16,1.1102230246251565e-16
How do within-family activation hyperparameters tune the welfare-convergence tradeoff?,hyperparameter_shifted_linear,b,1.5,brd,shifted_linear,b,1.5,0.5,3,3,3,1.0,90,True,6,0.9918212890625,0.8898325360769133,3.4079989566337954e-05,,,,,,1.1102230246251565e-16,1.1102230246251565e-16
How do within-family activation hyperparameters tune the welfare-convergence tradeoff?,hyperparameter_shifted_linear,b,1.5,brd,shifted_linear,b,1.5,0.5,3,3,3,1.0,91,True,7,0.9855613242312792,0.8683211617663523,7.875302151794106e-05,,,,,,2.220446049250313e-16,1.1102230246251565e-16
How do within-family activation hyperparameters tune the welfare-convergence tradeoff?,hyperparameter_shifted_linear,b,1.5,brd,shifted_linear,b,1.5,0.5,3,3,3,1.0,92,True,8,0.9847702625338752,0.9115514160814792,3.558579400475548e-05,,,,,,1.1102230246251565e-16,2.220446049250313e-16
How do within-family activation hyperparameters tune the welfare-convergence tradeoff?,hyperparameter_shifted_linear,b,1.5,brd,shifted_linear,b,1.5,0.5,3,3,3,1.0,95,True,5,0.9912005297371673,0.9359950247455001,7.492661812774637e-05,,,,,,0.0,0.0
How do within-family activation hyperparameters tune the welfare-convergence tradeoff?,hyperparameter_shifted_linear,b,1.5,brd,shifted_linear,b,1.5,0.5,3,3,3,1.0,96,True,7,0.9889131347101919,0.8945255432515321,3.382311576349828e-05,,,,,,2.220446049250313e-16,1.1102230246251565e-16
How do within-family activation hyperparameters tune the welfare-convergence tradeoff?,hyperparameter_shifted_linear,b,1.5,brd,shifted_linear,b,1.5,0.5,3,3,3,1.0,98,True,5,0.986568230568696,0.90208023837616,8.344321192743642e-05,,,,,,0.0,0.0
How do within-family activation hyperparameters tune the welfare-convergence tradeoff?,hyperparameter_shifted_linear,b,1.5,brd,shifted_linear,b,1.5,0.5,3,3,3,1.0,93,True,8,0.9810222229825977,0.8082802513576867,8.731123737026891e-05,,,,,,2.220446049250313e-16,1.1102230246251565e-16
How do within-family activation hyperparameters tune the welfare-convergence tradeoff?,hyperparameter_shifted_linear,b,1.5,brd,shifted_linear,b,1.5,0.5,3,3,3,1.0,94,True,8,0.9790009811430905,0.8748752165902655,9.043927615132175e-05,,,,,,1.1102230246251565e-16,2.220446049250313e-16
How do within-family activation hyperparameters tune the welfare-convergence tradeoff?,hyperparameter_shifted_linear,b,1.5,brd,shifted_linear,b,1.5,0.5,3,3,3,1.0,97,True,7,0.9741362541911633,0.8490387431246801,8.964645701931007e-05,,,,,,1.1102230246251565e-16,1.1102230246251565e-16
How do within-family activation hyperparameters tune the welfare-convergence tradeoff?,hyperparameter_shifted_linear,b,1.5,brd,shifted_linear,b,1.5,0.5,3,3,3,1.0,99,True,7,0.9912081292282454,0.9415647533022088,8.894295864925184e-06,,,,,,0.0,2.220446049250313e-16
How do within-family activation hyperparameters tune the welfare-convergence tradeoff?,hyperparameter_shifted_linear,b,2.0,brd,shifted_linear,b,2.0,0.5,3,3,3,1.0,1,True,6,0.98888123234066,0.8840415021824718,7.279806754506568e-05,,,,,,0.0,0.0
How do within-family activation hyperparameters tune the welfare-convergence tradeoff?,hyperparameter_shifted_linear,b,2.0,brd,shifted_linear,b,2.0,0.5,3,3,3,1.0,0,True,5,0.9897132094679578,0.8269963215451575,7.732046946495874e-05,,,,,,2.220446049250313e-16,1.1102230246251565e-16
How do within-family activation hyperparameters tune the welfare-convergence tradeoff?,hyperparameter_shifted_linear,b,2.0,brd,shifted_linear,b,2.0,0.5,3,3,3,1.0,4,True,7,0.9849067410849286,0.8895116345309337,2.0794393330136884e-05,,,,,,0.0,1.1102230246251565e-16
How do within-family activation hyperparameters tune the welfare-convergence tradeoff?,hyperparameter_shifted_linear,b,2.0,brd,shifted_linear,b,2.0,0.5,3,3,3,1.0,3,True,6,0.9956597222222222,0.9225058907508507,5.2428744286237006e-05,,,,,,0.0,2.220446049250313e-16
How do within-family activation hyperparameters tune the welfare-convergence tradeoff?,hyperparameter_shifted_linear,b,2.0,brd,shifted_linear,b,2.0,0.5,3,3,3,1.0,6,True,6,0.9935733591513284,0.8314841034544198,4.246045672040566e-05,,,,,,2.220446049250313e-16,2.220446049250313e-16
How do within-family activation hyperparameters tune the welfare-convergence tradeoff?,hyperparameter_shifted_linear,b,2.0,brd,shifted_linear,b,2.0,0.5,3,3,3,1.0,2,True,7,0.9855067234255886,0.8828827952800019,7.474749585656415e-05,,,,,,2.220446049250313e-16,2.220446049250313e-16
How do within-family activation hyperparameters tune the welfare-convergence tradeoff?,hyperparameter_shifted_linear,b,2.0,brd,shifted_linear,b,2.0,0.5,3,3,3,1.0,5,True,7,0.9852661472353627,0.8529487192699637,3.4089131068282263e-05,,,,,,1.1102230246251565e-16,1.1102230246251565e-16
How do within-family activation hyperparameters tune the welfare-convergence tradeoff?,hyperparameter_shifted_linear,b,2.0,brd,shifted_linear,b,2.0,0.5,3,3,3,1.0,7,True,6,0.9916011041943675,0.9056280441421279,3.4325302416093884e-05,,,,,,1.1102230246251565e-16,2.220446049250313e-16
How do within-family activation hyperparameters tune the welfare-convergence tradeoff?,hyperparameter_shifted_linear,b,2.0,brd,shifted_linear,b,2.0,0.5,3,3,3,1.0,9,True,6,0.9876510238589986,0.830216458377083,4.20308030247285e-05,,,,,,2.220446049250313e-16,1.1102230246251565e-16
How do within-family activation hyperparameters tune the welfare-convergence tradeoff?,hyperparameter_shifted_linear,b,2.0,brd,shifted_linear,b,2.0,0.5,3,3,3,1.0,10,True,6,0.9888826113293606,0.8834883995697279,8.61006495841421e-05,,,,,,1.1102230246251565e-16,2.220446049250313e-16
How do within-family activation hyperparameters tune the welfare-convergence tradeoff?,hyperparameter_shifted_linear,b,2.0,brd,shifted_linear,b,2.0,0.5,3,3,3,1.0,8,True,8,0.9846975957264238,0.8855381644657188,6.762335600385416e-05,,,,,,2.220446049250313e-16,0.0
How do within-family activation hyperparameters tune the welfare-convergence tradeoff?,hyperparameter_shifted_linear,b,2.0,brd,shifted_linear,b,2.0,0.5,3,3,3,1.0,13,True,6,0.9901801215277778,0.8537865590270052,8.524272650989317e-05,,,,,,2.220446049250313e-16,1.1102230246251565e-16
How do within-family activation hyperparameters tune the welfare-convergence tradeoff?,hyperparameter_shifted_linear,b,2.0,brd,shifted_linear,b,2.0,0.5,3,3,3,1.0,12,True,7,0.9879124371217919,0.8756159475837114,3.249345280142979e-05,,,,,,1.1102230246251565e-16,2.220446049250313e-16
How do within-family activation hyperparameters tune the welfare-convergence tradeoff?,hyperparameter_shifted_linear,b,2.0,brd,shifted_linear,b,2.0,0.5,3,3,3,1.0,11,True,8,0.9806002087919994,0.853716383717252,3.0465932673306995e-05,,,,,,1.1102230246251565e-16,1.1102230246251565e-16
How do within-family activation hyperparameters tune the welfare-convergence tradeoff?,hyperparameter_shifted_linear,b,2.0,brd,shifted_linear,b,2.0,0.5,3,3,3,1.0,14,True,5,0.9957817925347222,0.9356396076153853,5.681853350475441e-05,,,,,,1.1102230246251565e-16,2.220446049250313e-16
How do within-family activation hyperparameters tune the welfare-convergence tradeoff?,hyperparameter_shifted_linear,b,2.0,brd,shifted_linear,b,2.0,0.5,3,3,3,1.0,19,True,4,0.9921875,0.9201344802722358,7.538956782121575e-05,,,,,,2.220446049250313e-16,1.1102230246251565e-16
How do within-family activation hyperparameters tune the welfare-convergence tradeoff?,hyperparameter_shifted_linear,b,2.0,brd,shifted_linear,b,2.0,0.5,3,3,3,1.0,20,True,4,0.9907330640128326,0.9013850352597389,6.481379425926637e-05,,,,,,1.1102230246251565e-16,1.1102230246251565e-16
How do within-family activation hyperparameters tune the welfare-convergence tradeoff?,hyperparameter_shifted_linear,b,2.0,brd,shifted_linear,b,2.0,0.5,3,3,3,1.0,15,True,6,0.9917339729349908,0.8826132095705449,1.8701279489441447e-05,,,,,,0.0,0.0
How do within-family activation hyperparameters tune the welfare-convergence tradeoff?,hyperparameter_shifted_linear,b,2.0,brd,shifted_linear,b,2.0,0.5,3,3,3,1.0,18,True,4,0.993087886173083,0.8816843618932978,9.09038260802908e-05,,,,,,2.220446049250313e-16,1.1102230246251565e-16
How do within-family activation hyperparameters tune the welfare-convergence tradeoff?,hyperparameter_shifted_linear,b,2.0,brd,shifted_linear,b,2.0,0.5,3,3,3,1.0,21,True,6,0.9860552605657811,0.887499432859545,3.4605174181523424e-05,,,,,,1.1102230246251565e-16,1.1102230246251565e-16
How do within-family activation hyperparameters tune the welfare-convergence tradeoff?,hyperparameter_shifted_linear,b,2.0,brd,shifted_linear,b,2.0,0.5,3,3,3,1.0,16,True,7,0.9877542961739854,0.8287651304051802,8.526404883257843e-05,,,,,,2.220446049250313e-16,2.220446049250313e-16
How do within-family activation hyperparameters tune the welfare-convergence tradeoff?,hyperparameter_shifted_linear,b,2.0,brd,shifted_linear,b,2.0,0.5,3,3,3,1.0,17,True,7,0.9860087975416627,0.8837496343989893,3.174243579762148e-05,,,,,,2.220446049250313e-16,0.0
How do within-family activation hyperparameters tune the welfare-convergence tradeoff?,hyperparameter_shifted_linear,b,2.0,brd,shifted_linear,b,2.0,0.5,3,3,3,1.0,22,True,6,0.9885634787884585,0.9225638864653334,2.091158680400662e-05,,,,,,2.220446049250313e-16,1.1102230246251565e-16
How do within-family activation hyperparameters tune the welfare-convergence tradeoff?,hyperparameter_shifted_linear,b,2.0,brd,shifted_linear,b,2.0,0.5,3,3,3,1.0,26,True,5,0.9937389278397496,0.8988945164082933,9.616859490613194e-05,,,,,,2.220446049250313e-16,2.220446049250313e-16
How do within-family activation hyperparameters tune the welfare-convergence tradeoff?,hyperparameter_shifted_linear,b,2.0,brd,shifted_linear,b,2.0,0.5,3,3,3,1.0,23,True,6,0.9935547982329029,0.936988558174928,4.9432427478735e-05,,,,,,1.1102230246251565e-16,2.220446049250313e-16
How do within-family activation hyperparameters tune the welfare-convergence tradeoff?,hyperparameter_shifted_linear,b,2.0,brd,shifted_linear,b,2.0,0.5,3,3,3,1.0,24,True,6,0.9943899695064163,0.9161676994439022,7.197002594222512e-05,,,,,,2.220446049250313e-16,0.0
How do within-family activation hyperparameters tune the welfare-convergence tradeoff?,hyperparameter_shifted_linear,b,2.0,brd,shifted_linear,b,2.0,0.5,3,3,3,1.0,29,True,5,0.9835507901538341,0.8536946032290658,9.826809476759513e-05,,,,,,1.1102230246251565e-16,1.1102230246251565e-16
How do within-family activation hyperparameters tune the welfare-convergence tradeoff?,hyperparameter_shifted_linear,b,2.0,brd,shifted_linear,b,2.0,0.5,3,3,3,1.0,25,True,8,0.9786090368319057,0.8268944856285024,8.725579215718149e-06,,,,,,2.220446049250313e-16,2.220446049250313e-16
How do within-family activation hyperparameters tune the welfare-convergence tradeoff?,hyperparameter_shifted_linear,b,2.0,brd,shifted_linear,b,2.0,0.5,3,3,3,1.0,27,True,7,0.9862307472729568,0.8755852881135643,4.477634666971708e-05,,,,,,0.0,0.0
How do within-family activation hyperparameters tune the welfare-convergence tradeoff?,hyperparameter_shifted_linear,b,2.0,brd,shifted_linear,b,2.0,0.5,3,3,3,1.0,30,True,6,0.9886067708333334,0.9157665190440755,4.7077848720433746e-05,,,,,,1.1102230246251565e-16,2.220446049250313e-16
How do within-family activation hyperparameters tune the welfare-convergence tradeoff?,hyperparameter_shifted_linear,b,2.0,brd,shifted_linear,b,2.0,0.5,3,3,3,1.0,28,True,8,0.9814075368775447,0.859986685681966,4.413075423148616e-06,,,,,,2.220446049250313e-16,1.1102230246251565e-16
How do within-family activation hyperparameters tune the welfare-convergence tradeoff?,hyperparameter_shifted_linear,b,2.0,brd,shifted_linear,b,2.0,0.5,3,3,3,1.0,31,True,7,0.9889322916666666,0.8760176314350835,8.374235999553115e-05,,,,,,1.1102230246251565e-16,2.220446049250313e-16
How do within-family activation hyperparameters tune the welfare-convergence tradeoff?,hyperparameter_shifted_linear,b,2.0,brd,shifted_linear,b,2.0,0.5,3,3,3,1.0,33,True,6,0.9884188934157563,0.8914707845400929,8.845322535516731e-05,,,,,,1.1102230246251565e-16,1.1102230246251565e-16
How do within-family activation hyperparameters tune the welfare-convergence tradeoff?,hyperparameter_shifted_linear,b,2.0,brd,shifted_linear,b,2.0,0.5,3,3,3,1.0,34,True,6,0.9879306121657563,0.8560236815979391,3.752287061503656e-05,,,,,,1.1102230246251565e-16,1.1102230246251565e-16
How do within-family activation hyperparameters tune the welfare-convergence tradeoff?,hyperparameter_shifted_linear,b,2.0,brd,shifted_linear,b,2.0,0.5,3,3,3,1.0,32,True,6,0.989946357917569,0.9056830285768922,8.06832122536294e-05,,,,,,0.0,1.1102230246251565e-16
How do within-family activation hyperparameters tune the welfare-convergence tradeoff?,hyperparameter_shifted_linear,b,2.0,brd,shifted_linear,b,2.0,0.5,3,3,3,1.0,36,True,5,0.994140625,0.9122868859877729,9.832655920194444e-05,,,,,,2.220446049250313e-16,0.0
How do within-family activation hyperparameters tune the welfare-convergence tradeoff?,hyperparameter_shifted_linear,b,2.0,brd,shifted_linear,b,2.0,0.5,3,3,3,1.0,35,True,6,0.984945439618155,0.8036884131619363,6.73464365738008e-05,,,,,,1.1102230246251565e-16,1.1102230246251565e-16
How do within-family activation hyperparameters tune the welfare-convergence tradeoff?,hyperparameter_shifted_linear,b,2.0,brd,shifted_linear,b,2.0,0.5,3,3,3,1.0,38,True,7,0.993712370142174,0.9299923686087119,8.169123028189951e-05,,,,,,1.1102230246251565e-16,0.0
How do within-family activation hyperparameters tune the welfare-convergence tradeoff?,hyperparameter_shifted_linear,b,2.0,brd,shifted_linear,b,2.0,0.5,3,3,3,1.0,37,True,7,0.97802734375,0.8373968415420677,9.210968039419232e-05,,,,,,1.1102230246251565e-16,0.0
How do within-family activation hyperparameters tune the welfare-convergence tradeoff?,hyperparameter_shifted_linear,b,2.0,brd,shifted_linear,b,2.0,0.5,3,3,3,1.0,39,True,3,0.994140625,0.906385158604358,5.499991945262517e-05,,,,,,1.1102230246251565e-16,0.0
How do within-family activation hyperparameters tune the welfare-convergence tradeoff?,hyperparameter_shifted_linear,b,2.0,brd,shifted_linear,b,2.0,0.5,3,3,3,1.0,41,True,3,0.99609375,0.9036165283240835,8.801443574152357e-05,,,,,,0.0,1.1102230246251565e-16
How do within-family activation hyperparameters tune the welfare-convergence tradeoff?,hyperparameter_shifted_linear,b,2.0,brd,shifted_linear,b,2.0,0.5,3,3,3,1.0,40,True,5,0.9816288884423319,0.838897687670757,7.931122100746091e-05,,,,,,0.0,0.0
How do within-family activation hyperparameters tune the welfare-convergence tradeoff?,hyperparameter_shifted_linear,b,2.0,brd,shifted_linear,b,2.0,0.5,3,3,3,1.0,42,True,6,0.9890846443205007,0.8730920679776558,3.3011654104075916e-05,,,,,,1.1102230246251565e-16,2.220446049250313e-16
How do within-family activation hyperparameters tune the welfare-convergence tradeoff?,hyperparameter_shifted_linear,b,2.0,brd,shifted_linear,b,2.0,0.5,3,3,3,1.0,45,True,4,0.9964192708333334,0.9666740693421275,8.179623332021935e-05,,,,,,1.1102230246251565e-16,1.1102230246251565e-16
How do within-family activation hyperparameters tune the welfare-convergence tradeoff?,hyperparameter_shifted_linear,b,2.0,brd,shifted_linear,b,2.0,0.5,3,3,3,1.0,43,True,6,0.979094556144095,0.81505852169887,8.163508308245415e-05,,,,,,2.220446049250313e-16,2.220446049250313e-16
How do within-family activation hyperparameters tune the welfare-convergence tradeoff?,hyperparameter_shifted_linear,b,2.0,brd,shifted_linear,b,2.0,0.5,3,3,3,1.0,44,True,7,0.9791364228663253,0.8278894547882745,9.567506225827138e-05,,,,,,1.1102230246251565e-16,1.1102230246251565e-16
How do within-family activation hyperparameters tune the welfare-convergence tradeoff?,hyperparameter_shifted_linear,b,2.0,brd,shifted_linear,b,2.0,0.5,3,3,3,1.0,46,True,6,0.9922378582481703,0.8779597910232858,6.85011089441856e-05,,,,,,1.1102230246251565e-16,1.1102230246251565e-16
How do within-family activation hyperparameters tune the welfare-convergence tradeoff?,hyperparameter_shifted_linear,b,2.0,brd,shifted_linear,b,2.0,0.5,3,3,3,1.0,47,True,6,0.9925891971602504,0.9324903846414183,2.1888062325892133e-05,,,,,,2.220446049250313e-16,1.1102230246251565e-16
How do within-family activation hyperparameters tune the welfare-convergence tradeoff?,hyperparameter_shifted_linear,b,2.0,brd,shifted_linear,b,2.0,0.5,3,3,3,1.0,48,True,5,0.991335025340652,0.9008190489743552,5.246649951273774e-05,,,,,,2.220446049250313e-16,0.0
How do within-family activation hyperparameters tune the welfare-convergence tradeoff?,hyperparameter_shifted_linear,b,2.0,brd,shifted_linear,b,2.0,0.5,3,3,3,1.0,50,True,5,0.9924368445064163,0.8511671072995983,7.606180424701847e-05,,,,,,1.1102230246251565e-16,1.1102230246251565e-16
How do within-family activation hyperparameters tune the welfare-convergence tradeoff?,hyperparameter_shifted_linear,b,2.0,brd,shifted_linear,b,2.0,0.5,3,3,3,1.0,49,True,5,0.992751957576917,0.8546197931924461,9.71408901891957e-05,,,,,,1.1102230246251565e-16,2.220446049250313e-16
How do within-family activation hyperparameters tune the welfare-convergence tradeoff?,hyperparameter_shifted_linear,b,2.0,brd,shifted_linear,b,2.0,0.5,3,3,3,1.0,51,True,6,0.9932764646684963,0.8830980033699284,2.707979712757158e-05,,,,,,2.220446049250313e-16,0.0
How do within-family activation hyperparameters tune the welfare-convergence tradeoff?,hyperparameter_shifted_linear,b,2.0,brd,shifted_linear,b,2.0,0.5,3,3,3,1.0,52,True,5,0.9931114061008856,0.8453388772972206,5.371811182164343e-05,,,,,,1.1102230246251565e-16,1.1102230246251565e-16
How do within-family activation hyperparameters tune the welfare-convergence tradeoff?,hyperparameter_shifted_linear,b,2.0,brd,shifted_linear,b,2.0,0.5,3,3,3,1.0,53,True,7,0.9867480281641381,0.8837628067185251,8.010550219078594e-05,,,,,,1.1102230246251565e-16,1.1102230246251565e-16
How do within-family activation hyperparameters tune the welfare-convergence tradeoff?,hyperparameter_shifted_linear,b,2.0,brd,shifted_linear,b,2.0,0.5,3,3,3,1.0,56,True,4,0.9948985765380033,0.904654986925474,9.78777364094574e-05,,,,,,0.0,0.0
How do within-family activation hyperparameters tune the welfare-convergence tradeoff?,hyperparameter_shifted_linear,b,2.0,brd,shifted_linear,b,2.0,0.5,3,3,3,1.0,55,True,7,0.9898294914864854,0.8711812003888016,7.940287351904107e-05,,,,,,1.1102230246251565e-16,1.1102230246251565e-16
How do within-family activation hyperparameters tune the welfare-convergence tradeoff?,hyperparameter_shifted_linear,b,2.0,brd,shifted_linear,b,2.0,0.5,3,3,3,1.0,54,True,7,0.9877977599693234,0.8728069530021833,4.771229096206531e-05,,,,,,0.0,1.1102230246251565e-16
How do within-family activation hyperparameters tune the welfare-convergence tradeoff?,hyperparameter_shifted_linear,b,2.0,brd,shifted_linear,b,2.0,0.5,3,3,3,1.0,57,True,6,0.9942872354819237,0.8916431067867809,6.151415392963155e-05,,,,,,1.1102230246251565e-16,1.1102230246251565e-16
How do within-family activation hyperparameters tune the welfare-convergence tradeoff?,hyperparameter_shifted_linear,b,2.0,brd,shifted_linear,b,2.0,0.5,3,3,3,1.0,59,True,6,0.987215399008113,0.8365834565277743,5.174860457851649e-05,,,,,,2.220446049250313e-16,0.0
How do within-family activation hyperparameters tune the welfare-convergence tradeoff?,hyperparameter_shifted_linear,b,2.0,brd,shifted_linear,b,2.0,0.5,3,3,3,1.0,60,True,6,0.987064581931304,0.899401555017357,9.54697267067095e-05,,,,,,2.220446049250313e-16,1.1102230246251565e-16
How do within-family activation hyperparameters tune the welfare-convergence tradeoff?,hyperparameter_shifted_linear,b,2.0,brd,shifted_linear,b,2.0,0.5,3,3,3,1.0,58,True,7,0.983650508405356,0.8612681382086106,8.357350704252253e-05,,,,,,2.220446049250313e-16,2.220446049250313e-16
How do within-family activation hyperparameters tune the welfare-convergence tradeoff?,hyperparameter_shifted_linear,b,2.0,brd,shifted_linear,b,2.0,0.5,3,3,3,1.0,61,True,6,0.99115508695467,0.8983713225679303,8.319235057824281e-05,,,,,,1.1102230246251565e-16,1.1102230246251565e-16
How do within-family activation hyperparameters tune the welfare-convergence tradeoff?,hyperparameter_shifted_linear,b,2.0,brd,shifted_linear,b,2.0,0.5,3,3,3,1.0,62,True,8,0.9844631889558088,0.8724414402376214,6.907614919188232e-05,,,,,,1.1102230246251565e-16,2.220446049250313e-16
How do within-family activation hyperparameters tune the welfare-convergence tradeoff?,hyperparameter_shifted_linear,b,2.0,brd,shifted_linear,b,2.0,0.5,3,3,3,1.0,63,True,5,0.9958902994791666,0.9197383981767014,2.0887998085195036e-05,,,,,,2.220446049250313e-16,2.220446049250313e-16
How do within-family activation hyperparameters tune the welfare-convergence tradeoff?,hyperparameter_shifted_linear,b,2.0,brd,shifted_linear,b,2.0,0.5,3,3,3,1.0,64,True,6,0.9750122409853627,0.8073418487127731,6.115205775636401e-05,,,,,,1.1102230246251565e-16,2.220446049250313e-16
How do within-family activation hyperparameters tune the welfare-convergence tradeoff?,hyperparameter_shifted_linear,b,2.0,brd,shifted_linear,b,2.0,0.5,3,3,3,1.0,65,True,6,0.9892332723305763,0.8553448689591798,9.237660260730252e-05,,,,,,1.1102230246251565e-16,2.220446049250313e-16
How do within-family activation hyperparameters tune the welfare-convergence tradeoff?,hyperparameter_shifted_linear,b,2.0,brd,shifted_linear,b,2.0,0.5,3,3,3,1.0,66,True,6,0.9919240230869927,0.8849180043241729,7.703753809384928e-05,,,,,,2.220446049250313e-16,0.0
How do within-family activation hyperparameters tune the welfare-convergence tradeoff?,hyperparameter_shifted_linear,b,2.0,brd,shifted_linear,b,2.0,0.5,3,3,3,1.0,67,True,5,0.9900716145833334,0.8608077271884659,8.029595025887959e-05,,,,,,1.1102230246251565e-16,0.0
How do within-family activation hyperparameters tune the welfare-convergence tradeoff?,hyperparameter_shifted_linear,b,2.0,brd,shifted_linear,b,2.0,0.5,3,3,3,1.0,69,True,6,0.990846744090652,0.9019228519972747,6.372421726413835e-05,,,,,,1.1102230246251565e-16,1.1102230246251565e-16
How do within-family activation hyperparameters tune the welfare-convergence tradeoff?,hyperparameter_shifted_linear,b,2.0,brd,shifted_linear,b,2.0,0.5,3,3,3,1.0,71,True,5,0.9870876736111112,0.893196206381872,4.985713082583665e-05,,,,,,2.220446049250313e-16,0.0
How do within-family activation hyperparameters tune the welfare-convergence tradeoff?,hyperparameter_shifted_linear,b,2.0,brd,shifted_linear,b,2.0,0.5,3,3,3,1.0,68,True,7,0.9913791902138264,0.8791690170884401,3.574207602624613e-05,,,,,,2.220446049250313e-16,2.220446049250313e-16
How do within-family activation hyperparameters tune the welfare-convergence tradeoff?,hyperparameter_shifted_linear,b,2.0,brd,shifted_linear,b,2.0,0.5,3,3,3,1.0,70,True,6,0.9855143229166666,0.8795608772350411,8.613788809330725e-05,,,,,,2.220446049250313e-16,1.1102230246251565e-16
How do within-family activation hyperparameters tune the welfare-convergence tradeoff?,hyperparameter_shifted_linear,b,2.0,brd,shifted_linear,b,2.0,0.5,3,3,3,1.0,73,True,6,0.9879358545881652,0.8730136839103281,9.862937226101653e-05,,,,,,1.1102230246251565e-16,2.220446049250313e-16
How do within-family activation hyperparameters tune the welfare-convergence tradeoff?,hyperparameter_shifted_linear,b,2.0,brd,shifted_linear,b,2.0,0.5,3,3,3,1.0,72,True,7,0.9842543859700679,0.8881132983311657,5.168424052881537e-05,,,,,,1.1102230246251565e-16,1.1102230246251565e-16
How do within-family activation hyperparameters tune the welfare-convergence tradeoff?,hyperparameter_shifted_linear,b,2.0,brd,shifted_linear,b,2.0,0.5,3,3,3,1.0,74,True,6,0.99213164945467,0.8874120329748131,5.601723617920662e-05,,,,,,2.220446049250313e-16,1.1102230246251565e-16
How do within-family activation hyperparameters tune the welfare-convergence tradeoff?,hyperparameter_shifted_linear,b,2.0,brd,shifted_linear,b,2.0,0.5,3,3,3,1.0,75,True,6,0.9890188757564163,0.8419389554115583,6.826948407939737e-05,,,,,,2.220446049250313e-16,2.220446049250313e-16
How do within-family activation hyperparameters tune the welfare-convergence tradeoff?,hyperparameter_shifted_linear,b,2.0,brd,shifted_linear,b,2.0,0.5,3,3,3,1.0,77,True,6,0.993590299829674,0.8783601956879838,3.736539346926859e-05,,,,,,2.220446049250313e-16,1.1102230246251565e-16
How do within-family activation hyperparameters tune the welfare-convergence tradeoff?,hyperparameter_shifted_linear,b,2.0,brd,shifted_linear,b,2.0,0.5,3,3,3,1.0,78,True,6,0.9933675130208334,0.9044346141838174,5.000715993969118e-05,,,,,,0.0,0.0
How do within-family activation hyperparameters tune the welfare-convergence tradeoff?,hyperparameter_shifted_linear,b,2.0,brd,shifted_linear,b,2.0,0.5,3,3,3,1.0,76,True,8,0.9764911109319969,0.8475463921499059,1.558208457153043e-05,,,,,,1.1102230246251565e-16,1.1102230246251565e-16
How do within-family activation hyperparameters tune the welfare-convergence tradeoff?,hyperparameter_shifted_linear,b,2.0,brd,shifted_linear,b,2.0,0.5,3,3,3,1.0,80,True,5,0.9891158676089986,0.9062382156649554,9.045071309315977e-05,,,,,,2.220446049250313e-16,2.220446049250313e-16
How do within-family activation hyperparameters tune the welfare-convergence tradeoff?,hyperparameter_shifted_linear,b,2.0,brd,shifted_linear,b,2.0,0.5,3,3,3,1.0,79,True,9,0.981257987576768,0.8203466339611253,3.491487025675255e-05,,,,,,1.1102230246251565e-16,1.1102230246251565e-16
How do within-family activation hyperparameters tune the welfare-convergence tradeoff?,hyperparameter_shifted_linear,b,2.0,brd,shifted_linear,b,2.0,0.5,3,3,3,1.0,81,True,6,0.9817875367207093,0.8605032878961837,9.966694103341611e-05,,,,,,2.220446049250313e-16,2.220446049250313e-16
How do within-family activation hyperparameters tune the welfare-convergence tradeoff?,hyperparameter_shifted_linear,b,2.0,brd,shifted_linear,b,2.0,0.5,3,3,3,1.0,82,True,7,0.9825097301644092,0.8246075785045065,4.2874991859120914e-05,,,,,,1.1102230246251565e-16,1.1102230246251565e-16
How do within-family activation hyperparameters tune the welfare-convergence tradeoff?,hyperparameter_shifted_linear,b,2.0,brd,shifted_linear,b,2.0,0.5,3,3,3,1.0,84,True,5,0.9936012844239934,0.9451942061800271,6.636831301309876e-05,,,,,,2.220446049250313e-16,0.0
How do within-family activation hyperparameters tune the welfare-convergence tradeoff?,hyperparameter_shifted_linear,b,2.0,brd,shifted_linear,b,2.0,0.5,3,3,3,1.0,83,True,6,0.9927623653397496,0.9380360484708429,4.870208254614816e-05,,,,,,0.0,1.1102230246251565e-16
How do within-family activation hyperparameters tune the welfare-convergence tradeoff?,hyperparameter_shifted_linear,b,2.0,brd,shifted_linear,b,2.0,0.5,3,3,3,1.0,86,True,5,0.993804356863317,0.9002507737482119,4.982926944008259e-05,,,,,,2.220446049250313e-16,1.1102230246251565e-16
How do within-family activation hyperparameters tune the welfare-convergence tradeoff?,hyperparameter_shifted_linear,b,2.0,brd,shifted_linear,b,2.0,0.5,3,3,3,1.0,85,True,5,0.9953078731893317,0.8702033351028987,2.8401871489391883e-05,,,,,,0.0,1.1102230246251565e-16
How do within-family activation hyperparameters tune the welfare-convergence tradeoff?,hyperparameter_shifted_linear,b,2.0,brd,shifted_linear,b,2.0,0.5,3,3,3,1.0,90,True,5,0.9940321180555556,0.8855607527003015,3.612258290647263e-05,,,,,,1.1102230246251565e-16,0.0
How do within-family activation hyperparameters tune the welfare-convergence tradeoff?,hyperparameter_shifted_linear,b,2.0,brd,shifted_linear,b,2.0,0.5,3,3,3,1.0,87,True,5,0.9957989627110863,0.8698187764368509,6.397400284441357e-05,,,,,,2.220446049250313e-16,1.1102230246251565e-16
How do within-family activation hyperparameters tune the welfare-convergence tradeoff?,hyperparameter_shifted_linear,b,2.0,brd,shifted_linear,b,2.0,0.5,3,3,3,1.0,89,True,6,0.9934616580606683,0.881427370823381,8.065331458512182e-05,,,,,,0.0,2.220446049250313e-16
How do within-family activation hyperparameters tune the welfare-convergence tradeoff?,hyperparameter_shifted_linear,b,2.0,brd,shifted_linear,b,2.0,0.5,3,3,3,1.0,88,True,5,0.9915364583333334,0.8953987989354438,6.58748035265444e-05,,,,,,1.1102230246251565e-16,0.0
How do within-family activation hyperparameters tune the welfare-convergence tradeoff?,hyperparameter_shifted_linear,b,2.0,brd,shifted_linear,b,2.0,0.5,3,3,3,1.0,91,True,6,0.9898843139972431,0.8604991502994027,4.522577119614457e-05,,,,,,2.220446049250313e-16,2.220446049250313e-16
How do within-family activation hyperparameters tune the welfare-convergence tradeoff?,hyperparameter_shifted_linear,b,2.0,brd,shifted_linear,b,2.0,0.5,3,3,3,1.0,92,True,7,0.990604056915973,0.901229488410315,1.9533888332146088e-05,,,,,,1.1102230246251565e-16,2.220446049250313e-16
How do within-family activation hyperparameters tune the welfare-convergence tradeoff?,hyperparameter_shifted_linear,b,2.0,brd,shifted_linear,b,2.0,0.5,3,3,3,1.0,95,True,5,0.993672669531587,0.9315343446413484,6.313610674268944e-05,,,,,,1.1102230246251565e-16,1.1102230246251565e-16
How do within-family activation hyperparameters tune the welfare-convergence tradeoff?,hyperparameter_shifted_linear,b,2.0,brd,shifted_linear,b,2.0,0.5,3,3,3,1.0,96,True,6,0.9926679754278755,0.8871865627018467,8.72192151183393e-05,,,,,,0.0,1.1102230246251565e-16
How do within-family activation hyperparameters tune the welfare-convergence tradeoff?,hyperparameter_shifted_linear,b,2.0,brd,shifted_linear,b,2.0,0.5,3,3,3,1.0,94,True,6,0.9862666579111607,0.8623945547607912,7.965868997200642e-05,,,,,,1.1102230246251565e-16,2.220446049250313e-16
How do within-family activation hyperparameters tune the welfare-convergence tradeoff?,hyperparameter_shifted_linear,b,2.0,brd,shifted_linear,b,2.0,0.5,3,3,3,1.0,93,True,8,0.9876823034868636,0.7965812907358218,3.5161629853397436e-05,,,,,,2.220446049250313e-16,0.0
How do within-family activation hyperparameters tune the welfare-convergence tradeoff?,hyperparameter_shifted_linear,b,2.0,brd,shifted_linear,b,2.0,0.5,3,3,3,1.0,98,True,6,0.9906563979418374,0.8952457109898188,3.510457900118835e-05,,,,,,0.0,2.220446049250313e-16
How do within-family activation hyperparameters tune the welfare-convergence tradeoff?,hyperparameter_shifted_linear,b,2.0,brd,shifted_linear,b,2.0,0.5,3,3,3,1.0,97,True,7,0.9847180383431657,0.831030173199224,4.934666702849366e-05,,,,,,1.1102230246251565e-16,1.1102230246251565e-16
How do within-family activation hyperparameters tune the welfare-convergence tradeoff?,hyperparameter_shifted_linear,b,3.0,brd,shifted_linear,b,3.0,0.5,3,3,3,1.0,0,True,5,0.9940057898559983,0.815252377735794,5.407250767891503e-05,,,,,,2.220446049250313e-16,1.1102230246251565e-16
How do within-family activation hyperparameters tune the welfare-convergence tradeoff?,hyperparameter_shifted_linear,b,2.0,brd,shifted_linear,b,2.0,0.5,3,3,3,1.0,99,True,4,0.9954427083333334,0.9334715156009548,9.304292198042408e-05,,,,,,1.1102230246251565e-16,2.220446049250313e-16
How do within-family activation hyperparameters tune the welfare-convergence tradeoff?,hyperparameter_shifted_linear,b,3.0,brd,shifted_linear,b,3.0,0.5,3,3,3,1.0,6,True,3,0.99609375,0.8234912039628389,5.533969910370695e-05,,,,,,1.1102230246251565e-16,0.0
How do within-family activation hyperparameters tune the welfare-convergence tradeoff?,hyperparameter_shifted_linear,b,3.0,brd,shifted_linear,b,3.0,0.5,3,3,3,1.0,1,True,6,0.9935141235027569,0.8721650546630034,3.702079603346009e-05,,,,,,2.220446049250313e-16,1.1102230246251565e-16
How do within-family activation hyperparameters tune the welfare-convergence tradeoff?,hyperparameter_shifted_linear,b,3.0,brd,shifted_linear,b,3.0,0.5,3,3,3,1.0,4,True,5,0.9925130208333334,0.8702813902513027,9.705626878447893e-05,,,,,,2.220446049250313e-16,2.220446049250313e-16
How do within-family activation hyperparameters tune the welfare-convergence tradeoff?,hyperparameter_shifted_linear,b,3.0,brd,shifted_linear,b,3.0,0.5,3,3,3,1.0,2,True,5,0.9925130208333334,0.8655466097228673,6.232511153853038e-05,,,,,,1.1102230246251565e-16,2.220446049250313e-16
How do within-family activation hyperparameters tune the welfare-convergence tradeoff?,hyperparameter_shifted_linear,b,3.0,brd,shifted_linear,b,3.0,0.5,3,3,3,1.0,3,True,5,0.997805831062498,0.9165848725364958,8.881756101020155e-05,,,,,,1.1102230246251565e-16,0.0
How do within-family activation hyperparameters tune the welfare-convergence tradeoff?,hyperparameter_shifted_linear,b,3.0,brd,shifted_linear,b,3.0,0.5,3,3,3,1.0,5,True,5,0.9925891971602504,0.8345439683873602,7.728426078051909e-05,,,,,,1.1102230246251565e-16,0.0
How do within-family activation hyperparameters tune the welfare-convergence tradeoff?,hyperparameter_shifted_linear,b,3.0,brd,shifted_linear,b,3.0,0.5,3,3,3,1.0,7,True,5,0.9962998024615415,0.8937558517424163,8.903428369327893e-05,,,,,,2.220446049250313e-16,0.0
How do within-family activation hyperparameters tune the welfare-convergence tradeoff?,hyperparameter_shifted_linear,b,3.0,brd,shifted_linear,b,3.0,0.5,3,3,3,1.0,8,True,6,0.9926254230018297,0.8657964696751351,6.254712130798756e-05,,,,,,0.0,2.220446049250313e-16
How do within-family activation hyperparameters tune the welfare-convergence tradeoff?,hyperparameter_shifted_linear,b,3.0,brd,shifted_linear,b,3.0,0.5,3,3,3,1.0,10,True,5,0.994471638130493,0.869663789547119,6.009784474325652e-05,,,,,,1.1102230246251565e-16,1.1102230246251565e-16
How do within-family activation hyperparameters tune the welfare-convergence tradeoff?,hyperparameter_shifted_linear,b,3.0,brd,shifted_linear,b,3.0,0.5,3,3,3,1.0,12,True,5,0.99365234375,0.8612355260226888,6.46702117140796e-05,,,,,,2.220446049250313e-16,2.220446049250313e-16
How do within-family activation hyperparameters tune the welfare-convergence tradeoff?,hyperparameter_shifted_linear,b,3.0,brd,shifted_linear,b,3.0,0.5,3,3,3,1.0,14,True,4,0.9978408225384585,0.9302178407622846,6.923888798165967e-05,,,,,,1.1102230246251565e-16,0.0
How do within-family activation hyperparameters tune the welfare-convergence tradeoff?,hyperparameter_shifted_linear,b,3.0,brd,shifted_linear,b,3.0,0.5,3,3,3,1.0,11,True,6,0.9899072570935589,0.8294751185120454,9.266696441817546e-05,,,,,,0.0,0.0
How do within-family activation hyperparameters tune the welfare-convergence tradeoff?,hyperparameter_shifted_linear,b,3.0,brd,shifted_linear,b,3.0,0.5,3,3,3,1.0,13,True,6,0.9942658816657642,0.8436570084770224,2.6611534808707038e-05,,,,,,0.0,0.0
How do within-family activation hyperparameters tune the welfare-convergence tradeoff?,hyperparameter_shifted_linear,b,3.0,brd,shifted_linear,b,3.0,0.5,3,3,3,1.0,9,True,6,0.9938617813147829,0.8138179961719033,1.3119546243500757e-05,,,,,,0.0,1.1102230246251565e-16
How do within-family activation hyperparameters tune the welfare-convergence tradeoff?,hyperparameter_shifted_linear,b,3.0,brd,shifted_linear,b,3.0,0.5,3,3,3,1.0,15,True,4,0.9964192708333334,0.8699915111205443,9.788030519525259e-05,,,,,,1.1102230246251565e-16,0.0
How do within-family activation hyperparameters tune the welfare-convergence tradeoff?,hyperparameter_shifted_linear,b,3.0,brd,shifted_linear,b,3.0,0.5,3,3,3,1.0,16,True,6,0.9932764646684963,0.8147857205109471,5.155775442622357e-05,,,,,,1.1102230246251565e-16,1.1102230246251565e-16
How do within-family activation hyperparameters tune the welfare-convergence tradeoff?,hyperparameter_shifted_linear,b,3.0,brd,shifted_linear,b,3.0,0.5,3,3,3,1.0,17,True,4,0.9916481594239934,0.8695641557990254,9.401706173328694e-05,,,,,,1.1102230246251565e-16,0.0
How do within-family activation hyperparameters tune the welfare-convergence tradeoff?,hyperparameter_shifted_linear,b,3.0,brd,shifted_linear,b,3.0,0.5,3,3,3,1.0,19,True,4,0.9959309895833334,0.910011300757052,6.917318393190319e-05,,,,,,0.0,1.1102230246251565e-16
How do within-family activation hyperparameters tune the welfare-convergence tradeoff?,hyperparameter_shifted_linear,b,3.0,brd,shifted_linear,b,3.0,0.5,3,3,3,1.0,20,True,3,0.9960071659102504,0.8881923407236919,6.574565416983535e-05,,,,,,0.0,0.0
How do within-family activation hyperparameters tune the welfare-convergence tradeoff?,hyperparameter_shifted_linear,b,3.0,brd,shifted_linear,b,3.0,0.5,3,3,3,1.0,18,True,5,0.9967294248944568,0.8723782617818322,7.501030133849618e-05,,,,,,1.1102230246251565e-16,1.1102230246251565e-16
How do within-family activation hyperparameters tune the welfare-convergence tradeoff?,hyperparameter_shifted_linear,b,3.0,brd,shifted_linear,b,3.0,0.5,3,3,3,1.0,21,True,6,0.992723692763735,0.8715130901991172,1.9791651520439935e-05,,,,,,1.1102230246251565e-16,0.0
How do within-family activation hyperparameters tune the welfare-convergence tradeoff?,hyperparameter_shifted_linear,b,3.0,brd,shifted_linear,b,3.0,0.5,3,3,3,1.0,22,True,5,0.994140625,0.9088916068671349,7.793943319456265e-06,,,,,,1.1102230246251565e-16,0.0
How do within-family activation hyperparameters tune the welfare-convergence tradeoff?,hyperparameter_shifted_linear,b,3.0,brd,shifted_linear,b,3.0,0.5,3,3,3,1.0,23,True,5,0.9968139017902882,0.9283242458073907,7.306578849619605e-05,,,,,,1.1102230246251565e-16,0.0
How do within-family activation hyperparameters tune the welfare-convergence tradeoff?,hyperparameter_shifted_linear,b,3.0,brd,shifted_linear,b,3.0,0.5,3,3,3,1.0,24,True,4,0.9975082355018297,0.9081323016322395,7.609548598924709e-05,,,,,,1.1102230246251565e-16,2.220446049250313e-16
How do within-family activation hyperparameters tune the welfare-convergence tradeoff?,hyperparameter_shifted_linear,b,3.0,brd,shifted_linear,b,3.0,0.5,3,3,3,1.0,25,True,6,0.98833710054533,0.8032836316243355,4.8548815927584865e-05,,,,,,2.220446049250313e-16,2.220446049250313e-16
How do within-family activation hyperparameters tune the welfare-convergence tradeoff?,hyperparameter_shifted_linear,b,3.0,brd,shifted_linear,b,3.0,0.5,3,3,3,1.0,29,True,5,0.9909923265380033,0.8355478352821457,5.618390162631659e-05,,,,,,1.1102230246251565e-16,0.0
How do within-family activation hyperparameters tune the welfare-convergence tradeoff?,hyperparameter_shifted_linear,b,3.0,brd,shifted_linear,b,3.0,0.5,3,3,3,1.0,27,True,6,0.99273163179533,0.8586728732190444,2.729277990642931e-05,,,,,,2.220446049250313e-16,0.0
How do within-family activation hyperparameters tune the welfare-convergence tradeoff?,hyperparameter_shifted_linear,b,3.0,brd,shifted_linear,b,3.0,0.5,3,3,3,1.0,26,True,5,0.9972609981893317,0.8903975578603669,5.55178953416946e-05,,,,,,1.1102230246251565e-16,0.0
How do within-family activation hyperparameters tune the welfare-convergence tradeoff?,hyperparameter_shifted_linear,b,3.0,brd,shifted_linear,b,3.0,0.5,3,3,3,1.0,28,True,6,0.9905598958333334,0.8369234105238097,3.1511885581647636e-05,,,,,,1.1102230246251565e-16,1.1102230246251565e-16
How do within-family activation hyperparameters tune the welfare-convergence tradeoff?,hyperparameter_shifted_linear,b,3.0,brd,shifted_linear,b,3.0,0.5,3,3,3,1.0,30,True,5,0.9945023716749126,0.9010090917564445,2.691754619099651e-05,,,,,,0.0,0.0
How do within-family activation hyperparameters tune the welfare-convergence tradeoff?,hyperparameter_shifted_linear,b,3.0,brd,shifted_linear,b,3.0,0.5,3,3,3,1.0,31,True,6,0.9937530602463407,0.8637021848987217,4.6570571937853966e-05,,,,,,0.0,2.220446049250313e-16
How do within-family activation hyperparameters tune the welfare-convergence tradeoff?,hyperparameter_shifted_linear,b,3.0,brd,shifted_linear,b,3.0,0.5,3,3,3,1.0,32,True,4,0.9947296227463407,0.8933920188805891,9.841999619714104e-05,,,,,,1.1102230246251565e-16,1.1102230246251565e-16
How do within-family activation hyperparameters tune the welfare-convergence tradeoff?,hyperparameter_shifted_linear,b,3.0,brd,shifted_linear,b,3.0,0.5,3,3,3,1.0,34,True,4,0.9944274732573187,0.8389066337423802,8.112488070266544e-05,,,,,,2.220446049250313e-16,1.1102230246251565e-16
How do within-family activation hyperparameters tune the welfare-convergence tradeoff?,hyperparameter_shifted_linear,b,3.0,brd,shifted_linear,b,3.0,0.5,3,3,3,1.0,33,True,5,0.9948475172119967,0.8755127979369653,8.113328354808491e-05,,,,,,0.0,1.1102230246251565e-16
How do within-family activation hyperparameters tune the welfare-convergence tradeoff?,hyperparameter_shifted_linear,b,3.0,brd,shifted_linear,b,3.0,0.5,3,3,3,1.0,35,True,6,0.9925130208333334,0.7838248465573493,5.882928068212667e-05,,,,,,1.1102230246251565e-16,1.1102230246251565e-16
How do within-family activation hyperparameters tune the welfare-convergence tradeoff?,hyperparameter_shifted_linear,b,3.0,brd,shifted_linear,b,3.0,0.5,3,3,3,1.0,36,True,5,0.997008268579674,0.9047985406790252,6.820815488051135e-05,,,,,,0.0,2.220446049250313e-16
How do within-family activation hyperparameters tune the welfare-convergence tradeoff?,hyperparameter_shifted_linear,b,3.0,brd,shifted_linear,b,3.0,0.5,3,3,3,1.0,38,True,5,0.9963130620398329,0.9231094819068627,9.085867380104196e-05,,,,,,0.0,1.1102230246251565e-16
How do within-family activation hyperparameters tune the welfare-convergence tradeoff?,hyperparameter_shifted_linear,b,3.0,brd,shifted_linear,b,3.0,0.5,3,3,3,1.0,37,True,6,0.9885680982573187,0.8112250770837882,9.934819477902535e-05,,,,,,2.220446049250313e-16,0.0
How do within-family activation hyperparameters tune the welfare-convergence tradeoff?,hyperparameter_shifted_linear,b,3.0,brd,shifted_linear,b,3.0,0.5,3,3,3,1.0,39,True,5,0.9969075520833334,0.8992613000415286,4.0131506498897185e-05,,,,,,0.0,1.1102230246251565e-16
How do within-family activation hyperparameters tune the welfare-convergence tradeoff?,hyperparameter_shifted_linear,b,3.0,brd,shifted_linear,b,3.0,0.5,3,3,3,1.0,40,True,5,0.9896595096602503,0.8185350577795388,6.0471696642860895e-05,,,,,,1.1102230246251565e-16,0.0
How do within-family activation hyperparameters tune the welfare-convergence tradeoff?,hyperparameter_shifted_linear,b,3.0,brd,shifted_linear,b,3.0,0.5,3,3,3,1.0,41,True,4,0.9978408225384585,0.8992036135626812,3.2908823225263895e-05,,,,,,2.220446049250313e-16,1.1102230246251565e-16
How do within-family activation hyperparameters tune the welfare-convergence tradeoff?,hyperparameter_shifted_linear,b,3.0,brd,shifted_linear,b,3.0,0.5,3,3,3,1.0,42,True,6,0.9941082943824726,0.8596147818039116,1.8116643435983626e-05,,,,,,2.220446049250313e-16,0.0
How do within-family activation hyperparameters tune the welfare-convergence tradeoff?,hyperparameter_shifted_linear,b,3.0,brd,shifted_linear,b,3.0,0.5,3,3,3,1.0,45,True,4,0.9984003211059983,0.9615278541597182,6.277110538704944e-05,,,,,,1.1102230246251565e-16,0.0
How do within-family activation hyperparameters tune the welfare-convergence tradeoff?,hyperparameter_shifted_linear,b,3.0,brd,shifted_linear,b,3.0,0.5,3,3,3,1.0,44,True,6,0.9894205729166666,0.8033675722233659,8.484884864767839e-05,,,,,,1.1102230246251565e-16,1.1102230246251565e-16
How do within-family activation hyperparameters tune the welfare-convergence tradeoff?,hyperparameter_shifted_linear,b,3.0,brd,shifted_linear,b,3.0,0.5,3,3,3,1.0,43,True,6,0.9890783023620134,0.7905930119239875,3.539949599734582e-05,,,,,,1.1102230246251565e-16,2.220446049250313e-16
How do within-family activation hyperparameters tune the welfare-convergence tradeoff?,hyperparameter_shifted_linear,b,3.0,brd,shifted_linear,b,3.0,0.5,3,3,3,1.0,47,True,4,0.99560546875,0.9254372637121694,8.884190081365206e-05,,,,,,1.1102230246251565e-16,0.0
How do within-family activation hyperparameters tune the welfare-convergence tradeoff?,hyperparameter_shifted_linear,b,3.0,brd,shifted_linear,b,3.0,0.5,3,3,3,1.0,46,True,5,0.995392350085163,0.868820285168003,5.119297397254696e-05,,,,,,2.220446049250313e-16,1.1102230246251565e-16
How do within-family activation hyperparameters tune the welfare-convergence tradeoff?,hyperparameter_shifted_linear,b,3.0,brd,shifted_linear,b,3.0,0.5,3,3,3,1.0,50,True,4,0.9966827477463407,0.8392203081077129,9.934463576233288e-05,,,,,,1.1102230246251565e-16,0.0
How do within-family activation hyperparameters tune the welfare-convergence tradeoff?,hyperparameter_shifted_linear,b,3.0,brd,shifted_linear,b,3.0,0.5,3,3,3,1.0,48,True,5,0.9954427083333334,0.8906768714355016,4.52554091282531e-05,,,,,,2.220446049250313e-16,2.220446049250313e-16
How do within-family activation hyperparameters tune the welfare-convergence tradeoff?,hyperparameter_shifted_linear,b,3.0,brd,shifted_linear,b,3.0,0.5,3,3,3,1.0,49,True,4,0.9951171875,0.8476520829985382,8.027175093416883e-05,,,,,,2.220446049250313e-16,2.220446049250313e-16
How do within-family activation hyperparameters tune the welfare-convergence tradeoff?,hyperparameter_shifted_linear,b,3.0,brd,shifted_linear,b,3.0,0.5,3,3,3,1.0,51,True,6,0.9963540559337637,0.8746057366937575,-2.571018581698503e-06,,,,,,1.1102230246251565e-16,1.1102230246251565e-16
How do within-family activation hyperparameters tune the welfare-convergence tradeoff?,hyperparameter_shifted_linear,b,3.0,brd,shifted_linear,b,3.0,0.5,3,3,3,1.0,53,True,5,0.9930477651074517,0.8678219717104007,9.573582466620989e-05,,,,,,1.1102230246251565e-16,1.1102230246251565e-16
How do within-family activation hyperparameters tune the welfare-convergence tradeoff?,hyperparameter_shifted_linear,b,3.0,brd,shifted_linear,b,3.0,0.5,3,3,3,1.0,52,True,5,0.99553699758104,0.8387532016299062,7.52999862831949e-05,,,,,,1.1102230246251565e-16,1.1102230246251565e-16
How do within-family activation hyperparameters tune the welfare-convergence tradeoff?,hyperparameter_shifted_linear,b,3.0,brd,shifted_linear,b,3.0,0.5,3,3,3,1.0,55,True,6,0.994078581079674,0.8606576170061907,6.510496757289319e-05,,,,,,2.220446049250313e-16,1.1102230246251565e-16
How do within-family activation hyperparameters tune the welfare-convergence tradeoff?,hyperparameter_shifted_linear,b,3.0,brd,shifted_linear,b,3.0,0.5,3,3,3,1.0,54,True,6,0.9942272090897496,0.8574090422826398,4.953403730362238e-05,,,,,,1.1102230246251565e-16,1.1102230246251565e-16
How do within-family activation hyperparameters tune the welfare-convergence tradeoff?,hyperparameter_shifted_linear,b,3.0,brd,shifted_linear,b,3.0,0.5,3,3,3,1.0,58,True,5,0.9918077256944444,0.842518922398822,5.8054609913371635e-05,,,,,,2.220446049250313e-16,1.1102230246251565e-16
How do within-family activation hyperparameters tune the welfare-convergence tradeoff?,hyperparameter_shifted_linear,b,3.0,brd,shifted_linear,b,3.0,0.5,3,3,3,1.0,57,True,4,0.9978841145833334,0.8824052776991754,6.508698508839172e-05,,,,,,1.1102230246251565e-16,2.220446049250313e-16
How do within-family activation hyperparameters tune the welfare-convergence tradeoff?,hyperparameter_shifted_linear,b,3.0,brd,shifted_linear,b,3.0,0.5,3,3,3,1.0,56,True,5,0.997098237772665,0.8987672134133584,5.7422137216878166e-05,,,,,,0.0,2.220446049250313e-16
How do within-family activation hyperparameters tune the welfare-convergence tradeoff?,hyperparameter_shifted_linear,b,3.0,brd,shifted_linear,b,3.0,0.5,3,3,3,1.0,59,True,6,0.993191987772665,0.8213957275211051,9.818804699912587e-06,,,,,,2.220446049250313e-16,1.1102230246251565e-16
How do within-family activation hyperparameters tune the welfare-convergence tradeoff?,hyperparameter_shifted_linear,b,3.0,brd,shifted_linear,b,3.0,0.5,3,3,3,1.0,60,True,6,0.9922960069444444,0.8870168163621862,6.052420201285713e-05,,,,,,2.220446049250313e-16,1.1102230246251565e-16
How do within-family activation hyperparameters tune the welfare-convergence tradeoff?,hyperparameter_shifted_linear,b,3.0,brd,shifted_linear,b,3.0,0.5,3,3,3,1.0,61,True,4,0.9954706336059983,0.8865730307277832,9.383684004954373e-05,,,,,,2.220446049250313e-16,1.1102230246251565e-16
How do within-family activation hyperparameters tune the welfare-convergence tradeoff?,hyperparameter_shifted_linear,b,3.0,brd,shifted_linear,b,3.0,0.5,3,3,3,1.0,63,True,4,0.9971710289963407,0.9161927936168878,8.335457330366225e-05,,,,,,1.1102230246251565e-16,1.1102230246251565e-16
How do within-family activation hyperparameters tune the welfare-convergence tradeoff?,hyperparameter_shifted_linear,b,3.0,brd,shifted_linear,b,3.0,0.5,3,3,3,1.0,62,True,5,0.9922417534722222,0.8524280416780879,7.447439204011364e-05,,,,,,2.220446049250313e-16,0.0
How do within-family activation hyperparameters tune the welfare-convergence tradeoff?,hyperparameter_shifted_linear,b,3.0,brd,shifted_linear,b,3.0,0.5,3,3,3,1.0,65,True,5,0.9934337327880033,0.8448348729435141,8.262919130397339e-05,,,,,,2.220446049250313e-16,1.1102230246251565e-16
How do within-family activation hyperparameters tune the welfare-convergence tradeoff?,hyperparameter_shifted_linear,b,3.0,brd,shifted_linear,b,3.0,0.5,3,3,3,1.0,66,True,6,0.996857193835163,0.872117317429075,6.472379403449358e-05,,,,,,1.1102230246251565e-16,1.1102230246251565e-16
How do within-family activation hyperparameters tune the welfare-convergence tradeoff?,hyperparameter_shifted_linear,b,3.0,brd,shifted_linear,b,3.0,0.5,3,3,3,1.0,64,True,6,0.9879014756944444,0.7754623357767141,7.003320213655462e-05,,,,,,1.1102230246251565e-16,2.220446049250313e-16
How do within-family activation hyperparameters tune the welfare-convergence tradeoff?,hyperparameter_shifted_linear,b,3.0,brd,shifted_linear,b,3.0,0.5,3,3,3,1.0,69,True,5,0.9943466774615415,0.8926605757578504,8.659655330961469e-05,,,,,,0.0,1.1102230246251565e-16
How do within-family activation hyperparameters tune the welfare-convergence tradeoff?,hyperparameter_shifted_linear,b,3.0,brd,shifted_linear,b,3.0,0.5,3,3,3,1.0,67,True,6,0.9943341189610863,0.8505762613448322,1.566391140234158e-05,,,,,,1.1102230246251565e-16,2.220446049250313e-16
How do within-family activation hyperparameters tune the welfare-convergence tradeoff?,hyperparameter_shifted_linear,b,3.0,brd,shifted_linear,b,3.0,0.5,3,3,3,1.0,68,True,5,0.994904068835163,0.8704497658706125,8.258970715330216e-05,,,,,,2.220446049250313e-16,2.220446049250313e-16
How do within-family activation hyperparameters tune the welfare-convergence tradeoff?,hyperparameter_shifted_linear,b,3.0,brd,shifted_linear,b,3.0,0.5,3,3,3,1.0,71,True,5,0.9929626295073187,0.878600474439566,6.409435595844393e-05,,,,,,2.220446049250313e-16,2.220446049250313e-16
How do within-family activation hyperparameters tune the welfare-convergence tradeoff?,hyperparameter_shifted_linear,b,3.0,brd,shifted_linear,b,3.0,0.5,3,3,3,1.0,70,True,6,0.9924068120398329,0.8620387847975396,4.156114597414495e-05,,,,,,0.0,0.0
How do within-family activation hyperparameters tune the welfare-convergence tradeoff?,hyperparameter_shifted_linear,b,3.0,brd,shifted_linear,b,3.0,0.5,3,3,3,1.0,72,True,6,0.99261993070467,0.8673683505503663,7.242213991071056e-05,,,,,,2.220446049250313e-16,1.1102230246251565e-16
How do within-family activation hyperparameters tune the welfare-convergence tradeoff?,hyperparameter_shifted_linear,b,3.0,brd,shifted_linear,b,3.0,0.5,3,3,3,1.0,73,True,5,0.9929626295073187,0.8600937693208525,7.35025228828512e-05,,,,,,2.220446049250313e-16,2.220446049250313e-16
How do within-family activation hyperparameters tune the welfare-convergence tradeoff?,hyperparameter_shifted_linear,b,3.0,brd,shifted_linear,b,3.0,0.5,3,3,3,1.0,74,True,5,0.9968006422119967,0.8757432572406127,8.517724076800848e-05,,,,,,2.220446049250313e-16,2.220446049250313e-16
How do within-family activation hyperparameters tune the welfare-convergence tradeoff?,hyperparameter_shifted_linear,b,3.0,brd,shifted_linear,b,3.0,0.5,3,3,3,1.0,75,True,4,0.99462890625,0.8259349142812784,9.355262472676706e-05,,,,,,1.1102230246251565e-16,0.0
How do within-family activation hyperparameters tune the welfare-convergence tradeoff?,hyperparameter_shifted_linear,b,3.0,brd,shifted_linear,b,3.0,0.5,3,3,3,1.0,77,True,5,0.9965664503537924,0.8700992317715958,8.805136391099033e-05,,,,,,1.1102230246251565e-16,1.1102230246251565e-16
How do within-family activation hyperparameters tune the welfare-convergence tradeoff?,hyperparameter_shifted_linear,b,3.0,brd,shifted_linear,b,3.0,0.5,3,3,3,1.0,78,True,5,0.995667512670326,0.8988168682937872,4.0632615658564575e-05,,,,,,2.220446049250313e-16,2.220446049250313e-16
How do within-family activation hyperparameters tune the welfare-convergence tradeoff?,hyperparameter_shifted_linear,b,3.0,brd,shifted_linear,b,3.0,0.5,3,3,3,1.0,76,True,6,0.9887399885274949,0.8163376065565379,8.472463091380167e-05,,,,,,1.1102230246251565e-16,2.220446049250313e-16
How do within-family activation hyperparameters tune the welfare-convergence tradeoff?,hyperparameter_shifted_linear,b,3.0,brd,shifted_linear,b,3.0,0.5,3,3,3,1.0,80,True,4,0.9948678429935837,0.8922606172559867,5.6094400329387284e-05,,,,,,2.220446049250313e-16,1.1102230246251565e-16
How do within-family activation hyperparameters tune the welfare-convergence tradeoff?,hyperparameter_shifted_linear,b,3.0,brd,shifted_linear,b,3.0,0.5,3,3,3,1.0,82,True,5,0.9904529859619967,0.8034298237612522,8.132396165683176e-05,,,,,,1.1102230246251565e-16,1.1102230246251565e-16
How do within-family activation hyperparameters tune the welfare-convergence tradeoff?,hyperparameter_shifted_linear,b,3.0,brd,shifted_linear,b,3.0,0.5,3,3,3,1.0,79,True,6,0.9912109375,0.7949147513006599,6.750388594362056e-05,,,,,,1.1102230246251565e-16,0.0
How do within-family activation hyperparameters tune the welfare-convergence tradeoff?,hyperparameter_shifted_linear,b,3.0,brd,shifted_linear,b,3.0,0.5,3,3,3,1.0,81,True,6,0.9916543527989894,0.8369057444871553,4.6353319419878414e-05,,,,,,0.0,2.220446049250313e-16
How do within-family activation hyperparameters tune the welfare-convergence tradeoff?,hyperparameter_shifted_linear,b,3.0,brd,shifted_linear,b,3.0,0.5,3,3,3,1.0,84,True,4,0.9964192708333334,0.9380634817577004,4.916494134532545e-05,,,,,,2.220446049250313e-16,1.1102230246251565e-16
How do within-family activation hyperparameters tune the welfare-convergence tradeoff?,hyperparameter_shifted_linear,b,3.0,brd,shifted_linear,b,3.0,0.5,3,3,3,1.0,83,True,5,0.996885119107828,0.92697075565304,9.275695104399295e-05,,,,,,1.1102230246251565e-16,0.0
How do within-family activation hyperparameters tune the welfare-convergence tradeoff?,hyperparameter_shifted_linear,b,3.0,brd,shifted_linear,b,3.0,0.5,3,3,3,1.0,85,True,4,0.997482417423083,0.863868899496106,7.053908438436896e-05,,,,,,2.220446049250313e-16,2.220446049250313e-16
How do within-family activation hyperparameters tune the welfare-convergence tradeoff?,hyperparameter_shifted_linear,b,3.0,brd,shifted_linear,b,3.0,0.5,3,3,3,1.0,87,True,3,0.99853515625,0.8621872747324714,8.494569460187895e-05,,,,,,1.1102230246251565e-16,2.220446049250313e-16
How do within-family activation hyperparameters tune the welfare-convergence tradeoff?,hyperparameter_shifted_linear,b,3.0,brd,shifted_linear,b,3.0,0.5,3,3,3,1.0,86,True,4,0.9968532986111112,0.892589549954076,5.498277834947718e-05,,,,,,1.1102230246251565e-16,1.1102230246251565e-16
How do within-family activation hyperparameters tune the welfare-convergence tradeoff?,hyperparameter_shifted_linear,b,3.0,brd,shifted_linear,b,3.0,0.5,3,3,3,1.0,88,True,5,0.9950164710036593,0.8866612326366553,4.912159577807884e-05,,,,,,1.1102230246251565e-16,2.220446049250313e-16
How do within-family activation hyperparameters tune the welfare-convergence tradeoff?,hyperparameter_shifted_linear,b,3.0,brd,shifted_linear,b,3.0,0.5,3,3,3,1.0,89,True,5,0.9964192708333334,0.8738462829247821,3.6098039072507415e-05,,,,,,0.0,0.0
How do within-family activation hyperparameters tune the welfare-convergence tradeoff?,hyperparameter_shifted_linear,b,3.0,brd,shifted_linear,b,3.0,0.5,3,3,3,1.0,90,True,5,0.9965316730018297,0.8797148278053831,3.034459528983291e-05,,,,,,2.220446049250313e-16,1.1102230246251565e-16
How do within-family activation hyperparameters tune the welfare-convergence tradeoff?,hyperparameter_shifted_linear,b,3.0,brd,shifted_linear,b,3.0,0.5,3,3,3,1.0,91,True,6,0.9951417276694237,0.8470807026648224,2.537645580158454e-05,,,,,,0.0,0.0
How do within-family activation hyperparameters tune the welfare-convergence tradeoff?,hyperparameter_shifted_linear,b,3.0,brd,shifted_linear,b,3.0,0.5,3,3,3,1.0,92,True,4,0.9934895833333334,0.8936980430003171,9.335638283747283e-05,,,,,,2.220446049250313e-16,2.220446049250313e-16
How do within-family activation hyperparameters tune the welfare-convergence tradeoff?,hyperparameter_shifted_linear,b,3.0,brd,shifted_linear,b,3.0,0.5,3,3,3,1.0,95,True,5,0.997008268579674,0.9234579153853445,1.6573171957523503e-05,,,,,,1.1102230246251565e-16,1.1102230246251565e-16
How do within-family activation hyperparameters tune the welfare-convergence tradeoff?,hyperparameter_shifted_linear,b,3.0,brd,shifted_linear,b,3.0,0.5,3,3,3,1.0,93,True,5,0.9933654954926813,0.7819364705760776,9.220406811527582e-05,,,,,,2.220446049250313e-16,0.0
How do within-family activation hyperparameters tune the welfare-convergence tradeoff?,hyperparameter_shifted_linear,b,3.0,brd,shifted_linear,b,3.0,0.5,3,3,3,1.0,94,True,6,0.9924123043369927,0.8477977519519185,3.3321947828124365e-05,,,,,,1.1102230246251565e-16,1.1102230246251565e-16
How do within-family activation hyperparameters tune the welfare-convergence tradeoff?,hyperparameter_shifted_linear,b,3.0,brd,shifted_linear,b,3.0,0.5,3,3,3,1.0,96,True,5,0.9957682291666666,0.8790437929998757,4.0475505139192514e-05,,,,,,0.0,2.220446049250313e-16
How do within-family activation hyperparameters tune the welfare-convergence tradeoff?,hyperparameter_shifted_linear,b,3.0,brd,shifted_linear,b,3.0,0.5,3,3,3,1.0,98,True,4,0.9966827477463407,0.8797580517596818,8.604745777285316e-05,,,,,,1.1102230246251565e-16,0.0
How do within-family activation hyperparameters tune the welfare-convergence tradeoff?,hyperparameter_shifted_linear,b,3.0,brd,shifted_linear,b,3.0,0.5,3,3,3,1.0,97,True,6,0.9930013020833334,0.8097373785692854,6.060916818417805e-05,,,,,,1.1102230246251565e-16,1.1102230246251565e-16
How do within-family activation hyperparameters tune the welfare-convergence tradeoff?,hyperparameter_shifted_linear,b,5.0,brd,shifted_linear,b,5.0,0.5,3,3,3,1.0,0,True,3,0.9972330729166666,0.801884323166956,9.021398942415937e-05,,,,,,2.220446049250313e-16,1.1102230246251565e-16
How do within-family activation hyperparameters tune the welfare-convergence tradeoff?,hyperparameter_shifted_linear,b,3.0,brd,shifted_linear,b,3.0,0.5,3,3,3,1.0,99,True,4,0.99658203125,0.9300746188525951,7.893181949175654e-05,,,,,,1.1102230246251565e-16,2.220446049250313e-16
How do within-family activation hyperparameters tune the welfare-convergence tradeoff?,hyperparameter_shifted_linear,b,5.0,brd,shifted_linear,b,5.0,0.5,3,3,3,1.0,3,True,4,0.9990776909722222,0.9108353393149953,6.228878061703691e-05,,,,,,0.0,2.220446049250313e-16
How do within-family activation hyperparameters tune the welfare-convergence tradeoff?,hyperparameter_shifted_linear,b,5.0,brd,shifted_linear,b,5.0,0.5,3,3,3,1.0,1,True,4,0.9974237586059983,0.8562089788284494,9.468693994585387e-05,,,,,,2.220446049250313e-16,1.1102230246251565e-16
How do within-family activation hyperparameters tune the welfare-convergence tradeoff?,hyperparameter_shifted_linear,b,5.0,brd,shifted_linear,b,5.0,0.5,3,3,3,1.0,2,True,4,0.99755859375,0.844146212516507,7.636137515926178e-05,,,,,,2.220446049250313e-16,2.220446049250313e-16
How do within-family activation hyperparameters tune the welfare-convergence tradeoff?,hyperparameter_shifted_linear,b,5.0,brd,shifted_linear,b,5.0,0.5,3,3,3,1.0,4,True,5,0.9969354773559983,0.8528604262542695,3.936337688836833e-05,,,,,,2.220446049250313e-16,0.0
How do within-family activation hyperparameters tune the welfare-convergence tradeoff?,hyperparameter_shifted_linear,b,5.0,brd,shifted_linear,b,5.0,0.5,3,3,3,1.0,6,True,3,0.9990234375,0.8107338536049397,3.5138949370350225e-05,,,,,,1.1102230246251565e-16,2.220446049250313e-16
How do within-family activation hyperparameters tune the welfare-convergence tradeoff?,hyperparameter_shifted_linear,b,5.0,brd,shifted_linear,b,5.0,0.5,3,3,3,1.0,7,True,3,0.998046875,0.8864978910141704,4.234323699370268e-05,,,,,,0.0,1.1102230246251565e-16
How do within-family activation hyperparameters tune the welfare-convergence tradeoff?,hyperparameter_shifted_linear,b,5.0,brd,shifted_linear,b,5.0,0.5,3,3,3,1.0,5,True,4,0.9969508441282081,0.8164395268083462,4.760269676556961e-05,,,,,,2.220446049250313e-16,1.1102230246251565e-16
How do within-family activation hyperparameters tune the welfare-convergence tradeoff?,hyperparameter_shifted_linear,b,5.0,brd,shifted_linear,b,5.0,0.5,3,3,3,1.0,9,True,4,0.996994136173083,0.8001665672543817,5.414739310311001e-05,,,,,,0.0,1.1102230246251565e-16
How do within-family activation hyperparameters tune the welfare-convergence tradeoff?,hyperparameter_shifted_linear,b,5.0,brd,shifted_linear,b,5.0,0.5,3,3,3,1.0,10,True,4,0.9973399827880033,0.8574527695329314,9.837720152278129e-05,,,,,,1.1102230246251565e-16,0.0
How do within-family activation hyperparameters tune the welfare-convergence tradeoff?,hyperparameter_shifted_linear,b,5.0,brd,shifted_linear,b,5.0,0.5,3,3,3,1.0,8,True,5,0.9969354773559983,0.8480697147292586,7.507584281923885e-05,,,,,,0.0,0.0
How do within-family activation hyperparameters tune the welfare-convergence tradeoff?,hyperparameter_shifted_linear,b,5.0,brd,shifted_linear,b,5.0,0.5,3,3,3,1.0,13,True,3,0.998046875,0.828466014779229,6.577446796579567e-05,,,,,,2.220446049250313e-16,0.0
How do within-family activation hyperparameters tune the welfare-convergence tradeoff?,hyperparameter_shifted_linear,b,5.0,brd,shifted_linear,b,5.0,0.5,3,3,3,1.0,11,True,6,0.9951558600760146,0.8095676007038474,2.5565680726091777e-05,,,,,,1.1102230246251565e-16,1.1102230246251565e-16
How do within-family activation hyperparameters tune the welfare-convergence tradeoff?,hyperparameter_shifted_linear,b,5.0,brd,shifted_linear,b,5.0,0.5,3,3,3,1.0,12,True,4,0.9970703125,0.847573573306402,4.6686898825365475e-05,,,,,,2.220446049250313e-16,1.1102230246251565e-16
How do within-family activation hyperparameters tune the welfare-convergence tradeoff?,hyperparameter_shifted_linear,b,5.0,brd,shifted_linear,b,5.0,0.5,3,3,3,1.0,14,True,3,0.9990234375,0.9256462647656932,3.625192197237448e-05,,,,,,0.0,1.1102230246251565e-16
How do within-family activation hyperparameters tune the welfare-convergence tradeoff?,hyperparameter_shifted_linear,b,5.0,brd,shifted_linear,b,5.0,0.5,3,3,3,1.0,15,True,3,0.9986475584184963,0.8589488782584617,6.463376244258967e-05,,,,,,1.1102230246251565e-16,2.220446049250313e-16
How do within-family activation hyperparameters tune the welfare-convergence tradeoff?,hyperparameter_shifted_linear,b,5.0,brd,shifted_linear,b,5.0,0.5,3,3,3,1.0,17,True,4,0.9973399827880033,0.8478280045247076,4.013419537324259e-05,,,,,,2.220446049250313e-16,1.1102230246251565e-16
How do within-family activation hyperparameters tune the welfare-convergence tradeoff?,hyperparameter_shifted_linear,b,5.0,brd,shifted_linear,b,5.0,0.5,3,3,3,1.0,18,True,3,0.998046875,0.8672835029651367,4.1383926722315945e-05,,,,,,1.1102230246251565e-16,2.220446049250313e-16
How do within-family activation hyperparameters tune the welfare-convergence tradeoff?,hyperparameter_shifted_linear,b,5.0,brd,shifted_linear,b,5.0,0.5,3,3,3,1.0,19,True,4,0.998046875,0.9017609252569528,2.0932661853434453e-05,,,,,,2.220446049250313e-16,1.1102230246251565e-16
How do within-family activation hyperparameters tune the welfare-convergence tradeoff?,hyperparameter_shifted_linear,b,5.0,brd,shifted_linear,b,5.0,0.5,3,3,3,1.0,16,True,5,0.997345475085163,0.7991143264821606,3.3946949095364776e-05,,,,,,2.220446049250313e-16,2.220446049250313e-16
How do within-family activation hyperparameters tune the welfare-convergence tradeoff?,hyperparameter_shifted_linear,b,5.0,brd,shifted_linear,b,5.0,0.5,3,3,3,1.0,20,True,3,0.9981334590897496,0.8791179509986797,2.3171350835238247e-05,,,,,,1.1102230246251565e-16,1.1102230246251565e-16
How do within-family activation hyperparameters tune the welfare-convergence tradeoff?,hyperparameter_shifted_linear,b,5.0,brd,shifted_linear,b,5.0,0.5,3,3,3,1.0,22,True,3,0.99658203125,0.899107194428438,9.145011082190013e-05,,,,,,0.0,1.1102230246251565e-16
How do within-family activation hyperparameters tune the welfare-convergence tradeoff?,hyperparameter_shifted_linear,b,5.0,brd,shifted_linear,b,5.0,0.5,3,3,3,1.0,21,True,4,0.997482417423083,0.8520061324289138,8.663494821908868e-05,,,,,,0.0,2.220446049250313e-16
How do within-family activation hyperparameters tune the welfare-convergence tradeoff?,hyperparameter_shifted_linear,b,5.0,brd,shifted_linear,b,5.0,0.5,3,3,3,1.0,23,True,3,0.99853515625,0.9204656417690872,8.939826034332077e-05,,,,,,1.1102230246251565e-16,1.1102230246251565e-16
How do within-family activation hyperparameters tune the welfare-convergence tradeoff?,hyperparameter_shifted_linear,b,5.0,brd,shifted_linear,b,5.0,0.5,3,3,3,1.0,24,True,3,0.99853515625,0.9038499884004868,6.473470769691181e-05,,,,,,1.1102230246251565e-16,2.220446049250313e-16
How do within-family activation hyperparameters tune the welfare-convergence tradeoff?,hyperparameter_shifted_linear,b,5.0,brd,shifted_linear,b,5.0,0.5,3,3,3,1.0,25,True,6,0.99554961820467,0.775737295912469,5.99104044377019e-05,,,,,,1.1102230246251565e-16,0.0
How do within-family activation hyperparameters tune the welfare-convergence tradeoff?,hyperparameter_shifted_linear,b,5.0,brd,shifted_linear,b,5.0,0.5,3,3,3,1.0,27,True,5,0.9968013432898329,0.8414485652562164,7.076285870188936e-05,,,,,,1.1102230246251565e-16,1.1102230246251565e-16
How do within-family activation hyperparameters tune the welfare-convergence tradeoff?,hyperparameter_shifted_linear,b,5.0,brd,shifted_linear,b,5.0,0.5,3,3,3,1.0,26,True,3,0.9990234375,0.8823584056564243,8.091381217784077e-05,,,,,,0.0,2.220446049250313e-16
How do within-family activation hyperparameters tune the welfare-convergence tradeoff?,hyperparameter_shifted_linear,b,5.0,brd,shifted_linear,b,5.0,0.5,3,3,3,1.0,29,True,4,0.99658203125,0.8136821978431726,7.716741151947426e-05,,,,,,0.0,2.220446049250313e-16
How do within-family activation hyperparameters tune the welfare-convergence tradeoff?,hyperparameter_shifted_linear,b,5.0,brd,shifted_linear,b,5.0,0.5,3,3,3,1.0,30,True,4,0.9972330729166666,0.8897291994985356,6.036588687974298e-05,,,,,,1.1102230246251565e-16,0.0
How do within-family activation hyperparameters tune the welfare-convergence tradeoff?,hyperparameter_shifted_linear,b,5.0,brd,shifted_linear,b,5.0,0.5,3,3,3,1.0,31,True,3,0.998046875,0.8454851070840111,9.075636918504104e-05,,,,,,1.1102230246251565e-16,2.220446049250313e-16
How do within-family activation hyperparameters tune the welfare-convergence tradeoff?,hyperparameter_shifted_linear,b,5.0,brd,shifted_linear,b,5.0,0.5,3,3,3,1.0,28,True,6,0.9963968378578281,0.8130482440501995,4.53137623966926e-05,,,,,,2.220446049250313e-16,2.220446049250313e-16
How do within-family activation hyperparameters tune the welfare-convergence tradeoff?,hyperparameter_shifted_linear,b,5.0,brd,shifted_linear,b,5.0,0.5,3,3,3,1.0,32,True,4,0.9983723958333334,0.8786099492364944,6.012543595479425e-05,,,,,,2.220446049250313e-16,2.220446049250313e-16
How do within-family activation hyperparameters tune the welfare-convergence tradeoff?,hyperparameter_shifted_linear,b,5.0,brd,shifted_linear,b,5.0,0.5,3,3,3,1.0,33,True,3,0.9970703125,0.8651876762082029,9.896436528578079e-05,,,,,,1.1102230246251565e-16,1.1102230246251565e-16
How do within-family activation hyperparameters tune the welfare-convergence tradeoff?,hyperparameter_shifted_linear,b,5.0,brd,shifted_linear,b,5.0,0.5,3,3,3,1.0,38,True,3,0.99853515625,0.9138429928841436,9.633707970141403e-05,,,,,,1.1102230246251565e-16,2.220446049250313e-16
How do within-family activation hyperparameters tune the welfare-convergence tradeoff?,hyperparameter_shifted_linear,b,5.0,brd,shifted_linear,b,5.0,0.5,3,3,3,1.0,34,True,4,0.9976593102463407,0.8239845938097027,6.372214354705141e-05,,,,,,2.220446049250313e-16,2.220446049250313e-16
How do within-family activation hyperparameters tune the welfare-convergence tradeoff?,hyperparameter_shifted_linear,b,5.0,brd,shifted_linear,b,5.0,0.5,3,3,3,1.0,35,True,5,0.9967294248944568,0.7660005071798001,2.4138004630358534e-05,,,,,,2.220446049250313e-16,1.1102230246251565e-16
How do within-family activation hyperparameters tune the welfare-convergence tradeoff?,hyperparameter_shifted_linear,b,5.0,brd,shifted_linear,b,5.0,0.5,3,3,3,1.0,36,True,4,0.9986979166666666,0.8973865919613419,8.545470173426661e-05,,,,,,0.0,1.1102230246251565e-16
How do within-family activation hyperparameters tune the welfare-convergence tradeoff?,hyperparameter_shifted_linear,b,5.0,brd,shifted_linear,b,5.0,0.5,3,3,3,1.0,39,True,3,0.99853515625,0.8928992022956632,3.0112525033487714e-06,,,,,,1.1102230246251565e-16,2.220446049250313e-16
How do within-family activation hyperparameters tune the welfare-convergence tradeoff?,hyperparameter_shifted_linear,b,5.0,brd,shifted_linear,b,5.0,0.5,3,3,3,1.0,37,True,6,0.9947154903397496,0.7877341044676262,3.460979481673121e-05,,,,,,2.220446049250313e-16,0.0
How do within-family activation hyperparameters tune the welfare-convergence tradeoff?,hyperparameter_shifted_linear,b,5.0,brd,shifted_linear,b,5.0,0.5,3,3,3,1.0,40,True,4,0.995529292423083,0.7959529641512298,4.713371243014741e-05,,,,,,1.1102230246251565e-16,2.220446049250313e-16
How do within-family activation hyperparameters tune the welfare-convergence tradeoff?,hyperparameter_shifted_linear,b,5.0,brd,shifted_linear,b,5.0,0.5,3,3,3,1.0,41,True,3,0.9990234375,0.894627517293285,2.16424062410292e-05,,,,,,1.1102230246251565e-16,2.220446049250313e-16
How do within-family activation hyperparameters tune the welfare-convergence tradeoff?,hyperparameter_shifted_linear,b,5.0,brd,shifted_linear,b,5.0,0.5,3,3,3,1.0,45,True,2,0.9991861979166666,0.9575045642157626,7.838005962507166e-05,,,,,,2.220446049250313e-16,2.220446049250313e-16
How do within-family activation hyperparameters tune the welfare-convergence tradeoff?,hyperparameter_shifted_linear,b,5.0,brd,shifted_linear,b,5.0,0.5,3,3,3,1.0,42,True,4,0.9973525412884585,0.8456924805651732,5.3770915570183764e-05,,,,,,2.220446049250313e-16,0.0
How do within-family activation hyperparameters tune the welfare-convergence tradeoff?,hyperparameter_shifted_linear,b,5.0,brd,shifted_linear,b,5.0,0.5,3,3,3,1.0,43,True,5,0.9955512152777778,0.7645542365990887,9.400240112450442e-05,,,,,,0.0,2.220446049250313e-16
How do within-family activation hyperparameters tune the welfare-convergence tradeoff?,hyperparameter_shifted_linear,b,5.0,brd,shifted_linear,b,5.0,0.5,3,3,3,1.0,47,True,3,0.99853515625,0.91440968801801,8.199741243031244e-05,,,,,,1.1102230246251565e-16,1.1102230246251565e-16
How do within-family activation hyperparameters tune the welfare-convergence tradeoff?,hyperparameter_shifted_linear,b,5.0,brd,shifted_linear,b,5.0,0.5,3,3,3,1.0,44,True,5,0.9960433917518297,0.7769604458904075,7.84787332092085e-05,,,,,,0.0,1.1102230246251565e-16
How do within-family activation hyperparameters tune the welfare-convergence tradeoff?,hyperparameter_shifted_linear,b,5.0,brd,shifted_linear,b,5.0,0.5,3,3,3,1.0,46,True,4,0.998046875,0.8572135820339124,7.383979620512182e-05,,,,,,1.1102230246251565e-16,1.1102230246251565e-16
How do within-family activation hyperparameters tune the welfare-convergence tradeoff?,hyperparameter_shifted_linear,b,5.0,brd,shifted_linear,b,5.0,0.5,3,3,3,1.0,50,True,3,0.99853515625,0.8298004985673523,8.506757676357557e-05,,,,,,2.220446049250313e-16,2.220446049250313e-16
How do within-family activation hyperparameters tune the welfare-convergence tradeoff?,hyperparameter_shifted_linear,b,5.0,brd,shifted_linear,b,5.0,0.5,3,3,3,1.0,51,True,3,0.99853515625,0.864645180472917,5.3740932365820004e-05,,,,,,2.220446049250313e-16,1.1102230246251565e-16
How do within-family activation hyperparameters tune the welfare-convergence tradeoff?,hyperparameter_shifted_linear,b,5.0,brd,shifted_linear,b,5.0,0.5,3,3,3,1.0,49,True,3,0.99853515625,0.8337997568132498,7.5386737389882e-05,,,,,,2.220446049250313e-16,2.220446049250313e-16
How do within-family activation hyperparameters tune the welfare-convergence tradeoff?,hyperparameter_shifted_linear,b,5.0,brd,shifted_linear,b,5.0,0.5,3,3,3,1.0,48,True,4,0.9979965167518297,0.8803470856098831,9.304538483440039e-05,,,,,,2.220446049250313e-16,1.1102230246251565e-16
How do within-family activation hyperparameters tune the welfare-convergence tradeoff?,hyperparameter_shifted_linear,b,5.0,brd,shifted_linear,b,5.0,0.5,3,3,3,1.0,53,True,3,0.998046875,0.8461925487004757,9.762090264270329e-05,,,,,,0.0,1.1102230246251565e-16
How do within-family activation hyperparameters tune the welfare-convergence tradeoff?,hyperparameter_shifted_linear,b,5.0,brd,shifted_linear,b,5.0,0.5,3,3,3,1.0,52,True,3,0.99853515625,0.8267758369067731,3.593973903948111e-05,,,,,,2.220446049250313e-16,2.220446049250313e-16
How do within-family activation hyperparameters tune the welfare-convergence tradeoff?,hyperparameter_shifted_linear,b,5.0,brd,shifted_linear,b,5.0,0.5,3,3,3,1.0,55,True,4,0.9978841145833334,0.8458308864518439,8.623111503430758e-05,,,,,,2.220446049250313e-16,1.1102230246251565e-16
How do within-family activation hyperparameters tune the welfare-convergence tradeoff?,hyperparameter_shifted_linear,b,5.0,brd,shifted_linear,b,5.0,0.5,3,3,3,1.0,56,True,3,0.99853515625,0.8929286295475268,6.650795147200572e-05,,,,,,1.1102230246251565e-16,1.1102230246251565e-16
How do within-family activation hyperparameters tune the welfare-convergence tradeoff?,hyperparameter_shifted_linear,b,5.0,brd,shifted_linear,b,5.0,0.5,3,3,3,1.0,54,True,5,0.997586519022665,0.8442788234701261,1.6752664778407755e-05,,,,,,1.1102230246251565e-16,2.220446049250313e-16
How do within-family activation hyperparameters tune the welfare-convergence tradeoff?,hyperparameter_shifted_linear,b,5.0,brd,shifted_linear,b,5.0,0.5,3,3,3,1.0,57,True,3,0.99853515625,0.8789148505660421,6.94290850922763e-05,,,,,,2.220446049250313e-16,1.1102230246251565e-16
How do within-family activation hyperparameters tune the welfare-convergence tradeoff?,hyperparameter_shifted_linear,b,5.0,brd,shifted_linear,b,5.0,0.5,3,3,3,1.0,58,True,4,0.9975082355018297,0.8196013225832613,9.006522456106447e-05,,,,,,1.1102230246251565e-16,2.220446049250313e-16
How do within-family activation hyperparameters tune the welfare-convergence tradeoff?,hyperparameter_shifted_linear,b,5.0,brd,shifted_linear,b,5.0,0.5,3,3,3,1.0,59,True,4,0.996994136173083,0.8054740188532371,9.228027527047322e-05,,,,,,2.220446049250313e-16,0.0
How do within-family activation hyperparameters tune the welfare-convergence tradeoff?,hyperparameter_shifted_linear,b,5.0,brd,shifted_linear,b,5.0,0.5,3,3,3,1.0,60,True,5,0.997345475085163,0.8681086434531528,6.259589885154737e-05,,,,,,1.1102230246251565e-16,1.1102230246251565e-16
How do within-family activation hyperparameters tune the welfare-convergence tradeoff?,hyperparameter_shifted_linear,b,5.0,brd,shifted_linear,b,5.0,0.5,3,3,3,1.0,61,True,4,0.9978408225384585,0.8759058799284526,6.657156202422021e-05,,,,,,2.220446049250313e-16,0.0
How do within-family activation hyperparameters tune the welfare-convergence tradeoff?,hyperparameter_shifted_linear,b,5.0,brd,shifted_linear,b,5.0,0.5,3,3,3,1.0,63,True,3,0.9990234375,0.9095315760595412,3.544521520926214e-05,,,,,,0.0,1.1102230246251565e-16
How do within-family activation hyperparameters tune the welfare-convergence tradeoff?,hyperparameter_shifted_linear,b,5.0,brd,shifted_linear,b,5.0,0.5,3,3,3,1.0,65,True,3,0.998046875,0.8264817436325845,6.352398395842451e-05,,,,,,1.1102230246251565e-16,1.1102230246251565e-16
How do within-family activation hyperparameters tune the welfare-convergence tradeoff?,hyperparameter_shifted_linear,b,5.0,brd,shifted_linear,b,5.0,0.5,3,3,3,1.0,62,True,6,0.9963968378578281,0.8363512814628162,2.917309688232894e-05,,,,,,2.220446049250313e-16,2.220446049250313e-16
How do within-family activation hyperparameters tune the welfare-convergence tradeoff?,hyperparameter_shifted_linear,b,5.0,brd,shifted_linear,b,5.0,0.5,3,3,3,1.0,66,True,3,0.99853515625,0.862945573506133,8.865144277570014e-05,,,,,,1.1102230246251565e-16,2.220446049250313e-16
How do within-family activation hyperparameters tune the welfare-convergence tradeoff?,hyperparameter_shifted_linear,b,5.0,brd,shifted_linear,b,5.0,0.5,3,3,3,1.0,64,True,6,0.9937530602463407,0.7533267757570461,2.5951879172425585e-05,,,,,,2.220446049250313e-16,0.0
How do within-family activation hyperparameters tune the welfare-convergence tradeoff?,hyperparameter_shifted_linear,b,5.0,brd,shifted_linear,b,5.0,0.5,3,3,3,1.0,69,True,3,0.998046875,0.8776407317707733,5.887736187287773e-05,,,,,,1.1102230246251565e-16,1.1102230246251565e-16
How do within-family activation hyperparameters tune the welfare-convergence tradeoff?,hyperparameter_shifted_linear,b,5.0,brd,shifted_linear,b,5.0,0.5,3,3,3,1.0,67,True,3,0.998046875,0.8355987052738856,7.59456746270426e-05,,,,,,2.220446049250313e-16,1.1102230246251565e-16
How do within-family activation hyperparameters tune the welfare-convergence tradeoff?,hyperparameter_shifted_linear,b,5.0,brd,shifted_linear,b,5.0,0.5,3,3,3,1.0,68,True,4,0.9983723958333334,0.8572119234857345,7.32885099439251e-05,,,,,,2.220446049250313e-16,2.220446049250313e-16
How do within-family activation hyperparameters tune the welfare-convergence tradeoff?,hyperparameter_shifted_linear,b,5.0,brd,shifted_linear,b,5.0,0.5,3,3,3,1.0,71,True,3,0.9970160590277778,0.8618495783181057,7.148365094156173e-05,,,,,,2.220446049250313e-16,0.0
How do within-family activation hyperparameters tune the welfare-convergence tradeoff?,hyperparameter_shifted_linear,b,5.0,brd,shifted_linear,b,5.0,0.5,3,3,3,1.0,70,True,4,0.99658203125,0.8444368457408361,9.009116506553116e-05,,,,,,2.220446049250313e-16,1.1102230246251565e-16
How do within-family activation hyperparameters tune the welfare-convergence tradeoff?,hyperparameter_shifted_linear,b,5.0,brd,shifted_linear,b,5.0,0.5,3,3,3,1.0,73,True,5,0.996994136173083,0.845360148326297,2.0335744699451208e-05,,,,,,0.0,2.220446049250313e-16
How do within-family activation hyperparameters tune the welfare-convergence tradeoff?,hyperparameter_shifted_linear,b,5.0,brd,shifted_linear,b,5.0,0.5,3,3,3,1.0,74,True,3,0.99853515625,0.86754816055114,9.781275249570731e-05,,,,,,2.220446049250313e-16,2.220446049250313e-16
How do within-family activation hyperparameters tune the welfare-convergence tradeoff?,hyperparameter_shifted_linear,b,5.0,brd,shifted_linear,b,5.0,0.5,3,3,3,1.0,72,True,5,0.9969695960036593,0.8497304675622569,6.977537537727896e-05,,,,,,0.0,0.0
How do within-family activation hyperparameters tune the welfare-convergence tradeoff?,hyperparameter_shifted_linear,b,5.0,brd,shifted_linear,b,5.0,0.5,3,3,3,1.0,75,True,4,0.9977213541666666,0.8103979189848874,6.792581162651246e-05,,,,,,2.220446049250313e-16,2.220446049250313e-16
How do within-family activation hyperparameters tune the welfare-convergence tradeoff?,hyperparameter_shifted_linear,b,5.0,brd,shifted_linear,b,5.0,0.5,3,3,3,1.0,76,True,5,0.9951682468260066,0.7897735648218571,5.121602290070193e-05,,,,,,2.220446049250313e-16,0.0
How do within-family activation hyperparameters tune the welfare-convergence tradeoff?,hyperparameter_shifted_linear,b,5.0,brd,shifted_linear,b,5.0,0.5,3,3,3,1.0,77,True,4,0.9983723958333334,0.8629185432413174,5.9199630128126124e-05,,,,,,2.220446049250313e-16,2.220446049250313e-16
How do within-family activation hyperparameters tune the welfare-convergence tradeoff?,hyperparameter_shifted_linear,b,5.0,brd,shifted_linear,b,5.0,0.5,3,3,3,1.0,78,True,3,0.99853515625,0.8874694204143964,8.175571135310422e-05,,,,,,0.0,2.220446049250313e-16
How do within-family activation hyperparameters tune the welfare-convergence tradeoff?,hyperparameter_shifted_linear,b,5.0,brd,shifted_linear,b,5.0,0.5,3,3,3,1.0,80,True,4,0.997482417423083,0.8819565846457627,2.94853325663591e-05,,,,,,2.220446049250313e-16,1.1102230246251565e-16
How do within-family activation hyperparameters tune the welfare-convergence tradeoff?,hyperparameter_shifted_linear,b,5.0,brd,shifted_linear,b,5.0,0.5,3,3,3,1.0,82,True,5,0.9963130620398329,0.7792727866582022,4.753794930417721e-05,,,,,,2.220446049250313e-16,1.1102230246251565e-16
How do within-family activation hyperparameters tune the welfare-convergence tradeoff?,hyperparameter_shifted_linear,b,5.0,brd,shifted_linear,b,5.0,0.5,3,3,3,1.0,83,True,3,0.998046875,0.9216463082588842,7.922830673906534e-05,,,,,,1.1102230246251565e-16,2.220446049250313e-16
How do within-family activation hyperparameters tune the welfare-convergence tradeoff?,hyperparameter_shifted_linear,b,5.0,brd,shifted_linear,b,5.0,0.5,3,3,3,1.0,79,True,6,0.9965316730018297,0.7726157108635885,3.3153611654512805e-05,,,,,,2.220446049250313e-16,2.220446049250313e-16
How do within-family activation hyperparameters tune the welfare-convergence tradeoff?,hyperparameter_shifted_linear,b,5.0,brd,shifted_linear,b,5.0,0.5,3,3,3,1.0,81,True,5,0.9962285851440017,0.8183532489528451,7.543027970180471e-05,,,,,,2.220446049250313e-16,2.220446049250313e-16
How do within-family activation hyperparameters tune the welfare-convergence tradeoff?,hyperparameter_shifted_linear,b,5.0,brd,shifted_linear,b,5.0,0.5,3,3,3,1.0,84,True,3,0.998563081522665,0.9292679787132337,5.48697040310131e-05,,,,,,1.1102230246251565e-16,1.1102230246251565e-16
How do within-family activation hyperparameters tune the welfare-convergence tradeoff?,hyperparameter_shifted_linear,b,5.0,brd,shifted_linear,b,5.0,0.5,3,3,3,1.0,85,True,3,0.9990234375,0.8568773848353054,5.158643658087492e-05,,,,,,1.1102230246251565e-16,2.220446049250313e-16
How do within-family activation hyperparameters tune the welfare-convergence tradeoff?,hyperparameter_shifted_linear,b,5.0,brd,shifted_linear,b,5.0,0.5,3,3,3,1.0,86,True,3,0.9986475584184963,0.8848947392086908,7.111673523385598e-05,,,,,,2.220446049250313e-16,2.220446049250313e-16
How do within-family activation hyperparameters tune the welfare-convergence tradeoff?,hyperparameter_shifted_linear,b,5.0,brd,shifted_linear,b,5.0,0.5,3,3,3,1.0,87,True,3,0.99951171875,0.8566169535709477,6.800163003212178e-05,,,,,,2.220446049250313e-16,0.0
How do within-family activation hyperparameters tune the welfare-convergence tradeoff?,hyperparameter_shifted_linear,b,5.0,brd,shifted_linear,b,5.0,0.5,3,3,3,1.0,90,True,3,0.9987521701388888,0.8708383631789639,7.684052621820259e-05,,,,,,2.220446049250313e-16,2.220446049250313e-16
How do within-family activation hyperparameters tune the welfare-convergence tradeoff?,hyperparameter_shifted_linear,b,5.0,brd,shifted_linear,b,5.0,0.5,3,3,3,1.0,89,True,3,0.9990234375,0.8623461887610863,9.24554279267964e-05,,,,,,1.1102230246251565e-16,1.1102230246251565e-16
How do within-family activation hyperparameters tune the welfare-convergence tradeoff?,hyperparameter_shifted_linear,b,5.0,brd,shifted_linear,b,5.0,0.5,3,3,3,1.0,88,True,5,0.9978841145833334,0.8762450140993692,8.562593870886648e-06,,,,,,2.220446049250313e-16,0.0
How do within-family activation hyperparameters tune the welfare-convergence tradeoff?,hyperparameter_shifted_linear,b,5.0,brd,shifted_linear,b,5.0,0.5,3,3,3,1.0,91,True,3,0.998046875,0.8346483239237829,4.688062054175601e-05,,,,,,2.220446049250313e-16,1.1102230246251565e-16
How do within-family activation hyperparameters tune the welfare-convergence tradeoff?,hyperparameter_shifted_linear,b,5.0,brd,shifted_linear,b,5.0,0.5,3,3,3,1.0,95,True,2,0.9991861979166666,0.9131540722023913,9.090168164066492e-05,,,,,,1.1102230246251565e-16,2.220446049250313e-16
How do within-family activation hyperparameters tune the welfare-convergence tradeoff?,hyperparameter_shifted_linear,b,5.0,brd,shifted_linear,b,5.0,0.5,3,3,3,1.0,93,True,4,0.9975082355018297,0.7651484473778442,9.373389871869531e-05,,,,,,1.1102230246251565e-16,0.0
How do within-family activation hyperparameters tune the welfare-convergence tradeoff?,hyperparameter_shifted_linear,b,5.0,brd,shifted_linear,b,5.0,0.5,3,3,3,1.0,92,True,4,0.9983723958333334,0.8753865934937393,3.92244078625259e-05,,,,,,0.0,1.1102230246251565e-16
How do within-family activation hyperparameters tune the welfare-convergence tradeoff?,hyperparameter_shifted_linear,b,5.0,brd,shifted_linear,b,5.0,0.5,3,3,3,1.0,96,True,4,0.9986979166666666,0.8667761426115299,9.052467318393376e-05,,,,,,2.220446049250313e-16,1.1102230246251565e-16
How do within-family activation hyperparameters tune the welfare-convergence tradeoff?,hyperparameter_shifted_linear,b,5.0,brd,shifted_linear,b,5.0,0.5,3,3,3,1.0,94,True,5,0.9972609981893317,0.8286254884380112,9.41737811119836e-05,,,,,,1.1102230246251565e-16,2.220446049250313e-16
How do within-family activation hyperparameters tune the welfare-convergence tradeoff?,hyperparameter_shifted_linear,b,5.0,brd,shifted_linear,b,5.0,0.5,3,3,3,1.0,98,True,3,0.99853515625,0.870144938248894,7.746687571924538e-05,,,,,,2.220446049250313e-16,1.1102230246251565e-16
How do within-family activation hyperparameters tune the welfare-convergence tradeoff?,hyperparameter_shifted_linear,b,5.0,brd,shifted_linear,b,5.0,0.5,3,3,3,1.0,97,True,5,0.9969437779249126,0.7921132154148204,6.922386636920574e-05,,,,,,2.220446049250313e-16,2.220446049250313e-16
How do within-family activation hyperparameters tune the welfare-convergence tradeoff?,hyperparameter_shifted_linear,b,7.0,brd,shifted_linear,b,7.0,0.5,3,3,3,1.0,0,True,2,0.9991861979166666,0.7894130788246807,8.6502300957636e-05,,,,,,1.1102230246251565e-16,1.1102230246251565e-16
How do within-family activation hyperparameters tune the welfare-convergence tradeoff?,hyperparameter_shifted_linear,b,5.0,brd,shifted_linear,b,5.0,0.5,3,3,3,1.0,99,True,4,0.9988606770833334,0.9216826486670268,1.142638369294735e-05,,,,,,2.220446049250313e-16,0.0
How do within-family activation hyperparameters tune the welfare-convergence tradeoff?,hyperparameter_shifted_linear,b,7.0,brd,shifted_linear,b,7.0,0.5,3,3,3,1.0,1,True,3,0.99853515625,0.848472008699127,8.303277763449524e-05,,,,,,2.220446049250313e-16,1.1102230246251565e-16
How do within-family activation hyperparameters tune the welfare-convergence tradeoff?,hyperparameter_shifted_linear,b,7.0,brd,shifted_linear,b,7.0,0.5,3,3,3,1.0,2,True,3,0.998046875,0.8402816385662683,8.001340470242813e-05,,,,,,2.220446049250313e-16,0.0
How do within-family activation hyperparameters tune the welfare-convergence tradeoff?,hyperparameter_shifted_linear,b,7.0,brd,shifted_linear,b,7.0,0.5,3,3,3,1.0,3,True,2,0.9996744791666666,0.905995598903758,8.49007823696124e-05,,,,,,2.220446049250313e-16,1.1102230246251565e-16
How do within-family activation hyperparameters tune the welfare-convergence tradeoff?,hyperparameter_shifted_linear,b,7.0,brd,shifted_linear,b,7.0,0.5,3,3,3,1.0,4,True,3,0.998046875,0.8452804290480923,8.111575429858853e-05,,,,,,2.220446049250313e-16,2.220446049250313e-16
How do within-family activation hyperparameters tune the welfare-convergence tradeoff?,hyperparameter_shifted_linear,b,7.0,brd,shifted_linear,b,7.0,0.5,3,3,3,1.0,5,True,2,0.9986979166666666,0.804457790748776,6.096091592838748e-05,,,,,,1.1102230246251565e-16,1.1102230246251565e-16
How do within-family activation hyperparameters tune the welfare-convergence tradeoff?,hyperparameter_shifted_linear,b,7.0,brd,shifted_linear,b,7.0,0.5,3,3,3,1.0,6,True,3,0.9990234375,0.8097308714743984,1.1426382409640556e-05,,,,,,2.220446049250313e-16,1.1102230246251565e-16
How do within-family activation hyperparameters tune the welfare-convergence tradeoff?,hyperparameter_shifted_linear,b,7.0,brd,shifted_linear,b,7.0,0.5,3,3,3,1.0,7,True,3,0.99951171875,0.8772234505426414,6.093236936272062e-05,,,,,,1.1102230246251565e-16,2.220446049250313e-16
How do within-family activation hyperparameters tune the welfare-convergence tradeoff?,hyperparameter_shifted_linear,b,7.0,brd,shifted_linear,b,7.0,0.5,3,3,3,1.0,8,True,3,0.99853515625,0.8370246220735792,7.212500082925954e-05,,,,,,1.1102230246251565e-16,2.220446049250313e-16
How do within-family activation hyperparameters tune the welfare-convergence tradeoff?,hyperparameter_shifted_linear,b,7.0,brd,shifted_linear,b,7.0,0.5,3,3,3,1.0,9,True,3,0.9990234375,0.7870004865339687,5.809903438530606e-05,,,,,,1.1102230246251565e-16,2.220446049250313e-16
How do within-family activation hyperparameters tune the welfare-convergence tradeoff?,hyperparameter_shifted_linear,b,7.0,brd,shifted_linear,b,7.0,0.5,3,3,3,1.0,10,True,3,0.9990234375,0.8473683365884451,3.712417929019329e-05,,,,,,1.1102230246251565e-16,0.0
How do within-family activation hyperparameters tune the welfare-convergence tradeoff?,hyperparameter_shifted_linear,b,7.0,brd,shifted_linear,b,7.0,0.5,3,3,3,1.0,11,True,4,0.9976671006944444,0.7936008969081146,8.664600875507578e-05,,,,,,2.220446049250313e-16,1.1102230246251565e-16
How do within-family activation hyperparameters tune the welfare-convergence tradeoff?,hyperparameter_shifted_linear,b,7.0,brd,shifted_linear,b,7.0,0.5,3,3,3,1.0,13,True,3,0.9990234375,0.8215738418603761,5.643105879638011e-05,,,,,,1.1102230246251565e-16,1.1102230246251565e-16
How do within-family activation hyperparameters tune the welfare-convergence tradeoff?,hyperparameter_shifted_linear,b,7.0,brd,shifted_linear,b,7.0,0.5,3,3,3,1.0,14,True,2,0.9996744791666666,0.9210993062271872,7.831776171018934e-05,,,,,,2.220446049250313e-16,1.1102230246251565e-16
How do within-family activation hyperparameters tune the welfare-convergence tradeoff?,hyperparameter_shifted_linear,b,7.0,brd,shifted_linear,b,7.0,0.5,3,3,3,1.0,12,True,4,0.99853515625,0.8389788228647461,4.343072013207605e-05,,,,,,1.1102230246251565e-16,2.220446049250313e-16
How do within-family activation hyperparameters tune the welfare-convergence tradeoff?,hyperparameter_shifted_linear,b,7.0,brd,shifted_linear,b,7.0,0.5,3,3,3,1.0,15,True,2,0.9991861979166666,0.8543022430384758,7.856731090033486e-05,,,,,,2.220446049250313e-16,0.0
How do within-family activation hyperparameters tune the welfare-convergence tradeoff?,hyperparameter_shifted_linear,b,7.0,brd,shifted_linear,b,7.0,0.5,3,3,3,1.0,16,True,3,0.99853515625,0.7906405111518411,7.275291466390943e-05,,,,,,1.1102230246251565e-16,1.1102230246251565e-16
How do within-family activation hyperparameters tune the welfare-convergence tradeoff?,hyperparameter_shifted_linear,b,7.0,brd,shifted_linear,b,7.0,0.5,3,3,3,1.0,17,True,4,0.998046875,0.843234436733557,2.944549856614964e-05,,,,,,2.220446049250313e-16,2.220446049250313e-16
How do within-family activation hyperparameters tune the welfare-convergence tradeoff?,hyperparameter_shifted_linear,b,7.0,brd,shifted_linear,b,7.0,0.5,3,3,3,1.0,18,True,3,0.99951171875,0.8584580898859945,3.1259450393228416e-05,,,,,,2.220446049250313e-16,2.220446049250313e-16
How do within-family activation hyperparameters tune the welfare-convergence tradeoff?,hyperparameter_shifted_linear,b,7.0,brd,shifted_linear,b,7.0,0.5,3,3,3,1.0,20,True,1,0.9993489583333334,0.8703307775587117,7.412010874813246e-05,,,,,,1.1102230246251565e-16,1.1102230246251565e-16
How do within-family activation hyperparameters tune the welfare-convergence tradeoff?,hyperparameter_shifted_linear,b,7.0,brd,shifted_linear,b,7.0,0.5,3,3,3,1.0,19,True,2,0.9991861979166666,0.8933987502059223,9.131300498038675e-05,,,,,,1.1102230246251565e-16,0.0
How do within-family activation hyperparameters tune the welfare-convergence tradeoff?,hyperparameter_shifted_linear,b,7.0,brd,shifted_linear,b,7.0,0.5,3,3,3,1.0,22,True,3,0.9990234375,0.8856495429450425,2.7684444651010498e-05,,,,,,1.1102230246251565e-16,0.0
How do within-family activation hyperparameters tune the welfare-convergence tradeoff?,hyperparameter_shifted_linear,b,7.0,brd,shifted_linear,b,7.0,0.5,3,3,3,1.0,23,True,3,0.99951171875,0.9144174610610761,5.6159442538228355e-05,,,,,,2.220446049250313e-16,1.1102230246251565e-16
How do within-family activation hyperparameters tune the welfare-convergence tradeoff?,hyperparameter_shifted_linear,b,7.0,brd,shifted_linear,b,7.0,0.5,3,3,3,1.0,21,True,4,0.9984847980018297,0.8452083892131906,5.356630604669288e-05,,,,,,1.1102230246251565e-16,2.220446049250313e-16
How do within-family activation hyperparameters tune the welfare-convergence tradeoff?,hyperparameter_shifted_linear,b,7.0,brd,shifted_linear,b,7.0,0.5,3,3,3,1.0,24,True,3,0.99951171875,0.8983060056230748,4.198784740699901e-05,,,,,,0.0,2.220446049250313e-16
How do within-family activation hyperparameters tune the welfare-convergence tradeoff?,hyperparameter_shifted_linear,b,7.0,brd,shifted_linear,b,7.0,0.5,3,3,3,1.0,25,True,4,0.9978841145833334,0.7610896293317436,5.77192593387843e-05,,,,,,1.1102230246251565e-16,1.1102230246251565e-16
How do within-family activation hyperparameters tune the welfare-convergence tradeoff?,hyperparameter_shifted_linear,b,7.0,brd,shifted_linear,b,7.0,0.5,3,3,3,1.0,27,True,3,0.99853515625,0.8301361143269702,5.919973119150601e-05,,,,,,2.220446049250313e-16,2.220446049250313e-16
How do within-family activation hyperparameters tune the welfare-convergence tradeoff?,hyperparameter_shifted_linear,b,7.0,brd,shifted_linear,b,7.0,0.5,3,3,3,1.0,26,True,3,0.99951171875,0.8792505328611151,3.4873425499182265e-05,,,,,,1.1102230246251565e-16,1.1102230246251565e-16
How do within-family activation hyperparameters tune the welfare-convergence tradeoff?,hyperparameter_shifted_linear,b,7.0,brd,shifted_linear,b,7.0,0.5,3,3,3,1.0,31,True,3,0.99853515625,0.8416643557219502,6.654073690731677e-05,,,,,,1.1102230246251565e-16,2.220446049250313e-16
How do within-family activation hyperparameters tune the welfare-convergence tradeoff?,hyperparameter_shifted_linear,b,7.0,brd,shifted_linear,b,7.0,0.5,3,3,3,1.0,28,True,4,0.9978841145833334,0.802890554392004,5.6281426966064974e-05,,,,,,0.0,1.1102230246251565e-16
How do within-family activation hyperparameters tune the welfare-convergence tradeoff?,hyperparameter_shifted_linear,b,7.0,brd,shifted_linear,b,7.0,0.5,3,3,3,1.0,29,True,4,0.998046875,0.804721261050306,3.7837244503957645e-05,,,,,,1.1102230246251565e-16,2.220446049250313e-16
How do within-family activation hyperparameters tune the welfare-convergence tradeoff?,hyperparameter_shifted_linear,b,7.0,brd,shifted_linear,b,7.0,0.5,3,3,3,1.0,30,True,3,0.99853515625,0.882207213114453,6.0177047195186795e-05,,,,,,2.220446049250313e-16,1.1102230246251565e-16
How do within-family activation hyperparameters tune the welfare-convergence tradeoff?,hyperparameter_shifted_linear,b,7.0,brd,shifted_linear,b,7.0,0.5,3,3,3,1.0,32,True,3,0.99853515625,0.8768285877125669,9.003360993203868e-05,,,,,,2.220446049250313e-16,2.220446049250313e-16
How do within-family activation hyperparameters tune the welfare-convergence tradeoff?,hyperparameter_shifted_linear,b,7.0,brd,shifted_linear,b,7.0,0.5,3,3,3,1.0,35,True,3,0.99853515625,0.753112629787536,8.989277084736624e-05,,,,,,1.1102230246251565e-16,1.1102230246251565e-16
How do within-family activation hyperparameters tune the welfare-convergence tradeoff?,hyperparameter_shifted_linear,b,7.0,brd,shifted_linear,b,7.0,0.5,3,3,3,1.0,34,True,3,0.9986475584184963,0.8166704011203315,7.087206615291608e-05,,,,,,1.1102230246251565e-16,2.220446049250313e-16
How do within-family activation hyperparameters tune the welfare-convergence tradeoff?,hyperparameter_shifted_linear,b,7.0,brd,shifted_linear,b,7.0,0.5,3,3,3,1.0,33,True,3,0.9990234375,0.8542609052901575,4.890216126973712e-05,,,,,,2.220446049250313e-16,0.0
How do within-family activation hyperparameters tune the welfare-convergence tradeoff?,hyperparameter_shifted_linear,b,7.0,brd,shifted_linear,b,7.0,0.5,3,3,3,1.0,38,True,3,0.9990234375,0.9110647478392423,8.180888506986728e-05,,,,,,0.0,0.0
How do within-family activation hyperparameters tune the welfare-convergence tradeoff?,hyperparameter_shifted_linear,b,7.0,brd,shifted_linear,b,7.0,0.5,3,3,3,1.0,37,True,4,0.9975082355018297,0.7700980576945241,8.476801576762227e-05,,,,,,1.1102230246251565e-16,1.1102230246251565e-16
How do within-family activation hyperparameters tune the welfare-convergence tradeoff?,hyperparameter_shifted_linear,b,7.0,brd,shifted_linear,b,7.0,0.5,3,3,3,1.0,36,True,2,0.9996744791666666,0.8898361692958418,7.930656069254916e-05,,,,,,0.0,2.220446049250313e-16
How do within-family activation hyperparameters tune the welfare-convergence tradeoff?,hyperparameter_shifted_linear,b,7.0,brd,shifted_linear,b,7.0,0.5,3,3,3,1.0,39,True,2,0.9996744791666666,0.8848955312573592,6.710177536195516e-05,,,,,,2.220446049250313e-16,0.0
How do within-family activation hyperparameters tune the welfare-convergence tradeoff?,hyperparameter_shifted_linear,b,7.0,brd,shifted_linear,b,7.0,0.5,3,3,3,1.0,41,True,2,0.9996744791666666,0.8899757686269266,6.812379301401883e-05,,,,,,2.220446049250313e-16,2.220446049250313e-16
How do within-family activation hyperparameters tune the welfare-convergence tradeoff?,hyperparameter_shifted_linear,b,7.0,brd,shifted_linear,b,7.0,0.5,3,3,3,1.0,40,True,3,0.99853515625,0.7766852115761473,8.085572911570305e-05,,,,,,0.0,0.0
How do within-family activation hyperparameters tune the welfare-convergence tradeoff?,hyperparameter_shifted_linear,b,7.0,brd,shifted_linear,b,7.0,0.5,3,3,3,1.0,42,True,3,0.9990234375,0.8343352199785885,5.557225171010094e-05,,,,,,1.1102230246251565e-16,1.1102230246251565e-16
How do within-family activation hyperparameters tune the welfare-convergence tradeoff?,hyperparameter_shifted_linear,b,7.0,brd,shifted_linear,b,7.0,0.5,3,3,3,1.0,43,True,4,0.9975082355018297,0.7528315488670816,5.1767431534399666e-05,,,,,,2.220446049250313e-16,0.0
How do within-family activation hyperparameters tune the welfare-convergence tradeoff?,hyperparameter_shifted_linear,b,7.0,brd,shifted_linear,b,7.0,0.5,3,3,3,1.0,45,True,1,0.9998372395833334,0.9527863720371723,8.327610509384353e-05,,,,,,0.0,0.0
How do within-family activation hyperparameters tune the welfare-convergence tradeoff?,hyperparameter_shifted_linear,b,7.0,brd,shifted_linear,b,7.0,0.5,3,3,3,1.0,44,True,4,0.99755859375,0.7673756689762244,8.337904976141175e-05,,,,,,2.220446049250313e-16,2.220446049250313e-16
How do within-family activation hyperparameters tune the welfare-convergence tradeoff?,hyperparameter_shifted_linear,b,7.0,brd,shifted_linear,b,7.0,0.5,3,3,3,1.0,47,True,3,0.9990234375,0.9117148559750706,3.432614229387232e-05,,,,,,2.220446049250313e-16,2.220446049250313e-16
How do within-family activation hyperparameters tune the welfare-convergence tradeoff?,hyperparameter_shifted_linear,b,7.0,brd,shifted_linear,b,7.0,0.5,3,3,3,1.0,46,True,3,0.9990234375,0.8504324179467172,6.721903603534862e-05,,,,,,2.220446049250313e-16,2.220446049250313e-16
How do within-family activation hyperparameters tune the welfare-convergence tradeoff?,hyperparameter_shifted_linear,b,7.0,brd,shifted_linear,b,7.0,0.5,3,3,3,1.0,50,True,3,0.9990234375,0.8260523929122225,7.200368749993302e-05,,,,,,1.1102230246251565e-16,0.0
How do within-family activation hyperparameters tune the welfare-convergence tradeoff?,hyperparameter_shifted_linear,b,7.0,brd,shifted_linear,b,7.0,0.5,3,3,3,1.0,49,True,2,0.9986979166666666,0.8318278186078962,7.740740946865499e-05,,,,,,2.220446049250313e-16,2.220446049250313e-16
How do within-family activation hyperparameters tune the welfare-convergence tradeoff?,hyperparameter_shifted_linear,b,7.0,brd,shifted_linear,b,7.0,0.5,3,3,3,1.0,48,True,3,0.9990234375,0.8737880110337749,7.359624021341382e-05,,,,,,1.1102230246251565e-16,2.220446049250313e-16
How do within-family activation hyperparameters tune the welfare-convergence tradeoff?,hyperparameter_shifted_linear,b,7.0,brd,shifted_linear,b,7.0,0.5,3,3,3,1.0,51,True,2,0.9991861979166666,0.8592423679033114,9.80797071197248e-05,,,,,,0.0,2.220446049250313e-16
How do within-family activation hyperparameters tune the welfare-convergence tradeoff?,hyperparameter_shifted_linear,b,7.0,brd,shifted_linear,b,7.0,0.5,3,3,3,1.0,52,True,2,0.9991861979166666,0.821609705405252,7.80597879244116e-05,,,,,,0.0,1.1102230246251565e-16
How do within-family activation hyperparameters tune the welfare-convergence tradeoff?,hyperparameter_shifted_linear,b,7.0,brd,shifted_linear,b,7.0,0.5,3,3,3,1.0,53,True,3,0.998046875,0.845773375409983,7.832013581199337e-05,,,,,,0.0,0.0
How do within-family activation hyperparameters tune the welfare-convergence tradeoff?,hyperparameter_shifted_linear,b,7.0,brd,shifted_linear,b,7.0,0.5,3,3,3,1.0,54,True,3,0.9990234375,0.8340997173872712,8.661424990702438e-05,,,,,,1.1102230246251565e-16,0.0
How do within-family activation hyperparameters tune the welfare-convergence tradeoff?,hyperparameter_shifted_linear,b,7.0,brd,shifted_linear,b,7.0,0.5,3,3,3,1.0,55,True,3,0.99853515625,0.8413193861478234,7.261443696737757e-05,,,,,,2.220446049250313e-16,1.1102230246251565e-16
How do within-family activation hyperparameters tune the welfare-convergence tradeoff?,hyperparameter_shifted_linear,b,7.0,brd,shifted_linear,b,7.0,0.5,3,3,3,1.0,57,True,3,0.99951171875,0.8737407586106819,1.9513096559231613e-05,,,,,,2.220446049250313e-16,1.1102230246251565e-16
How do within-family activation hyperparameters tune the welfare-convergence tradeoff?,hyperparameter_shifted_linear,b,7.0,brd,shifted_linear,b,7.0,0.5,3,3,3,1.0,56,True,2,0.9996744791666666,0.8854401943037228,6.475970160590983e-05,,,,,,1.1102230246251565e-16,0.0
How do within-family activation hyperparameters tune the welfare-convergence tradeoff?,hyperparameter_shifted_linear,b,7.0,brd,shifted_linear,b,7.0,0.5,3,3,3,1.0,58,True,3,0.998046875,0.8157271891787939,9.566168715785528e-05,,,,,,2.220446049250313e-16,1.1102230246251565e-16
How do within-family activation hyperparameters tune the welfare-convergence tradeoff?,hyperparameter_shifted_linear,b,7.0,brd,shifted_linear,b,7.0,0.5,3,3,3,1.0,59,True,3,0.99853515625,0.7961350632195913,5.939086926853854e-05,,,,,,1.1102230246251565e-16,2.220446049250313e-16
How do within-family activation hyperparameters tune the welfare-convergence tradeoff?,hyperparameter_shifted_linear,b,7.0,brd,shifted_linear,b,7.0,0.5,3,3,3,1.0,60,True,3,0.998046875,0.862769181133463,9.209244106467285e-05,,,,,,0.0,1.1102230246251565e-16
How do within-family activation hyperparameters tune the welfare-convergence tradeoff?,hyperparameter_shifted_linear,b,7.0,brd,shifted_linear,b,7.0,0.5,3,3,3,1.0,61,True,3,0.9990234375,0.8687112191516025,2.9664491365988255e-05,,,,,,2.220446049250313e-16,2.220446049250313e-16
How do within-family activation hyperparameters tune the welfare-convergence tradeoff?,hyperparameter_shifted_linear,b,7.0,brd,shifted_linear,b,7.0,0.5,3,3,3,1.0,63,True,1,0.9998372395833334,0.9027481951732872,9.275578443512789e-05,,,,,,2.220446049250313e-16,2.220446049250313e-16
How do within-family activation hyperparameters tune the welfare-convergence tradeoff?,hyperparameter_shifted_linear,b,7.0,brd,shifted_linear,b,7.0,0.5,3,3,3,1.0,65,True,3,0.99853515625,0.822857365836135,7.238674117432398e-05,,,,,,0.0,1.1102230246251565e-16
How do within-family activation hyperparameters tune the welfare-convergence tradeoff?,hyperparameter_shifted_linear,b,7.0,brd,shifted_linear,b,7.0,0.5,3,3,3,1.0,62,True,4,0.9981011284722222,0.8257960257055942,8.02504412184546e-05,,,,,,2.220446049250313e-16,1.1102230246251565e-16
How do within-family activation hyperparameters tune the welfare-convergence tradeoff?,hyperparameter_shifted_linear,b,7.0,brd,shifted_linear,b,7.0,0.5,3,3,3,1.0,64,True,3,0.998046875,0.7260308199949357,9.712780888493366e-05,,,,,,1.1102230246251565e-16,0.0
How do within-family activation hyperparameters tune the welfare-convergence tradeoff?,hyperparameter_shifted_linear,b,7.0,brd,shifted_linear,b,7.0,0.5,3,3,3,1.0,66,True,3,0.99951171875,0.856098288783253,7.705707656752159e-05,,,,,,2.220446049250313e-16,1.1102230246251565e-16
How do within-family activation hyperparameters tune the welfare-convergence tradeoff?,hyperparameter_shifted_linear,b,7.0,brd,shifted_linear,b,7.0,0.5,3,3,3,1.0,69,True,3,0.9990234375,0.8708844529769374,5.0235401594156404e-05,,,,,,0.0,2.220446049250313e-16
How do within-family activation hyperparameters tune the welfare-convergence tradeoff?,hyperparameter_shifted_linear,b,7.0,brd,shifted_linear,b,7.0,0.5,3,3,3,1.0,67,True,3,0.9990234375,0.8287175467100191,5.565673458046705e-05,,,,,,1.1102230246251565e-16,2.220446049250313e-16
How do within-family activation hyperparameters tune the welfare-convergence tradeoff?,hyperparameter_shifted_linear,b,7.0,brd,shifted_linear,b,7.0,0.5,3,3,3,1.0,68,True,3,0.9993489583333334,0.849791772576833,9.874923197433771e-05,,,,,,0.0,1.1102230246251565e-16
How do within-family activation hyperparameters tune the welfare-convergence tradeoff?,hyperparameter_shifted_linear,b,7.0,brd,shifted_linear,b,7.0,0.5,3,3,3,1.0,70,True,4,0.998046875,0.8356700754954297,7.973567963259764e-05,,,,,,2.220446049250313e-16,2.220446049250313e-16
How do within-family activation hyperparameters tune the welfare-convergence tradeoff?,hyperparameter_shifted_linear,b,7.0,brd,shifted_linear,b,7.0,0.5,3,3,3,1.0,73,True,2,0.9986979166666666,0.8335303739032457,7.79424707785803e-05,,,,,,2.220446049250313e-16,0.0
How do within-family activation hyperparameters tune the welfare-convergence tradeoff?,hyperparameter_shifted_linear,b,7.0,brd,shifted_linear,b,7.0,0.5,3,3,3,1.0,71,True,2,0.9986979166666666,0.8508379398528266,9.595532612532987e-05,,,,,,2.220446049250313e-16,2.220446049250313e-16
How do within-family activation hyperparameters tune the welfare-convergence tradeoff?,hyperparameter_shifted_linear,b,7.0,brd,shifted_linear,b,7.0,0.5,3,3,3,1.0,72,True,3,0.998046875,0.8422725727773636,7.170302131409567e-05,,,,,,1.1102230246251565e-16,2.220446049250313e-16
How do within-family activation hyperparameters tune the welfare-convergence tradeoff?,hyperparameter_shifted_linear,b,7.0,brd,shifted_linear,b,7.0,0.5,3,3,3,1.0,74,True,3,0.99951171875,0.8615637556663147,6.131436760370423e-05,,,,,,0.0,1.1102230246251565e-16
How do within-family activation hyperparameters tune the welfare-convergence tradeoff?,hyperparameter_shifted_linear,b,7.0,brd,shifted_linear,b,7.0,0.5,3,3,3,1.0,75,True,3,0.99853515625,0.8042443852890488,6.050230450155292e-05,,,,,,0.0,2.220446049250313e-16
How do within-family activation hyperparameters tune the welfare-convergence tradeoff?,hyperparameter_shifted_linear,b,7.0,brd,shifted_linear,b,7.0,0.5,3,3,3,1.0,78,True,2,0.9996744791666666,0.8793021728536147,9.46163308745418e-05,,,,,,1.1102230246251565e-16,1.1102230246251565e-16
How do within-family activation hyperparameters tune the welfare-convergence tradeoff?,hyperparameter_shifted_linear,b,7.0,brd,shifted_linear,b,7.0,0.5,3,3,3,1.0,80,True,3,0.9990234375,0.872875301670231,1.7446587033231875e-05,,,,,,1.1102230246251565e-16,0.0
How do within-family activation hyperparameters tune the welfare-convergence tradeoff?,hyperparameter_shifted_linear,b,7.0,brd,shifted_linear,b,7.0,0.5,3,3,3,1.0,77,True,4,0.9991610187925815,0.8583426066336726,2.0236137738438575e-05,,,,,,0.0,2.220446049250313e-16
How do within-family activation hyperparameters tune the welfare-convergence tradeoff?,hyperparameter_shifted_linear,b,7.0,brd,shifted_linear,b,7.0,0.5,3,3,3,1.0,76,True,5,0.9973196570064163,0.7758497960297038,5.112557429765019e-05,,,,,,2.220446049250313e-16,0.0
How do within-family activation hyperparameters tune the welfare-convergence tradeoff?,hyperparameter_shifted_linear,b,7.0,brd,shifted_linear,b,7.0,0.5,3,3,3,1.0,79,True,4,0.9978841145833334,0.7630180057503648,6.626152343403025e-05,,,,,,2.220446049250313e-16,2.220446049250313e-16
How do within-family activation hyperparameters tune the welfare-convergence tradeoff?,hyperparameter_shifted_linear,b,7.0,brd,shifted_linear,b,7.0,0.5,3,3,3,1.0,82,True,4,0.9978841145833334,0.7686785968100774,6.961234915514591e-05,,,,,,1.1102230246251565e-16,2.220446049250313e-16
How do within-family activation hyperparameters tune the welfare-convergence tradeoff?,hyperparameter_shifted_linear,b,7.0,brd,shifted_linear,b,7.0,0.5,3,3,3,1.0,81,True,3,0.99853515625,0.8037019760293136,5.2306549675362746e-05,,,,,,2.220446049250313e-16,1.1102230246251565e-16
How do within-family activation hyperparameters tune the welfare-convergence tradeoff?,hyperparameter_shifted_linear,b,7.0,brd,shifted_linear,b,7.0,0.5,3,3,3,1.0,83,True,3,0.99951171875,0.9127842033816026,5.761680557209159e-05,,,,,,1.1102230246251565e-16,1.1102230246251565e-16
How do within-family activation hyperparameters tune the welfare-convergence tradeoff?,hyperparameter_shifted_linear,b,7.0,brd,shifted_linear,b,7.0,0.5,3,3,3,1.0,84,True,2,0.9991861979166666,0.9252800366020889,5.8771689456005305e-05,,,,,,1.1102230246251565e-16,2.220446049250313e-16
How do within-family activation hyperparameters tune the welfare-convergence tradeoff?,hyperparameter_shifted_linear,b,7.0,brd,shifted_linear,b,7.0,0.5,3,3,3,1.0,85,True,2,0.9996744791666666,0.8517644905771937,6.755980825196017e-05,,,,,,2.220446049250313e-16,0.0
How do within-family activation hyperparameters tune the welfare-convergence tradeoff?,hyperparameter_shifted_linear,b,7.0,brd,shifted_linear,b,7.0,0.5,3,3,3,1.0,86,True,2,0.9991861979166666,0.8814410902263695,5.481316641114953e-05,,,,,,2.220446049250313e-16,2.220446049250313e-16
How do within-family activation hyperparameters tune the welfare-convergence tradeoff?,hyperparameter_shifted_linear,b,7.0,brd,shifted_linear,b,7.0,0.5,3,3,3,1.0,88,True,2,0.9991861979166666,0.8667645029107671,8.540776009735573e-05,,,,,,1.1102230246251565e-16,2.220446049250313e-16
How do within-family activation hyperparameters tune the welfare-convergence tradeoff?,hyperparameter_shifted_linear,b,7.0,brd,shifted_linear,b,7.0,0.5,3,3,3,1.0,90,True,2,0.9996744791666666,0.864438422673444,6.019235813226054e-05,,,,,,2.220446049250313e-16,2.220446049250313e-16
How do within-family activation hyperparameters tune the welfare-convergence tradeoff?,hyperparameter_shifted_linear,b,7.0,brd,shifted_linear,b,7.0,0.5,3,3,3,1.0,87,True,2,0.9996744791666666,0.8545159311003703,7.380607765861136e-05,,,,,,0.0,0.0
How do within-family activation hyperparameters tune the welfare-convergence tradeoff?,hyperparameter_shifted_linear,b,7.0,brd,shifted_linear,b,7.0,0.5,3,3,3,1.0,89,True,3,0.9990234375,0.8619975494171802,6.201610938505464e-05,,,,,,2.220446049250313e-16,0.0
How do within-family activation hyperparameters tune the welfare-convergence tradeoff?,hyperparameter_shifted_linear,b,7.0,brd,shifted_linear,b,7.0,0.5,3,3,3,1.0,92,True,3,0.99853515625,0.8734079304625911,8.344866398357631e-05,,,,,,2.220446049250313e-16,1.1102230246251565e-16
How do within-family activation hyperparameters tune the welfare-convergence tradeoff?,hyperparameter_shifted_linear,b,7.0,brd,shifted_linear,b,7.0,0.5,3,3,3,1.0,91,True,3,0.99853515625,0.8314825091713174,3.831404291593232e-05,,,,,,0.0,0.0
How do within-family activation hyperparameters tune the welfare-convergence tradeoff?,hyperparameter_shifted_linear,b,7.0,brd,shifted_linear,b,7.0,0.5,3,3,3,1.0,94,True,3,0.99853515625,0.8196572875351024,9.942687798386585e-05,,,,,,2.220446049250313e-16,1.1102230246251565e-16
How do within-family activation hyperparameters tune the welfare-convergence tradeoff?,hyperparameter_shifted_linear,b,7.0,brd,shifted_linear,b,7.0,0.5,3,3,3,1.0,93,True,3,0.998046875,0.7618057733999254,7.590368755666654e-05,,,,,,2.220446049250313e-16,0.0
How do within-family activation hyperparameters tune the welfare-convergence tradeoff?,hyperparameter_shifted_linear,b,7.0,brd,shifted_linear,b,7.0,0.5,3,3,3,1.0,95,True,2,0.9991861979166666,0.9128953817916434,5.330402855274752e-05,,,,,,0.0,0.0
How do within-family activation hyperparameters tune the welfare-convergence tradeoff?,hyperparameter_shifted_linear,b,7.0,brd,shifted_linear,b,7.0,0.5,3,3,3,1.0,97,True,3,0.99853515625,0.7810548574428209,6.896663132915926e-05,,,,,,2.220446049250313e-16,2.220446049250313e-16
How do within-family activation hyperparameters tune the welfare-convergence tradeoff?,hyperparameter_shifted_linear,b,7.0,brd,shifted_linear,b,7.0,0.5,3,3,3,1.0,96,True,3,0.9990234375,0.8638971102430864,5.8209414035448326e-05,,,,,,1.1102230246251565e-16,2.220446049250313e-16
How do within-family activation hyperparameters tune the welfare-convergence tradeoff?,hyperparameter_shifted_linear,b,7.0,brd,shifted_linear,b,7.0,0.5,3,3,3,1.0,98,True,3,0.9990234375,0.8668261651857386,2.966422890227083e-05,,,,,,0.0,1.1102230246251565e-16
How do within-family activation hyperparameters tune the welfare-convergence tradeoff?,hyperparameter_shifted_linear,b,10.0,brd,shifted_linear,b,10.0,0.5,3,3,3,1.0,3,True,1,0.9998372395833334,0.9033483513072866,8.619961231354223e-05,,,,,,1.1102230246251565e-16,1.1102230246251565e-16
How do within-family activation hyperparameters tune the welfare-convergence tradeoff?,hyperparameter_shifted_linear,b,10.0,brd,shifted_linear,b,10.0,0.5,3,3,3,1.0,0,True,2,0.9991861979166666,0.7882916236440929,6.987355522980465e-05,,,,,,2.220446049250313e-16,2.220446049250313e-16
How do within-family activation hyperparameters tune the welfare-convergence tradeoff?,hyperparameter_shifted_linear,b,10.0,brd,shifted_linear,b,10.0,0.5,3,3,3,1.0,1,True,3,0.99951171875,0.8402611193020979,6.0997673561768995e-05,,,,,,2.220446049250313e-16,1.1102230246251565e-16
How do within-family activation hyperparameters tune the welfare-convergence tradeoff?,hyperparameter_shifted_linear,b,7.0,brd,shifted_linear,b,7.0,0.5,3,3,3,1.0,99,True,3,0.9990234375,0.9199821367703215,8.719083750413636e-05,,,,,,2.220446049250313e-16,2.220446049250313e-16
How do within-family activation hyperparameters tune the welfare-convergence tradeoff?,hyperparameter_shifted_linear,b,10.0,brd,shifted_linear,b,10.0,0.5,3,3,3,1.0,2,True,3,0.9990234375,0.8321758594233803,7.058373673651808e-05,,,,,,1.1102230246251565e-16,2.220446049250313e-16
How do within-family activation hyperparameters tune the welfare-convergence tradeoff?,hyperparameter_shifted_linear,b,10.0,brd,shifted_linear,b,10.0,0.5,3,3,3,1.0,4,True,3,0.9990234375,0.8372079673931868,7.92569668690013e-05,,,,,,1.1102230246251565e-16,2.220446049250313e-16
How do within-family activation hyperparameters tune the welfare-convergence tradeoff?,hyperparameter_shifted_linear,b,10.0,brd,shifted_linear,b,10.0,0.5,3,3,3,1.0,6,True,1,0.9998372395833334,0.8004413960404171,8.459405691707556e-05,,,,,,1.1102230246251565e-16,1.1102230246251565e-16
How do within-family activation hyperparameters tune the welfare-convergence tradeoff?,hyperparameter_shifted_linear,b,10.0,brd,shifted_linear,b,10.0,0.5,3,3,3,1.0,5,True,2,0.9986979166666666,0.8037143326107242,5.279926062679019e-05,,,,,,2.220446049250313e-16,1.1102230246251565e-16
How do within-family activation hyperparameters tune the welfare-convergence tradeoff?,hyperparameter_shifted_linear,b,10.0,brd,shifted_linear,b,10.0,0.5,3,3,3,1.0,8,True,3,0.99853515625,0.8368338370972609,7.404323295212567e-05,,,,,,0.0,0.0
How do within-family activation hyperparameters tune the welfare-convergence tradeoff?,hyperparameter_shifted_linear,b,10.0,brd,shifted_linear,b,10.0,0.5,3,3,3,1.0,7,True,3,0.99951171875,0.8770442471274297,2.2546961911396046e-06,,,,,,1.1102230246251565e-16,2.220446049250313e-16
How do within-family activation hyperparameters tune the welfare-convergence tradeoff?,hyperparameter_shifted_linear,b,10.0,brd,shifted_linear,b,10.0,0.5,3,3,3,1.0,9,True,3,0.9990234375,0.7863140182586492,3.736297005119127e-05,,,,,,1.1102230246251565e-16,1.1102230246251565e-16
How do within-family activation hyperparameters tune the welfare-convergence tradeoff?,hyperparameter_shifted_linear,b,10.0,brd,shifted_linear,b,10.0,0.5,3,3,3,1.0,10,True,2,0.9991861979166666,0.8443630821130678,7.921744896122185e-05,,,,,,0.0,0.0
How do within-family activation hyperparameters tune the welfare-convergence tradeoff?,hyperparameter_shifted_linear,b,10.0,brd,shifted_linear,b,10.0,0.5,3,3,3,1.0,14,True,1,0.9998372395833334,0.9188275750576391,7.006261509578948e-05,,,,,,0.0,2.220446049250313e-16
How do within-family activation hyperparameters tune the welfare-convergence tradeoff?,hyperparameter_shifted_linear,b,10.0,brd,shifted_linear,b,10.0,0.5,3,3,3,1.0,11,True,3,0.99853515625,0.7863120074026627,5.6269275197695645e-05,,,,,,1.1102230246251565e-16,2.220446049250313e-16
How do within-family activation hyperparameters tune the welfare-convergence tradeoff?,hyperparameter_shifted_linear,b,10.0,brd,shifted_linear,b,10.0,0.5,3,3,3,1.0,12,True,2,0.9991861979166666,0.8320127992735794,7.686488203628716e-05,,,,,,2.220446049250313e-16,2.220446049250313e-16
How do within-family activation hyperparameters tune the welfare-convergence tradeoff?,hyperparameter_shifted_linear,b,10.0,brd,shifted_linear,b,10.0,0.5,3,3,3,1.0,13,True,3,0.99951171875,0.8175654571156553,1.6159080047706276e-05,,,,,,1.1102230246251565e-16,0.0
How do within-family activation hyperparameters tune the welfare-convergence tradeoff?,hyperparameter_shifted_linear,b,10.0,brd,shifted_linear,b,10.0,0.5,3,3,3,1.0,15,True,1,0.9993489583333334,0.8512571073539296,8.122411591204859e-05,,,,,,1.1102230246251565e-16,2.220446049250313e-16
How do within-family activation hyperparameters tune the welfare-convergence tradeoff?,hyperparameter_shifted_linear,b,10.0,brd,shifted_linear,b,10.0,0.5,3,3,3,1.0,16,True,3,0.99951171875,0.7823550098043995,5.137822420558935e-05,,,,,,1.1102230246251565e-16,0.0
How do within-family activation hyperparameters tune the welfare-convergence tradeoff?,hyperparameter_shifted_linear,b,10.0,brd,shifted_linear,b,10.0,0.5,3,3,3,1.0,17,True,2,0.9991861979166666,0.8322604985761409,9.22893028540428e-05,,,,,,2.220446049250313e-16,1.1102230246251565e-16
How do within-family activation hyperparameters tune the welfare-convergence tradeoff?,hyperparameter_shifted_linear,b,10.0,brd,shifted_linear,b,10.0,0.5,3,3,3,1.0,20,True,1,0.9993489583333334,0.8695827215718204,3.967704487356505e-05,,,,,,1.1102230246251565e-16,1.1102230246251565e-16
How do within-family activation hyperparameters tune the welfare-convergence tradeoff?,hyperparameter_shifted_linear,b,10.0,brd,shifted_linear,b,10.0,0.5,3,3,3,1.0,19,True,2,0.9996744791666666,0.8888376879325172,6.0361691883337176e-05,,,,,,0.0,1.1102230246251565e-16
How do within-family activation hyperparameters tune the welfare-convergence tradeoff?,hyperparameter_shifted_linear,b,10.0,brd,shifted_linear,b,10.0,0.5,3,3,3,1.0,18,True,3,0.99951171875,0.8583347941454579,-8.512643636715556e-06,,,,,,0.0,2.220446049250313e-16
How do within-family activation hyperparameters tune the welfare-convergence tradeoff?,hyperparameter_shifted_linear,b,10.0,brd,shifted_linear,b,10.0,0.5,3,3,3,1.0,22,True,2,0.9991861979166666,0.8828018886867987,7.859689076233911e-05,,,,,,0.0,1.1102230246251565e-16
How do within-family activation hyperparameters tune the welfare-convergence tradeoff?,hyperparameter_shifted_linear,b,10.0,brd,shifted_linear,b,10.0,0.5,3,3,3,1.0,21,True,3,0.9990234375,0.840451323627791,4.593017880133443e-05,,,,,,2.220446049250313e-16,1.1102230246251565e-16
How do within-family activation hyperparameters tune the welfare-convergence tradeoff?,hyperparameter_shifted_linear,b,10.0,brd,shifted_linear,b,10.0,0.5,3,3,3,1.0,23,True,2,0.9996744791666666,0.9118529075699495,8.52262586130692e-05,,,,,,2.220446049250313e-16,1.1102230246251565e-16
How do within-family activation hyperparameters tune the welfare-convergence tradeoff?,hyperparameter_shifted_linear,b,10.0,brd,shifted_linear,b,10.0,0.5,3,3,3,1.0,24,True,2,0.9996744791666666,0.8962962933185166,5.538796823945091e-05,,,,,,1.1102230246251565e-16,1.1102230246251565e-16
How do within-family activation hyperparameters tune the welfare-convergence tradeoff?,hyperparameter_shifted_linear,b,10.0,brd,shifted_linear,b,10.0,0.5,3,3,3,1.0,26,True,1,0.9998372395833334,0.8741543982801661,8.920319451882763e-05,,,,,,1.1102230246251565e-16,2.220446049250313e-16
How do within-family activation hyperparameters tune the welfare-convergence tradeoff?,hyperparameter_shifted_linear,b,10.0,brd,shifted_linear,b,10.0,0.5,3,3,3,1.0,25,True,3,0.998046875,0.7590594220408562,8.400863865998254e-05,,,,,,2.220446049250313e-16,0.0
How do within-family activation hyperparameters tune the welfare-convergence tradeoff?,hyperparameter_shifted_linear,b,10.0,brd,shifted_linear,b,10.0,0.5,3,3,3,1.0,27,True,2,0.9991861979166666,0.8226593873315203,8.652971778067009e-05,,,,,,1.1102230246251565e-16,1.1102230246251565e-16
How do within-family activation hyperparameters tune the welfare-convergence tradeoff?,hyperparameter_shifted_linear,b,10.0,brd,shifted_linear,b,10.0,0.5,3,3,3,1.0,29,True,3,0.9990234375,0.7959151878584058,4.8678501901044946e-05,,,,,,0.0,2.220446049250313e-16
How do within-family activation hyperparameters tune the welfare-convergence tradeoff?,hyperparameter_shifted_linear,b,10.0,brd,shifted_linear,b,10.0,0.5,3,3,3,1.0,30,True,3,0.99951171875,0.8737612875760483,4.028160218111365e-05,,,,,,2.220446049250313e-16,1.1102230246251565e-16
How do within-family activation hyperparameters tune the welfare-convergence tradeoff?,hyperparameter_shifted_linear,b,10.0,brd,shifted_linear,b,10.0,0.5,3,3,3,1.0,28,True,4,0.999236556164837,0.7900401320599296,5.62206131317633e-05,,,,,,1.1102230246251565e-16,1.1102230246251565e-16
How do within-family activation hyperparameters tune the welfare-convergence tradeoff?,hyperparameter_shifted_linear,b,10.0,brd,shifted_linear,b,10.0,0.5,3,3,3,1.0,31,True,3,0.99951171875,0.8337809173802276,2.5802988852630104e-05,,,,,,0.0,1.1102230246251565e-16
How do within-family activation hyperparameters tune the welfare-convergence tradeoff?,hyperparameter_shifted_linear,b,10.0,brd,shifted_linear,b,10.0,0.5,3,3,3,1.0,32,True,2,0.9996744791666666,0.8662914655706905,8.822284477777442e-05,,,,,,2.220446049250313e-16,1.1102230246251565e-16
How do within-family activation hyperparameters tune the welfare-convergence tradeoff?,hyperparameter_shifted_linear,b,10.0,brd,shifted_linear,b,10.0,0.5,3,3,3,1.0,34,True,1,0.9993489583333334,0.8079540496404484,9.674408427062797e-05,,,,,,1.1102230246251565e-16,1.1102230246251565e-16
How do within-family activation hyperparameters tune the welfare-convergence tradeoff?,hyperparameter_shifted_linear,b,10.0,brd,shifted_linear,b,10.0,0.5,3,3,3,1.0,33,True,1,0.9993489583333334,0.8488976401031483,9.481923275039827e-05,,,,,,0.0,2.220446049250313e-16
How do within-family activation hyperparameters tune the welfare-convergence tradeoff?,hyperparameter_shifted_linear,b,10.0,brd,shifted_linear,b,10.0,0.5,3,3,3,1.0,35,True,3,0.9990234375,0.7478211141950508,7.225185339204687e-05,,,,,,0.0,1.1102230246251565e-16
How do within-family activation hyperparameters tune the welfare-convergence tradeoff?,hyperparameter_shifted_linear,b,10.0,brd,shifted_linear,b,10.0,0.5,3,3,3,1.0,36,True,2,0.9996744791666666,0.8893916813678278,3.9363129285319154e-05,,,,,,0.0,0.0
How do within-family activation hyperparameters tune the welfare-convergence tradeoff?,hyperparameter_shifted_linear,b,10.0,brd,shifted_linear,b,10.0,0.5,3,3,3,1.0,37,True,3,0.99853515625,0.7608857285459907,6.536400750001281e-05,,,,,,1.1102230246251565e-16,2.220446049250313e-16
How do within-family activation hyperparameters tune the welfare-convergence tradeoff?,hyperparameter_shifted_linear,b,10.0,brd,shifted_linear,b,10.0,0.5,3,3,3,1.0,39,True,2,0.9996744791666666,0.8846330145954733,3.476421150333531e-05,,,,,,2.220446049250313e-16,1.1102230246251565e-16
How do within-family activation hyperparameters tune the welfare-convergence tradeoff?,hyperparameter_shifted_linear,b,10.0,brd,shifted_linear,b,10.0,0.5,3,3,3,1.0,41,True,1,0.9998372395833334,0.8878975859568948,5.466873516507542e-05,,,,,,0.0,1.1102230246251565e-16
How do within-family activation hyperparameters tune the welfare-convergence tradeoff?,hyperparameter_shifted_linear,b,10.0,brd,shifted_linear,b,10.0,0.5,3,3,3,1.0,38,True,2,0.9996744791666666,0.9055882795190592,5.583588924606975e-05,,,,,,2.220446049250313e-16,2.220446049250313e-16
How do within-family activation hyperparameters tune the welfare-convergence tradeoff?,hyperparameter_shifted_linear,b,10.0,brd,shifted_linear,b,10.0,0.5,3,3,3,1.0,40,True,2,0.9986979166666666,0.7733405394999542,8.119501431308462e-05,,,,,,2.220446049250313e-16,2.220446049250313e-16
How do within-family activation hyperparameters tune the welfare-convergence tradeoff?,hyperparameter_shifted_linear,b,10.0,brd,shifted_linear,b,10.0,0.5,3,3,3,1.0,42,True,3,0.99951171875,0.8290732332005414,5.6969735447554015e-05,,,,,,2.220446049250313e-16,1.1102230246251565e-16
How do within-family activation hyperparameters tune the welfare-convergence tradeoff?,hyperparameter_shifted_linear,b,10.0,brd,shifted_linear,b,10.0,0.5,3,3,3,1.0,43,True,3,0.99853515625,0.7436393435723297,4.366852444465108e-05,,,,,,1.1102230246251565e-16,2.220446049250313e-16
How do within-family activation hyperparameters tune the welfare-convergence tradeoff?,hyperparameter_shifted_linear,b,10.0,brd,shifted_linear,b,10.0,0.5,3,3,3,1.0,45,True,1,0.9998372395833334,0.952724788581337,4.608624231572378e-05,,,,,,1.1102230246251565e-16,2.220446049250313e-16
How do within-family activation hyperparameters tune the welfare-convergence tradeoff?,hyperparameter_shifted_linear,b,10.0,brd,shifted_linear,b,10.0,0.5,3,3,3,1.0,44,True,3,0.99853515625,0.7585526403309473,7.491849020591079e-05,,,,,,2.220446049250313e-16,0.0
How do within-family activation hyperparameters tune the welfare-convergence tradeoff?,hyperparameter_shifted_linear,b,10.0,brd,shifted_linear,b,10.0,0.5,3,3,3,1.0,47,True,2,0.9996744791666666,0.9055859642374041,7.924034163109273e-05,,,,,,1.1102230246251565e-16,0.0
How do within-family activation hyperparameters tune the welfare-convergence tradeoff?,hyperparameter_shifted_linear,b,10.0,brd,shifted_linear,b,10.0,0.5,3,3,3,1.0,48,True,2,0.9996744791666666,0.8674582903343645,5.502308783705834e-05,,,,,,2.220446049250313e-16,0.0
How do within-family activation hyperparameters tune the welfare-convergence tradeoff?,hyperparameter_shifted_linear,b,10.0,brd,shifted_linear,b,10.0,0.5,3,3,3,1.0,46,True,2,0.9996744791666666,0.8433660604722948,6.938141472884185e-05,,,,,,0.0,0.0
How do within-family activation hyperparameters tune the welfare-convergence tradeoff?,hyperparameter_shifted_linear,b,10.0,brd,shifted_linear,b,10.0,0.5,3,3,3,1.0,49,True,2,0.9996744791666666,0.8238872245030108,3.5350505113607156e-05,,,,,,2.220446049250313e-16,0.0
How do within-family activation hyperparameters tune the welfare-convergence tradeoff?,hyperparameter_shifted_linear,b,10.0,brd,shifted_linear,b,10.0,0.5,3,3,3,1.0,50,True,2,0.9996744791666666,0.8194279708672966,8.721666067279532e-05,,,,,,2.220446049250313e-16,2.220446049250313e-16
How do within-family activation hyperparameters tune the welfare-convergence tradeoff?,hyperparameter_shifted_linear,b,10.0,brd,shifted_linear,b,10.0,0.5,3,3,3,1.0,53,True,3,0.99951171875,0.833457839241564,3.4709038438995865e-05,,,,,,2.220446049250313e-16,0.0
How do within-family activation hyperparameters tune the welfare-convergence tradeoff?,hyperparameter_shifted_linear,b,10.0,brd,shifted_linear,b,10.0,0.5,3,3,3,1.0,51,True,2,0.9996744791666666,0.85510449801991,5.331661276963828e-05,,,,,,1.1102230246251565e-16,1.1102230246251565e-16
How do within-family activation hyperparameters tune the welfare-convergence tradeoff?,hyperparameter_shifted_linear,b,10.0,brd,shifted_linear,b,10.0,0.5,3,3,3,1.0,52,True,2,0.9996744791666666,0.8172819188337875,4.243482029719914e-05,,,,,,2.220446049250313e-16,2.220446049250313e-16
How do within-family activation hyperparameters tune the welfare-convergence tradeoff?,hyperparameter_shifted_linear,b,10.0,brd,shifted_linear,b,10.0,0.5,3,3,3,1.0,55,True,3,0.99951171875,0.8337357463370312,3.854888172921678e-05,,,,,,1.1102230246251565e-16,1.1102230246251565e-16
How do within-family activation hyperparameters tune the welfare-convergence tradeoff?,hyperparameter_shifted_linear,b,10.0,brd,shifted_linear,b,10.0,0.5,3,3,3,1.0,54,True,2,0.9996744791666666,0.8266405508605669,9.287870204166548e-05,,,,,,2.220446049250313e-16,2.220446049250313e-16
How do within-family activation hyperparameters tune the welfare-convergence tradeoff?,hyperparameter_shifted_linear,b,10.0,brd,shifted_linear,b,10.0,0.5,3,3,3,1.0,57,True,2,0.9996744791666666,0.87101233739662,9.549449305940039e-05,,,,,,1.1102230246251565e-16,1.1102230246251565e-16
How do within-family activation hyperparameters tune the welfare-convergence tradeoff?,hyperparameter_shifted_linear,b,10.0,brd,shifted_linear,b,10.0,0.5,3,3,3,1.0,56,True,2,0.9996744791666666,0.8850971795383157,3.312475987415908e-05,,,,,,0.0,2.220446049250313e-16
How do within-family activation hyperparameters tune the welfare-convergence tradeoff?,hyperparameter_shifted_linear,b,10.0,brd,shifted_linear,b,10.0,0.5,3,3,3,1.0,58,True,3,0.99951171875,0.8032181668606976,6.58797584135451e-05,,,,,,2.220446049250313e-16,2.220446049250313e-16
How do within-family activation hyperparameters tune the welfare-convergence tradeoff?,hyperparameter_shifted_linear,b,10.0,brd,shifted_linear,b,10.0,0.5,3,3,3,1.0,61,True,2,0.9996744791666666,0.861086165105876,8.0563716311155e-05,,,,,,1.1102230246251565e-16,1.1102230246251565e-16
How do within-family activation hyperparameters tune the welfare-convergence tradeoff?,hyperparameter_shifted_linear,b,10.0,brd,shifted_linear,b,10.0,0.5,3,3,3,1.0,60,True,3,0.99951171875,0.8512062506337855,6.066175773278282e-05,,,,,,1.1102230246251565e-16,2.220446049250313e-16
How do within-family activation hyperparameters tune the welfare-convergence tradeoff?,hyperparameter_shifted_linear,b,10.0,brd,shifted_linear,b,10.0,0.5,3,3,3,1.0,59,True,3,0.9990234375,0.7918037973478075,4.053705035156341e-05,,,,,,2.220446049250313e-16,2.220446049250313e-16
How do within-family activation hyperparameters tune the welfare-convergence tradeoff?,hyperparameter_shifted_linear,b,10.0,brd,shifted_linear,b,10.0,0.5,3,3,3,1.0,63,True,1,0.9998372395833334,0.9026471013614407,5.145323983002381e-05,,,,,,1.1102230246251565e-16,1.1102230246251565e-16
How do within-family activation hyperparameters tune the welfare-convergence tradeoff?,hyperparameter_shifted_linear,b,10.0,brd,shifted_linear,b,10.0,0.5,3,3,3,1.0,62,True,3,0.99951171875,0.8120893294825199,7.714621438503766e-05,,,,,,1.1102230246251565e-16,1.1102230246251565e-16
How do within-family activation hyperparameters tune the welfare-convergence tradeoff?,hyperparameter_shifted_linear,b,10.0,brd,shifted_linear,b,10.0,0.5,3,3,3,1.0,65,True,3,0.99951171875,0.8149353992391454,2.0276494810511636e-05,,,,,,2.220446049250313e-16,1.1102230246251565e-16
How do within-family activation hyperparameters tune the welfare-convergence tradeoff?,hyperparameter_shifted_linear,b,10.0,brd,shifted_linear,b,10.0,0.5,3,3,3,1.0,64,True,3,0.998046875,0.7257559784708564,5.293437957087921e-05,,,,,,2.220446049250313e-16,1.1102230246251565e-16
How do within-family activation hyperparameters tune the welfare-convergence tradeoff?,hyperparameter_shifted_linear,b,10.0,brd,shifted_linear,b,10.0,0.5,3,3,3,1.0,66,True,2,0.9996744791666666,0.8534173122812758,8.069915619102197e-05,,,,,,1.1102230246251565e-16,0.0
How do within-family activation hyperparameters tune the welfare-convergence tradeoff?,hyperparameter_shifted_linear,b,10.0,brd,shifted_linear,b,10.0,0.5,3,3,3,1.0,69,True,3,0.99951171875,0.8664270054944812,1.535828021154151e-05,,,,,,1.1102230246251565e-16,1.1102230246251565e-16
How do within-family activation hyperparameters tune the welfare-convergence tradeoff?,hyperparameter_shifted_linear,b,10.0,brd,shifted_linear,b,10.0,0.5,3,3,3,1.0,68,True,2,0.9996744791666666,0.846016176616799,5.633441324803812e-05,,,,,,0.0,2.220446049250313e-16
How do within-family activation hyperparameters tune the welfare-convergence tradeoff?,hyperparameter_shifted_linear,b,10.0,brd,shifted_linear,b,10.0,0.5,3,3,3,1.0,67,True,3,0.99951171875,0.8246500293908108,2.305313245243301e-05,,,,,,2.220446049250313e-16,1.1102230246251565e-16
How do within-family activation hyperparameters tune the welfare-convergence tradeoff?,hyperparameter_shifted_linear,b,10.0,brd,shifted_linear,b,10.0,0.5,3,3,3,1.0,70,True,3,0.9990234375,0.8273016928730662,6.37127253473313e-05,,,,,,2.220446049250313e-16,0.0
How do within-family activation hyperparameters tune the welfare-convergence tradeoff?,hyperparameter_shifted_linear,b,10.0,brd,shifted_linear,b,10.0,0.5,3,3,3,1.0,71,True,2,0.9991861979166666,0.8463998756659105,2.752935699734671e-05,,,,,,2.220446049250313e-16,0.0
How do within-family activation hyperparameters tune the welfare-convergence tradeoff?,hyperparameter_shifted_linear,b,10.0,brd,shifted_linear,b,10.0,0.5,3,3,3,1.0,73,True,2,0.9991861979166666,0.829258260132642,5.2585208724309496e-05,,,,,,2.220446049250313e-16,2.220446049250313e-16
How do within-family activation hyperparameters tune the welfare-convergence tradeoff?,hyperparameter_shifted_linear,b,10.0,brd,shifted_linear,b,10.0,0.5,3,3,3,1.0,72,True,3,0.99951171875,0.8293986547286409,6.398310030142351e-05,,,,,,0.0,1.1102230246251565e-16
How do within-family activation hyperparameters tune the welfare-convergence tradeoff?,hyperparameter_shifted_linear,b,10.0,brd,shifted_linear,b,10.0,0.5,3,3,3,1.0,75,True,2,0.9991861979166666,0.7968345514779068,8.87588723030297e-05,,,,,,1.1102230246251565e-16,2.220446049250313e-16
How do within-family activation hyperparameters tune the welfare-convergence tradeoff?,hyperparameter_shifted_linear,b,10.0,brd,shifted_linear,b,10.0,0.5,3,3,3,1.0,74,True,3,0.99951171875,0.8612879470812514,2.7165861735012342e-05,,,,,,1.1102230246251565e-16,1.1102230246251565e-16
How do within-family activation hyperparameters tune the welfare-convergence tradeoff?,hyperparameter_shifted_linear,b,10.0,brd,shifted_linear,b,10.0,0.5,3,3,3,1.0,76,True,3,0.99853515625,0.764097279890047,8.540388943212296e-05,,,,,,2.220446049250313e-16,1.1102230246251565e-16
How do within-family activation hyperparameters tune the welfare-convergence tradeoff?,hyperparameter_shifted_linear,b,10.0,brd,shifted_linear,b,10.0,0.5,3,3,3,1.0,77,True,2,0.9996744791666666,0.8528323883184031,6.803048739500994e-05,,,,,,2.220446049250313e-16,2.220446049250313e-16
How do within-family activation hyperparameters tune the welfare-convergence tradeoff?,hyperparameter_shifted_linear,b,10.0,brd,shifted_linear,b,10.0,0.5,3,3,3,1.0,78,True,2,0.9996744791666666,0.8791007064001461,3.7901893940539555e-05,,,,,,2.220446049250313e-16,2.220446049250313e-16
How do within-family activation hyperparameters tune the welfare-convergence tradeoff?,hyperparameter_shifted_linear,b,10.0,brd,shifted_linear,b,10.0,0.5,3,3,3,1.0,80,True,2,0.9991861979166666,0.8700303276174571,8.412052838630002e-05,,,,,,2.220446049250313e-16,2.220446049250313e-16
How do within-family activation hyperparameters tune the welfare-convergence tradeoff?,hyperparameter_shifted_linear,b,10.0,brd,shifted_linear,b,10.0,0.5,3,3,3,1.0,79,True,3,0.99853515625,0.7563492357575899,9.428580052905922e-05,,,,,,2.220446049250313e-16,2.220446049250313e-16
How do within-family activation hyperparameters tune the welfare-convergence tradeoff?,hyperparameter_shifted_linear,b,10.0,brd,shifted_linear,b,10.0,0.5,3,3,3,1.0,82,True,3,0.99853515625,0.7621316930755212,9.606243146959015e-05,,,,,,2.220446049250313e-16,1.1102230246251565e-16
How do within-family activation hyperparameters tune the welfare-convergence tradeoff?,hyperparameter_shifted_linear,b,10.0,brd,shifted_linear,b,10.0,0.5,3,3,3,1.0,81,True,3,0.99853515625,0.8033937955286268,4.268309952409899e-05,,,,,,1.1102230246251565e-16,0.0
How do within-family activation hyperparameters tune the welfare-convergence tradeoff?,hyperparameter_shifted_linear,b,10.0,brd,shifted_linear,b,10.0,0.5,3,3,3,1.0,86,True,1,0.9998372395833334,0.8749604505153562,7.195596735082299e-05,,,,,,2.220446049250313e-16,1.1102230246251565e-16
How do within-family activation hyperparameters tune the welfare-convergence tradeoff?,hyperparameter_shifted_linear,b,10.0,brd,shifted_linear,b,10.0,0.5,3,3,3,1.0,83,True,3,0.99951171875,0.9127535310185017,1.9269101286190082e-05,,,,,,2.220446049250313e-16,1.1102230246251565e-16
How do within-family activation hyperparameters tune the welfare-convergence tradeoff?,hyperparameter_shifted_linear,b,10.0,brd,shifted_linear,b,10.0,0.5,3,3,3,1.0,84,True,1,0.9998372395833334,0.9184136613233606,8.532566703300937e-05,,,,,,2.220446049250313e-16,0.0
How do within-family activation hyperparameters tune the welfare-convergence tradeoff?,hyperparameter_shifted_linear,b,10.0,brd,shifted_linear,b,10.0,0.5,3,3,3,1.0,85,True,1,0.9998372395833334,0.8489341447901433,8.331800084560026e-05,,,,,,2.220446049250313e-16,2.220446049250313e-16
How do within-family activation hyperparameters tune the welfare-convergence tradeoff?,hyperparameter_shifted_linear,b,10.0,brd,shifted_linear,b,10.0,0.5,3,3,3,1.0,87,True,1,0.9998372395833334,0.851610692521705,9.142979220522207e-05,,,,,,1.1102230246251565e-16,1.1102230246251565e-16
How do within-family activation hyperparameters tune the welfare-convergence tradeoff?,hyperparameter_shifted_linear,b,10.0,brd,shifted_linear,b,10.0,0.5,3,3,3,1.0,89,True,1,0.9998372395833334,0.8535049101568063,9.974852040944837e-05,,,,,,2.220446049250313e-16,1.1102230246251565e-16
How do within-family activation hyperparameters tune the welfare-convergence tradeoff?,hyperparameter_shifted_linear,b,10.0,brd,shifted_linear,b,10.0,0.5,3,3,3,1.0,88,True,2,0.9996744791666666,0.8622980696833876,5.1219433474303244e-05,,,,,,2.220446049250313e-16,1.1102230246251565e-16
How do within-family activation hyperparameters tune the welfare-convergence tradeoff?,hyperparameter_shifted_linear,b,10.0,brd,shifted_linear,b,10.0,0.5,3,3,3,1.0,90,True,2,0.9996744791666666,0.8642410533008805,3.316037888223544e-05,,,,,,1.1102230246251565e-16,1.1102230246251565e-16
How do within-family activation hyperparameters tune the welfare-convergence tradeoff?,hyperparameter_shifted_linear,b,10.0,brd,shifted_linear,b,10.0,0.5,3,3,3,1.0,92,True,2,0.9996744791666666,0.8631170052319496,6.47395641025228e-05,,,,,,1.1102230246251565e-16,0.0
How do within-family activation hyperparameters tune the welfare-convergence tradeoff?,hyperparameter_shifted_linear,b,10.0,brd,shifted_linear,b,10.0,0.5,3,3,3,1.0,94,True,3,0.99951171875,0.8109019056400636,5.5637524902396596e-05,,,,,,2.220446049250313e-16,1.1102230246251565e-16
How do within-family activation hyperparameters tune the welfare-convergence tradeoff?,hyperparameter_shifted_linear,b,10.0,brd,shifted_linear,b,10.0,0.5,3,3,3,1.0,91,True,3,0.99951171875,0.8237256284553508,3.2935450134385924e-06,,,,,,1.1102230246251565e-16,2.220446049250313e-16
How do within-family activation hyperparameters tune the welfare-convergence tradeoff?,hyperparameter_shifted_linear,b,10.0,brd,shifted_linear,b,10.0,0.5,3,3,3,1.0,93,True,3,0.99951171875,0.7499632304345409,4.235779033334719e-05,,,,,,2.220446049250313e-16,0.0
How do within-family activation hyperparameters tune the welfare-convergence tradeoff?,hyperparameter_shifted_linear,b,10.0,brd,shifted_linear,b,10.0,0.5,3,3,3,1.0,95,True,1,0.9998372395833334,0.9064315216849073,9.677376565947471e-05,,,,,,1.1102230246251565e-16,2.220446049250313e-16
How do within-family activation hyperparameters tune the welfare-convergence tradeoff?,hyperparameter_shifted_linear,b,10.0,brd,shifted_linear,b,10.0,0.5,3,3,3,1.0,96,True,2,0.9996744791666666,0.8575530962518648,6.084884646312405e-05,,,,,,0.0,1.1102230246251565e-16
How do within-family activation hyperparameters tune the welfare-convergence tradeoff?,hyperparameter_shifted_linear,b,10.0,brd,shifted_linear,b,10.0,0.5,3,3,3,1.0,98,True,2,0.9996744791666666,0.859594296315754,9.744572110703675e-05,,,,,,2.220446049250313e-16,1.1102230246251565e-16
How do within-family activation hyperparameters tune the welfare-convergence tradeoff?,hyperparameter_shifted_linear,b,10.0,brd,shifted_linear,b,10.0,0.5,3,3,3,1.0,97,True,2,0.9991861979166666,0.7731737342384891,8.40405747739581e-05,,,,,,2.220446049250313e-16,2.220446049250313e-16
How do within-family activation hyperparameters tune the welfare-convergence tradeoff?,hyperparameter_shifted_linear,b,10.0,brd,shifted_linear,b,10.0,0.5,3,3,3,1.0,99,True,1,0.9998372395833334,0.9124189692141224,5.7626693521384276e-05,,,,,,2.220446049250313e-16,2.220446049250313e-16
How do within-family activation hyperparameters tune the welfare-convergence tradeoff?,hyperparameter_shifted_log,c,2.00001,brd,shifted_log,c,2.00001,0.5,3,3,3,1.0,3,True,7,0.9911885744406207,0.9302190437189849,4.184000232482221e-05,,,,,,2.220446049250313e-16,2.220446049250313e-16
How do within-family activation hyperparameters tune the welfare-convergence tradeoff?,hyperparameter_shifted_log,c,2.00001,brd,shifted_log,c,2.00001,0.5,3,3,3,1.0,0,True,7,0.9798280775551733,0.8428574912699963,9.706210625731737e-05,,,,,,0.0,1.1102230246251565e-16
How do within-family activation hyperparameters tune the welfare-convergence tradeoff?,hyperparameter_shifted_log,c,2.00001,brd,shifted_log,c,2.00001,0.5,3,3,3,1.0,4,True,8,0.9723970240356172,0.9095161583640591,9.742156046926853e-05,,,,,,2.220446049250313e-16,0.0
How do within-family activation hyperparameters tune the welfare-convergence tradeoff?,hyperparameter_shifted_log,c,2.00001,brd,shifted_log,c,2.00001,0.5,3,3,3,1.0,1,True,8,0.9784782890391515,0.9015534428981945,8.874184908136407e-05,,,,,,1.1102230246251565e-16,2.220446049250313e-16
How do within-family activation hyperparameters tune the welfare-convergence tradeoff?,hyperparameter_shifted_log,c,2.00001,brd,shifted_log,c,2.00001,0.5,3,3,3,1.0,2,True,8,0.9726949225760146,0.9040138345248275,4.4219996325089994e-05,,,,,,2.220446049250313e-16,1.1102230246251565e-16
How do within-family activation hyperparameters tune the welfare-convergence tradeoff?,hyperparameter_shifted_log,c,2.00001,brd,shifted_log,c,2.00001,0.5,3,3,3,1.0,6,True,5,0.9860129733885066,0.8437522996510269,3.1510864630934776e-05,,,,,,1.1102230246251565e-16,2.220446049250313e-16
How do within-family activation hyperparameters tune the welfare-convergence tradeoff?,hyperparameter_shifted_log,c,2.00001,brd,shifted_log,c,2.00001,0.5,3,3,3,1.0,5,True,7,0.9711847294401613,0.8748620360974902,9.951993115470126e-05,,,,,,1.1102230246251565e-16,1.1102230246251565e-16
How do within-family activation hyperparameters tune the welfare-convergence tradeoff?,hyperparameter_shifted_log,c,2.00001,brd,shifted_log,c,2.00001,0.5,3,3,3,1.0,7,True,8,0.9860267842358981,0.9146958160111905,4.305693245820752e-05,,,,,,1.1102230246251565e-16,0.0
How do within-family activation hyperparameters tune the welfare-convergence tradeoff?,hyperparameter_shifted_log,c,2.00001,brd,shifted_log,c,2.00001,0.5,3,3,3,1.0,10,True,6,0.9792273084313201,0.8986446738827466,8.903952430672213e-05,,,,,,1.1102230246251565e-16,1.1102230246251565e-16
How do within-family activation hyperparameters tune the welfare-convergence tradeoff?,hyperparameter_shifted_log,c,2.00001,brd,shifted_log,c,2.00001,0.5,3,3,3,1.0,13,True,6,0.9811763212930307,0.868386275611046,8.934224852746864e-05,,,,,,0.0,1.1102230246251565e-16
How do within-family activation hyperparameters tune the welfare-convergence tradeoff?,hyperparameter_shifted_log,c,2.00001,brd,shifted_log,c,2.00001,0.5,3,3,3,1.0,8,True,8,0.9726063609362327,0.9052718668790564,8.501965112828191e-05,,,,,,0.0,1.1102230246251565e-16
How do within-family activation hyperparameters tune the welfare-convergence tradeoff?,hyperparameter_shifted_log,c,2.00001,brd,shifted_log,c,2.00001,0.5,3,3,3,1.0,12,True,7,0.9775390625,0.8920577723977505,5.572436314582596e-05,,,,,,1.1102230246251565e-16,1.1102230246251565e-16
How do within-family activation hyperparameters tune the welfare-convergence tradeoff?,hyperparameter_shifted_log,c,2.00001,brd,shifted_log,c,2.00001,0.5,3,3,3,1.0,9,True,7,0.9752843648424647,0.8497068431211533,8.669850624559716e-05,,,,,,0.0,1.1102230246251565e-16
How do within-family activation hyperparameters tune the welfare-convergence tradeoff?,hyperparameter_shifted_log,c,2.00001,brd,shifted_log,c,2.00001,0.5,3,3,3,1.0,11,True,9,0.9633030874999928,0.8820384475758449,4.753267390766869e-05,,,,,,2.220446049250313e-16,1.1102230246251565e-16
How do within-family activation hyperparameters tune the welfare-convergence tradeoff?,hyperparameter_shifted_log,c,2.00001,brd,shifted_log,c,2.00001,0.5,3,3,3,1.0,14,True,6,0.9930200539587846,0.9404261439878531,5.962837378492569e-05,,,,,,0.0,2.220446049250313e-16
How do within-family activation hyperparameters tune the welfare-convergence tradeoff?,hyperparameter_shifted_log,c,2.00001,brd,shifted_log,c,2.00001,0.5,3,3,3,1.0,15,True,6,0.984891206522665,0.894382496246871,5.7089112303121414e-05,,,,,,1.1102230246251565e-16,0.0
How do within-family activation hyperparameters tune the welfare-convergence tradeoff?,hyperparameter_shifted_log,c,2.00001,brd,shifted_log,c,2.00001,0.5,3,3,3,1.0,20,True,6,0.9836958922701284,0.9123522297447707,3.3256029762729344e-05,,,,,,1.1102230246251565e-16,2.220446049250313e-16
How do within-family activation hyperparameters tune the welfare-convergence tradeoff?,hyperparameter_shifted_log,c,2.00001,brd,shifted_log,c,2.00001,0.5,3,3,3,1.0,19,True,7,0.9864760133912467,0.9303220850063951,1.4828837631986058e-05,,,,,,0.0,2.220446049250313e-16
How do within-family activation hyperparameters tune the welfare-convergence tradeoff?,hyperparameter_shifted_log,c,2.00001,brd,shifted_log,c,2.00001,0.5,3,3,3,1.0,18,True,7,0.9874059808278274,0.8913509951501878,4.650218889401536e-05,,,,,,2.220446049250313e-16,1.1102230246251565e-16
How do within-family activation hyperparameters tune the welfare-convergence tradeoff?,hyperparameter_shifted_log,c,2.00001,brd,shifted_log,c,2.00001,0.5,3,3,3,1.0,16,True,9,0.9749493744032229,0.8487830109043336,4.423348795357107e-05,,,,,,2.220446049250313e-16,2.220446049250313e-16
How do within-family activation hyperparameters tune the welfare-convergence tradeoff?,hyperparameter_shifted_log,c,2.00001,brd,shifted_log,c,2.00001,0.5,3,3,3,1.0,17,True,7,0.9744464861544998,0.9022257053839362,7.851892768284685e-05,,,,,,1.1102230246251565e-16,2.220446049250313e-16
How do within-family activation hyperparameters tune the welfare-convergence tradeoff?,hyperparameter_shifted_log,c,2.00001,brd,shifted_log,c,2.00001,0.5,3,3,3,1.0,22,True,5,0.9807942708333334,0.9353501742176361,8.624695944492444e-05,,,,,,0.0,2.220446049250313e-16
How do within-family activation hyperparameters tune the welfare-convergence tradeoff?,hyperparameter_shifted_log,c,2.00001,brd,shifted_log,c,2.00001,0.5,3,3,3,1.0,21,True,7,0.9749712307591234,0.9050825869363966,5.72829775034589e-05,,,,,,1.1102230246251565e-16,1.1102230246251565e-16
How do within-family activation hyperparameters tune the welfare-convergence tradeoff?,hyperparameter_shifted_log,c,2.00001,brd,shifted_log,c,2.00001,0.5,3,3,3,1.0,23,True,7,0.9872691705292083,0.9473945508648035,4.506878345372778e-05,,,,,,1.1102230246251565e-16,2.220446049250313e-16
How do within-family activation hyperparameters tune the welfare-convergence tradeoff?,hyperparameter_shifted_log,c,2.00001,brd,shifted_log,c,2.00001,0.5,3,3,3,1.0,27,True,6,0.9714148084313201,0.8990042897027117,7.611079347324967e-05,,,,,,2.220446049250313e-16,1.1102230246251565e-16
How do within-family activation hyperparameters tune the welfare-convergence tradeoff?,hyperparameter_shifted_log,c,2.00001,brd,shifted_log,c,2.00001,0.5,3,3,3,1.0,26,True,6,0.98888123234066,0.9065636341015254,9.415388054295759e-05,,,,,,1.1102230246251565e-16,2.220446049250313e-16
How do within-family activation hyperparameters tune the welfare-convergence tradeoff?,hyperparameter_shifted_log,c,2.00001,brd,shifted_log,c,2.00001,0.5,3,3,3,1.0,24,True,7,0.9905987082416001,0.9223238861029358,4.749359227829153e-05,,,,,,0.0,1.1102230246251565e-16
How do within-family activation hyperparameters tune the welfare-convergence tradeoff?,hyperparameter_shifted_log,c,2.00001,brd,shifted_log,c,2.00001,0.5,3,3,3,1.0,25,True,8,0.960010594670334,0.8562646864907659,3.7158993233477045e-05,,,,,,0.0,0.0
How do within-family activation hyperparameters tune the welfare-convergence tradeoff?,hyperparameter_shifted_log,c,2.00001,brd,shifted_log,c,2.00001,0.5,3,3,3,1.0,28,True,6,0.96484375,0.8866292039275817,7.03313369465608e-05,,,,,,0.0,2.220446049250313e-16
How do within-family activation hyperparameters tune the welfare-convergence tradeoff?,hyperparameter_shifted_log,c,2.00001,brd,shifted_log,c,2.00001,0.5,3,3,3,1.0,29,True,8,0.9674834414304097,0.8788278277366078,3.191453409090439e-05,,,,,,2.220446049250313e-16,2.220446049250313e-16
How do within-family activation hyperparameters tune the welfare-convergence tradeoff?,hyperparameter_shifted_log,c,2.00001,brd,shifted_log,c,2.00001,0.5,3,3,3,1.0,30,True,7,0.9799274931871008,0.9300938669545946,1.2661376055489448e-05,,,,,,2.220446049250313e-16,0.0
How do within-family activation hyperparameters tune the welfare-convergence tradeoff?,hyperparameter_shifted_log,c,2.00001,brd,shifted_log,c,2.00001,0.5,3,3,3,1.0,33,True,6,0.9798783500979867,0.9052740411870875,4.981745222853995e-05,,,,,,2.220446049250313e-16,0.0
How do within-family activation hyperparameters tune the welfare-convergence tradeoff?,hyperparameter_shifted_log,c,2.00001,brd,shifted_log,c,2.00001,0.5,3,3,3,1.0,31,True,9,0.9796397489345107,0.8914564952973826,4.297192446772735e-05,,,,,,1.1102230246251565e-16,1.1102230246251565e-16
How do within-family activation hyperparameters tune the welfare-convergence tradeoff?,hyperparameter_shifted_log,c,2.00001,brd,shifted_log,c,2.00001,0.5,3,3,3,1.0,32,True,6,0.9826329055934668,0.9181530074207117,5.853760770652139e-05,,,,,,0.0,2.220446049250313e-16
How do within-family activation hyperparameters tune the welfare-convergence tradeoff?,hyperparameter_shifted_log,c,2.00001,brd,shifted_log,c,2.00001,0.5,3,3,3,1.0,34,True,6,0.9765667448046822,0.8735245975477414,9.155481950945399e-05,,,,,,2.220446049250313e-16,1.1102230246251565e-16
How do within-family activation hyperparameters tune the welfare-convergence tradeoff?,hyperparameter_shifted_log,c,2.00001,brd,shifted_log,c,2.00001,0.5,3,3,3,1.0,35,True,7,0.9713108746217919,0.8255794571361568,8.894607182691194e-05,,,,,,1.1102230246251565e-16,1.1102230246251565e-16
How do within-family activation hyperparameters tune the welfare-convergence tradeoff?,hyperparameter_shifted_log,c,2.00001,brd,shifted_log,c,2.00001,0.5,3,3,3,1.0,36,True,7,0.9892316984244406,0.9212349700735992,3.699222930586554e-05,,,,,,1.1102230246251565e-16,1.1102230246251565e-16
How do within-family activation hyperparameters tune the welfare-convergence tradeoff?,hyperparameter_shifted_log,c,2.00001,brd,shifted_log,c,2.00001,0.5,3,3,3,1.0,38,True,8,0.9883319352049064,0.939147379249975,9.835646447237112e-05,,,,,,2.220446049250313e-16,2.220446049250313e-16
How do within-family activation hyperparameters tune the welfare-convergence tradeoff?,hyperparameter_shifted_log,c,2.00001,brd,shifted_log,c,2.00001,0.5,3,3,3,1.0,37,True,9,0.9604062295366014,0.8664941565871344,6.974173859880528e-05,,,,,,2.220446049250313e-16,2.220446049250313e-16
How do within-family activation hyperparameters tune the welfare-convergence tradeoff?,hyperparameter_shifted_log,c,2.00001,brd,shifted_log,c,2.00001,0.5,3,3,3,1.0,39,True,6,0.9889322916666666,0.9149083302658964,7.555515259144441e-05,,,,,,1.1102230246251565e-16,1.1102230246251565e-16
How do within-family activation hyperparameters tune the welfare-convergence tradeoff?,hyperparameter_shifted_log,c,2.00001,brd,shifted_log,c,2.00001,0.5,3,3,3,1.0,41,True,5,0.9925026130705007,0.9092986174715693,9.551948618208295e-05,,,,,,2.220446049250313e-16,1.1102230246251565e-16
How do within-family activation hyperparameters tune the welfare-convergence tradeoff?,hyperparameter_shifted_log,c,2.00001,brd,shifted_log,c,2.00001,0.5,3,3,3,1.0,40,True,8,0.9642610788381258,0.8669406544456373,6.520576758739516e-05,,,,,,1.1102230246251565e-16,1.1102230246251565e-16
How do within-family activation hyperparameters tune the welfare-convergence tradeoff?,hyperparameter_shifted_log,c,2.00001,brd,shifted_log,c,2.00001,0.5,3,3,3,1.0,42,True,7,0.9774556340154733,0.8920623401904942,7.947637959115905e-05,,,,,,2.220446049250313e-16,2.220446049250313e-16
How do within-family activation hyperparameters tune the welfare-convergence tradeoff?,hyperparameter_shifted_log,c,2.00001,brd,shifted_log,c,2.00001,0.5,3,3,3,1.0,45,True,6,0.9934959484587925,0.9718864398043469,6.058105565892591e-05,,,,,,1.1102230246251565e-16,0.0
How do within-family activation hyperparameters tune the welfare-convergence tradeoff?,hyperparameter_shifted_log,c,2.00001,brd,shifted_log,c,2.00001,0.5,3,3,3,1.0,44,True,8,0.9642183111179126,0.8518579859340137,7.653171246135848e-05,,,,,,1.1102230246251565e-16,2.220446049250313e-16
How do within-family activation hyperparameters tune the welfare-convergence tradeoff?,hyperparameter_shifted_log,c,2.00001,brd,shifted_log,c,2.00001,0.5,3,3,3,1.0,43,True,8,0.9585875615990934,0.8468490974799474,3.64543678699758e-05,,,,,,1.1102230246251565e-16,0.0
How do within-family activation hyperparameters tune the welfare-convergence tradeoff?,hyperparameter_shifted_log,c,2.00001,brd,shifted_log,c,2.00001,0.5,3,3,3,1.0,46,True,7,0.9821852326168257,0.8942398268228083,9.196720500942446e-05,,,,,,2.220446049250313e-16,1.1102230246251565e-16
How do within-family activation hyperparameters tune the welfare-convergence tradeoff?,hyperparameter_shifted_log,c,2.00001,brd,shifted_log,c,2.00001,0.5,3,3,3,1.0,47,True,6,0.9861454900048319,0.9423700763403517,6.763948676069553e-05,,,,,,1.1102230246251565e-16,2.220446049250313e-16
How do within-family activation hyperparameters tune the welfare-convergence tradeoff?,hyperparameter_shifted_log,c,2.00001,brd,shifted_log,c,2.00001,0.5,3,3,3,1.0,48,True,6,0.9844073306175274,0.9122444401606237,9.306932566782722e-05,,,,,,1.1102230246251565e-16,2.220446049250313e-16
How do within-family activation hyperparameters tune the welfare-convergence tradeoff?,hyperparameter_shifted_log,c,2.00001,brd,shifted_log,c,2.00001,0.5,3,3,3,1.0,51,True,6,0.985749535016492,0.8949965860343457,6.273941137219241e-05,,,,,,0.0,2.220446049250313e-16
How do within-family activation hyperparameters tune the welfare-convergence tradeoff?,hyperparameter_shifted_log,c,2.00001,brd,shifted_log,c,2.00001,0.5,3,3,3,1.0,49,True,6,0.9836505902781709,0.8697697386129383,9.102218658052497e-05,,,,,,0.0,1.1102230246251565e-16
How do within-family activation hyperparameters tune the welfare-convergence tradeoff?,hyperparameter_shifted_log,c,2.00001,brd,shifted_log,c,2.00001,0.5,3,3,3,1.0,50,True,7,0.9858141742547445,0.8625658029748174,6.530342775645792e-05,,,,,,2.220446049250313e-16,0.0
How do within-family activation hyperparameters tune the welfare-convergence tradeoff?,hyperparameter_shifted_log,c,2.00001,brd,shifted_log,c,2.00001,0.5,3,3,3,1.0,52,True,6,0.9842129406611696,0.8589911840000539,9.073493051220405e-05,,,,,,2.220446049250313e-16,1.1102230246251565e-16
How do within-family activation hyperparameters tune the welfare-convergence tradeoff?,hyperparameter_shifted_log,c,2.00001,brd,shifted_log,c,2.00001,0.5,3,3,3,1.0,53,True,7,0.9740564940110279,0.9037942545930658,8.979320893864884e-05,,,,,,1.1102230246251565e-16,1.1102230246251565e-16
How do within-family activation hyperparameters tune the welfare-convergence tradeoff?,hyperparameter_shifted_log,c,2.00001,brd,shifted_log,c,2.00001,0.5,3,3,3,1.0,54,True,7,0.9794817797371673,0.8858325149751084,4.822709344642906e-05,,,,,,0.0,0.0
How do within-family activation hyperparameters tune the welfare-convergence tradeoff?,hyperparameter_shifted_log,c,2.00001,brd,shifted_log,c,2.00001,0.5,3,3,3,1.0,55,True,8,0.9811837286569133,0.8852672861336416,2.1451497999702696e-05,,,,,,0.0,1.1102230246251565e-16
How do within-family activation hyperparameters tune the welfare-convergence tradeoff?,hyperparameter_shifted_log,c,2.00001,brd,shifted_log,c,2.00001,0.5,3,3,3,1.0,57,True,5,0.9911102210036593,0.897295591722077,9.256697144394144e-05,,,,,,0.0,1.1102230246251565e-16
How do within-family activation hyperparameters tune the welfare-convergence tradeoff?,hyperparameter_shifted_log,c,2.00001,brd,shifted_log,c,2.00001,0.5,3,3,3,1.0,59,True,7,0.9744815211741646,0.8566007753350307,4.0465497022856844e-05,,,,,,2.220446049250313e-16,1.1102230246251565e-16
How do within-family activation hyperparameters tune the welfare-convergence tradeoff?,hyperparameter_shifted_log,c,2.00001,brd,shifted_log,c,2.00001,0.5,3,3,3,1.0,56,True,8,0.9898286096399894,0.9132740196999037,2.5049910262364694e-05,,,,,,1.1102230246251565e-16,0.0
How do within-family activation hyperparameters tune the welfare-convergence tradeoff?,hyperparameter_shifted_log,c,2.00001,brd,shifted_log,c,2.00001,0.5,3,3,3,1.0,58,True,7,0.9724788035122276,0.8781410585000516,7.541062087906836e-05,,,,,,0.0,2.220446049250313e-16
How do within-family activation hyperparameters tune the welfare-convergence tradeoff?,hyperparameter_shifted_log,c,2.00001,brd,shifted_log,c,2.00001,0.5,3,3,3,1.0,61,True,7,0.9826404859619967,0.9130365122689121,7.66472190479317e-05,,,,,,0.0,1.1102230246251565e-16
How do within-family activation hyperparameters tune the welfare-convergence tradeoff?,hyperparameter_shifted_log,c,2.00001,brd,shifted_log,c,2.00001,0.5,3,3,3,1.0,60,True,9,0.9784011347601336,0.9141316622670111,5.0706982388626365e-05,,,,,,2.220446049250313e-16,1.1102230246251565e-16
How do within-family activation hyperparameters tune the welfare-convergence tradeoff?,hyperparameter_shifted_log,c,2.00001,brd,shifted_log,c,2.00001,0.5,3,3,3,1.0,63,True,7,0.9922551220927173,0.9259961441266743,2.5260845807950627e-05,,,,,,2.220446049250313e-16,1.1102230246251565e-16
How do within-family activation hyperparameters tune the welfare-convergence tradeoff?,hyperparameter_shifted_log,c,2.00001,brd,shifted_log,c,2.00001,0.5,3,3,3,1.0,62,True,8,0.9700056203092149,0.895860825364894,1.648217733368762e-05,,,,,,0.0,1.1102230246251565e-16
How do within-family activation hyperparameters tune the welfare-convergence tradeoff?,hyperparameter_shifted_log,c,2.00001,brd,shifted_log,c,2.00001,0.5,3,3,3,1.0,66,True,8,0.9847534145234175,0.8967150751025565,2.403289510943818e-05,,,,,,1.1102230246251565e-16,1.1102230246251565e-16
How do within-family activation hyperparameters tune the welfare-convergence tradeoff?,hyperparameter_shifted_log,c,2.00001,brd,shifted_log,c,2.00001,0.5,3,3,3,1.0,65,True,9,0.9785139659053815,0.8727847281305195,1.5741682864223172e-05,,,,,,2.220446049250313e-16,2.220446049250313e-16
How do within-family activation hyperparameters tune the welfare-convergence tradeoff?,hyperparameter_shifted_log,c,2.00001,brd,shifted_log,c,2.00001,0.5,3,3,3,1.0,67,True,7,0.9810280422364934,0.8756368133695615,2.2654460750948235e-05,,,,,,1.1102230246251565e-16,0.0
How do within-family activation hyperparameters tune the welfare-convergence tradeoff?,hyperparameter_shifted_log,c,2.00001,brd,shifted_log,c,2.00001,0.5,3,3,3,1.0,64,True,8,0.955694389314704,0.838988419385844,9.513616854567308e-05,,,,,,1.1102230246251565e-16,1.1102230246251565e-16
How do within-family activation hyperparameters tune the welfare-convergence tradeoff?,hyperparameter_shifted_log,c,2.00001,brd,shifted_log,c,2.00001,0.5,3,3,3,1.0,69,True,7,0.9832965983006091,0.9151871495869784,8.557921299512383e-05,,,,,,2.220446049250313e-16,2.220446049250313e-16
How do within-family activation hyperparameters tune the welfare-convergence tradeoff?,hyperparameter_shifted_log,c,2.00001,brd,shifted_log,c,2.00001,0.5,3,3,3,1.0,68,True,7,0.9833597649239854,0.8913661962501944,7.808086144683868e-05,,,,,,2.220446049250313e-16,1.1102230246251565e-16
How do within-family activation hyperparameters tune the welfare-convergence tradeoff?,hyperparameter_shifted_log,c,2.00001,brd,shifted_log,c,2.00001,0.5,3,3,3,1.0,71,True,8,0.9748464252964447,0.9124631643243859,5.012780217700241e-05,,,,,,2.220446049250313e-16,2.220446049250313e-16
How do within-family activation hyperparameters tune the welfare-convergence tradeoff?,hyperparameter_shifted_log,c,2.00001,brd,shifted_log,c,2.00001,0.5,3,3,3,1.0,70,True,8,0.9733328944512459,0.8997308697844777,7.038135509324084e-05,,,,,,2.220446049250313e-16,2.220446049250313e-16
How do within-family activation hyperparameters tune the welfare-convergence tradeoff?,hyperparameter_shifted_log,c,2.00001,brd,shifted_log,c,2.00001,0.5,3,3,3,1.0,75,True,6,0.9763486802573267,0.8631781204765817,5.93506074237915e-05,,,,,,1.1102230246251565e-16,1.1102230246251565e-16
How do within-family activation hyperparameters tune the welfare-convergence tradeoff?,hyperparameter_shifted_log,c,2.00001,brd,shifted_log,c,2.00001,0.5,3,3,3,1.0,74,True,7,0.9875280896813201,0.8948937440179109,8.340664588463165e-05,,,,,,2.220446049250313e-16,2.220446049250313e-16
How do within-family activation hyperparameters tune the welfare-convergence tradeoff?,hyperparameter_shifted_log,c,2.00001,brd,shifted_log,c,2.00001,0.5,3,3,3,1.0,72,True,8,0.9709803484451374,0.9087519370086197,5.5213941078546824e-05,,,,,,2.220446049250313e-16,2.220446049250313e-16
How do within-family activation hyperparameters tune the welfare-convergence tradeoff?,hyperparameter_shifted_log,c,2.00001,brd,shifted_log,c,2.00001,0.5,3,3,3,1.0,73,True,8,0.9768672273044704,0.8909059750687867,3.919579481370672e-05,,,,,,2.220446049250313e-16,2.220446049250313e-16
How do within-family activation hyperparameters tune the welfare-convergence tradeoff?,hyperparameter_shifted_log,c,2.00001,brd,shifted_log,c,2.00001,0.5,3,3,3,1.0,76,True,8,0.9558000420193357,0.8796880762745304,2.802298062121178e-05,,,,,,2.220446049250313e-16,0.0
How do within-family activation hyperparameters tune the welfare-convergence tradeoff?,hyperparameter_shifted_log,c,2.00001,brd,shifted_log,c,2.00001,0.5,3,3,3,1.0,77,True,7,0.9877078331498669,0.8880184129666687,5.034092685779479e-05,,,,,,2.220446049250313e-16,1.1102230246251565e-16
How do within-family activation hyperparameters tune the welfare-convergence tradeoff?,hyperparameter_shifted_log,c,2.00001,brd,shifted_log,c,2.00001,0.5,3,3,3,1.0,78,True,7,0.9867099014596868,0.9151174038650619,1.2818280438864349e-05,,,,,,1.1102230246251565e-16,2.220446049250313e-16
How do within-family activation hyperparameters tune the welfare-convergence tradeoff?,hyperparameter_shifted_log,c,2.00001,brd,shifted_log,c,2.00001,0.5,3,3,3,1.0,80,True,6,0.981723466419328,0.9181227045711742,3.723413645839724e-05,,,,,,1.1102230246251565e-16,2.220446049250313e-16
How do within-family activation hyperparameters tune the welfare-convergence tradeoff?,hyperparameter_shifted_log,c,2.00001,brd,shifted_log,c,2.00001,0.5,3,3,3,1.0,79,True,8,0.9651210197790813,0.846609533118977,6.615841075990891e-05,,,,,,0.0,2.220446049250313e-16
How do within-family activation hyperparameters tune the welfare-convergence tradeoff?,hyperparameter_shifted_log,c,2.00001,brd,shifted_log,c,2.00001,0.5,3,3,3,1.0,82,True,8,0.963709919380493,0.8556642266773139,7.175983417850862e-05,,,,,,1.1102230246251565e-16,1.1102230246251565e-16
How do within-family activation hyperparameters tune the welfare-convergence tradeoff?,hyperparameter_shifted_log,c,2.00001,brd,shifted_log,c,2.00001,0.5,3,3,3,1.0,83,True,7,0.986563913931312,0.9483544009951889,4.394505637389523e-05,,,,,,1.1102230246251565e-16,2.220446049250313e-16
How do within-family activation hyperparameters tune the welfare-convergence tradeoff?,hyperparameter_shifted_log,c,2.00001,brd,shifted_log,c,2.00001,0.5,3,3,3,1.0,81,True,8,0.9673346726297941,0.8827241493970228,8.559729021567763e-05,,,,,,1.1102230246251565e-16,1.1102230246251565e-16
How do within-family activation hyperparameters tune the welfare-convergence tradeoff?,hyperparameter_shifted_log,c,2.00001,brd,shifted_log,c,2.00001,0.5,3,3,3,1.0,84,True,6,0.9866536458333334,0.9562381120141451,5.664943479505302e-05,,,,,,1.1102230246251565e-16,0.0
How do within-family activation hyperparameters tune the welfare-convergence tradeoff?,hyperparameter_shifted_log,c,2.00001,brd,shifted_log,c,2.00001,0.5,3,3,3,1.0,86,True,5,0.9879014756944444,0.9094406736519943,9.14291876397133e-05,,,,,,2.220446049250313e-16,0.0
How do within-family activation hyperparameters tune the welfare-convergence tradeoff?,hyperparameter_shifted_log,c,2.00001,brd,shifted_log,c,2.00001,0.5,3,3,3,1.0,85,True,7,0.9907669012276665,0.878151449749628,4.595172959159788e-05,,,,,,2.220446049250313e-16,1.1102230246251565e-16
How do within-family activation hyperparameters tune the welfare-convergence tradeoff?,hyperparameter_shifted_log,c,2.00001,brd,shifted_log,c,2.00001,0.5,3,3,3,1.0,87,True,6,0.992524706505489,0.8756390651875474,4.783261535290517e-05,,,,,,2.220446049250313e-16,1.1102230246251565e-16
How do within-family activation hyperparameters tune the welfare-convergence tradeoff?,hyperparameter_shifted_log,c,2.00001,brd,shifted_log,c,2.00001,0.5,3,3,3,1.0,89,True,7,0.9877036802581131,0.8910009058544187,9.820347000016882e-05,,,,,,1.1102230246251565e-16,0.0
How do within-family activation hyperparameters tune the welfare-convergence tradeoff?,hyperparameter_shifted_log,c,2.00001,brd,shifted_log,c,2.00001,0.5,3,3,3,1.0,88,True,8,0.9839547497142755,0.9077776264802543,1.2100368362799596e-05,,,,,,1.1102230246251565e-16,2.220446049250313e-16
How do within-family activation hyperparameters tune the welfare-convergence tradeoff?,hyperparameter_shifted_log,c,2.00001,brd,shifted_log,c,2.00001,0.5,3,3,3,1.0,91,True,6,0.9818124643846639,0.8734670349577977,9.639791291526922e-05,,,,,,0.0,2.220446049250313e-16
How do within-family activation hyperparameters tune the welfare-convergence tradeoff?,hyperparameter_shifted_log,c,2.00001,brd,shifted_log,c,2.00001,0.5,3,3,3,1.0,90,True,7,0.9881032344736921,0.8946838744562399,3.882079735800792e-05,,,,,,2.220446049250313e-16,2.220446049250313e-16
How do within-family activation hyperparameters tune the welfare-convergence tradeoff?,hyperparameter_shifted_log,c,2.00001,brd,shifted_log,c,2.00001,0.5,3,3,3,1.0,92,True,8,0.9800506628136045,0.9177768226223101,8.509102180687123e-05,,,,,,2.220446049250313e-16,2.220446049250313e-16
How do within-family activation hyperparameters tune the welfare-convergence tradeoff?,hyperparameter_shifted_log,c,2.00001,brd,shifted_log,c,2.00001,0.5,3,3,3,1.0,95,True,6,0.9892379379214986,0.9388820824381406,6.652542101864833e-05,,,,,,2.220446049250313e-16,1.1102230246251565e-16
How do within-family activation hyperparameters tune the welfare-convergence tradeoff?,hyperparameter_shifted_log,c,2.00001,brd,shifted_log,c,2.00001,0.5,3,3,3,1.0,93,True,8,0.9740633664670579,0.8179666896810955,5.760159551915223e-05,,,,,,0.0,1.1102230246251565e-16
How do within-family activation hyperparameters tune the welfare-convergence tradeoff?,hyperparameter_shifted_log,c,2.00001,brd,shifted_log,c,2.00001,0.5,3,3,3,1.0,94,True,9,0.9747197596403443,0.8809596273890371,2.415234818814449e-05,,,,,,2.220446049250313e-16,1.1102230246251565e-16
How do within-family activation hyperparameters tune the welfare-convergence tradeoff?,hyperparameter_shifted_log,c,2.00001,brd,shifted_log,c,2.00001,0.5,3,3,3,1.0,97,True,7,0.970703125,0.8538827985977546,4.82658648290335e-05,,,,,,1.1102230246251565e-16,1.1102230246251565e-16
How do within-family activation hyperparameters tune the welfare-convergence tradeoff?,hyperparameter_shifted_log,c,2.00001,brd,shifted_log,c,2.00001,0.5,3,3,3,1.0,96,True,7,0.9860454525895253,0.8985879446264903,7.798029720595956e-05,,,,,,0.0,2.220446049250313e-16
How do within-family activation hyperparameters tune the welfare-convergence tradeoff?,hyperparameter_shifted_log,c,2.00001,brd,shifted_log,c,2.00001,0.5,3,3,3,1.0,98,True,6,0.9854161428205277,0.9042075252285939,4.2297646967559555e-05,,,,,,0.0,2.220446049250313e-16
How do within-family activation hyperparameters tune the welfare-convergence tradeoff?,hyperparameter_shifted_log,c,2.00001,brd,shifted_log,c,2.00001,0.5,3,3,3,1.0,99,True,7,0.9897056099768798,0.9436120102809924,4.113830179103273e-05,,,,,,1.1102230246251565e-16,2.220446049250313e-16
How do within-family activation hyperparameters tune the welfare-convergence tradeoff?,hyperparameter_shifted_log,c,2.1,brd,shifted_log,c,2.1,0.5,3,3,3,1.0,0,True,6,0.9813663279013284,0.8403177391592522,8.292498518380764e-05,,,,,,0.0,1.1102230246251565e-16
How do within-family activation hyperparameters tune the welfare-convergence tradeoff?,hyperparameter_shifted_log,c,2.1,brd,shifted_log,c,2.1,0.5,3,3,3,1.0,3,True,7,0.9921005763697334,0.9288909172533795,3.730958339426271e-05,,,,,,1.1102230246251565e-16,1.1102230246251565e-16
How do within-family activation hyperparameters tune the welfare-convergence tradeoff?,hyperparameter_shifted_log,c,2.1,brd,shifted_log,c,2.1,0.5,3,3,3,1.0,1,True,7,0.982474573772649,0.8958382242979951,7.498037102593447e-05,,,,,,2.220446049250313e-16,2.220446049250313e-16
How do within-family activation hyperparameters tune the welfare-convergence tradeoff?,hyperparameter_shifted_log,c,2.1,brd,shifted_log,c,2.1,0.5,3,3,3,1.0,6,True,4,0.98681640625,0.8417393060816987,9.768279942090619e-05,,,,,,2.220446049250313e-16,2.220446049250313e-16
How do within-family activation hyperparameters tune the welfare-convergence tradeoff?,hyperparameter_shifted_log,c,2.1,brd,shifted_log,c,2.1,0.5,3,3,3,1.0,2,True,8,0.9780265132532279,0.8964217039218286,7.455363960162664e-05,,,,,,2.220446049250313e-16,0.0
How do within-family activation hyperparameters tune the welfare-convergence tradeoff?,hyperparameter_shifted_log,c,2.1,brd,shifted_log,c,2.1,0.5,3,3,3,1.0,4,True,9,0.9766046847158453,0.9037747567178916,6.317955086654337e-06,,,,,,2.220446049250313e-16,0.0
How do within-family activation hyperparameters tune the welfare-convergence tradeoff?,hyperparameter_shifted_log,c,2.1,brd,shifted_log,c,2.1,0.5,3,3,3,1.0,7,True,6,0.9878925164212283,0.9117764502895694,6.22557851513994e-05,,,,,,1.1102230246251565e-16,1.1102230246251565e-16
How do within-family activation hyperparameters tune the welfare-convergence tradeoff?,hyperparameter_shifted_log,c,2.1,brd,shifted_log,c,2.1,0.5,3,3,3,1.0,5,True,7,0.9750027126736112,0.8698534984125336,8.600249325318998e-05,,,,,,2.220446049250313e-16,2.220446049250313e-16
How do within-family activation hyperparameters tune the welfare-convergence tradeoff?,hyperparameter_shifted_log,c,2.1,brd,shifted_log,c,2.1,0.5,3,3,3,1.0,8,True,7,0.9738514234619967,0.9033654208444463,9.831215671690652e-05,,,,,,0.0,0.0
How do within-family activation hyperparameters tune the welfare-convergence tradeoff?,hyperparameter_shifted_log,c,2.1,brd,shifted_log,c,2.1,0.5,3,3,3,1.0,9,True,6,0.9797123955351045,0.843826460011733,8.487374013116389e-05,,,,,,1.1102230246251565e-16,0.0
How do within-family activation hyperparameters tune the welfare-convergence tradeoff?,hyperparameter_shifted_log,c,2.1,brd,shifted_log,c,2.1,0.5,3,3,3,1.0,10,True,6,0.9833984375,0.8933362669113262,9.123102023128604e-05,,,,,,2.220446049250313e-16,2.220446049250313e-16
How do within-family activation hyperparameters tune the welfare-convergence tradeoff?,hyperparameter_shifted_log,c,2.1,brd,shifted_log,c,2.1,0.5,3,3,3,1.0,13,True,7,0.9833412870485446,0.8656175668001306,7.495071427887634e-05,,,,,,1.1102230246251565e-16,0.0
How do within-family activation hyperparameters tune the welfare-convergence tradeoff?,hyperparameter_shifted_log,c,2.1,brd,shifted_log,c,2.1,0.5,3,3,3,1.0,12,True,7,0.9818211915815036,0.8864775557975397,5.3406161770352956e-05,,,,,,0.0,2.220446049250313e-16
How do within-family activation hyperparameters tune the welfare-convergence tradeoff?,hyperparameter_shifted_log,c,2.1,brd,shifted_log,c,2.1,0.5,3,3,3,1.0,11,True,8,0.9681131139068964,0.8752779244644054,8.184118818727049e-05,,,,,,2.220446049250313e-16,0.0
How do within-family activation hyperparameters tune the welfare-convergence tradeoff?,hyperparameter_shifted_log,c,2.1,brd,shifted_log,c,2.1,0.5,3,3,3,1.0,14,True,6,0.9935651906217149,0.9395315237427178,3.260384296210894e-05,,,,,,0.0,1.1102230246251565e-16
How do within-family activation hyperparameters tune the welfare-convergence tradeoff?,hyperparameter_shifted_log,c,2.1,brd,shifted_log,c,2.1,0.5,3,3,3,1.0,15,True,6,0.984891206522665,0.8938662547679113,5.4265803295538984e-05,,,,,,0.0,2.220446049250313e-16
How do within-family activation hyperparameters tune the welfare-convergence tradeoff?,hyperparameter_shifted_log,c,2.1,brd,shifted_log,c,2.1,0.5,3,3,3,1.0,16,True,8,0.9801686613709524,0.8418610400523131,7.124111494316576e-05,,,,,,0.0,1.1102230246251565e-16
How do within-family activation hyperparameters tune the welfare-convergence tradeoff?,hyperparameter_shifted_log,c,2.1,brd,shifted_log,c,2.1,0.5,3,3,3,1.0,19,True,6,0.9870482767902882,0.9290485891882291,2.8094843692927363e-05,,,,,,2.220446049250313e-16,1.1102230246251565e-16
How do within-family activation hyperparameters tune the welfare-convergence tradeoff?,hyperparameter_shifted_log,c,2.1,brd,shifted_log,c,2.1,0.5,3,3,3,1.0,20,True,4,0.9871032545073187,0.9078278506380831,8.69356153540557e-05,,,,,,0.0,1.1102230246251565e-16
How do within-family activation hyperparameters tune the welfare-convergence tradeoff?,hyperparameter_shifted_log,c,2.1,brd,shifted_log,c,2.1,0.5,3,3,3,1.0,18,True,6,0.9898374305180804,0.8877444466186509,6.485493719105007e-05,,,,,,1.1102230246251565e-16,0.0
How do within-family activation hyperparameters tune the welfare-convergence tradeoff?,hyperparameter_shifted_log,c,2.1,brd,shifted_log,c,2.1,0.5,3,3,3,1.0,17,True,7,0.9783735173216563,0.8970367999716226,7.125753392495104e-05,,,,,,1.1102230246251565e-16,1.1102230246251565e-16
How do within-family activation hyperparameters tune the welfare-convergence tradeoff?,hyperparameter_shifted_log,c,2.1,brd,shifted_log,c,2.1,0.5,3,3,3,1.0,22,True,5,0.9822080552573267,0.9332036827801837,9.783945006341943e-05,,,,,,0.0,2.220446049250313e-16
How do within-family activation hyperparameters tune the welfare-convergence tradeoff?,hyperparameter_shifted_log,c,2.1,brd,shifted_log,c,2.1,0.5,3,3,3,1.0,21,True,7,0.9779822285513307,0.9011074754457957,3.728945447661891e-05,,,,,,2.220446049250313e-16,1.1102230246251565e-16
How do within-family activation hyperparameters tune the welfare-convergence tradeoff?,hyperparameter_shifted_log,c,2.1,brd,shifted_log,c,2.1,0.5,3,3,3,1.0,24,True,6,0.9923871252129075,0.9198051454185897,6.134562422877021e-05,,,,,,0.0,0.0
How do within-family activation hyperparameters tune the welfare-convergence tradeoff?,hyperparameter_shifted_log,c,2.1,brd,shifted_log,c,2.1,0.5,3,3,3,1.0,26,True,6,0.9909412672119967,0.9038955383020543,6.095695011870683e-05,,,,,,1.1102230246251565e-16,0.0
How do within-family activation hyperparameters tune the welfare-convergence tradeoff?,hyperparameter_shifted_log,c,2.1,brd,shifted_log,c,2.1,0.5,3,3,3,1.0,25,True,7,0.966232417423083,0.8478705271034944,-1.4977194199683463e-05,,,,,,1.1102230246251565e-16,1.1102230246251565e-16
How do within-family activation hyperparameters tune the welfare-convergence tradeoff?,hyperparameter_shifted_log,c,2.1,brd,shifted_log,c,2.1,0.5,3,3,3,1.0,23,True,8,0.9890001784230705,0.945010288415475,3.2691145168572966e-05,,,,,,1.1102230246251565e-16,1.1102230246251565e-16
How do within-family activation hyperparameters tune the welfare-convergence tradeoff?,hyperparameter_shifted_log,c,2.1,brd,shifted_log,c,2.1,0.5,3,3,3,1.0,27,True,8,0.976802605568696,0.892111325651535,4.646972125721405e-05,,,,,,1.1102230246251565e-16,0.0
How do within-family activation hyperparameters tune the welfare-convergence tradeoff?,hyperparameter_shifted_log,c,2.1,brd,shifted_log,c,2.1,0.5,3,3,3,1.0,28,True,8,0.969969098258941,0.879440491188629,8.084495317373097e-05,,,,,,1.1102230246251565e-16,1.1102230246251565e-16
How do within-family activation hyperparameters tune the welfare-convergence tradeoff?,hyperparameter_shifted_log,c,2.1,brd,shifted_log,c,2.1,0.5,3,3,3,1.0,29,True,8,0.9714782820499102,0.8737385415047116,6.509136532739657e-05,,,,,,1.1102230246251565e-16,0.0
How do within-family activation hyperparameters tune the welfare-convergence tradeoff?,hyperparameter_shifted_log,c,2.1,brd,shifted_log,c,2.1,0.5,3,3,3,1.0,30,True,6,0.9816411124049816,0.9273464688712174,9.181896870585904e-05,,,,,,1.1102230246251565e-16,0.0
How do within-family activation hyperparameters tune the welfare-convergence tradeoff?,hyperparameter_shifted_log,c,2.1,brd,shifted_log,c,2.1,0.5,3,3,3,1.0,33,True,6,0.9826963365073267,0.9014090353847487,5.32186431801418e-05,,,,,,1.1102230246251565e-16,2.220446049250313e-16
How do within-family activation hyperparameters tune the welfare-convergence tradeoff?,hyperparameter_shifted_log,c,2.1,brd,shifted_log,c,2.1,0.5,3,3,3,1.0,34,True,5,0.979388556521948,0.8696463746115747,8.320584559662336e-05,,,,,,0.0,2.220446049250313e-16
How do within-family activation hyperparameters tune the welfare-convergence tradeoff?,hyperparameter_shifted_log,c,2.1,brd,shifted_log,c,2.1,0.5,3,3,3,1.0,32,True,6,0.9841629410760645,0.9159224675551632,3.136891467619973e-05,,,,,,1.1102230246251565e-16,2.220446049250313e-16
How do within-family activation hyperparameters tune the welfare-convergence tradeoff?,hyperparameter_shifted_log,c,2.1,brd,shifted_log,c,2.1,0.5,3,3,3,1.0,31,True,9,0.9818130819696151,0.8882301386622045,4.216913625781915e-05,,,,,,0.0,1.1102230246251565e-16
How do within-family activation hyperparameters tune the welfare-convergence tradeoff?,hyperparameter_shifted_log,c,2.1,brd,shifted_log,c,2.1,0.5,3,3,3,1.0,35,True,7,0.9748483117435837,0.8209398780370022,5.453854877779385e-05,,,,,,1.1102230246251565e-16,1.1102230246251565e-16
How do within-family activation hyperparameters tune the welfare-convergence tradeoff?,hyperparameter_shifted_log,c,2.1,brd,shifted_log,c,2.1,0.5,3,3,3,1.0,38,True,7,0.989919838760986,0.9367621933257736,5.398237671067063e-05,,,,,,1.1102230246251565e-16,1.1102230246251565e-16
How do within-family activation hyperparameters tune the welfare-convergence tradeoff?,hyperparameter_shifted_log,c,2.1,brd,shifted_log,c,2.1,0.5,3,3,3,1.0,36,True,6,0.9911063956957336,0.9182893729056554,9.380663393826483e-05,,,,,,2.220446049250313e-16,1.1102230246251565e-16
How do within-family activation hyperparameters tune the welfare-convergence tradeoff?,hyperparameter_shifted_log,c,2.1,brd,shifted_log,c,2.1,0.5,3,3,3,1.0,37,True,9,0.9647146868176624,0.8603065947271039,5.14428167987524e-05,,,,,,0.0,1.1102230246251565e-16
How do within-family activation hyperparameters tune the welfare-convergence tradeoff?,hyperparameter_shifted_log,c,2.1,brd,shifted_log,c,2.1,0.5,3,3,3,1.0,39,True,6,0.99138885835783,0.9116485847164194,2.2894889170621546e-05,,,,,,1.1102230246251565e-16,2.220446049250313e-16
How do within-family activation hyperparameters tune the welfare-convergence tradeoff?,hyperparameter_shifted_log,c,2.1,brd,shifted_log,c,2.1,0.5,3,3,3,1.0,41,True,5,0.9944661458333334,0.906940372688792,5.596775603544657e-05,,,,,,0.0,1.1102230246251565e-16
How do within-family activation hyperparameters tune the welfare-convergence tradeoff?,hyperparameter_shifted_log,c,2.1,brd,shifted_log,c,2.1,0.5,3,3,3,1.0,40,True,7,0.9662773704615022,0.8639863623905913,7.472014961640294e-05,,,,,,0.0,2.220446049250313e-16
How do within-family activation hyperparameters tune the welfare-convergence tradeoff?,hyperparameter_shifted_log,c,2.1,brd,shifted_log,c,2.1,0.5,3,3,3,1.0,42,True,7,0.9808966944452804,0.8872670064650731,8.629032728119101e-05,,,,,,1.1102230246251565e-16,1.1102230246251565e-16
How do within-family activation hyperparameters tune the welfare-convergence tradeoff?,hyperparameter_shifted_log,c,2.1,brd,shifted_log,c,2.1,0.5,3,3,3,1.0,45,True,6,0.9945165739976297,0.9703972075600248,5.5258476530595235e-05,,,,,,2.220446049250313e-16,2.220446049250313e-16
How do within-family activation hyperparameters tune the welfare-convergence tradeoff?,hyperparameter_shifted_log,c,2.1,brd,shifted_log,c,2.1,0.5,3,3,3,1.0,43,True,8,0.9632372410235028,0.8408767781055322,3.196589259862881e-05,,,,,,1.1102230246251565e-16,2.220446049250313e-16
How do within-family activation hyperparameters tune the welfare-convergence tradeoff?,hyperparameter_shifted_log,c,2.1,brd,shifted_log,c,2.1,0.5,3,3,3,1.0,44,True,8,0.9686570276178191,0.8460012649150959,-1.8059072016129996e-06,,,,,,0.0,2.220446049250313e-16
How do within-family activation hyperparameters tune the welfare-convergence tradeoff?,hyperparameter_shifted_log,c,2.1,brd,shifted_log,c,2.1,0.5,3,3,3,1.0,47,True,6,0.9891127448626248,0.9382530713278658,8.970918320272414e-05,,,,,,2.220446049250313e-16,2.220446049250313e-16
How do within-family activation hyperparameters tune the welfare-convergence tradeoff?,hyperparameter_shifted_log,c,2.1,brd,shifted_log,c,2.1,0.5,3,3,3,1.0,46,True,8,0.9847625647536593,0.8908678140812736,4.4387110785526485e-05,,,,,,2.220446049250313e-16,2.220446049250313e-16
How do within-family activation hyperparameters tune the welfare-convergence tradeoff?,hyperparameter_shifted_log,c,2.1,brd,shifted_log,c,2.1,0.5,3,3,3,1.0,49,True,7,0.9865898216758251,0.8654709535686309,8.851815656446549e-05,,,,,,2.220446049250313e-16,2.220446049250313e-16
How do within-family activation hyperparameters tune the welfare-convergence tradeoff?,hyperparameter_shifted_log,c,2.1,brd,shifted_log,c,2.1,0.5,3,3,3,1.0,48,True,7,0.9857881922184859,0.9103853916825496,4.62780745649205e-05,,,,,,2.220446049250313e-16,1.1102230246251565e-16
How do within-family activation hyperparameters tune the welfare-convergence tradeoff?,hyperparameter_shifted_log,c,2.1,brd,shifted_log,c,2.1,0.5,3,3,3,1.0,50,True,7,0.9884351997269418,0.8589881163109677,5.0214415660276845e-05,,,,,,2.220446049250313e-16,1.1102230246251565e-16
How do within-family activation hyperparameters tune the welfare-convergence tradeoff?,hyperparameter_shifted_log,c,2.1,brd,shifted_log,c,2.1,0.5,3,3,3,1.0,51,True,7,0.9896310742667749,0.8899039618115782,7.320857525566771e-05,,,,,,2.220446049250313e-16,2.220446049250313e-16
How do within-family activation hyperparameters tune the welfare-convergence tradeoff?,hyperparameter_shifted_log,c,2.1,brd,shifted_log,c,2.1,0.5,3,3,3,1.0,53,True,8,0.979499188162789,0.8963962335165837,5.662649958249055e-05,,,,,,0.0,2.220446049250313e-16
How do within-family activation hyperparameters tune the welfare-convergence tradeoff?,hyperparameter_shifted_log,c,2.1,brd,shifted_log,c,2.1,0.5,3,3,3,1.0,52,True,7,0.9890801800579133,0.853201724232799,8.355811581761685e-05,,,,,,1.1102230246251565e-16,1.1102230246251565e-16
How do within-family activation hyperparameters tune the welfare-convergence tradeoff?,hyperparameter_shifted_log,c,2.1,brd,shifted_log,c,2.1,0.5,3,3,3,1.0,57,True,5,0.9919840494791666,0.895955993292309,3.8407459990286164e-05,,,,,,0.0,0.0
How do within-family activation hyperparameters tune the welfare-convergence tradeoff?,hyperparameter_shifted_log,c,2.1,brd,shifted_log,c,2.1,0.5,3,3,3,1.0,54,True,7,0.981513889335839,0.8831399363163079,5.5803974102042186e-05,,,,,,0.0,1.1102230246251565e-16
How do within-family activation hyperparameters tune the welfare-convergence tradeoff?,hyperparameter_shifted_log,c,2.1,brd,shifted_log,c,2.1,0.5,3,3,3,1.0,56,True,6,0.99273163179533,0.909471178733396,6.616755074323466e-05,,,,,,0.0,2.220446049250313e-16
How do within-family activation hyperparameters tune the welfare-convergence tradeoff?,hyperparameter_shifted_log,c,2.1,brd,shifted_log,c,2.1,0.5,3,3,3,1.0,55,True,8,0.9838832863125196,0.8815473267415808,3.217953711587285e-05,,,,,,1.1102230246251565e-16,1.1102230246251565e-16
How do within-family activation hyperparameters tune the welfare-convergence tradeoff?,hyperparameter_shifted_log,c,2.1,brd,shifted_log,c,2.1,0.5,3,3,3,1.0,59,True,6,0.9770894538260146,0.8528508920065487,9.553323147920567e-05,,,,,,1.1102230246251565e-16,0.0
How do within-family activation hyperparameters tune the welfare-convergence tradeoff?,hyperparameter_shifted_log,c,2.1,brd,shifted_log,c,2.1,0.5,3,3,3,1.0,61,True,6,0.9854058159722222,0.9088606870415746,8.273217771470609e-05,,,,,,2.220446049250313e-16,2.220446049250313e-16
How do within-family activation hyperparameters tune the welfare-convergence tradeoff?,hyperparameter_shifted_log,c,2.1,brd,shifted_log,c,2.1,0.5,3,3,3,1.0,58,True,8,0.9776793310234364,0.8712310973250519,4.3806088556530565e-05,,,,,,1.1102230246251565e-16,1.1102230246251565e-16
How do within-family activation hyperparameters tune the welfare-convergence tradeoff?,hyperparameter_shifted_log,c,2.1,brd,shifted_log,c,2.1,0.5,3,3,3,1.0,63,True,5,0.993316075613317,0.9242624993977321,7.422883340779673e-05,,,,,,1.1102230246251565e-16,2.220446049250313e-16
How do within-family activation hyperparameters tune the welfare-convergence tradeoff?,hyperparameter_shifted_log,c,2.1,brd,shifted_log,c,2.1,0.5,3,3,3,1.0,60,True,9,0.9811912472334641,0.9099972644083104,1.280385460983302e-05,,,,,,1.1102230246251565e-16,1.1102230246251565e-16
How do within-family activation hyperparameters tune the welfare-convergence tradeoff?,hyperparameter_shifted_log,c,2.1,brd,shifted_log,c,2.1,0.5,3,3,3,1.0,65,True,7,0.983114384930655,0.8662000114831873,6.69189540825621e-05,,,,,,2.220446049250313e-16,1.1102230246251565e-16
How do within-family activation hyperparameters tune the welfare-convergence tradeoff?,hyperparameter_shifted_log,c,2.1,brd,shifted_log,c,2.1,0.5,3,3,3,1.0,62,True,8,0.9753685377366501,0.8883729816406064,2.0769328612835203e-05,,,,,,0.0,1.1102230246251565e-16
How do within-family activation hyperparameters tune the welfare-convergence tradeoff?,hyperparameter_shifted_log,c,2.1,brd,shifted_log,c,2.1,0.5,3,3,3,1.0,66,True,6,0.987428775340652,0.8929554313650842,8.776513062297431e-05,,,,,,1.1102230246251565e-16,1.1102230246251565e-16
How do within-family activation hyperparameters tune the welfare-convergence tradeoff?,hyperparameter_shifted_log,c,2.1,brd,shifted_log,c,2.1,0.5,3,3,3,1.0,64,True,7,0.9603000217013888,0.8321710873049778,8.275671330620904e-05,,,,,,2.220446049250313e-16,1.1102230246251565e-16
How do within-family activation hyperparameters tune the welfare-convergence tradeoff?,hyperparameter_shifted_log,c,2.1,brd,shifted_log,c,2.1,0.5,3,3,3,1.0,67,True,6,0.9826097524175771,0.8731129264823211,9.288486223046899e-05,,,,,,1.1102230246251565e-16,2.220446049250313e-16
How do within-family activation hyperparameters tune the welfare-convergence tradeoff?,hyperparameter_shifted_log,c,2.1,brd,shifted_log,c,2.1,0.5,3,3,3,1.0,68,True,7,0.9870474039619886,0.8866073536101232,8.027509756308726e-05,,,,,,1.1102230246251565e-16,2.220446049250313e-16
How do within-family activation hyperparameters tune the welfare-convergence tradeoff?,hyperparameter_shifted_log,c,2.1,brd,shifted_log,c,2.1,0.5,3,3,3,1.0,69,True,6,0.9850081846163172,0.9123895224140064,6.298756017214524e-05,,,,,,0.0,0.0
How do within-family activation hyperparameters tune the welfare-convergence tradeoff?,hyperparameter_shifted_log,c,2.1,brd,shifted_log,c,2.1,0.5,3,3,3,1.0,71,True,6,0.9810494278328036,0.9042559907691324,9.750624256055218e-05,,,,,,2.220446049250313e-16,1.1102230246251565e-16
How do within-family activation hyperparameters tune the welfare-convergence tradeoff?,hyperparameter_shifted_log,c,2.1,brd,shifted_log,c,2.1,0.5,3,3,3,1.0,70,True,8,0.9762221303082187,0.8953198450925992,7.915784555634353e-05,,,,,,1.1102230246251565e-16,1.1102230246251565e-16
How do within-family activation hyperparameters tune the welfare-convergence tradeoff?,hyperparameter_shifted_log,c,2.1,brd,shifted_log,c,2.1,0.5,3,3,3,1.0,74,True,7,0.9897137631324726,0.8917835314250158,9.597120093535194e-05,,,,,,2.220446049250313e-16,0.0
How do within-family activation hyperparameters tune the welfare-convergence tradeoff?,hyperparameter_shifted_log,c,2.1,brd,shifted_log,c,2.1,0.5,3,3,3,1.0,72,True,8,0.9763406958500755,0.9015528836134689,4.2782326962198525e-05,,,,,,1.1102230246251565e-16,0.0
How do within-family activation hyperparameters tune the welfare-convergence tradeoff?,hyperparameter_shifted_log,c,2.1,brd,shifted_log,c,2.1,0.5,3,3,3,1.0,73,True,8,0.9798424394597828,0.8867685559918042,3.3006109992461674e-05,,,,,,0.0,2.220446049250313e-16
How do within-family activation hyperparameters tune the welfare-convergence tradeoff?,hyperparameter_shifted_log,c,2.1,brd,shifted_log,c,2.1,0.5,3,3,3,1.0,75,True,7,0.9803059895833334,0.8577762938956175,1.765401556613755e-05,,,,,,2.220446049250313e-16,2.220446049250313e-16
How do within-family activation hyperparameters tune the welfare-convergence tradeoff?,hyperparameter_shifted_log,c,2.1,brd,shifted_log,c,2.1,0.5,3,3,3,1.0,77,True,7,0.9892301013513327,0.8858588971609364,6.791918695842059e-05,,,,,,2.220446049250313e-16,2.220446049250313e-16
How do within-family activation hyperparameters tune the welfare-convergence tradeoff?,hyperparameter_shifted_log,c,2.1,brd,shifted_log,c,2.1,0.5,3,3,3,1.0,80,True,4,0.9842122395833334,0.9146802284072929,6.483735815426828e-05,,,,,,2.220446049250313e-16,2.220446049250313e-16
How do within-family activation hyperparameters tune the welfare-convergence tradeoff?,hyperparameter_shifted_log,c,2.1,brd,shifted_log,c,2.1,0.5,3,3,3,1.0,78,True,6,0.9897264652557146,0.9110905746461602,4.5774360173278517e-05,,,,,,0.0,2.220446049250313e-16
How do within-family activation hyperparameters tune the welfare-convergence tradeoff?,hyperparameter_shifted_log,c,2.1,brd,shifted_log,c,2.1,0.5,3,3,3,1.0,76,True,8,0.9620101498179536,0.8718304368235446,7.83322875450021e-05,,,,,,0.0,2.220446049250313e-16
How do within-family activation hyperparameters tune the welfare-convergence tradeoff?,hyperparameter_shifted_log,c,2.1,brd,shifted_log,c,2.1,0.5,3,3,3,1.0,79,True,8,0.9698730177756508,0.8399094415588566,5.072101206943236e-05,,,,,,1.1102230246251565e-16,2.220446049250313e-16
How do within-family activation hyperparameters tune the welfare-convergence tradeoff?,hyperparameter_shifted_log,c,2.1,brd,shifted_log,c,2.1,0.5,3,3,3,1.0,82,True,9,0.9675352858991543,0.8501722529940676,6.466317859182835e-05,,,,,,1.1102230246251565e-16,1.1102230246251565e-16
How do within-family activation hyperparameters tune the welfare-convergence tradeoff?,hyperparameter_shifted_log,c,2.1,brd,shifted_log,c,2.1,0.5,3,3,3,1.0,81,True,7,0.974609375,0.8728878856042442,8.941047378013822e-05,,,,,,1.1102230246251565e-16,1.1102230246251565e-16
How do within-family activation hyperparameters tune the welfare-convergence tradeoff?,hyperparameter_shifted_log,c,2.1,brd,shifted_log,c,2.1,0.5,3,3,3,1.0,83,True,7,0.9881895005698267,0.945981850975285,7.995455100334725e-05,,,,,,2.220446049250313e-16,1.1102230246251565e-16
How do within-family activation hyperparameters tune the welfare-convergence tradeoff?,hyperparameter_shifted_log,c,2.1,brd,shifted_log,c,2.1,0.5,3,3,3,1.0,84,True,6,0.9897978541538429,0.9520185785904086,3.601285015836231e-05,,,,,,1.1102230246251565e-16,2.220446049250313e-16
How do within-family activation hyperparameters tune the welfare-convergence tradeoff?,hyperparameter_shifted_log,c,2.1,brd,shifted_log,c,2.1,0.5,3,3,3,1.0,86,True,6,0.9899296696923319,0.9069993188997213,6.455848724062907e-05,,,,,,1.1102230246251565e-16,0.0
How do within-family activation hyperparameters tune the welfare-convergence tradeoff?,hyperparameter_shifted_log,c,2.1,brd,shifted_log,c,2.1,0.5,3,3,3,1.0,87,True,5,0.993439225085163,0.8743584064747543,7.164467607878588e-05,,,,,,0.0,0.0
How do within-family activation hyperparameters tune the welfare-convergence tradeoff?,hyperparameter_shifted_log,c,2.1,brd,shifted_log,c,2.1,0.5,3,3,3,1.0,88,True,7,0.9863126839360445,0.9043829340778543,7.703294348954115e-05,,,,,,1.1102230246251565e-16,2.220446049250313e-16
How do within-family activation hyperparameters tune the welfare-convergence tradeoff?,hyperparameter_shifted_log,c,2.1,brd,shifted_log,c,2.1,0.5,3,3,3,1.0,85,True,6,0.9914067374049816,0.8769317447645214,6.351010038591065e-05,,,,,,0.0,2.220446049250313e-16
How do within-family activation hyperparameters tune the welfare-convergence tradeoff?,hyperparameter_shifted_log,c,2.1,brd,shifted_log,c,2.1,0.5,3,3,3,1.0,90,True,6,0.9909333281804017,0.8911270108183014,7.08702380510795e-05,,,,,,1.1102230246251565e-16,2.220446049250313e-16
How do within-family activation hyperparameters tune the welfare-convergence tradeoff?,hyperparameter_shifted_log,c,2.1,brd,shifted_log,c,2.1,0.5,3,3,3,1.0,89,True,7,0.9893678779765596,0.8886853017790615,7.655867519890114e-05,,,,,,2.220446049250313e-16,1.1102230246251565e-16
How do within-family activation hyperparameters tune the welfare-convergence tradeoff?,hyperparameter_shifted_log,c,2.1,brd,shifted_log,c,2.1,0.5,3,3,3,1.0,91,True,7,0.9844220013146125,0.8697852464008052,9.686158378979792e-05,,,,,,1.1102230246251565e-16,2.220446049250313e-16
How do within-family activation hyperparameters tune the welfare-convergence tradeoff?,hyperparameter_shifted_log,c,2.1,brd,shifted_log,c,2.1,0.5,3,3,3,1.0,92,True,8,0.9841400363928738,0.9124106289304725,3.554445495163039e-05,,,,,,2.220446049250313e-16,1.1102230246251565e-16
How do within-family activation hyperparameters tune the welfare-convergence tradeoff?,hyperparameter_shifted_log,c,2.1,brd,shifted_log,c,2.1,0.5,3,3,3,1.0,95,True,5,0.9912005297371673,0.9360025518045715,7.630439224282082e-05,,,,,,0.0,1.1102230246251565e-16
How do within-family activation hyperparameters tune the welfare-convergence tradeoff?,hyperparameter_shifted_log,c,2.1,brd,shifted_log,c,2.1,0.5,3,3,3,1.0,94,True,8,0.9774351286904718,0.8771919851816046,9.113534466165252e-05,,,,,,2.220446049250313e-16,0.0
How do within-family activation hyperparameters tune the welfare-convergence tradeoff?,hyperparameter_shifted_log,c,2.1,brd,shifted_log,c,2.1,0.5,3,3,3,1.0,97,True,6,0.9724934895833334,0.8511432820129331,9.195340650819395e-05,,,,,,1.1102230246251565e-16,1.1102230246251565e-16
How do within-family activation hyperparameters tune the welfare-convergence tradeoff?,hyperparameter_shifted_log,c,2.1,brd,shifted_log,c,2.1,0.5,3,3,3,1.0,93,True,9,0.9776296342901928,0.8131674608210478,5.2916429360228e-05,,,,,,1.1102230246251565e-16,1.1102230246251565e-16
How do within-family activation hyperparameters tune the welfare-convergence tradeoff?,hyperparameter_shifted_log,c,2.1,brd,shifted_log,c,2.1,0.5,3,3,3,1.0,98,True,5,0.9859171889020293,0.902933630181364,7.650308020240582e-05,,,,,,1.1102230246251565e-16,2.220446049250313e-16
How do within-family activation hyperparameters tune the welfare-convergence tradeoff?,hyperparameter_shifted_log,c,2.1,brd,shifted_log,c,2.1,0.5,3,3,3,1.0,96,True,7,0.9876153560575536,0.896284117068737,3.831662893793997e-05,,,,,,1.1102230246251565e-16,0.0
How do within-family activation hyperparameters tune the welfare-convergence tradeoff?,hyperparameter_shifted_log,c,2.1,brd,shifted_log,c,2.1,0.5,3,3,3,1.0,99,True,7,0.9912081292282454,0.9415622600657749,6.8197959052773705e-06,,,,,,2.220446049250313e-16,2.220446049250313e-16
How do within-family activation hyperparameters tune the welfare-convergence tradeoff?,hyperparameter_shifted_log,c,2.5,brd,shifted_log,c,2.5,0.5,3,3,3,1.0,1,True,6,0.9893152601184378,0.8829211584907769,5.99580792656762e-05,,,,,,1.1102230246251565e-16,1.1102230246251565e-16
How do within-family activation hyperparameters tune the welfare-convergence tradeoff?,hyperparameter_shifted_log,c,2.5,brd,shifted_log,c,2.5,0.5,3,3,3,1.0,0,True,5,0.9897132094679578,0.8267168617598265,8.815853380333971e-05,,,,,,0.0,2.220446049250313e-16
How do within-family activation hyperparameters tune the welfare-convergence tradeoff?,hyperparameter_shifted_log,c,2.5,brd,shifted_log,c,2.5,0.5,3,3,3,1.0,4,True,7,0.9852418443569088,0.888806570991818,6.563969125139568e-05,,,,,,1.1102230246251565e-16,2.220446049250313e-16
How do within-family activation hyperparameters tune the welfare-convergence tradeoff?,hyperparameter_shifted_log,c,2.5,brd,shifted_log,c,2.5,0.5,3,3,3,1.0,3,True,6,0.9957817925347222,0.9221462234765244,2.0837413610863553e-05,,,,,,2.220446049250313e-16,2.220446049250313e-16
How do within-family activation hyperparameters tune the welfare-convergence tradeoff?,hyperparameter_shifted_log,c,2.5,brd,shifted_log,c,2.5,0.5,3,3,3,1.0,6,True,6,0.994165161378889,0.8297720852005707,3.784287571728662e-05,,,,,,1.1102230246251565e-16,1.1102230246251565e-16
How do within-family activation hyperparameters tune the welfare-convergence tradeoff?,hyperparameter_shifted_log,c,2.5,brd,shifted_log,c,2.5,0.5,3,3,3,1.0,2,True,7,0.9873018792282454,0.8792504629160325,3.764799046529488e-05,,,,,,2.220446049250313e-16,2.220446049250313e-16
How do within-family activation hyperparameters tune the welfare-convergence tradeoff?,hyperparameter_shifted_log,c,2.5,brd,shifted_log,c,2.5,0.5,3,3,3,1.0,5,True,7,0.9861916118683633,0.8508737897812217,3.239893444573205e-05,,,,,,1.1102230246251565e-16,2.220446049250313e-16
How do within-family activation hyperparameters tune the welfare-convergence tradeoff?,hyperparameter_shifted_log,c,2.5,brd,shifted_log,c,2.5,0.5,3,3,3,1.0,7,True,6,0.9935141235027569,0.9015365407330037,2.6638138159729152e-05,,,,,,1.1102230246251565e-16,2.220446049250313e-16
How do within-family activation hyperparameters tune the welfare-convergence tradeoff?,hyperparameter_shifted_log,c,2.5,brd,shifted_log,c,2.5,0.5,3,3,3,1.0,8,True,7,0.987476414982834,0.8797079840541473,6.38853060444533e-05,,,,,,1.1102230246251565e-16,2.220446049250313e-16
How do within-family activation hyperparameters tune the welfare-convergence tradeoff?,hyperparameter_shifted_log,c,2.5,brd,shifted_log,c,2.5,0.5,3,3,3,1.0,9,True,6,0.9876510238589986,0.8299862796133018,6.695199091100168e-05,,,,,,1.1102230246251565e-16,2.220446049250313e-16
How do within-family activation hyperparameters tune the welfare-convergence tradeoff?,hyperparameter_shifted_log,c,2.5,brd,shifted_log,c,2.5,0.5,3,3,3,1.0,11,True,7,0.9809528563614438,0.8526712327617227,7.422311457072617e-05,,,,,,1.1102230246251565e-16,0.0
How do within-family activation hyperparameters tune the welfare-convergence tradeoff?,hyperparameter_shifted_log,c,2.5,brd,shifted_log,c,2.5,0.5,3,3,3,1.0,13,True,6,0.9911702473958334,0.8515421227677612,4.265541958414776e-05,,,,,,2.220446049250313e-16,2.220446049250313e-16
How do within-family activation hyperparameters tune the welfare-convergence tradeoff?,hyperparameter_shifted_log,c,2.5,brd,shifted_log,c,2.5,0.5,3,3,3,1.0,10,True,7,0.9897313459709296,0.8816731966476251,8.432177063721902e-05,,,,,,0.0,2.220446049250313e-16
How do within-family activation hyperparameters tune the welfare-convergence tradeoff?,hyperparameter_shifted_log,c,2.5,brd,shifted_log,c,2.5,0.5,3,3,3,1.0,12,True,7,0.9887191730018297,0.8738016592007106,3.284521358010162e-05,,,,,,1.1102230246251565e-16,1.1102230246251565e-16
How do within-family activation hyperparameters tune the welfare-convergence tradeoff?,hyperparameter_shifted_log,c,2.5,brd,shifted_log,c,2.5,0.5,3,3,3,1.0,14,True,5,0.996505854923083,0.9341282065713021,4.889818470960039e-05,,,,,,2.220446049250313e-16,2.220446049250313e-16
How do within-family activation hyperparameters tune the welfare-convergence tradeoff?,hyperparameter_shifted_log,c,2.5,brd,shifted_log,c,2.5,0.5,3,3,3,1.0,15,True,6,0.9922737880929369,0.8814246142954169,8.80657974322574e-08,,,,,,1.1102230246251565e-16,1.1102230246251565e-16
How do within-family activation hyperparameters tune the welfare-convergence tradeoff?,hyperparameter_shifted_log,c,2.5,brd,shifted_log,c,2.5,0.5,3,3,3,1.0,20,True,4,0.9924931462548319,0.8980468458275915,5.998741949253539e-05,,,,,,1.1102230246251565e-16,0.0
How do within-family activation hyperparameters tune the welfare-convergence tradeoff?,hyperparameter_shifted_log,c,2.5,brd,shifted_log,c,2.5,0.5,3,3,3,1.0,18,True,4,0.993087886173083,0.8816123974702728,7.790115078037951e-05,,,,,,1.1102230246251565e-16,2.220446049250313e-16
How do within-family activation hyperparameters tune the welfare-convergence tradeoff?,hyperparameter_shifted_log,c,2.5,brd,shifted_log,c,2.5,0.5,3,3,3,1.0,17,True,6,0.9874953731893317,0.8802389927311401,9.37974049075585e-05,,,,,,1.1102230246251565e-16,2.220446049250313e-16
How do within-family activation hyperparameters tune the welfare-convergence tradeoff?,hyperparameter_shifted_log,c,2.5,brd,shifted_log,c,2.5,0.5,3,3,3,1.0,16,True,7,0.988210246806458,0.8277368092517837,5.5922679172759615e-05,,,,,,2.220446049250313e-16,1.1102230246251565e-16
How do within-family activation hyperparameters tune the welfare-convergence tradeoff?,hyperparameter_shifted_log,c,2.5,brd,shifted_log,c,2.5,0.5,3,3,3,1.0,19,True,5,0.9933268229166666,0.9176335947264876,5.826297099736921e-05,,,,,,1.1102230246251565e-16,1.1102230246251565e-16
How do within-family activation hyperparameters tune the welfare-convergence tradeoff?,hyperparameter_shifted_log,c,2.5,brd,shifted_log,c,2.5,0.5,3,3,3,1.0,21,True,6,0.9867493879462761,0.8857611781839143,5.9684734309617404e-05,,,,,,2.220446049250313e-16,2.220446049250313e-16
How do within-family activation hyperparameters tune the welfare-convergence tradeoff?,hyperparameter_shifted_log,c,2.5,brd,shifted_log,c,2.5,0.5,3,3,3,1.0,22,True,5,0.9892578125,0.9205790735415441,7.652062221324973e-05,,,,,,2.220446049250313e-16,1.1102230246251565e-16
How do within-family activation hyperparameters tune the welfare-convergence tradeoff?,hyperparameter_shifted_log,c,2.5,brd,shifted_log,c,2.5,0.5,3,3,3,1.0,23,True,6,0.9935547982329029,0.9369276043071224,4.8647514567012884e-05,,,,,,2.220446049250313e-16,2.220446049250313e-16
How do within-family activation hyperparameters tune the welfare-convergence tradeoff?,hyperparameter_shifted_log,c,2.5,brd,shifted_log,c,2.5,0.5,3,3,3,1.0,26,True,5,0.9949111350384585,0.8964913572283582,8.42228239565368e-05,,,,,,2.220446049250313e-16,1.1102230246251565e-16
How do within-family activation hyperparameters tune the welfare-convergence tradeoff?,hyperparameter_shifted_log,c,2.5,brd,shifted_log,c,2.5,0.5,3,3,3,1.0,24,True,5,0.9956300089194237,0.9134152910493588,8.606934722310555e-05,,,,,,0.0,0.0
How do within-family activation hyperparameters tune the welfare-convergence tradeoff?,hyperparameter_shifted_log,c,2.5,brd,shifted_log,c,2.5,0.5,3,3,3,1.0,29,True,5,0.9851022179935837,0.8502611476788244,8.581259630890958e-05,,,,,,2.220446049250313e-16,2.220446049250313e-16
How do within-family activation hyperparameters tune the welfare-convergence tradeoff?,hyperparameter_shifted_log,c,2.5,brd,shifted_log,c,2.5,0.5,3,3,3,1.0,27,True,7,0.9864194963486637,0.8749242976987591,2.3760526229321677e-05,,,,,,2.220446049250313e-16,2.220446049250313e-16
How do within-family activation hyperparameters tune the welfare-convergence tradeoff?,hyperparameter_shifted_log,c,2.5,brd,shifted_log,c,2.5,0.5,3,3,3,1.0,25,True,8,0.9793477699173516,0.8253658004739627,3.243481319470387e-05,,,,,,0.0,1.1102230246251565e-16
How do within-family activation hyperparameters tune the welfare-convergence tradeoff?,hyperparameter_shifted_log,c,2.5,brd,shifted_log,c,2.5,0.5,3,3,3,1.0,30,True,6,0.9890407986111112,0.9147553277077408,6.267634348539053e-05,,,,,,2.220446049250313e-16,2.220446049250313e-16
How do within-family activation hyperparameters tune the welfare-convergence tradeoff?,hyperparameter_shifted_log,c,2.5,brd,shifted_log,c,2.5,0.5,3,3,3,1.0,28,True,8,0.9827958841785551,0.8570283633705831,-1.7901745149595527e-06,,,,,,1.1102230246251565e-16,2.220446049250313e-16
How do within-family activation hyperparameters tune the welfare-convergence tradeoff?,hyperparameter_shifted_log,c,2.5,brd,shifted_log,c,2.5,0.5,3,3,3,1.0,31,True,6,0.99169921875,0.8699906283662354,9.02591888557458e-05,,,,,,2.220446049250313e-16,0.0
How do within-family activation hyperparameters tune the welfare-convergence tradeoff?,hyperparameter_shifted_log,c,2.5,brd,shifted_log,c,2.5,0.5,3,3,3,1.0,33,True,6,0.988932992744503,0.8901353756531701,6.652438087356716e-05,,,,,,0.0,2.220446049250313e-16
How do within-family activation hyperparameters tune the welfare-convergence tradeoff?,hyperparameter_shifted_log,c,2.5,brd,shifted_log,c,2.5,0.5,3,3,3,1.0,32,True,6,0.9914498742435837,0.9025291333323177,8.501357642914931e-05,,,,,,1.1102230246251565e-16,1.1102230246251565e-16
How do within-family activation hyperparameters tune the welfare-convergence tradeoff?,hyperparameter_shifted_log,c,2.5,brd,shifted_log,c,2.5,0.5,3,3,3,1.0,34,True,6,0.9882890172811318,0.8549167235089316,5.206217576231298e-05,,,,,,2.220446049250313e-16,2.220446049250313e-16
How do within-family activation hyperparameters tune the welfare-convergence tradeoff?,hyperparameter_shifted_log,c,2.5,brd,shifted_log,c,2.5,0.5,3,3,3,1.0,36,True,5,0.994140625,0.9120525256323989,8.553452898873992e-05,,,,,,1.1102230246251565e-16,1.1102230246251565e-16
How do within-family activation hyperparameters tune the welfare-convergence tradeoff?,hyperparameter_shifted_log,c,2.5,brd,shifted_log,c,2.5,0.5,3,3,3,1.0,35,True,6,0.9863790600796571,0.8005478703483743,5.015125161034195e-05,,,,,,2.220446049250313e-16,2.220446049250313e-16
How do within-family activation hyperparameters tune the welfare-convergence tradeoff?,hyperparameter_shifted_log,c,2.5,brd,shifted_log,c,2.5,0.5,3,3,3,1.0,38,True,6,0.9941792975760146,0.928735068989706,8.293829745115167e-05,,,,,,0.0,2.220446049250313e-16
How do within-family activation hyperparameters tune the welfare-convergence tradeoff?,hyperparameter_shifted_log,c,2.5,brd,shifted_log,c,2.5,0.5,3,3,3,1.0,37,True,7,0.978482187053443,0.8363805806386283,8.435059609740447e-05,,,,,,2.220446049250313e-16,1.1102230246251565e-16
How do within-family activation hyperparameters tune the welfare-convergence tradeoff?,hyperparameter_shifted_log,c,2.5,brd,shifted_log,c,2.5,0.5,3,3,3,1.0,39,True,3,0.994140625,0.9062183461162189,6.921609299109788e-05,,,,,,1.1102230246251565e-16,1.1102230246251565e-16
How do within-family activation hyperparameters tune the welfare-convergence tradeoff?,hyperparameter_shifted_log,c,2.5,brd,shifted_log,c,2.5,0.5,3,3,3,1.0,40,True,5,0.9816288884423319,0.8386774862016345,8.504699523337322e-05,,,,,,1.1102230246251565e-16,1.1102230246251565e-16
How do within-family activation hyperparameters tune the welfare-convergence tradeoff?,hyperparameter_shifted_log,c,2.5,brd,shifted_log,c,2.5,0.5,3,3,3,1.0,41,True,4,0.9963785807291666,0.903109059817402,3.976303204156206e-05,,,,,,0.0,2.220446049250313e-16
How do within-family activation hyperparameters tune the welfare-convergence tradeoff?,hyperparameter_shifted_log,c,2.5,brd,shifted_log,c,2.5,0.5,3,3,3,1.0,42,True,6,0.9890846443205007,0.8726999323396122,2.5375072135680465e-05,,,,,,1.1102230246251565e-16,1.1102230246251565e-16
How do within-family activation hyperparameters tune the welfare-convergence tradeoff?,hyperparameter_shifted_log,c,2.5,brd,shifted_log,c,2.5,0.5,3,3,3,1.0,45,True,4,0.9964192708333334,0.9666395319815136,9.382251814160636e-05,,,,,,2.220446049250313e-16,0.0
How do within-family activation hyperparameters tune the welfare-convergence tradeoff?,hyperparameter_shifted_log,c,2.5,brd,shifted_log,c,2.5,0.5,3,3,3,1.0,43,True,6,0.9800503031184298,0.8132080847111659,8.737506502343173e-05,,,,,,1.1102230246251565e-16,2.220446049250313e-16
How do within-family activation hyperparameters tune the welfare-convergence tradeoff?,hyperparameter_shifted_log,c,2.5,brd,shifted_log,c,2.5,0.5,3,3,3,1.0,47,True,4,0.99462890625,0.9278468002386816,7.586971994283376e-05,,,,,,1.1102230246251565e-16,1.1102230246251565e-16
How do within-family activation hyperparameters tune the welfare-convergence tradeoff?,hyperparameter_shifted_log,c,2.5,brd,shifted_log,c,2.5,0.5,3,3,3,1.0,44,True,8,0.9820536755140665,0.8221611389637872,2.838513369446405e-05,,,,,,1.1102230246251565e-16,2.220446049250313e-16
How do within-family activation hyperparameters tune the welfare-convergence tradeoff?,hyperparameter_shifted_log,c,2.5,brd,shifted_log,c,2.5,0.5,3,3,3,1.0,46,True,6,0.9922378582481703,0.8775626787335411,5.4343485155039506e-05,,,,,,2.220446049250313e-16,1.1102230246251565e-16
How do within-family activation hyperparameters tune the welfare-convergence tradeoff?,hyperparameter_shifted_log,c,2.5,brd,shifted_log,c,2.5,0.5,3,3,3,1.0,50,True,5,0.9932835308717919,0.8492459676557077,9.441245994018521e-05,,,,,,2.220446049250313e-16,2.220446049250313e-16
How do within-family activation hyperparameters tune the welfare-convergence tradeoff?,hyperparameter_shifted_log,c,2.5,brd,shifted_log,c,2.5,0.5,3,3,3,1.0,48,True,5,0.991335025340652,0.9007485486722562,7.543082739608353e-05,,,,,,2.220446049250313e-16,2.220446049250313e-16
How do within-family activation hyperparameters tune the welfare-convergence tradeoff?,hyperparameter_shifted_log,c,2.5,brd,shifted_log,c,2.5,0.5,3,3,3,1.0,49,True,5,0.992751957576917,0.8544397845294059,7.372035925740095e-05,,,,,,0.0,0.0
How do within-family activation hyperparameters tune the welfare-convergence tradeoff?,hyperparameter_shifted_log,c,2.5,brd,shifted_log,c,2.5,0.5,3,3,3,1.0,51,True,6,0.9938693576388888,0.8814190815933719,3.3317463722648544e-05,,,,,,2.220446049250313e-16,0.0
How do within-family activation hyperparameters tune the welfare-convergence tradeoff?,hyperparameter_shifted_log,c,2.5,brd,shifted_log,c,2.5,0.5,3,3,3,1.0,52,True,5,0.9931114061008856,0.8451415930544749,2.7205112738071247e-05,,,,,,1.1102230246251565e-16,1.1102230246251565e-16
How do within-family activation hyperparameters tune the welfare-convergence tradeoff?,hyperparameter_shifted_log,c,2.5,brd,shifted_log,c,2.5,0.5,3,3,3,1.0,56,True,4,0.9948985765380033,0.9044374007670607,9.433080690623985e-05,,,,,,2.220446049250313e-16,1.1102230246251565e-16
How do within-family activation hyperparameters tune the welfare-convergence tradeoff?,hyperparameter_shifted_log,c,2.5,brd,shifted_log,c,2.5,0.5,3,3,3,1.0,53,True,7,0.988589452073478,0.8796133868996828,8.884158666194741e-05,,,,,,2.220446049250313e-16,1.1102230246251565e-16
How do within-family activation hyperparameters tune the welfare-convergence tradeoff?,hyperparameter_shifted_log,c,2.5,brd,shifted_log,c,2.5,0.5,3,3,3,1.0,54,True,5,0.99034607609066,0.8674238671033309,9.359961416605111e-05,,,,,,1.1102230246251565e-16,2.220446049250313e-16
How do within-family activation hyperparameters tune the welfare-convergence tradeoff?,hyperparameter_shifted_log,c,2.5,brd,shifted_log,c,2.5,0.5,3,3,3,1.0,55,True,6,0.9912109375,0.8679637641557969,9.610366593831854e-05,,,,,,1.1102230246251565e-16,2.220446049250313e-16
How do within-family activation hyperparameters tune the welfare-convergence tradeoff?,hyperparameter_shifted_log,c,2.5,brd,shifted_log,c,2.5,0.5,3,3,3,1.0,57,True,6,0.9954992599564997,0.8890983107943787,4.991695496575632e-05,,,,,,1.1102230246251565e-16,2.220446049250313e-16
How do within-family activation hyperparameters tune the welfare-convergence tradeoff?,hyperparameter_shifted_log,c,2.5,brd,shifted_log,c,2.5,0.5,3,3,3,1.0,59,True,6,0.987215399008113,0.8364717149013344,4.7026576130149156e-05,,,,,,0.0,2.220446049250313e-16
How do within-family activation hyperparameters tune the welfare-convergence tradeoff?,hyperparameter_shifted_log,c,2.5,brd,shifted_log,c,2.5,0.5,3,3,3,1.0,58,True,7,0.987736907498004,0.8527923639378004,9.602352325321917e-05,,,,,,2.220446049250313e-16,2.220446049250313e-16
How do within-family activation hyperparameters tune the welfare-convergence tradeoff?,hyperparameter_shifted_log,c,2.5,brd,shifted_log,c,2.5,0.5,3,3,3,1.0,60,True,6,0.9885680982573187,0.8962246671302755,8.949225220494794e-05,,,,,,1.1102230246251565e-16,2.220446049250313e-16
How do within-family activation hyperparameters tune the welfare-convergence tradeoff?,hyperparameter_shifted_log,c,2.5,brd,shifted_log,c,2.5,0.5,3,3,3,1.0,61,True,6,0.99115508695467,0.8981430140479452,8.199446978751634e-05,,,,,,1.1102230246251565e-16,1.1102230246251565e-16
How do within-family activation hyperparameters tune the welfare-convergence tradeoff?,hyperparameter_shifted_log,c,2.5,brd,shifted_log,c,2.5,0.5,3,3,3,1.0,63,True,4,0.9959309895833334,0.9193829674652362,8.860322749004723e-05,,,,,,2.220446049250313e-16,1.1102230246251565e-16
How do within-family activation hyperparameters tune the welfare-convergence tradeoff?,hyperparameter_shifted_log,c,2.5,brd,shifted_log,c,2.5,0.5,3,3,3,1.0,62,True,7,0.9849642350373103,0.8712391754276773,8.02748374363893e-05,,,,,,1.1102230246251565e-16,1.1102230246251565e-16
How do within-family activation hyperparameters tune the welfare-convergence tradeoff?,hyperparameter_shifted_log,c,2.5,brd,shifted_log,c,2.5,0.5,3,3,3,1.0,64,True,6,0.9750122409853627,0.8072608075792421,7.38365577094835e-05,,,,,,2.220446049250313e-16,2.220446049250313e-16
How do within-family activation hyperparameters tune the welfare-convergence tradeoff?,hyperparameter_shifted_log,c,2.5,brd,shifted_log,c,2.5,0.5,3,3,3,1.0,65,True,5,0.9901477909102504,0.8531286698033057,8.397465368309431e-05,,,,,,2.220446049250313e-16,1.1102230246251565e-16
How do within-family activation hyperparameters tune the welfare-convergence tradeoff?,hyperparameter_shifted_log,c,2.5,brd,shifted_log,c,2.5,0.5,3,3,3,1.0,66,True,6,0.9927881834184963,0.8829935921764523,6.702435288130637e-05,,,,,,2.220446049250313e-16,0.0
How do within-family activation hyperparameters tune the welfare-convergence tradeoff?,hyperparameter_shifted_log,c,2.5,brd,shifted_log,c,2.5,0.5,3,3,3,1.0,67,True,5,0.9912109375,0.8585940935946592,4.226785054001203e-05,,,,,,2.220446049250313e-16,2.220446049250313e-16
How do within-family activation hyperparameters tune the welfare-convergence tradeoff?,hyperparameter_shifted_log,c,2.5,brd,shifted_log,c,2.5,0.5,3,3,3,1.0,68,True,6,0.9939158206630073,0.8737080771098654,7.743010010535789e-05,,,,,,1.1102230246251565e-16,1.1102230246251565e-16
How do within-family activation hyperparameters tune the welfare-convergence tradeoff?,hyperparameter_shifted_log,c,2.5,brd,shifted_log,c,2.5,0.5,3,3,3,1.0,69,True,6,0.9915985022536593,0.9001351643615316,1.8706912483235083e-05,,,,,,0.0,1.1102230246251565e-16
How do within-family activation hyperparameters tune the welfare-convergence tradeoff?,hyperparameter_shifted_log,c,2.5,brd,shifted_log,c,2.5,0.5,3,3,3,1.0,71,True,5,0.9870876736111112,0.8928709694431715,4.526149551448144e-05,,,,,,1.1102230246251565e-16,0.0
How do within-family activation hyperparameters tune the welfare-convergence tradeoff?,hyperparameter_shifted_log,c,2.5,brd,shifted_log,c,2.5,0.5,3,3,3,1.0,70,True,6,0.986754362329674,0.876376636582019,5.571458385345007e-05,,,,,,1.1102230246251565e-16,2.220446049250313e-16
How do within-family activation hyperparameters tune the welfare-convergence tradeoff?,hyperparameter_shifted_log,c,2.5,brd,shifted_log,c,2.5,0.5,3,3,3,1.0,72,True,6,0.9867949116433007,0.8826528806345895,8.637032632230479e-05,,,,,,2.220446049250313e-16,2.220446049250313e-16
How do within-family activation hyperparameters tune the welfare-convergence tradeoff?,hyperparameter_shifted_log,c,2.5,brd,shifted_log,c,2.5,0.5,3,3,3,1.0,73,True,6,0.988123794128917,0.8723337853754668,7.337502709425792e-05,,,,,,2.220446049250313e-16,2.220446049250313e-16
How do within-family activation hyperparameters tune the welfare-convergence tradeoff?,hyperparameter_shifted_log,c,2.5,brd,shifted_log,c,2.5,0.5,3,3,3,1.0,74,True,6,0.993624418477335,0.8842880046744653,9.387681229433564e-05,,,,,,2.220446049250313e-16,2.220446049250313e-16
How do within-family activation hyperparameters tune the welfare-convergence tradeoff?,hyperparameter_shifted_log,c,2.5,brd,shifted_log,c,2.5,0.5,3,3,3,1.0,75,True,6,0.9890188757564163,0.8412980762947434,6.844378524656358e-05,,,,,,2.220446049250313e-16,2.220446049250313e-16
How do within-family activation hyperparameters tune the welfare-convergence tradeoff?,hyperparameter_shifted_log,c,2.5,brd,shifted_log,c,2.5,0.5,3,3,3,1.0,78,True,5,0.9938151041666666,0.903337869254838,9.004407471530085e-05,,,,,,1.1102230246251565e-16,2.220446049250313e-16
How do within-family activation hyperparameters tune the welfare-convergence tradeoff?,hyperparameter_shifted_log,c,2.5,brd,shifted_log,c,2.5,0.5,3,3,3,1.0,77,True,6,0.9934554646856724,0.8783315031352351,2.796151306611039e-05,,,,,,2.220446049250313e-16,1.1102230246251565e-16
How do within-family activation hyperparameters tune the welfare-convergence tradeoff?,hyperparameter_shifted_log,c,2.5,brd,shifted_log,c,2.5,0.5,3,3,3,1.0,80,True,5,0.9908300558654148,0.9022631132589657,9.566939036381727e-05,,,,,,1.1102230246251565e-16,2.220446049250313e-16
How do within-family activation hyperparameters tune the welfare-convergence tradeoff?,hyperparameter_shifted_log,c,2.5,brd,shifted_log,c,2.5,0.5,3,3,3,1.0,76,True,8,0.9783119332277875,0.8433905020844318,2.9251805753138793e-05,,,,,,2.220446049250313e-16,1.1102230246251565e-16
How do within-family activation hyperparameters tune the welfare-convergence tradeoff?,hyperparameter_shifted_log,c,2.5,brd,shifted_log,c,2.5,0.5,3,3,3,1.0,81,True,7,0.9838041077967079,0.8566668554171354,7.535939491210009e-05,,,,,,2.220446049250313e-16,1.1102230246251565e-16
How do within-family activation hyperparameters tune the welfare-convergence tradeoff?,hyperparameter_shifted_log,c,2.5,brd,shifted_log,c,2.5,0.5,3,3,3,1.0,79,True,8,0.9838807626659738,0.814854280792341,9.008253713005399e-05,,,,,,1.1102230246251565e-16,2.220446049250313e-16
How do within-family activation hyperparameters tune the welfare-convergence tradeoff?,hyperparameter_shifted_log,c,2.5,brd,shifted_log,c,2.5,0.5,3,3,3,1.0,82,True,7,0.9825537301217838,0.8243535154655608,2.1844004366333714e-05,,,,,,2.220446049250313e-16,2.220446049250313e-16
How do within-family activation hyperparameters tune the welfare-convergence tradeoff?,hyperparameter_shifted_log,c,2.5,brd,shifted_log,c,2.5,0.5,3,3,3,1.0,84,True,5,0.9936012844239934,0.9450657528699585,8.814691132674746e-05,,,,,,0.0,2.220446049250313e-16
How do within-family activation hyperparameters tune the welfare-convergence tradeoff?,hyperparameter_shifted_log,c,2.5,brd,shifted_log,c,2.5,0.5,3,3,3,1.0,86,True,5,0.9939391920073187,0.8998418628388287,6.194569241230186e-05,,,,,,1.1102230246251565e-16,1.1102230246251565e-16
How do within-family activation hyperparameters tune the welfare-convergence tradeoff?,hyperparameter_shifted_log,c,2.5,brd,shifted_log,c,2.5,0.5,3,3,3,1.0,83,True,6,0.9927623653397496,0.9380143888285924,6.681676142972215e-05,,,,,,1.1102230246251565e-16,2.220446049250313e-16
How do within-family activation hyperparameters tune the welfare-convergence tradeoff?,hyperparameter_shifted_log,c,2.5,brd,shifted_log,c,2.5,0.5,3,3,3,1.0,85,True,5,0.9953078731893317,0.869986756302276,5.077171763795407e-05,,,,,,0.0,2.220446049250313e-16
How do within-family activation hyperparameters tune the welfare-convergence tradeoff?,hyperparameter_shifted_log,c,2.5,brd,shifted_log,c,2.5,0.5,3,3,3,1.0,89,True,5,0.9951682468260067,0.8775673524414845,7.76817978699329e-05,,,,,,0.0,1.1102230246251565e-16
How do within-family activation hyperparameters tune the welfare-convergence tradeoff?,hyperparameter_shifted_log,c,2.5,brd,shifted_log,c,2.5,0.5,3,3,3,1.0,87,True,5,0.9963710197790813,0.868571970242565,7.965349276600753e-05,,,,,,2.220446049250313e-16,2.220446049250313e-16
How do within-family activation hyperparameters tune the welfare-convergence tradeoff?,hyperparameter_shifted_log,c,2.5,brd,shifted_log,c,2.5,0.5,3,3,3,1.0,88,True,5,0.9915364583333334,0.8952664202851978,7.102326194458053e-05,,,,,,1.1102230246251565e-16,2.220446049250313e-16
How do within-family activation hyperparameters tune the welfare-convergence tradeoff?,hyperparameter_shifted_log,c,2.5,brd,shifted_log,c,2.5,0.5,3,3,3,1.0,90,True,5,0.9946831597222222,0.8842704935752934,3.547296664507815e-05,,,,,,1.1102230246251565e-16,0.0
How do within-family activation hyperparameters tune the welfare-convergence tradeoff?,hyperparameter_shifted_log,c,2.5,brd,shifted_log,c,2.5,0.5,3,3,3,1.0,91,True,6,0.990846744090652,0.8583468915212308,4.126808252352676e-05,,,,,,1.1102230246251565e-16,2.220446049250313e-16
How do within-family activation hyperparameters tune the welfare-convergence tradeoff?,hyperparameter_shifted_log,c,2.5,brd,shifted_log,c,2.5,0.5,3,3,3,1.0,92,True,6,0.9910377693205007,0.8999953014067241,7.450568700578808e-05,,,,,,2.220446049250313e-16,0.0
How do within-family activation hyperparameters tune the welfare-convergence tradeoff?,hyperparameter_shifted_log,c,2.5,brd,shifted_log,c,2.5,0.5,3,3,3,1.0,95,True,5,0.9953621266615539,0.9279654550209883,5.090965996384922e-05,,,,,,1.1102230246251565e-16,2.220446049250313e-16
How do within-family activation hyperparameters tune the welfare-convergence tradeoff?,hyperparameter_shifted_log,c,2.5,brd,shifted_log,c,2.5,0.5,3,3,3,1.0,96,True,6,0.9930942281315702,0.8861555822508246,6.421976749737546e-05,,,,,,0.0,2.220446049250313e-16
How do within-family activation hyperparameters tune the welfare-convergence tradeoff?,hyperparameter_shifted_log,c,2.5,brd,shifted_log,c,2.5,0.5,3,3,3,1.0,93,True,8,0.9880446192003117,0.7958230210149749,3.020698657713039e-05,,,,,,1.1102230246251565e-16,1.1102230246251565e-16
How do within-family activation hyperparameters tune the welfare-convergence tradeoff?,hyperparameter_shifted_log,c,2.5,brd,shifted_log,c,2.5,0.5,3,3,3,1.0,97,True,7,0.9863664580354976,0.8277266777726299,7.330747986494801e-05,,,,,,0.0,1.1102230246251565e-16
How do within-family activation hyperparameters tune the welfare-convergence tradeoff?,hyperparameter_shifted_log,c,2.5,brd,shifted_log,c,2.5,0.5,3,3,3,1.0,94,True,7,0.9871451212295489,0.8607691117526294,5.960126130266641e-05,,,,,,1.1102230246251565e-16,2.220446049250313e-16
How do within-family activation hyperparameters tune the welfare-convergence tradeoff?,hyperparameter_shifted_log,c,2.5,brd,shifted_log,c,2.5,0.5,3,3,3,1.0,98,True,6,0.9927798828495821,0.8910307592854889,6.137700772756993e-05,,,,,,0.0,1.1102230246251565e-16
How do within-family activation hyperparameters tune the welfare-convergence tradeoff?,hyperparameter_shifted_log,c,3.0,brd,shifted_log,c,3.0,0.5,3,3,3,1.0,0,True,5,0.9940057898559983,0.8152061952146653,2.6378832830520338e-05,,,,,,1.1102230246251565e-16,2.220446049250313e-16
How do within-family activation hyperparameters tune the welfare-convergence tradeoff?,hyperparameter_shifted_log,c,2.5,brd,shifted_log,c,2.5,0.5,3,3,3,1.0,99,True,4,0.9954427083333334,0.9333771942241658,7.476902561204257e-05,,,,,,1.1102230246251565e-16,0.0
How do within-family activation hyperparameters tune the welfare-convergence tradeoff?,hyperparameter_shifted_log,c,3.0,brd,shifted_log,c,3.0,0.5,3,3,3,1.0,3,True,4,0.9979965167518297,0.9156314910191578,8.709448908938988e-05,,,,,,0.0,1.1102230246251565e-16
How do within-family activation hyperparameters tune the welfare-convergence tradeoff?,hyperparameter_shifted_log,c,3.0,brd,shifted_log,c,3.0,0.5,3,3,3,1.0,1,True,6,0.9940282228315037,0.8703577260642076,3.589331259445938e-05,,,,,,2.220446049250313e-16,2.220446049250313e-16
How do within-family activation hyperparameters tune the welfare-convergence tradeoff?,hyperparameter_shifted_log,c,3.0,brd,shifted_log,c,3.0,0.5,3,3,3,1.0,6,True,3,0.99609375,0.823369310094712,3.758564445033308e-05,,,,,,1.1102230246251565e-16,1.1102230246251565e-16
How do within-family activation hyperparameters tune the welfare-convergence tradeoff?,hyperparameter_shifted_log,c,3.0,brd,shifted_log,c,3.0,0.5,3,3,3,1.0,2,True,5,0.9925130208333334,0.8655111714305529,6.004523064628842e-05,,,,,,1.1102230246251565e-16,1.1102230246251565e-16
How do within-family activation hyperparameters tune the welfare-convergence tradeoff?,hyperparameter_shifted_log,c,3.0,brd,shifted_log,c,3.0,0.5,3,3,3,1.0,5,True,4,0.992751957576917,0.8336675130143621,9.458975620807442e-05,,,,,,1.1102230246251565e-16,0.0
How do within-family activation hyperparameters tune the welfare-convergence tradeoff?,hyperparameter_shifted_log,c,3.0,brd,shifted_log,c,3.0,0.5,3,3,3,1.0,4,True,6,0.993102018579674,0.8686527641047542,7.948927314388454e-05,,,,,,2.220446049250313e-16,0.0
How do within-family activation hyperparameters tune the welfare-convergence tradeoff?,hyperparameter_shifted_log,c,3.0,brd,shifted_log,c,3.0,0.5,3,3,3,1.0,7,True,5,0.9962998024615415,0.8936917673069983,7.55279884147586e-05,,,,,,0.0,1.1102230246251565e-16
How do within-family activation hyperparameters tune the welfare-convergence tradeoff?,hyperparameter_shifted_log,c,3.0,brd,shifted_log,c,3.0,0.5,3,3,3,1.0,8,True,6,0.9932764646684963,0.863800374114439,4.296785560392591e-05,,,,,,0.0,1.1102230246251565e-16
How do within-family activation hyperparameters tune the welfare-convergence tradeoff?,hyperparameter_shifted_log,c,3.0,brd,shifted_log,c,3.0,0.5,3,3,3,1.0,9,True,6,0.9938617813147829,0.8137575191579826,3.084843600920095e-05,,,,,,1.1102230246251565e-16,1.1102230246251565e-16
How do within-family activation hyperparameters tune the welfare-convergence tradeoff?,hyperparameter_shifted_log,c,3.0,brd,shifted_log,c,3.0,0.5,3,3,3,1.0,10,True,5,0.9948475172119967,0.8683666285440522,5.8572380572330385e-05,,,,,,1.1102230246251565e-16,0.0
How do within-family activation hyperparameters tune the welfare-convergence tradeoff?,hyperparameter_shifted_log,c,3.0,brd,shifted_log,c,3.0,0.5,3,3,3,1.0,12,True,5,0.99365234375,0.8611066871134119,6.038108463346514e-05,,,,,,0.0,2.220446049250313e-16
How do within-family activation hyperparameters tune the welfare-convergence tradeoff?,hyperparameter_shifted_log,c,3.0,brd,shifted_log,c,3.0,0.5,3,3,3,1.0,11,True,6,0.9899072570935589,0.8294356348843288,8.745914324520543e-05,,,,,,2.220446049250313e-16,1.1102230246251565e-16
How do within-family activation hyperparameters tune the welfare-convergence tradeoff?,hyperparameter_shifted_log,c,3.0,brd,shifted_log,c,3.0,0.5,3,3,3,1.0,13,True,6,0.9949356752078822,0.8414836140311861,4.158534905496225e-05,,,,,,2.220446049250313e-16,1.1102230246251565e-16
How do within-family activation hyperparameters tune the welfare-convergence tradeoff?,hyperparameter_shifted_log,c,3.0,brd,shifted_log,c,3.0,0.5,3,3,3,1.0,14,True,3,0.99853515625,0.9278443092106369,8.992262786905458e-05,,,,,,1.1102230246251565e-16,1.1102230246251565e-16
How do within-family activation hyperparameters tune the welfare-convergence tradeoff?,hyperparameter_shifted_log,c,3.0,brd,shifted_log,c,3.0,0.5,3,3,3,1.0,15,True,4,0.9964192708333334,0.8699080463500778,9.66222833008179e-05,,,,,,2.220446049250313e-16,2.220446049250313e-16
How do within-family activation hyperparameters tune the welfare-convergence tradeoff?,hyperparameter_shifted_log,c,3.0,brd,shifted_log,c,3.0,0.5,3,3,3,1.0,16,True,6,0.9932764646684963,0.8147660041423442,6.595803620579321e-05,,,,,,2.220446049250313e-16,1.1102230246251565e-16
How do within-family activation hyperparameters tune the welfare-convergence tradeoff?,hyperparameter_shifted_log,c,3.0,brd,shifted_log,c,3.0,0.5,3,3,3,1.0,17,True,5,0.993087886173083,0.8654256299241979,9.525995982795354e-05,,,,,,1.1102230246251565e-16,2.220446049250313e-16
How do within-family activation hyperparameters tune the welfare-convergence tradeoff?,hyperparameter_shifted_log,c,3.0,brd,shifted_log,c,3.0,0.5,3,3,3,1.0,18,True,4,0.9974237586059983,0.8699636813232837,9.789771563639693e-05,,,,,,1.1102230246251565e-16,1.1102230246251565e-16
How do within-family activation hyperparameters tune the welfare-convergence tradeoff?,hyperparameter_shifted_log,c,3.0,brd,shifted_log,c,3.0,0.5,3,3,3,1.0,19,True,4,0.9964192708333334,0.9083428220117167,7.377682245479633e-05,,,,,,1.1102230246251565e-16,0.0
How do within-family activation hyperparameters tune the welfare-convergence tradeoff?,hyperparameter_shifted_log,c,3.0,brd,shifted_log,c,3.0,0.5,3,3,3,1.0,20,True,3,0.9960071659102504,0.8880780545197053,5.8599850903506834e-05,,,,,,2.220446049250313e-16,2.220446049250313e-16
How do within-family activation hyperparameters tune the welfare-convergence tradeoff?,hyperparameter_shifted_log,c,3.0,brd,shifted_log,c,3.0,0.5,3,3,3,1.0,21,True,6,0.9930820978791105,0.8702840050564751,7.108162915769878e-06,,,,,,1.1102230246251565e-16,1.1102230246251565e-16
How do within-family activation hyperparameters tune the welfare-convergence tradeoff?,hyperparameter_shifted_log,c,3.0,brd,shifted_log,c,3.0,0.5,3,3,3,1.0,22,True,5,0.994140625,0.9087651875934247,1.16526867149358e-05,,,,,,1.1102230246251565e-16,2.220446049250313e-16
How do within-family activation hyperparameters tune the welfare-convergence tradeoff?,hyperparameter_shifted_log,c,3.0,brd,shifted_log,c,3.0,0.5,3,3,3,1.0,24,True,4,0.9975082355018297,0.9080651713282561,7.561975763181739e-05,,,,,,2.220446049250313e-16,1.1102230246251565e-16
How do within-family activation hyperparameters tune the welfare-convergence tradeoff?,hyperparameter_shifted_log,c,3.0,brd,shifted_log,c,3.0,0.5,3,3,3,1.0,23,True,5,0.9968139017902882,0.9282923940583311,6.453677299989025e-05,,,,,,1.1102230246251565e-16,0.0
How do within-family activation hyperparameters tune the welfare-convergence tradeoff?,hyperparameter_shifted_log,c,3.0,brd,shifted_log,c,3.0,0.5,3,3,3,1.0,27,True,5,0.9928943922119967,0.8577283439977492,9.151099927617867e-05,,,,,,0.0,1.1102230246251565e-16
How do within-family activation hyperparameters tune the welfare-convergence tradeoff?,hyperparameter_shifted_log,c,3.0,brd,shifted_log,c,3.0,0.5,3,3,3,1.0,26,True,5,0.9972609981893317,0.8903759751961579,4.2246356651953754e-05,,,,,,0.0,2.220446049250313e-16
How do within-family activation hyperparameters tune the welfare-convergence tradeoff?,hyperparameter_shifted_log,c,3.0,brd,shifted_log,c,3.0,0.5,3,3,3,1.0,25,True,6,0.98833710054533,0.8032762252367078,5.2211589379402845e-05,,,,,,1.1102230246251565e-16,2.220446049250313e-16
How do within-family activation hyperparameters tune the welfare-convergence tradeoff?,hyperparameter_shifted_log,c,3.0,brd,shifted_log,c,3.0,0.5,3,3,3,1.0,29,True,5,0.9915643836059983,0.8336623733019174,5.900795437757678e-05,,,,,,2.220446049250313e-16,1.1102230246251565e-16
How do within-family activation hyperparameters tune the welfare-convergence tradeoff?,hyperparameter_shifted_log,c,3.0,brd,shifted_log,c,3.0,0.5,3,3,3,1.0,28,True,6,0.9905598958333334,0.8368162182308012,1.4519284997793758e-05,,,,,,1.1102230246251565e-16,2.220446049250313e-16
How do within-family activation hyperparameters tune the welfare-convergence tradeoff?,hyperparameter_shifted_log,c,3.0,brd,shifted_log,c,3.0,0.5,3,3,3,1.0,30,True,5,0.9945023716749126,0.9009406348309447,2.266468797629262e-05,,,,,,1.1102230246251565e-16,1.1102230246251565e-16
How do within-family activation hyperparameters tune the welfare-convergence tradeoff?,hyperparameter_shifted_log,c,3.0,brd,shifted_log,c,3.0,0.5,3,3,3,1.0,31,True,6,0.9944228537884585,0.8616370910981613,4.245284297960117e-05,,,,,,1.1102230246251565e-16,2.220446049250313e-16
How do within-family activation hyperparameters tune the welfare-convergence tradeoff?,hyperparameter_shifted_log,c,3.0,brd,shifted_log,c,3.0,0.5,3,3,3,1.0,32,True,5,0.9952179039963407,0.8921799074378184,7.35996964468244e-05,,,,,,0.0,2.220446049250313e-16
How do within-family activation hyperparameters tune the welfare-convergence tradeoff?,hyperparameter_shifted_log,c,3.0,brd,shifted_log,c,3.0,0.5,3,3,3,1.0,33,True,5,0.9948475172119967,0.875381136913587,7.743526599351958e-05,,,,,,0.0,0.0
How do within-family activation hyperparameters tune the welfare-convergence tradeoff?,hyperparameter_shifted_log,c,3.0,brd,shifted_log,c,3.0,0.5,3,3,3,1.0,34,True,4,0.9944274732573187,0.8387180734033247,9.060289017254197e-05,,,,,,2.220446049250313e-16,1.1102230246251565e-16
How do within-family activation hyperparameters tune the welfare-convergence tradeoff?,hyperparameter_shifted_log,c,3.0,brd,shifted_log,c,3.0,0.5,3,3,3,1.0,35,True,6,0.9925130208333334,0.7836717382112789,5.980903519070546e-05,,,,,,2.220446049250313e-16,0.0
How do within-family activation hyperparameters tune the welfare-convergence tradeoff?,hyperparameter_shifted_log,c,3.0,brd,shifted_log,c,3.0,0.5,3,3,3,1.0,36,True,5,0.997833756335163,0.9022838056039734,6.776679531877994e-05,,,,,,1.1102230246251565e-16,2.220446049250313e-16
How do within-family activation hyperparameters tune the welfare-convergence tradeoff?,hyperparameter_shifted_log,c,3.0,brd,shifted_log,c,3.0,0.5,3,3,3,1.0,37,True,7,0.9868818352735674,0.816121176461683,9.034240814831396e-05,,,,,,2.220446049250313e-16,2.220446049250313e-16
How do within-family activation hyperparameters tune the welfare-convergence tradeoff?,hyperparameter_shifted_log,c,3.0,brd,shifted_log,c,3.0,0.5,3,3,3,1.0,38,True,5,0.9963130620398329,0.9230745714277999,8.680473839872693e-05,,,,,,1.1102230246251565e-16,1.1102230246251565e-16
How do within-family activation hyperparameters tune the welfare-convergence tradeoff?,hyperparameter_shifted_log,c,3.0,brd,shifted_log,c,3.0,0.5,3,3,3,1.0,41,True,4,0.9978408225384585,0.8991346148366907,3.226439517894919e-05,,,,,,1.1102230246251565e-16,2.220446049250313e-16
How do within-family activation hyperparameters tune the welfare-convergence tradeoff?,hyperparameter_shifted_log,c,3.0,brd,shifted_log,c,3.0,0.5,3,3,3,1.0,39,True,4,0.9977213541666666,0.8965241300489254,9.401808737508066e-05,,,,,,2.220446049250313e-16,1.1102230246251565e-16
How do within-family activation hyperparameters tune the welfare-convergence tradeoff?,hyperparameter_shifted_log,c,3.0,brd,shifted_log,c,3.0,0.5,3,3,3,1.0,40,True,5,0.9896595096602503,0.8184713462321968,5.506319671816362e-05,,,,,,1.1102230246251565e-16,0.0
How do within-family activation hyperparameters tune the welfare-convergence tradeoff?,hyperparameter_shifted_log,c,3.0,brd,shifted_log,c,3.0,0.5,3,3,3,1.0,42,True,6,0.9941082943824726,0.859447879959926,1.1100400921226772e-05,,,,,,1.1102230246251565e-16,0.0
How do within-family activation hyperparameters tune the welfare-convergence tradeoff?,hyperparameter_shifted_log,c,3.0,brd,shifted_log,c,3.0,0.5,3,3,3,1.0,45,True,4,0.9984003211059983,0.9615048061897484,4.4834773839042e-05,,,,,,1.1102230246251565e-16,0.0
How do within-family activation hyperparameters tune the welfare-convergence tradeoff?,hyperparameter_shifted_log,c,3.0,brd,shifted_log,c,3.0,0.5,3,3,3,1.0,43,True,5,0.9903042093684298,0.7866993561123757,9.70541652027812e-05,,,,,,2.220446049250313e-16,0.0
How do within-family activation hyperparameters tune the welfare-convergence tradeoff?,hyperparameter_shifted_log,c,3.0,brd,shifted_log,c,3.0,0.5,3,3,3,1.0,44,True,5,0.9900716145833334,0.800927700197413,9.651298831891975e-05,,,,,,1.1102230246251565e-16,1.1102230246251565e-16
How do within-family activation hyperparameters tune the welfare-convergence tradeoff?,hyperparameter_shifted_log,c,3.0,brd,shifted_log,c,3.0,0.5,3,3,3,1.0,46,True,5,0.995392350085163,0.8686418916278509,5.610804341077413e-05,,,,,,2.220446049250313e-16,0.0
How do within-family activation hyperparameters tune the welfare-convergence tradeoff?,hyperparameter_shifted_log,c,3.0,brd,shifted_log,c,3.0,0.5,3,3,3,1.0,49,True,4,0.9951171875,0.8475877332918812,7.74433165525168e-05,,,,,,1.1102230246251565e-16,2.220446049250313e-16
How do within-family activation hyperparameters tune the welfare-convergence tradeoff?,hyperparameter_shifted_log,c,3.0,brd,shifted_log,c,3.0,0.5,3,3,3,1.0,47,True,5,0.996505854923083,0.9230310652915094,1.690530858122763e-05,,,,,,1.1102230246251565e-16,1.1102230246251565e-16
How do within-family activation hyperparameters tune the welfare-convergence tradeoff?,hyperparameter_shifted_log,c,3.0,brd,shifted_log,c,3.0,0.5,3,3,3,1.0,48,True,5,0.9954427083333334,0.8906428331147601,4.574276111296571e-05,,,,,,1.1102230246251565e-16,1.1102230246251565e-16
How do within-family activation hyperparameters tune the welfare-convergence tradeoff?,hyperparameter_shifted_log,c,3.0,brd,shifted_log,c,3.0,0.5,3,3,3,1.0,50,True,5,0.996059631352339,0.8408861930118273,6.0056471622493834e-05,,,,,,2.220446049250313e-16,1.1102230246251565e-16
How do within-family activation hyperparameters tune the welfare-convergence tradeoff?,hyperparameter_shifted_log,c,3.0,brd,shifted_log,c,3.0,0.5,3,3,3,1.0,51,True,6,0.9963540559337637,0.8744338099311338,7.338494659059336e-06,,,,,,0.0,1.1102230246251565e-16
How do within-family activation hyperparameters tune the welfare-convergence tradeoff?,hyperparameter_shifted_log,c,3.0,brd,shifted_log,c,3.0,0.5,3,3,3,1.0,53,True,5,0.9930477651074517,0.8677168852497239,9.277662240453344e-05,,,,,,2.220446049250313e-16,2.220446049250313e-16
How do within-family activation hyperparameters tune the welfare-convergence tradeoff?,hyperparameter_shifted_log,c,3.0,brd,shifted_log,c,3.0,0.5,3,3,3,1.0,52,True,5,0.9954175292092482,0.8388643638966854,8.512484358241812e-05,,,,,,2.220446049250313e-16,1.1102230246251565e-16
How do within-family activation hyperparameters tune the welfare-convergence tradeoff?,hyperparameter_shifted_log,c,3.0,brd,shifted_log,c,3.0,0.5,3,3,3,1.0,54,True,6,0.9942272090897496,0.8573620613672951,4.435545655800954e-05,,,,,,2.220446049250313e-16,1.1102230246251565e-16
How do within-family activation hyperparameters tune the welfare-convergence tradeoff?,hyperparameter_shifted_log,c,3.0,brd,shifted_log,c,3.0,0.5,3,3,3,1.0,57,True,3,0.998046875,0.8816449817537387,9.287452857292822e-05,,,,,,0.0,2.220446049250313e-16
How do within-family activation hyperparameters tune the welfare-convergence tradeoff?,hyperparameter_shifted_log,c,3.0,brd,shifted_log,c,3.0,0.5,3,3,3,1.0,56,True,5,0.997098237772665,0.8986641534618219,4.6031004730939795e-05,,,,,,0.0,2.220446049250313e-16
How do within-family activation hyperparameters tune the welfare-convergence tradeoff?,hyperparameter_shifted_log,c,3.0,brd,shifted_log,c,3.0,0.5,3,3,3,1.0,55,True,5,0.9949001736111112,0.8577970631186905,8.547120066015879e-05,,,,,,1.1102230246251565e-16,2.220446049250313e-16
How do within-family activation hyperparameters tune the welfare-convergence tradeoff?,hyperparameter_shifted_log,c,3.0,brd,shifted_log,c,3.0,0.5,3,3,3,1.0,58,True,5,0.9918077256944444,0.8425073828732289,7.124132966634944e-05,,,,,,1.1102230246251565e-16,0.0
How do within-family activation hyperparameters tune the welfare-convergence tradeoff?,hyperparameter_shifted_log,c,3.0,brd,shifted_log,c,3.0,0.5,3,3,3,1.0,59,True,5,0.9938151041666666,0.819080292325065,9.83715185498002e-05,,,,,,0.0,2.220446049250313e-16
How do within-family activation hyperparameters tune the welfare-convergence tradeoff?,hyperparameter_shifted_log,c,3.0,brd,shifted_log,c,3.0,0.5,3,3,3,1.0,60,True,6,0.9922960069444444,0.8869473940211748,8.24147128875019e-05,,,,,,1.1102230246251565e-16,1.1102230246251565e-16
How do within-family activation hyperparameters tune the welfare-convergence tradeoff?,hyperparameter_shifted_log,c,3.0,brd,shifted_log,c,3.0,0.5,3,3,3,1.0,61,True,4,0.9954706336059983,0.8865102974955245,8.762309230331278e-05,,,,,,0.0,1.1102230246251565e-16
How do within-family activation hyperparameters tune the welfare-convergence tradeoff?,hyperparameter_shifted_log,c,3.0,brd,shifted_log,c,3.0,0.5,3,3,3,1.0,63,True,4,0.9979120398559983,0.91395908047285,8.854202244640286e-05,,,,,,1.1102230246251565e-16,0.0
How do within-family activation hyperparameters tune the welfare-convergence tradeoff?,hyperparameter_shifted_log,c,3.0,brd,shifted_log,c,3.0,0.5,3,3,3,1.0,62,True,5,0.9922417534722222,0.8524244872147074,6.699573655788438e-05,,,,,,1.1102230246251565e-16,1.1102230246251565e-16
How do within-family activation hyperparameters tune the welfare-convergence tradeoff?,hyperparameter_shifted_log,c,3.0,brd,shifted_log,c,3.0,0.5,3,3,3,1.0,65,True,5,0.9934337327880033,0.844784039719297,7.808038133477746e-05,,,,,,1.1102230246251565e-16,1.1102230246251565e-16
How do within-family activation hyperparameters tune the welfare-convergence tradeoff?,hyperparameter_shifted_log,c,3.0,brd,shifted_log,c,3.0,0.5,3,3,3,1.0,66,True,6,0.996857193835163,0.8720092678840959,5.132942278479602e-05,,,,,,1.1102230246251565e-16,0.0
How do within-family activation hyperparameters tune the welfare-convergence tradeoff?,hyperparameter_shifted_log,c,3.0,brd,shifted_log,c,3.0,0.5,3,3,3,1.0,64,True,6,0.9879014756944444,0.7754573881306613,6.948505020937246e-05,,,,,,1.1102230246251565e-16,2.220446049250313e-16
How do within-family activation hyperparameters tune the welfare-convergence tradeoff?,hyperparameter_shifted_log,c,3.0,brd,shifted_log,c,3.0,0.5,3,3,3,1.0,69,True,5,0.994552729923083,0.8918587006853255,9.464498900380036e-05,,,,,,2.220446049250313e-16,2.220446049250313e-16
How do within-family activation hyperparameters tune the welfare-convergence tradeoff?,hyperparameter_shifted_log,c,3.0,brd,shifted_log,c,3.0,0.5,3,3,3,1.0,68,True,5,0.994904068835163,0.8703472581329605,9.169826505545098e-05,,,,,,1.1102230246251565e-16,1.1102230246251565e-16
How do within-family activation hyperparameters tune the welfare-convergence tradeoff?,hyperparameter_shifted_log,c,3.0,brd,shifted_log,c,3.0,0.5,3,3,3,1.0,67,True,6,0.995145112772665,0.8480636291679189,1.7742401595521873e-05,,,,,,0.0,0.0
How do within-family activation hyperparameters tune the welfare-convergence tradeoff?,hyperparameter_shifted_log,c,3.0,brd,shifted_log,c,3.0,0.5,3,3,3,1.0,71,True,5,0.9929626295073187,0.8784300391772256,5.956757657493705e-05,,,,,,1.1102230246251565e-16,1.1102230246251565e-16
How do within-family activation hyperparameters tune the welfare-convergence tradeoff?,hyperparameter_shifted_log,c,3.0,brd,shifted_log,c,3.0,0.5,3,3,3,1.0,72,True,6,0.99261993070467,0.8673345421931385,6.179288731672505e-05,,,,,,1.1102230246251565e-16,2.220446049250313e-16
How do within-family activation hyperparameters tune the welfare-convergence tradeoff?,hyperparameter_shifted_log,c,3.0,brd,shifted_log,c,3.0,0.5,3,3,3,1.0,73,True,5,0.994202668920326,0.8565070257839599,6.0751380031309754e-05,,,,,,1.1102230246251565e-16,0.0
How do within-family activation hyperparameters tune the welfare-convergence tradeoff?,hyperparameter_shifted_log,c,3.0,brd,shifted_log,c,3.0,0.5,3,3,3,1.0,70,True,6,0.9924068120398329,0.8618736126117766,2.8253765990304824e-05,,,,,,0.0,2.220446049250313e-16
How do within-family activation hyperparameters tune the welfare-convergence tradeoff?,hyperparameter_shifted_log,c,3.0,brd,shifted_log,c,3.0,0.5,3,3,3,1.0,74,True,5,0.9968006422119967,0.8756718466087868,7.012182895504981e-05,,,,,,1.1102230246251565e-16,1.1102230246251565e-16
How do within-family activation hyperparameters tune the welfare-convergence tradeoff?,hyperparameter_shifted_log,c,3.0,brd,shifted_log,c,3.0,0.5,3,3,3,1.0,75,True,4,0.99462890625,0.8256909077395883,8.629858329806117e-05,,,,,,1.1102230246251565e-16,2.220446049250313e-16
How do within-family activation hyperparameters tune the welfare-convergence tradeoff?,hyperparameter_shifted_log,c,3.0,brd,shifted_log,c,3.0,0.5,3,3,3,1.0,77,True,5,0.9962643008647705,0.8709177427245341,7.452355686277112e-05,,,,,,0.0,2.220446049250313e-16
How do within-family activation hyperparameters tune the welfare-convergence tradeoff?,hyperparameter_shifted_log,c,3.0,brd,shifted_log,c,3.0,0.5,3,3,3,1.0,78,True,5,0.995667512670326,0.898771078689649,5.5442299718933e-05,,,,,,1.1102230246251565e-16,2.220446049250313e-16
How do within-family activation hyperparameters tune the welfare-convergence tradeoff?,hyperparameter_shifted_log,c,3.0,brd,shifted_log,c,3.0,0.5,3,3,3,1.0,76,True,6,0.9887399885274949,0.8162678154023447,6.902607617953471e-05,,,,,,2.220446049250313e-16,1.1102230246251565e-16
How do within-family activation hyperparameters tune the welfare-convergence tradeoff?,hyperparameter_shifted_log,c,3.0,brd,shifted_log,c,3.0,0.5,3,3,3,1.0,80,True,4,0.995179231420326,0.8912351048362744,3.4528500335362367e-05,,,,,,2.220446049250313e-16,2.220446049250313e-16
How do within-family activation hyperparameters tune the welfare-convergence tradeoff?,hyperparameter_shifted_log,c,3.0,brd,shifted_log,c,3.0,0.5,3,3,3,1.0,82,True,5,0.9904529859619967,0.8033407246275388,8.177139324144767e-05,,,,,,2.220446049250313e-16,2.220446049250313e-16
How do within-family activation hyperparameters tune the welfare-convergence tradeoff?,hyperparameter_shifted_log,c,3.0,brd,shifted_log,c,3.0,0.5,3,3,3,1.0,79,True,6,0.9912109375,0.794890826465017,6.736838176590876e-05,,,,,,1.1102230246251565e-16,2.220446049250313e-16
How do within-family activation hyperparameters tune the welfare-convergence tradeoff?,hyperparameter_shifted_log,c,3.0,brd,shifted_log,c,3.0,0.5,3,3,3,1.0,81,True,6,0.9916543527989894,0.8368439895184556,3.517360777877121e-05,,,,,,2.220446049250313e-16,1.1102230246251565e-16
How do within-family activation hyperparameters tune the welfare-convergence tradeoff?,hyperparameter_shifted_log,c,3.0,brd,shifted_log,c,3.0,0.5,3,3,3,1.0,83,True,5,0.996885119107828,0.926958304651377,6.951349833278497e-05,,,,,,0.0,2.220446049250313e-16
How do within-family activation hyperparameters tune the welfare-convergence tradeoff?,hyperparameter_shifted_log,c,3.0,brd,shifted_log,c,3.0,0.5,3,3,3,1.0,84,True,4,0.9964192708333334,0.9379900783241313,4.3282062753946526e-05,,,,,,2.220446049250313e-16,1.1102230246251565e-16
How do within-family activation hyperparameters tune the welfare-convergence tradeoff?,hyperparameter_shifted_log,c,3.0,brd,shifted_log,c,3.0,0.5,3,3,3,1.0,86,True,4,0.9968532986111112,0.8925191654037451,5.3289637958475744e-05,,,,,,2.220446049250313e-16,2.220446049250313e-16
How do within-family activation hyperparameters tune the welfare-convergence tradeoff?,hyperparameter_shifted_log,c,3.0,brd,shifted_log,c,3.0,0.5,3,3,3,1.0,85,True,4,0.9978408225384585,0.8626570780470696,7.538791551237045e-05,,,,,,1.1102230246251565e-16,1.1102230246251565e-16
How do within-family activation hyperparameters tune the welfare-convergence tradeoff?,hyperparameter_shifted_log,c,3.0,brd,shifted_log,c,3.0,0.5,3,3,3,1.0,87,True,3,0.99853515625,0.8621282534225876,7.957413839460026e-05,,,,,,2.220446049250313e-16,0.0
How do within-family activation hyperparameters tune the welfare-convergence tradeoff?,hyperparameter_shifted_log,c,3.0,brd,shifted_log,c,3.0,0.5,3,3,3,1.0,88,True,5,0.995880631335163,0.8839524347584904,4.436108030958508e-05,,,,,,1.1102230246251565e-16,2.220446049250313e-16
How do within-family activation hyperparameters tune the welfare-convergence tradeoff?,hyperparameter_shifted_log,c,3.0,brd,shifted_log,c,3.0,0.5,3,3,3,1.0,90,True,5,0.9965316730018297,0.8796853325472114,3.306254220103444e-05,,,,,,1.1102230246251565e-16,1.1102230246251565e-16
How do within-family activation hyperparameters tune the welfare-convergence tradeoff?,hyperparameter_shifted_log,c,3.0,brd,shifted_log,c,3.0,0.5,3,3,3,1.0,89,True,5,0.9964192708333334,0.8737706810233566,4.7133090298967506e-05,,,,,,1.1102230246251565e-16,0.0
How do within-family activation hyperparameters tune the welfare-convergence tradeoff?,hyperparameter_shifted_log,c,3.0,brd,shifted_log,c,3.0,0.5,3,3,3,1.0,91,True,6,0.9954531160961659,0.8460514183101416,1.759822955488266e-05,,,,,,0.0,2.220446049250313e-16
How do within-family activation hyperparameters tune the welfare-convergence tradeoff?,hyperparameter_shifted_log,c,3.0,brd,shifted_log,c,3.0,0.5,3,3,3,1.0,92,True,5,0.9943033854166666,0.8915319600136472,7.676764116737456e-05,,,,,,1.1102230246251565e-16,2.220446049250313e-16
How do within-family activation hyperparameters tune the welfare-convergence tradeoff?,hyperparameter_shifted_log,c,3.0,brd,shifted_log,c,3.0,0.5,3,3,3,1.0,93,True,5,0.992613737329674,0.784075196148589,9.576495856344902e-05,,,,,,1.1102230246251565e-16,1.1102230246251565e-16
How do within-family activation hyperparameters tune the welfare-convergence tradeoff?,hyperparameter_shifted_log,c,3.0,brd,shifted_log,c,3.0,0.5,3,3,3,1.0,95,True,5,0.997008268579674,0.9233923910058625,1.968406932834066e-05,,,,,,1.1102230246251565e-16,1.1102230246251565e-16
How do within-family activation hyperparameters tune the welfare-convergence tradeoff?,hyperparameter_shifted_log,c,3.0,brd,shifted_log,c,3.0,0.5,3,3,3,1.0,94,True,6,0.9924123043369927,0.8477726461253482,3.533864469085213e-05,,,,,,2.220446049250313e-16,1.1102230246251565e-16
How do within-family activation hyperparameters tune the welfare-convergence tradeoff?,hyperparameter_shifted_log,c,3.0,brd,shifted_log,c,3.0,0.5,3,3,3,1.0,96,True,5,0.9957682291666666,0.8789723131142506,4.870330781858723e-05,,,,,,2.220446049250313e-16,2.220446049250313e-16
How do within-family activation hyperparameters tune the welfare-convergence tradeoff?,hyperparameter_shifted_log,c,3.0,brd,shifted_log,c,3.0,0.5,3,3,3,1.0,97,True,5,0.9931640625,0.8088483019980455,9.683959957895727e-05,,,,,,2.220446049250313e-16,2.220446049250313e-16
How do within-family activation hyperparameters tune the welfare-convergence tradeoff?,hyperparameter_shifted_log,c,3.0,brd,shifted_log,c,3.0,0.5,3,3,3,1.0,98,True,4,0.9966827477463407,0.8795975264532675,7.926932344687332e-05,,,,,,1.1102230246251565e-16,2.220446049250313e-16
How do within-family activation hyperparameters tune the welfare-convergence tradeoff?,hyperparameter_shifted_log,c,4.0,brd,shifted_log,c,4.0,0.5,3,3,3,1.0,0,True,3,0.9972330729166666,0.8017400893153165,8.296637226190562e-05,,,,,,0.0,0.0
How do within-family activation hyperparameters tune the welfare-convergence tradeoff?,hyperparameter_shifted_log,c,3.0,brd,shifted_log,c,3.0,0.5,3,3,3,1.0,99,True,4,0.99658203125,0.9300243978654255,7.399934055291046e-05,,,,,,1.1102230246251565e-16,1.1102230246251565e-16
How do within-family activation hyperparameters tune the welfare-convergence tradeoff?,hyperparameter_shifted_log,c,4.0,brd,shifted_log,c,4.0,0.5,3,3,3,1.0,1,True,4,0.9974237586059983,0.8561169964008517,8.590982575784611e-05,,,,,,1.1102230246251565e-16,1.1102230246251565e-16
How do within-family activation hyperparameters tune the welfare-convergence tradeoff?,hyperparameter_shifted_log,c,4.0,brd,shifted_log,c,4.0,0.5,3,3,3,1.0,3,True,4,0.9990776909722222,0.9107909350557207,4.8734099374836415e-05,,,,,,2.220446049250313e-16,2.220446049250313e-16
How do within-family activation hyperparameters tune the welfare-convergence tradeoff?,hyperparameter_shifted_log,c,4.0,brd,shifted_log,c,4.0,0.5,3,3,3,1.0,2,True,4,0.99755859375,0.8441021161415027,6.791889176066546e-05,,,,,,1.1102230246251565e-16,1.1102230246251565e-16
How do within-family activation hyperparameters tune the welfare-convergence tradeoff?,hyperparameter_shifted_log,c,4.0,brd,shifted_log,c,4.0,0.5,3,3,3,1.0,4,True,4,0.9974237586059983,0.8498229901188994,8.072166241790413e-05,,,,,,1.1102230246251565e-16,0.0
How do within-family activation hyperparameters tune the welfare-convergence tradeoff?,hyperparameter_shifted_log,c,4.0,brd,shifted_log,c,4.0,0.5,3,3,3,1.0,7,True,3,0.998046875,0.8864451399622751,4.613982392548399e-05,,,,,,1.1102230246251565e-16,0.0
How do within-family activation hyperparameters tune the welfare-convergence tradeoff?,hyperparameter_shifted_log,c,4.0,brd,shifted_log,c,4.0,0.5,3,3,3,1.0,6,True,3,0.9990234375,0.8105623096629916,2.5265973494947858e-05,,,,,,1.1102230246251565e-16,1.1102230246251565e-16
How do within-family activation hyperparameters tune the welfare-convergence tradeoff?,hyperparameter_shifted_log,c,4.0,brd,shifted_log,c,4.0,0.5,3,3,3,1.0,5,True,4,0.9971568965897496,0.8152936492841283,3.951836891336047e-05,,,,,,1.1102230246251565e-16,2.220446049250313e-16
How do within-family activation hyperparameters tune the welfare-convergence tradeoff?,hyperparameter_shifted_log,c,4.0,brd,shifted_log,c,4.0,0.5,3,3,3,1.0,8,True,5,0.9969354773559983,0.8480122121651826,8.035106280335214e-05,,,,,,2.220446049250313e-16,1.1102230246251565e-16
How do within-family activation hyperparameters tune the welfare-convergence tradeoff?,hyperparameter_shifted_log,c,4.0,brd,shifted_log,c,4.0,0.5,3,3,3,1.0,9,True,4,0.9973525412884585,0.7983336416136261,5.439342426216687e-05,,,,,,1.1102230246251565e-16,1.1102230246251565e-16
How do within-family activation hyperparameters tune the welfare-convergence tradeoff?,hyperparameter_shifted_log,c,4.0,brd,shifted_log,c,4.0,0.5,3,3,3,1.0,10,True,4,0.9978282640380033,0.8548767978765892,8.880753565299049e-05,,,,,,2.220446049250313e-16,2.220446049250313e-16
How do within-family activation hyperparameters tune the welfare-convergence tradeoff?,hyperparameter_shifted_log,c,4.0,brd,shifted_log,c,4.0,0.5,3,3,3,1.0,11,True,5,0.9953186204926813,0.80808170269982,9.525349960831653e-05,,,,,,0.0,2.220446049250313e-16
How do within-family activation hyperparameters tune the welfare-convergence tradeoff?,hyperparameter_shifted_log,c,4.0,brd,shifted_log,c,4.0,0.5,3,3,3,1.0,13,True,3,0.998046875,0.8284163007446258,5.4829145038071125e-05,,,,,,1.1102230246251565e-16,1.1102230246251565e-16
How do within-family activation hyperparameters tune the welfare-convergence tradeoff?,hyperparameter_shifted_log,c,4.0,brd,shifted_log,c,4.0,0.5,3,3,3,1.0,12,True,4,0.998046875,0.8427620493289911,4.959347251726198e-05,,,,,,0.0,1.1102230246251565e-16
How do within-family activation hyperparameters tune the welfare-convergence tradeoff?,hyperparameter_shifted_log,c,4.0,brd,shifted_log,c,4.0,0.5,3,3,3,1.0,14,True,3,0.9990234375,0.9256147090876335,4.0732374591068155e-05,,,,,,2.220446049250313e-16,1.1102230246251565e-16
How do within-family activation hyperparameters tune the welfare-convergence tradeoff?,hyperparameter_shifted_log,c,4.0,brd,shifted_log,c,4.0,0.5,3,3,3,1.0,17,True,4,0.9973399827880033,0.8477060593229924,3.889335029139129e-05,,,,,,2.220446049250313e-16,2.220446049250313e-16
How do within-family activation hyperparameters tune the welfare-convergence tradeoff?,hyperparameter_shifted_log,c,4.0,brd,shifted_log,c,4.0,0.5,3,3,3,1.0,15,True,3,0.9986475584184963,0.8588224820073082,5.678764679667436e-05,,,,,,2.220446049250313e-16,2.220446049250313e-16
How do within-family activation hyperparameters tune the welfare-convergence tradeoff?,hyperparameter_shifted_log,c,4.0,brd,shifted_log,c,4.0,0.5,3,3,3,1.0,18,True,3,0.998046875,0.8672513736361651,5.4263957644795635e-05,,,,,,1.1102230246251565e-16,2.220446049250313e-16
How do within-family activation hyperparameters tune the welfare-convergence tradeoff?,hyperparameter_shifted_log,c,4.0,brd,shifted_log,c,4.0,0.5,3,3,3,1.0,19,True,4,0.998046875,0.9016633049057488,4.1847590652954736e-05,,,,,,2.220446049250313e-16,1.1102230246251565e-16
How do within-family activation hyperparameters tune the welfare-convergence tradeoff?,hyperparameter_shifted_log,c,4.0,brd,shifted_log,c,4.0,0.5,3,3,3,1.0,16,True,5,0.997345475085163,0.7990784190552747,2.8544225223747777e-05,,,,,,1.1102230246251565e-16,1.1102230246251565e-16
How do within-family activation hyperparameters tune the welfare-convergence tradeoff?,hyperparameter_shifted_log,c,4.0,brd,shifted_log,c,4.0,0.5,3,3,3,1.0,20,True,3,0.9981334590897496,0.8789674337489317,1.7958142321028436e-05,,,,,,2.220446049250313e-16,1.1102230246251565e-16
How do within-family activation hyperparameters tune the welfare-convergence tradeoff?,hyperparameter_shifted_log,c,4.0,brd,shifted_log,c,4.0,0.5,3,3,3,1.0,22,True,4,0.9977213541666666,0.894049787882054,6.048214708426203e-05,,,,,,2.220446049250313e-16,2.220446049250313e-16
How do within-family activation hyperparameters tune the welfare-convergence tradeoff?,hyperparameter_shifted_log,c,4.0,brd,shifted_log,c,4.0,0.5,3,3,3,1.0,21,True,4,0.997482417423083,0.85190834435349,6.845732118104797e-05,,,,,,1.1102230246251565e-16,2.220446049250313e-16
How do within-family activation hyperparameters tune the welfare-convergence tradeoff?,hyperparameter_shifted_log,c,4.0,brd,shifted_log,c,4.0,0.5,3,3,3,1.0,23,True,3,0.99853515625,0.9204394056567636,8.8153420824022e-05,,,,,,1.1102230246251565e-16,1.1102230246251565e-16
How do within-family activation hyperparameters tune the welfare-convergence tradeoff?,hyperparameter_shifted_log,c,4.0,brd,shifted_log,c,4.0,0.5,3,3,3,1.0,24,True,3,0.9990234375,0.9012887344459891,6.971386722665063e-05,,,,,,2.220446049250313e-16,2.220446049250313e-16
How do within-family activation hyperparameters tune the welfare-convergence tradeoff?,hyperparameter_shifted_log,c,4.0,brd,shifted_log,c,4.0,0.5,3,3,3,1.0,26,True,3,0.9990234375,0.8823362121671229,6.628370311678733e-05,,,,,,1.1102230246251565e-16,1.1102230246251565e-16
How do within-family activation hyperparameters tune the welfare-convergence tradeoff?,hyperparameter_shifted_log,c,4.0,brd,shifted_log,c,4.0,0.5,3,3,3,1.0,25,True,6,0.996121675272665,0.7728279731966511,4.163451072120017e-05,,,,,,1.1102230246251565e-16,1.1102230246251565e-16
How do within-family activation hyperparameters tune the welfare-convergence tradeoff?,hyperparameter_shifted_log,c,4.0,brd,shifted_log,c,4.0,0.5,3,3,3,1.0,27,True,5,0.9968013432898329,0.8413213680390847,5.404275274445425e-05,,,,,,2.220446049250313e-16,0.0
How do within-family activation hyperparameters tune the welfare-convergence tradeoff?,hyperparameter_shifted_log,c,4.0,brd,shifted_log,c,4.0,0.5,3,3,3,1.0,29,True,4,0.99658203125,0.8136166494565211,5.9196674536632354e-05,,,,,,0.0,2.220446049250313e-16
How do within-family activation hyperparameters tune the welfare-convergence tradeoff?,hyperparameter_shifted_log,c,4.0,brd,shifted_log,c,4.0,0.5,3,3,3,1.0,31,True,3,0.998046875,0.8453763647093475,8.376053490799507e-05,,,,,,1.1102230246251565e-16,1.1102230246251565e-16
How do within-family activation hyperparameters tune the welfare-convergence tradeoff?,hyperparameter_shifted_log,c,4.0,brd,shifted_log,c,4.0,0.5,3,3,3,1.0,30,True,3,0.998046875,0.8852019290337801,7.252373304761361e-05,,,,,,1.1102230246251565e-16,0.0
How do within-family activation hyperparameters tune the welfare-convergence tradeoff?,hyperparameter_shifted_log,c,4.0,brd,shifted_log,c,4.0,0.5,3,3,3,1.0,28,True,6,0.9963968378578281,0.8129463712823068,2.5367939495646308e-05,,,,,,2.220446049250313e-16,0.0
How do within-family activation hyperparameters tune the welfare-convergence tradeoff?,hyperparameter_shifted_log,c,4.0,brd,shifted_log,c,4.0,0.5,3,3,3,1.0,32,True,4,0.9983723958333334,0.8785695489446089,4.2116115798129794e-05,,,,,,2.220446049250313e-16,2.220446049250313e-16
How do within-family activation hyperparameters tune the welfare-convergence tradeoff?,hyperparameter_shifted_log,c,4.0,brd,shifted_log,c,4.0,0.5,3,3,3,1.0,33,True,4,0.9978282640380033,0.8619734236805908,6.06703090668681e-05,,,,,,1.1102230246251565e-16,1.1102230246251565e-16
How do within-family activation hyperparameters tune the welfare-convergence tradeoff?,hyperparameter_shifted_log,c,4.0,brd,shifted_log,c,4.0,0.5,3,3,3,1.0,34,True,4,0.997922787159348,0.8224172077051389,6.813751894069187e-05,,,,,,1.1102230246251565e-16,1.1102230246251565e-16
How do within-family activation hyperparameters tune the welfare-convergence tradeoff?,hyperparameter_shifted_log,c,4.0,brd,shifted_log,c,4.0,0.5,3,3,3,1.0,35,True,5,0.9967294248944568,0.7658092750754119,1.4840610621180694e-05,,,,,,1.1102230246251565e-16,2.220446049250313e-16
How do within-family activation hyperparameters tune the welfare-convergence tradeoff?,hyperparameter_shifted_log,c,4.0,brd,shifted_log,c,4.0,0.5,3,3,3,1.0,38,True,4,0.998748274914837,0.9131980004696166,8.407371672436437e-05,,,,,,1.1102230246251565e-16,1.1102230246251565e-16
How do within-family activation hyperparameters tune the welfare-convergence tradeoff?,hyperparameter_shifted_log,c,4.0,brd,shifted_log,c,4.0,0.5,3,3,3,1.0,36,True,4,0.9986979166666666,0.8972699655256037,8.425326955241452e-05,,,,,,1.1102230246251565e-16,0.0
How do within-family activation hyperparameters tune the welfare-convergence tradeoff?,hyperparameter_shifted_log,c,4.0,brd,shifted_log,c,4.0,0.5,3,3,3,1.0,37,True,5,0.9956706836495696,0.7822794702520822,9.54517634815244e-05,,,,,,1.1102230246251565e-16,0.0
How do within-family activation hyperparameters tune the welfare-convergence tradeoff?,hyperparameter_shifted_log,c,4.0,brd,shifted_log,c,4.0,0.5,3,3,3,1.0,39,True,3,0.99853515625,0.8928242538843126,1.143144644877303e-05,,,,,,2.220446049250313e-16,2.220446049250313e-16
How do within-family activation hyperparameters tune the welfare-convergence tradeoff?,hyperparameter_shifted_log,c,4.0,brd,shifted_log,c,4.0,0.5,3,3,3,1.0,40,True,4,0.995529292423083,0.7958405398347349,3.738501984823506e-05,,,,,,2.220446049250313e-16,1.1102230246251565e-16
How do within-family activation hyperparameters tune the welfare-convergence tradeoff?,hyperparameter_shifted_log,c,4.0,brd,shifted_log,c,4.0,0.5,3,3,3,1.0,41,True,3,0.9990234375,0.8945642437307102,2.7556220660918118e-05,,,,,,1.1102230246251565e-16,1.1102230246251565e-16
How do within-family activation hyperparameters tune the welfare-convergence tradeoff?,hyperparameter_shifted_log,c,4.0,brd,shifted_log,c,4.0,0.5,3,3,3,1.0,42,True,4,0.9973525412884585,0.8455175138083431,4.900725363454761e-05,,,,,,2.220446049250313e-16,0.0
How do within-family activation hyperparameters tune the welfare-convergence tradeoff?,hyperparameter_shifted_log,c,4.0,brd,shifted_log,c,4.0,0.5,3,3,3,1.0,45,True,2,0.9991861979166666,0.9574851029461767,7.499114138131979e-05,,,,,,2.220446049250313e-16,2.220446049250313e-16
How do within-family activation hyperparameters tune the welfare-convergence tradeoff?,hyperparameter_shifted_log,c,4.0,brd,shifted_log,c,4.0,0.5,3,3,3,1.0,47,True,3,0.9990234375,0.9118021686342915,8.089959162171922e-05,,,,,,2.220446049250313e-16,1.1102230246251565e-16
How do within-family activation hyperparameters tune the welfare-convergence tradeoff?,hyperparameter_shifted_log,c,4.0,brd,shifted_log,c,4.0,0.5,3,3,3,1.0,46,True,4,0.998046875,0.8570305922609219,7.655373009607391e-05,,,,,,1.1102230246251565e-16,1.1102230246251565e-16
How do within-family activation hyperparameters tune the welfare-convergence tradeoff?,hyperparameter_shifted_log,c,4.0,brd,shifted_log,c,4.0,0.5,3,3,3,1.0,43,True,5,0.9955512152777778,0.7645223684811424,7.581480488877412e-05,,,,,,0.0,2.220446049250313e-16
How do within-family activation hyperparameters tune the welfare-convergence tradeoff?,hyperparameter_shifted_log,c,4.0,brd,shifted_log,c,4.0,0.5,3,3,3,1.0,44,True,5,0.9960433917518297,0.7768745258434734,5.997979704586154e-05,,,,,,1.1102230246251565e-16,0.0
How do within-family activation hyperparameters tune the welfare-convergence tradeoff?,hyperparameter_shifted_log,c,4.0,brd,shifted_log,c,4.0,0.5,3,3,3,1.0,50,True,3,0.99853515625,0.829625205200891,8.000479080838563e-05,,,,,,2.220446049250313e-16,1.1102230246251565e-16
How do within-family activation hyperparameters tune the welfare-convergence tradeoff?,hyperparameter_shifted_log,c,4.0,brd,shifted_log,c,4.0,0.5,3,3,3,1.0,51,True,3,0.99853515625,0.8644743907493776,5.511932538576625e-05,,,,,,2.220446049250313e-16,2.220446049250313e-16
How do within-family activation hyperparameters tune the welfare-convergence tradeoff?,hyperparameter_shifted_log,c,4.0,brd,shifted_log,c,4.0,0.5,3,3,3,1.0,49,True,3,0.99853515625,0.8337136502834354,6.560511219599885e-05,,,,,,0.0,2.220446049250313e-16
How do within-family activation hyperparameters tune the welfare-convergence tradeoff?,hyperparameter_shifted_log,c,4.0,brd,shifted_log,c,4.0,0.5,3,3,3,1.0,48,True,4,0.9979965167518297,0.8803074462421199,9.433883170967272e-05,,,,,,2.220446049250313e-16,0.0
How do within-family activation hyperparameters tune the welfare-convergence tradeoff?,hyperparameter_shifted_log,c,4.0,brd,shifted_log,c,4.0,0.5,3,3,3,1.0,53,True,3,0.998046875,0.8460929155526484,8.63892999002358e-05,,,,,,2.220446049250313e-16,2.220446049250313e-16
How do within-family activation hyperparameters tune the welfare-convergence tradeoff?,hyperparameter_shifted_log,c,4.0,brd,shifted_log,c,4.0,0.5,3,3,3,1.0,52,True,3,0.99853515625,0.8266728264207464,3.24387665328052e-05,,,,,,0.0,0.0
How do within-family activation hyperparameters tune the welfare-convergence tradeoff?,hyperparameter_shifted_log,c,4.0,brd,shifted_log,c,4.0,0.5,3,3,3,1.0,55,True,4,0.9978841145833334,0.8456829913614435,6.816460733810592e-05,,,,,,2.220446049250313e-16,2.220446049250313e-16
How do within-family activation hyperparameters tune the welfare-convergence tradeoff?,hyperparameter_shifted_log,c,4.0,brd,shifted_log,c,4.0,0.5,3,3,3,1.0,54,True,4,0.9979120398559983,0.8420199967232249,8.210321188450997e-05,,,,,,1.1102230246251565e-16,2.220446049250313e-16
How do within-family activation hyperparameters tune the welfare-convergence tradeoff?,hyperparameter_shifted_log,c,4.0,brd,shifted_log,c,4.0,0.5,3,3,3,1.0,56,True,2,0.9986979166666666,0.8913965465727953,9.904412513106475e-05,,,,,,2.220446049250313e-16,2.220446049250313e-16
How do within-family activation hyperparameters tune the welfare-convergence tradeoff?,hyperparameter_shifted_log,c,4.0,brd,shifted_log,c,4.0,0.5,3,3,3,1.0,57,True,3,0.99951171875,0.8739000229270507,5.5377583800808594e-05,,,,,,1.1102230246251565e-16,2.220446049250313e-16
How do within-family activation hyperparameters tune the welfare-convergence tradeoff?,hyperparameter_shifted_log,c,4.0,brd,shifted_log,c,4.0,0.5,3,3,3,1.0,58,True,4,0.9975082355018297,0.8195883793250115,8.66873274178448e-05,,,,,,2.220446049250313e-16,0.0
How do within-family activation hyperparameters tune the welfare-convergence tradeoff?,hyperparameter_shifted_log,c,4.0,brd,shifted_log,c,4.0,0.5,3,3,3,1.0,60,True,4,0.9978841145833334,0.8647426479755534,9.425217211139758e-05,,,,,,2.220446049250313e-16,0.0
How do within-family activation hyperparameters tune the welfare-convergence tradeoff?,hyperparameter_shifted_log,c,4.0,brd,shifted_log,c,4.0,0.5,3,3,3,1.0,59,True,4,0.9978408225384585,0.8009679478203889,8.006304925695096e-05,,,,,,2.220446049250313e-16,2.220446049250313e-16
How do within-family activation hyperparameters tune the welfare-convergence tradeoff?,hyperparameter_shifted_log,c,4.0,brd,shifted_log,c,4.0,0.5,3,3,3,1.0,61,True,3,0.99853515625,0.8720796749909518,8.407183688236008e-05,,,,,,2.220446049250313e-16,1.1102230246251565e-16
How do within-family activation hyperparameters tune the welfare-convergence tradeoff?,hyperparameter_shifted_log,c,4.0,brd,shifted_log,c,4.0,0.5,3,3,3,1.0,63,True,3,0.9990234375,0.9095006223098366,3.043097887461821e-05,,,,,,0.0,2.220446049250313e-16
How do within-family activation hyperparameters tune the welfare-convergence tradeoff?,hyperparameter_shifted_log,c,4.0,brd,shifted_log,c,4.0,0.5,3,3,3,1.0,62,True,5,0.997345475085163,0.8309349901647244,8.618434488666393e-05,,,,,,2.220446049250313e-16,0.0
How do within-family activation hyperparameters tune the welfare-convergence tradeoff?,hyperparameter_shifted_log,c,4.0,brd,shifted_log,c,4.0,0.5,3,3,3,1.0,65,True,3,0.998046875,0.8264296327613777,5.493976340226192e-05,,,,,,2.220446049250313e-16,0.0
How do within-family activation hyperparameters tune the welfare-convergence tradeoff?,hyperparameter_shifted_log,c,4.0,brd,shifted_log,c,4.0,0.5,3,3,3,1.0,66,True,3,0.99853515625,0.8628427795749292,8.438280445688395e-05,,,,,,2.220446049250313e-16,1.1102230246251565e-16
How do within-family activation hyperparameters tune the welfare-convergence tradeoff?,hyperparameter_shifted_log,c,4.0,brd,shifted_log,c,4.0,0.5,3,3,3,1.0,64,True,6,0.9941651651694237,0.7512523584491806,2.5787740845439888e-05,,,,,,0.0,1.1102230246251565e-16
How do within-family activation hyperparameters tune the welfare-convergence tradeoff?,hyperparameter_shifted_log,c,4.0,brd,shifted_log,c,4.0,0.5,3,3,3,1.0,69,True,3,0.998046875,0.8775163686980908,5.708729668424395e-05,,,,,,2.220446049250313e-16,1.1102230246251565e-16
How do within-family activation hyperparameters tune the welfare-convergence tradeoff?,hyperparameter_shifted_log,c,4.0,brd,shifted_log,c,4.0,0.5,3,3,3,1.0,67,True,3,0.998046875,0.8355702099010189,6.59984185892859e-05,,,,,,2.220446049250313e-16,2.220446049250313e-16
How do within-family activation hyperparameters tune the welfare-convergence tradeoff?,hyperparameter_shifted_log,c,4.0,brd,shifted_log,c,4.0,0.5,3,3,3,1.0,68,True,4,0.9983723958333334,0.8571062681097136,7.778129469143691e-05,,,,,,1.1102230246251565e-16,2.220446049250313e-16
How do within-family activation hyperparameters tune the welfare-convergence tradeoff?,hyperparameter_shifted_log,c,4.0,brd,shifted_log,c,4.0,0.5,3,3,3,1.0,70,True,4,0.99658203125,0.8442696315013237,7.844754097047213e-05,,,,,,0.0,1.1102230246251565e-16
How do within-family activation hyperparameters tune the welfare-convergence tradeoff?,hyperparameter_shifted_log,c,4.0,brd,shifted_log,c,4.0,0.5,3,3,3,1.0,71,True,3,0.9976451778397496,0.8587421766957153,5.744703638843607e-05,,,,,,2.220446049250313e-16,2.220446049250313e-16
How do within-family activation hyperparameters tune the welfare-convergence tradeoff?,hyperparameter_shifted_log,c,4.0,brd,shifted_log,c,4.0,0.5,3,3,3,1.0,72,True,5,0.9969695960036593,0.8497011681162009,4.940706090189595e-05,,,,,,0.0,2.220446049250313e-16
How do within-family activation hyperparameters tune the welfare-convergence tradeoff?,hyperparameter_shifted_log,c,4.0,brd,shifted_log,c,4.0,0.5,3,3,3,1.0,73,True,4,0.997482417423083,0.8422676089498619,9.793344836889206e-05,,,,,,0.0,1.1102230246251565e-16
How do within-family activation hyperparameters tune the welfare-convergence tradeoff?,hyperparameter_shifted_log,c,4.0,brd,shifted_log,c,4.0,0.5,3,3,3,1.0,74,True,3,0.99853515625,0.8674739253807372,8.755955858830156e-05,,,,,,1.1102230246251565e-16,0.0
How do within-family activation hyperparameters tune the welfare-convergence tradeoff?,hyperparameter_shifted_log,c,4.0,brd,shifted_log,c,4.0,0.5,3,3,3,1.0,75,True,4,0.9977213541666666,0.8100890880268122,5.869321176982245e-05,,,,,,1.1102230246251565e-16,2.220446049250313e-16
How do within-family activation hyperparameters tune the welfare-convergence tradeoff?,hyperparameter_shifted_log,c,4.0,brd,shifted_log,c,4.0,0.5,3,3,3,1.0,76,True,5,0.9953078731893317,0.7887976935069271,5.4437269750240436e-05,,,,,,2.220446049250313e-16,0.0
How do within-family activation hyperparameters tune the welfare-convergence tradeoff?,hyperparameter_shifted_log,c,4.0,brd,shifted_log,c,4.0,0.5,3,3,3,1.0,77,True,4,0.9983723958333334,0.8628390985385325,6.712888144044804e-05,,,,,,0.0,1.1102230246251565e-16
How do within-family activation hyperparameters tune the welfare-convergence tradeoff?,hyperparameter_shifted_log,c,4.0,brd,shifted_log,c,4.0,0.5,3,3,3,1.0,78,True,3,0.99853515625,0.8874205338953063,7.472795657931242e-05,,,,,,0.0,2.220446049250313e-16
How do within-family activation hyperparameters tune the welfare-convergence tradeoff?,hyperparameter_shifted_log,c,4.0,brd,shifted_log,c,4.0,0.5,3,3,3,1.0,80,True,4,0.9978408225384585,0.8802158557650674,4.512519253141445e-05,,,,,,1.1102230246251565e-16,1.1102230246251565e-16
How do within-family activation hyperparameters tune the welfare-convergence tradeoff?,hyperparameter_shifted_log,c,4.0,brd,shifted_log,c,4.0,0.5,3,3,3,1.0,82,True,5,0.9963130620398329,0.7791746938051505,3.767436019502801e-05,,,,,,1.1102230246251565e-16,2.220446049250313e-16
How do within-family activation hyperparameters tune the welfare-convergence tradeoff?,hyperparameter_shifted_log,c,4.0,brd,shifted_log,c,4.0,0.5,3,3,3,1.0,79,True,6,0.9965316730018297,0.7725809175348642,2.6980604546145148e-05,,,,,,1.1102230246251565e-16,1.1102230246251565e-16
How do within-family activation hyperparameters tune the welfare-convergence tradeoff?,hyperparameter_shifted_log,c,4.0,brd,shifted_log,c,4.0,0.5,3,3,3,1.0,83,True,3,0.998046875,0.9216360852975963,7.345043610990087e-05,,,,,,0.0,1.1102230246251565e-16
How do within-family activation hyperparameters tune the welfare-convergence tradeoff?,hyperparameter_shifted_log,c,4.0,brd,shifted_log,c,4.0,0.5,3,3,3,1.0,81,True,5,0.9963130620398329,0.8178200022528014,6.982110758807503e-05,,,,,,0.0,2.220446049250313e-16
How do within-family activation hyperparameters tune the welfare-convergence tradeoff?,hyperparameter_shifted_log,c,4.0,brd,shifted_log,c,4.0,0.5,3,3,3,1.0,84,True,2,0.9991861979166666,0.9254962337938816,9.938692056088438e-05,,,,,,1.1102230246251565e-16,0.0
How do within-family activation hyperparameters tune the welfare-convergence tradeoff?,hyperparameter_shifted_log,c,4.0,brd,shifted_log,c,4.0,0.5,3,3,3,1.0,86,True,2,0.9991861979166666,0.8816748536240689,8.585508675890141e-05,,,,,,1.1102230246251565e-16,1.1102230246251565e-16
How do within-family activation hyperparameters tune the welfare-convergence tradeoff?,hyperparameter_shifted_log,c,4.0,brd,shifted_log,c,4.0,0.5,3,3,3,1.0,85,True,3,0.9990234375,0.856772248783305,4.891199890688647e-05,,,,,,1.1102230246251565e-16,0.0
How do within-family activation hyperparameters tune the welfare-convergence tradeoff?,hyperparameter_shifted_log,c,4.0,brd,shifted_log,c,4.0,0.5,3,3,3,1.0,87,True,3,0.99951171875,0.8565297631617552,5.5729287622874324e-05,,,,,,0.0,1.1102230246251565e-16
How do within-family activation hyperparameters tune the welfare-convergence tradeoff?,hyperparameter_shifted_log,c,4.0,brd,shifted_log,c,4.0,0.5,3,3,3,1.0,90,True,3,0.9987521701388888,0.8708029465904127,7.126427615578024e-05,,,,,,0.0,2.220446049250313e-16
How do within-family activation hyperparameters tune the welfare-convergence tradeoff?,hyperparameter_shifted_log,c,4.0,brd,shifted_log,c,4.0,0.5,3,3,3,1.0,89,True,3,0.9990234375,0.8622688263907182,8.114387326424444e-05,,,,,,2.220446049250313e-16,2.220446049250313e-16
How do within-family activation hyperparameters tune the welfare-convergence tradeoff?,hyperparameter_shifted_log,c,4.0,brd,shifted_log,c,4.0,0.5,3,3,3,1.0,88,True,5,0.998259993664837,0.8741829786864335,1.2480063018960319e-05,,,,,,1.1102230246251565e-16,0.0
How do within-family activation hyperparameters tune the welfare-convergence tradeoff?,hyperparameter_shifted_log,c,4.0,brd,shifted_log,c,4.0,0.5,3,3,3,1.0,91,True,3,0.998046875,0.8346021603792527,5.2982208672947007e-05,,,,,,2.220446049250313e-16,0.0
How do within-family activation hyperparameters tune the welfare-convergence tradeoff?,hyperparameter_shifted_log,c,4.0,brd,shifted_log,c,4.0,0.5,3,3,3,1.0,93,True,4,0.9975082355018297,0.7651378706756781,8.965415855927139e-05,,,,,,0.0,1.1102230246251565e-16
How do within-family activation hyperparameters tune the welfare-convergence tradeoff?,hyperparameter_shifted_log,c,4.0,brd,shifted_log,c,4.0,0.5,3,3,3,1.0,92,True,4,0.9983723958333334,0.875310537207247,2.0388501722590213e-05,,,,,,1.1102230246251565e-16,2.220446049250313e-16
How do within-family activation hyperparameters tune the welfare-convergence tradeoff?,hyperparameter_shifted_log,c,4.0,brd,shifted_log,c,4.0,0.5,3,3,3,1.0,95,True,2,0.9991861979166666,0.9130894695980505,8.045821098284778e-05,,,,,,2.220446049250313e-16,1.1102230246251565e-16
How do within-family activation hyperparameters tune the welfare-convergence tradeoff?,hyperparameter_shifted_log,c,4.0,brd,shifted_log,c,4.0,0.5,3,3,3,1.0,94,True,5,0.9972609981893317,0.8285905692621179,8.285012501613176e-05,,,,,,1.1102230246251565e-16,2.220446049250313e-16
How do within-family activation hyperparameters tune the welfare-convergence tradeoff?,hyperparameter_shifted_log,c,4.0,brd,shifted_log,c,4.0,0.5,3,3,3,1.0,96,True,4,0.9986727375425815,0.8668524332929876,7.92247338298746e-05,,,,,,0.0,1.1102230246251565e-16
How do within-family activation hyperparameters tune the welfare-convergence tradeoff?,hyperparameter_shifted_log,c,4.0,brd,shifted_log,c,4.0,0.5,3,3,3,1.0,98,True,3,0.99853515625,0.8699827468728872,6.37453756877071e-05,,,,,,2.220446049250313e-16,0.0
How do within-family activation hyperparameters tune the welfare-convergence tradeoff?,hyperparameter_shifted_log,c,5.0,brd,shifted_log,c,5.0,0.5,3,3,3,1.0,0,True,2,0.9991861979166666,0.7891255206460546,7.297949938511739e-05,,,,,,0.0,2.220446049250313e-16
How do within-family activation hyperparameters tune the welfare-convergence tradeoff?,hyperparameter_shifted_log,c,4.0,brd,shifted_log,c,4.0,0.5,3,3,3,1.0,97,True,5,0.9967880837115415,0.7926946731387917,5.349641545393524e-05,,,,,,0.0,2.220446049250313e-16
How do within-family activation hyperparameters tune the welfare-convergence tradeoff?,hyperparameter_shifted_log,c,5.0,brd,shifted_log,c,5.0,0.5,3,3,3,1.0,1,True,3,0.9990234375,0.844805000665613,7.115002072455301e-05,,,,,,1.1102230246251565e-16,0.0
How do within-family activation hyperparameters tune the welfare-convergence tradeoff?,hyperparameter_shifted_log,c,4.0,brd,shifted_log,c,4.0,0.5,3,3,3,1.0,99,True,4,0.9988606770833334,0.9216361914604851,6.7415363134148976e-06,,,,,,1.1102230246251565e-16,0.0
How do within-family activation hyperparameters tune the welfare-convergence tradeoff?,hyperparameter_shifted_log,c,5.0,brd,shifted_log,c,5.0,0.5,3,3,3,1.0,2,True,3,0.99853515625,0.8366148791914322,7.067723882214771e-05,,,,,,2.220446049250313e-16,2.220446049250313e-16
How do within-family activation hyperparameters tune the welfare-convergence tradeoff?,hyperparameter_shifted_log,c,5.0,brd,shifted_log,c,5.0,0.5,3,3,3,1.0,3,True,2,0.9996744791666666,0.9059371429952585,7.006867859848942e-05,,,,,,1.1102230246251565e-16,2.220446049250313e-16
How do within-family activation hyperparameters tune the welfare-convergence tradeoff?,hyperparameter_shifted_log,c,5.0,brd,shifted_log,c,5.0,0.5,3,3,3,1.0,4,True,3,0.998046875,0.8452387170922622,7.121229061235468e-05,,,,,,1.1102230246251565e-16,1.1102230246251565e-16
How do within-family activation hyperparameters tune the welfare-convergence tradeoff?,hyperparameter_shifted_log,c,5.0,brd,shifted_log,c,5.0,0.5,3,3,3,1.0,5,True,2,0.9986979166666666,0.8042482220897901,4.9788179806886657e-05,,,,,,2.220446049250313e-16,2.220446049250313e-16
How do within-family activation hyperparameters tune the welfare-convergence tradeoff?,hyperparameter_shifted_log,c,5.0,brd,shifted_log,c,5.0,0.5,3,3,3,1.0,7,True,3,0.99951171875,0.8771577179343852,4.065631789573754e-05,,,,,,2.220446049250313e-16,2.220446049250313e-16
How do within-family activation hyperparameters tune the welfare-convergence tradeoff?,hyperparameter_shifted_log,c,5.0,brd,shifted_log,c,5.0,0.5,3,3,3,1.0,6,True,3,0.9990234375,0.8094990661866102,2.0273436323992033e-05,,,,,,2.220446049250313e-16,1.1102230246251565e-16
How do within-family activation hyperparameters tune the welfare-convergence tradeoff?,hyperparameter_shifted_log,c,5.0,brd,shifted_log,c,5.0,0.5,3,3,3,1.0,8,True,3,0.99853515625,0.836956970589314,6.239392601592453e-05,,,,,,0.0,0.0
How do within-family activation hyperparameters tune the welfare-convergence tradeoff?,hyperparameter_shifted_log,c,5.0,brd,shifted_log,c,5.0,0.5,3,3,3,1.0,9,True,3,0.9990234375,0.786809519463053,4.182969872112974e-05,,,,,,0.0,1.1102230246251565e-16
How do within-family activation hyperparameters tune the welfare-convergence tradeoff?,hyperparameter_shifted_log,c,5.0,brd,shifted_log,c,5.0,0.5,3,3,3,1.0,10,True,3,0.9990234375,0.8471430092160318,2.9897343717721903e-05,,,,,,0.0,1.1102230246251565e-16
How do within-family activation hyperparameters tune the welfare-convergence tradeoff?,hyperparameter_shifted_log,c,5.0,brd,shifted_log,c,5.0,0.5,3,3,3,1.0,11,True,3,0.99853515625,0.7864734220573357,7.789069817770722e-05,,,,,,2.220446049250313e-16,1.1102230246251565e-16
How do within-family activation hyperparameters tune the welfare-convergence tradeoff?,hyperparameter_shifted_log,c,5.0,brd,shifted_log,c,5.0,0.5,3,3,3,1.0,13,True,3,0.9990234375,0.8215133505784485,5.655471844695503e-05,,,,,,2.220446049250313e-16,1.1102230246251565e-16
How do within-family activation hyperparameters tune the welfare-convergence tradeoff?,hyperparameter_shifted_log,c,5.0,brd,shifted_log,c,5.0,0.5,3,3,3,1.0,12,True,3,0.9990234375,0.8347750487773862,8.670412077882439e-05,,,,,,0.0,2.220446049250313e-16
How do within-family activation hyperparameters tune the welfare-convergence tradeoff?,hyperparameter_shifted_log,c,5.0,brd,shifted_log,c,5.0,0.5,3,3,3,1.0,14,True,2,0.9996744791666666,0.9210604560908306,6.44711217492322e-05,,,,,,1.1102230246251565e-16,1.1102230246251565e-16
How do within-family activation hyperparameters tune the welfare-convergence tradeoff?,hyperparameter_shifted_log,c,5.0,brd,shifted_log,c,5.0,0.5,3,3,3,1.0,16,True,3,0.99853515625,0.7905927536194585,7.325865127139064e-05,,,,,,0.0,2.220446049250313e-16
How do within-family activation hyperparameters tune the welfare-convergence tradeoff?,hyperparameter_shifted_log,c,5.0,brd,shifted_log,c,5.0,0.5,3,3,3,1.0,15,True,2,0.9991861979166666,0.8541078907331356,7.158450493754964e-05,,,,,,2.220446049250313e-16,0.0
How do within-family activation hyperparameters tune the welfare-convergence tradeoff?,hyperparameter_shifted_log,c,5.0,brd,shifted_log,c,5.0,0.5,3,3,3,1.0,18,True,3,0.99951171875,0.8584152847769762,1.2775476876558667e-05,,,,,,0.0,0.0
How do within-family activation hyperparameters tune the welfare-convergence tradeoff?,hyperparameter_shifted_log,c,5.0,brd,shifted_log,c,5.0,0.5,3,3,3,1.0,17,True,3,0.9990234375,0.8352948533732284,8.106494282433818e-05,,,,,,0.0,1.1102230246251565e-16
How do within-family activation hyperparameters tune the welfare-convergence tradeoff?,hyperparameter_shifted_log,c,5.0,brd,shifted_log,c,5.0,0.5,3,3,3,1.0,20,True,1,0.9993489583333334,0.870101282402655,6.141278091381652e-05,,,,,,1.1102230246251565e-16,2.220446049250313e-16
How do within-family activation hyperparameters tune the welfare-convergence tradeoff?,hyperparameter_shifted_log,c,5.0,brd,shifted_log,c,5.0,0.5,3,3,3,1.0,19,True,2,0.9991861979166666,0.8932637884779645,8.113993776359685e-05,,,,,,0.0,2.220446049250313e-16
How do within-family activation hyperparameters tune the welfare-convergence tradeoff?,hyperparameter_shifted_log,c,5.0,brd,shifted_log,c,5.0,0.5,3,3,3,1.0,22,True,3,0.9990234375,0.8854831067071975,1.0283738728911196e-05,,,,,,0.0,1.1102230246251565e-16
How do within-family activation hyperparameters tune the welfare-convergence tradeoff?,hyperparameter_shifted_log,c,5.0,brd,shifted_log,c,5.0,0.5,3,3,3,1.0,21,True,3,0.9990234375,0.840779265440593,7.12598846425716e-05,,,,,,0.0,0.0
How do within-family activation hyperparameters tune the welfare-convergence tradeoff?,hyperparameter_shifted_log,c,5.0,brd,shifted_log,c,5.0,0.5,3,3,3,1.0,24,True,2,0.9996744791666666,0.8964124659021029,8.256234567394216e-05,,,,,,0.0,2.220446049250313e-16
How do within-family activation hyperparameters tune the welfare-convergence tradeoff?,hyperparameter_shifted_log,c,5.0,brd,shifted_log,c,5.0,0.5,3,3,3,1.0,23,True,3,0.99951171875,0.9143850001236226,3.4143069559511297e-05,,,,,,1.1102230246251565e-16,1.1102230246251565e-16
How do within-family activation hyperparameters tune the welfare-convergence tradeoff?,hyperparameter_shifted_log,c,5.0,brd,shifted_log,c,5.0,0.5,3,3,3,1.0,25,True,3,0.998046875,0.7590885821170671,9.80038653459192e-05,,,,,,1.1102230246251565e-16,2.220446049250313e-16
How do within-family activation hyperparameters tune the welfare-convergence tradeoff?,hyperparameter_shifted_log,c,5.0,brd,shifted_log,c,5.0,0.5,3,3,3,1.0,27,True,3,0.99853515625,0.8299500725753068,4.947870106514207e-05,,,,,,1.1102230246251565e-16,0.0
How do within-family activation hyperparameters tune the welfare-convergence tradeoff?,hyperparameter_shifted_log,c,5.0,brd,shifted_log,c,5.0,0.5,3,3,3,1.0,26,True,3,0.99951171875,0.8792205045728566,2.6586044046095214e-05,,,,,,0.0,1.1102230246251565e-16
How do within-family activation hyperparameters tune the welfare-convergence tradeoff?,hyperparameter_shifted_log,c,5.0,brd,shifted_log,c,5.0,0.5,3,3,3,1.0,29,True,3,0.99853515625,0.8006496864834407,7.43434461920045e-05,,,,,,2.220446049250313e-16,2.220446049250313e-16
How do within-family activation hyperparameters tune the welfare-convergence tradeoff?,hyperparameter_shifted_log,c,5.0,brd,shifted_log,c,5.0,0.5,3,3,3,1.0,31,True,3,0.9990234375,0.8378552128594774,7.12278682287737e-05,,,,,,2.220446049250313e-16,1.1102230246251565e-16
How do within-family activation hyperparameters tune the welfare-convergence tradeoff?,hyperparameter_shifted_log,c,5.0,brd,shifted_log,c,5.0,0.5,3,3,3,1.0,28,True,4,0.9978841145833334,0.8027649728770072,5.149855688363347e-05,,,,,,1.1102230246251565e-16,1.1102230246251565e-16
How do within-family activation hyperparameters tune the welfare-convergence tradeoff?,hyperparameter_shifted_log,c,5.0,brd,shifted_log,c,5.0,0.5,3,3,3,1.0,30,True,3,0.9990234375,0.8786196317349889,4.2979148824284774e-05,,,,,,1.1102230246251565e-16,2.220446049250313e-16
How do within-family activation hyperparameters tune the welfare-convergence tradeoff?,hyperparameter_shifted_log,c,5.0,brd,shifted_log,c,5.0,0.5,3,3,3,1.0,32,True,4,0.998748274914837,0.8759338628799536,4.7357437104988964e-05,,,,,,2.220446049250313e-16,1.1102230246251565e-16
How do within-family activation hyperparameters tune the welfare-convergence tradeoff?,hyperparameter_shifted_log,c,5.0,brd,shifted_log,c,5.0,0.5,3,3,3,1.0,35,True,3,0.99853515625,0.7528377387580264,7.798353639842937e-05,,,,,,0.0,0.0
How do within-family activation hyperparameters tune the welfare-convergence tradeoff?,hyperparameter_shifted_log,c,5.0,brd,shifted_log,c,5.0,0.5,3,3,3,1.0,34,True,3,0.9986475584184963,0.8163290568262678,6.091575435629437e-05,,,,,,1.1102230246251565e-16,1.1102230246251565e-16
How do within-family activation hyperparameters tune the welfare-convergence tradeoff?,hyperparameter_shifted_log,c,5.0,brd,shifted_log,c,5.0,0.5,3,3,3,1.0,33,True,3,0.9990234375,0.8540725157514517,2.2868608113790767e-05,,,,,,2.220446049250313e-16,2.220446049250313e-16
How do within-family activation hyperparameters tune the welfare-convergence tradeoff?,hyperparameter_shifted_log,c,5.0,brd,shifted_log,c,5.0,0.5,3,3,3,1.0,37,True,4,0.9979965167518297,0.7663227248710678,6.570546699513624e-05,,,,,,1.1102230246251565e-16,2.220446049250313e-16
How do within-family activation hyperparameters tune the welfare-convergence tradeoff?,hyperparameter_shifted_log,c,5.0,brd,shifted_log,c,5.0,0.5,3,3,3,1.0,36,True,2,0.9996744791666666,0.8896861612500825,6.102866526352946e-05,,,,,,0.0,0.0
How do within-family activation hyperparameters tune the welfare-convergence tradeoff?,hyperparameter_shifted_log,c,5.0,brd,shifted_log,c,5.0,0.5,3,3,3,1.0,39,True,2,0.9996744791666666,0.8848011377723517,5.5087480738680306e-05,,,,,,1.1102230246251565e-16,1.1102230246251565e-16
How do within-family activation hyperparameters tune the welfare-convergence tradeoff?,hyperparameter_shifted_log,c,5.0,brd,shifted_log,c,5.0,0.5,3,3,3,1.0,38,True,2,0.9996744791666666,0.9056543362898499,8.177256082175788e-05,,,,,,0.0,1.1102230246251565e-16
How do within-family activation hyperparameters tune the welfare-convergence tradeoff?,hyperparameter_shifted_log,c,5.0,brd,shifted_log,c,5.0,0.5,3,3,3,1.0,41,True,1,0.9998372395833334,0.888040895077587,8.192154207203872e-05,,,,,,2.220446049250313e-16,1.1102230246251565e-16
How do within-family activation hyperparameters tune the welfare-convergence tradeoff?,hyperparameter_shifted_log,c,5.0,brd,shifted_log,c,5.0,0.5,3,3,3,1.0,42,True,3,0.9990234375,0.8340983922975175,4.296607545534181e-05,,,,,,0.0,1.1102230246251565e-16
How do within-family activation hyperparameters tune the welfare-convergence tradeoff?,hyperparameter_shifted_log,c,5.0,brd,shifted_log,c,5.0,0.5,3,3,3,1.0,40,True,3,0.99853515625,0.7764618344253292,5.617782150113548e-05,,,,,,1.1102230246251565e-16,2.220446049250313e-16
How do within-family activation hyperparameters tune the welfare-convergence tradeoff?,hyperparameter_shifted_log,c,5.0,brd,shifted_log,c,5.0,0.5,3,3,3,1.0,43,True,4,0.9975082355018297,0.7527357118653056,5.6774925949354405e-05,,,,,,1.1102230246251565e-16,2.220446049250313e-16
How do within-family activation hyperparameters tune the welfare-convergence tradeoff?,hyperparameter_shifted_log,c,5.0,brd,shifted_log,c,5.0,0.5,3,3,3,1.0,45,True,1,0.9998372395833334,0.9527617563256578,6.810411570873365e-05,,,,,,1.1102230246251565e-16,2.220446049250313e-16
How do within-family activation hyperparameters tune the welfare-convergence tradeoff?,hyperparameter_shifted_log,c,5.0,brd,shifted_log,c,5.0,0.5,3,3,3,1.0,44,True,3,0.998046875,0.7631266565480935,7.689759020496068e-05,,,,,,1.1102230246251565e-16,1.1102230246251565e-16
How do within-family activation hyperparameters tune the welfare-convergence tradeoff?,hyperparameter_shifted_log,c,5.0,brd,shifted_log,c,5.0,0.5,3,3,3,1.0,47,True,3,0.99951171875,0.908016445095493,3.944849217524249e-05,,,,,,2.220446049250313e-16,2.220446049250313e-16
How do within-family activation hyperparameters tune the welfare-convergence tradeoff?,hyperparameter_shifted_log,c,5.0,brd,shifted_log,c,5.0,0.5,3,3,3,1.0,48,True,2,0.9991861979166666,0.8717917903114712,8.158346970887909e-05,,,,,,0.0,0.0
How do within-family activation hyperparameters tune the welfare-convergence tradeoff?,hyperparameter_shifted_log,c,5.0,brd,shifted_log,c,5.0,0.5,3,3,3,1.0,46,True,3,0.9990234375,0.8501955782433054,6.525127034534561e-05,,,,,,1.1102230246251565e-16,1.1102230246251565e-16
How do within-family activation hyperparameters tune the welfare-convergence tradeoff?,hyperparameter_shifted_log,c,5.0,brd,shifted_log,c,5.0,0.5,3,3,3,1.0,49,True,2,0.9991861979166666,0.8281006530296966,8.185255732723329e-05,,,,,,1.1102230246251565e-16,0.0
How do within-family activation hyperparameters tune the welfare-convergence tradeoff?,hyperparameter_shifted_log,c,5.0,brd,shifted_log,c,5.0,0.5,3,3,3,1.0,50,True,3,0.99951171875,0.8224688793964345,6.158705297915068e-05,,,,,,1.1102230246251565e-16,1.1102230246251565e-16
How do within-family activation hyperparameters tune the welfare-convergence tradeoff?,hyperparameter_shifted_log,c,5.0,brd,shifted_log,c,5.0,0.5,3,3,3,1.0,53,True,3,0.99853515625,0.8420250304509835,7.818539661846868e-05,,,,,,1.1102230246251565e-16,2.220446049250313e-16
How do within-family activation hyperparameters tune the welfare-convergence tradeoff?,hyperparameter_shifted_log,c,5.0,brd,shifted_log,c,5.0,0.5,3,3,3,1.0,52,True,2,0.9991861979166666,0.8214490044928606,6.847426452244454e-05,,,,,,2.220446049250313e-16,1.1102230246251565e-16
How do within-family activation hyperparameters tune the welfare-convergence tradeoff?,hyperparameter_shifted_log,c,5.0,brd,shifted_log,c,5.0,0.5,3,3,3,1.0,51,True,2,0.9996744791666666,0.8555418263471708,7.883161626021096e-05,,,,,,1.1102230246251565e-16,1.1102230246251565e-16
How do within-family activation hyperparameters tune the welfare-convergence tradeoff?,hyperparameter_shifted_log,c,5.0,brd,shifted_log,c,5.0,0.5,3,3,3,1.0,55,True,3,0.9990234375,0.8377290284149875,7.498992428900397e-05,,,,,,0.0,2.220446049250313e-16
How do within-family activation hyperparameters tune the welfare-convergence tradeoff?,hyperparameter_shifted_log,c,5.0,brd,shifted_log,c,5.0,0.5,3,3,3,1.0,54,True,3,0.9990234375,0.8340254916760755,7.661368286404624e-05,,,,,,2.220446049250313e-16,1.1102230246251565e-16
How do within-family activation hyperparameters tune the welfare-convergence tradeoff?,hyperparameter_shifted_log,c,5.0,brd,shifted_log,c,5.0,0.5,3,3,3,1.0,56,True,2,0.9996744791666666,0.8853181950958632,5.259682285407852e-05,,,,,,2.220446049250313e-16,2.220446049250313e-16
How do within-family activation hyperparameters tune the welfare-convergence tradeoff?,hyperparameter_shifted_log,c,5.0,brd,shifted_log,c,5.0,0.5,3,3,3,1.0,58,True,3,0.99853515625,0.8120789823274718,8.951732138856583e-05,,,,,,2.220446049250313e-16,0.0
How do within-family activation hyperparameters tune the welfare-convergence tradeoff?,hyperparameter_shifted_log,c,5.0,brd,shifted_log,c,5.0,0.5,3,3,3,1.0,57,True,3,0.99951171875,0.8736897704417373,1.317434588066213e-05,,,,,,1.1102230246251565e-16,0.0
How do within-family activation hyperparameters tune the welfare-convergence tradeoff?,hyperparameter_shifted_log,c,5.0,brd,shifted_log,c,5.0,0.5,3,3,3,1.0,59,True,3,0.99853515625,0.7960267771849949,6.748467483375098e-05,,,,,,2.220446049250313e-16,1.1102230246251565e-16
How do within-family activation hyperparameters tune the welfare-convergence tradeoff?,hyperparameter_shifted_log,c,5.0,brd,shifted_log,c,5.0,0.5,3,3,3,1.0,61,True,3,0.9990234375,0.8685358592897185,1.6010091895057865e-05,,,,,,2.220446049250313e-16,2.220446049250313e-16
How do within-family activation hyperparameters tune the welfare-convergence tradeoff?,hyperparameter_shifted_log,c,5.0,brd,shifted_log,c,5.0,0.5,3,3,3,1.0,60,True,4,0.999236556164837,0.85454697968629,7.821498020044171e-05,,,,,,2.220446049250313e-16,1.1102230246251565e-16
How do within-family activation hyperparameters tune the welfare-convergence tradeoff?,hyperparameter_shifted_log,c,5.0,brd,shifted_log,c,5.0,0.5,3,3,3,1.0,63,True,1,0.9998372395833334,0.9027100745053654,7.608038354783853e-05,,,,,,2.220446049250313e-16,1.1102230246251565e-16
How do within-family activation hyperparameters tune the welfare-convergence tradeoff?,hyperparameter_shifted_log,c,5.0,brd,shifted_log,c,5.0,0.5,3,3,3,1.0,62,True,4,0.9981011284722222,0.8257915253905487,8.369567117522125e-05,,,,,,2.220446049250313e-16,1.1102230246251565e-16
How do within-family activation hyperparameters tune the welfare-convergence tradeoff?,hyperparameter_shifted_log,c,5.0,brd,shifted_log,c,5.0,0.5,3,3,3,1.0,64,True,3,0.998046875,0.7259622627324437,7.028337005859919e-05,,,,,,2.220446049250313e-16,2.220446049250313e-16
How do within-family activation hyperparameters tune the welfare-convergence tradeoff?,hyperparameter_shifted_log,c,5.0,brd,shifted_log,c,5.0,0.5,3,3,3,1.0,65,True,3,0.9990234375,0.8192726579913345,5.484670808630909e-05,,,,,,1.1102230246251565e-16,1.1102230246251565e-16
How do within-family activation hyperparameters tune the welfare-convergence tradeoff?,hyperparameter_shifted_log,c,5.0,brd,shifted_log,c,5.0,0.5,3,3,3,1.0,66,True,3,0.99951171875,0.8559737909620836,5.897765992812776e-05,,,,,,1.1102230246251565e-16,1.1102230246251565e-16
How do within-family activation hyperparameters tune the welfare-convergence tradeoff?,hyperparameter_shifted_log,c,5.0,brd,shifted_log,c,5.0,0.5,3,3,3,1.0,69,True,3,0.9990234375,0.8707415440521024,3.931042926808015e-05,,,,,,2.220446049250313e-16,1.1102230246251565e-16
How do within-family activation hyperparameters tune the welfare-convergence tradeoff?,hyperparameter_shifted_log,c,5.0,brd,shifted_log,c,5.0,0.5,3,3,3,1.0,67,True,3,0.9990234375,0.8286707689556311,5.3226509751924667e-05,,,,,,1.1102230246251565e-16,2.220446049250313e-16
How do within-family activation hyperparameters tune the welfare-convergence tradeoff?,hyperparameter_shifted_log,c,5.0,brd,shifted_log,c,5.0,0.5,3,3,3,1.0,70,True,3,0.9990234375,0.8278098672595969,8.04184617449466e-05,,,,,,2.220446049250313e-16,2.220446049250313e-16
How do within-family activation hyperparameters tune the welfare-convergence tradeoff?,hyperparameter_shifted_log,c,5.0,brd,shifted_log,c,5.0,0.5,3,3,3,1.0,68,True,3,0.9993489583333334,0.8496631120082924,8.101672583277209e-05,,,,,,0.0,2.220446049250313e-16
How do within-family activation hyperparameters tune the welfare-convergence tradeoff?,hyperparameter_shifted_log,c,5.0,brd,shifted_log,c,5.0,0.5,3,3,3,1.0,71,True,2,0.9991861979166666,0.8469241212409484,6.868503201024057e-05,,,,,,2.220446049250313e-16,1.1102230246251565e-16
How do within-family activation hyperparameters tune the welfare-convergence tradeoff?,hyperparameter_shifted_log,c,5.0,brd,shifted_log,c,5.0,0.5,3,3,3,1.0,73,True,2,0.9986979166666666,0.8333742729283143,7.996779561958434e-05,,,,,,1.1102230246251565e-16,0.0
How do within-family activation hyperparameters tune the welfare-convergence tradeoff?,hyperparameter_shifted_log,c,5.0,brd,shifted_log,c,5.0,0.5,3,3,3,1.0,72,True,3,0.998046875,0.8422351083326962,7.385218067557098e-05,,,,,,2.220446049250313e-16,0.0
How do within-family activation hyperparameters tune the welfare-convergence tradeoff?,hyperparameter_shifted_log,c,5.0,brd,shifted_log,c,5.0,0.5,3,3,3,1.0,74,True,3,0.99951171875,0.8614705155330192,4.698729916108313e-05,,,,,,1.1102230246251565e-16,0.0
How do within-family activation hyperparameters tune the welfare-convergence tradeoff?,hyperparameter_shifted_log,c,5.0,brd,shifted_log,c,5.0,0.5,3,3,3,1.0,75,True,3,0.99853515625,0.8038140877809417,6.350476283978335e-05,,,,,,2.220446049250313e-16,1.1102230246251565e-16
How do within-family activation hyperparameters tune the welfare-convergence tradeoff?,hyperparameter_shifted_log,c,5.0,brd,shifted_log,c,5.0,0.5,3,3,3,1.0,78,True,2,0.9996744791666666,0.8792332741526327,6.862581294836412e-05,,,,,,1.1102230246251565e-16,2.220446049250313e-16
How do within-family activation hyperparameters tune the welfare-convergence tradeoff?,hyperparameter_shifted_log,c,5.0,brd,shifted_log,c,5.0,0.5,3,3,3,1.0,77,True,3,0.99951171875,0.8550914914567477,7.639975683398914e-05,,,,,,1.1102230246251565e-16,1.1102230246251565e-16
How do within-family activation hyperparameters tune the welfare-convergence tradeoff?,hyperparameter_shifted_log,c,5.0,brd,shifted_log,c,5.0,0.5,3,3,3,1.0,80,True,3,0.9990234375,0.8727582263587008,6.383119283248639e-06,,,,,,0.0,1.1102230246251565e-16
How do within-family activation hyperparameters tune the welfare-convergence tradeoff?,hyperparameter_shifted_log,c,5.0,brd,shifted_log,c,5.0,0.5,3,3,3,1.0,82,True,3,0.998046875,0.7666037785024912,9.753988919586343e-05,,,,,,1.1102230246251565e-16,0.0
How do within-family activation hyperparameters tune the welfare-convergence tradeoff?,hyperparameter_shifted_log,c,5.0,brd,shifted_log,c,5.0,0.5,3,3,3,1.0,76,True,5,0.997833756335163,0.7720033157622636,3.0105755969400683e-05,,,,,,0.0,1.1102230246251565e-16
How do within-family activation hyperparameters tune the welfare-convergence tradeoff?,hyperparameter_shifted_log,c,5.0,brd,shifted_log,c,5.0,0.5,3,3,3,1.0,79,True,3,0.998046875,0.7610231345719157,9.133757689183675e-05,,,,,,0.0,1.1102230246251565e-16
How do within-family activation hyperparameters tune the welfare-convergence tradeoff?,hyperparameter_shifted_log,c,5.0,brd,shifted_log,c,5.0,0.5,3,3,3,1.0,81,True,3,0.99853515625,0.8036040638645171,3.275142523512242e-05,,,,,,1.1102230246251565e-16,1.1102230246251565e-16
How do within-family activation hyperparameters tune the welfare-convergence tradeoff?,hyperparameter_shifted_log,c,5.0,brd,shifted_log,c,5.0,0.5,3,3,3,1.0,83,True,3,0.99951171875,0.9127721014166698,3.6346060656888834e-05,,,,,,2.220446049250313e-16,2.220446049250313e-16
How do within-family activation hyperparameters tune the welfare-convergence tradeoff?,hyperparameter_shifted_log,c,5.0,brd,shifted_log,c,5.0,0.5,3,3,3,1.0,84,True,2,0.9991861979166666,0.9251960289026929,6.256852589220374e-05,,,,,,0.0,2.220446049250313e-16
How do within-family activation hyperparameters tune the welfare-convergence tradeoff?,hyperparameter_shifted_log,c,5.0,brd,shifted_log,c,5.0,0.5,3,3,3,1.0,85,True,2,0.9996744791666666,0.8516278422598745,5.549944334337642e-05,,,,,,0.0,0.0
How do within-family activation hyperparameters tune the welfare-convergence tradeoff?,hyperparameter_shifted_log,c,5.0,brd,shifted_log,c,5.0,0.5,3,3,3,1.0,86,True,2,0.9991861979166666,0.8813588126504185,5.519336217119086e-05,,,,,,2.220446049250313e-16,2.220446049250313e-16
How do within-family activation hyperparameters tune the welfare-convergence tradeoff?,hyperparameter_shifted_log,c,5.0,brd,shifted_log,c,5.0,0.5,3,3,3,1.0,89,True,2,0.9996744791666666,0.856290538594861,9.801085451299762e-05,,,,,,2.220446049250313e-16,2.220446049250313e-16
How do within-family activation hyperparameters tune the welfare-convergence tradeoff?,hyperparameter_shifted_log,c,5.0,brd,shifted_log,c,5.0,0.5,3,3,3,1.0,88,True,2,0.9991861979166666,0.8666809067091398,6.786656759816267e-05,,,,,,2.220446049250313e-16,2.220446049250313e-16
How do within-family activation hyperparameters tune the welfare-convergence tradeoff?,hyperparameter_shifted_log,c,5.0,brd,shifted_log,c,5.0,0.5,3,3,3,1.0,90,True,2,0.9996744791666666,0.8643787979899379,4.585445685312273e-05,,,,,,2.220446049250313e-16,1.1102230246251565e-16
How do within-family activation hyperparameters tune the welfare-convergence tradeoff?,hyperparameter_shifted_log,c,5.0,brd,shifted_log,c,5.0,0.5,3,3,3,1.0,87,True,2,0.9996744791666666,0.8543941750527705,6.324738412316622e-05,,,,,,2.220446049250313e-16,1.1102230246251565e-16
How do within-family activation hyperparameters tune the welfare-convergence tradeoff?,hyperparameter_shifted_log,c,5.0,brd,shifted_log,c,5.0,0.5,3,3,3,1.0,92,True,2,0.9986979166666666,0.8712232275930679,9.667039668492805e-05,,,,,,1.1102230246251565e-16,1.1102230246251565e-16
How do within-family activation hyperparameters tune the welfare-convergence tradeoff?,hyperparameter_shifted_log,c,5.0,brd,shifted_log,c,5.0,0.5,3,3,3,1.0,91,True,3,0.99853515625,0.8314271580746732,5.212247158936645e-05,,,,,,2.220446049250313e-16,2.220446049250313e-16
How do within-family activation hyperparameters tune the welfare-convergence tradeoff?,hyperparameter_shifted_log,c,5.0,brd,shifted_log,c,5.0,0.5,3,3,3,1.0,94,True,3,0.99853515625,0.8196078359755558,7.25485893398603e-05,,,,,,2.220446049250313e-16,1.1102230246251565e-16
How do within-family activation hyperparameters tune the welfare-convergence tradeoff?,hyperparameter_shifted_log,c,5.0,brd,shifted_log,c,5.0,0.5,3,3,3,1.0,95,True,2,0.9996744791666666,0.9091565303822472,5.2523271620474876e-05,,,,,,2.220446049250313e-16,2.220446049250313e-16
How do within-family activation hyperparameters tune the welfare-convergence tradeoff?,hyperparameter_shifted_log,c,5.0,brd,shifted_log,c,5.0,0.5,3,3,3,1.0,93,True,3,0.998046875,0.7617862110535415,8.407906562568623e-05,,,,,,1.1102230246251565e-16,2.220446049250313e-16
How do within-family activation hyperparameters tune the welfare-convergence tradeoff?,hyperparameter_shifted_log,c,5.0,brd,shifted_log,c,5.0,0.5,3,3,3,1.0,96,True,2,0.9991861979166666,0.8617735751957704,8.856218563163543e-05,,,,,,0.0,0.0
How do within-family activation hyperparameters tune the welfare-convergence tradeoff?,hyperparameter_shifted_log,c,5.0,brd,shifted_log,c,5.0,0.5,3,3,3,1.0,97,True,3,0.99853515625,0.7808868427371717,4.825354648629876e-05,,,,,,2.220446049250313e-16,0.0
How do within-family activation hyperparameters tune the welfare-convergence tradeoff?,hyperparameter_shifted_log,c,5.0,brd,shifted_log,c,5.0,0.5,3,3,3,1.0,98,True,3,0.9990234375,0.8666359259213173,4.2099275004481296e-05,,,,,,2.220446049250313e-16,1.1102230246251565e-16
How do within-family activation hyperparameters tune the welfare-convergence tradeoff?,hyperparameter_shifted_log,c,5.0,brd,shifted_log,c,5.0,0.5,3,3,3,1.0,99,True,1,0.9998372395833334,0.9125215505424574,8.341536974798558e-05,,,,,,2.220446049250313e-16,0.0
How do within-family activation hyperparameters tune the welfare-convergence tradeoff?,hyperparameter_shifted_log,c,7.0,brd,shifted_log,c,7.0,0.5,3,3,3,1.0,3,True,0,1.0,0.9003181416687122,7.247297862850166e-05,,,,,,1.1102230246251565e-16,1.1102230246251565e-16
How do within-family activation hyperparameters tune the welfare-convergence tradeoff?,hyperparameter_shifted_log,c,7.0,brd,shifted_log,c,7.0,0.5,3,3,3,1.0,0,True,1,0.9998372395833334,0.779448476860558,8.462785564705699e-05,,,,,,1.1102230246251565e-16,0.0
How do within-family activation hyperparameters tune the welfare-convergence tradeoff?,hyperparameter_shifted_log,c,7.0,brd,shifted_log,c,7.0,0.5,3,3,3,1.0,1,True,3,0.99951171875,0.8400447234710168,2.30085787663592e-05,,,,,,2.220446049250313e-16,2.220446049250313e-16
How do within-family activation hyperparameters tune the welfare-convergence tradeoff?,hyperparameter_shifted_log,c,7.0,brd,shifted_log,c,7.0,0.5,3,3,3,1.0,4,True,3,0.99951171875,0.8322906236715045,2.3986427530930943e-05,,,,,,0.0,0.0
How do within-family activation hyperparameters tune the welfare-convergence tradeoff?,hyperparameter_shifted_log,c,7.0,brd,shifted_log,c,7.0,0.5,3,3,3,1.0,2,True,3,0.99951171875,0.8272073837702693,2.5742962932506774e-05,,,,,,1.1102230246251565e-16,2.220446049250313e-16
How do within-family activation hyperparameters tune the welfare-convergence tradeoff?,hyperparameter_shifted_log,c,7.0,brd,shifted_log,c,7.0,0.5,3,3,3,1.0,6,True,1,0.9998372395833334,0.7999538996567955,5.446246077334127e-05,,,,,,0.0,1.1102230246251565e-16
How do within-family activation hyperparameters tune the welfare-convergence tradeoff?,hyperparameter_shifted_log,c,7.0,brd,shifted_log,c,7.0,0.5,3,3,3,1.0,5,True,2,0.9996744791666666,0.7928706075690309,3.0454552582381833e-05,,,,,,1.1102230246251565e-16,1.1102230246251565e-16
How do within-family activation hyperparameters tune the welfare-convergence tradeoff?,hyperparameter_shifted_log,c,7.0,brd,shifted_log,c,7.0,0.5,3,3,3,1.0,9,True,1,0.9998372395833334,0.774036634585498,9.962717276118527e-05,,,,,,1.1102230246251565e-16,2.220446049250313e-16
How do within-family activation hyperparameters tune the welfare-convergence tradeoff?,hyperparameter_shifted_log,c,7.0,brd,shifted_log,c,7.0,0.5,3,3,3,1.0,7,True,1,0.9998372395833334,0.8707871241374168,8.194540653488902e-05,,,,,,1.1102230246251565e-16,1.1102230246251565e-16
How do within-family activation hyperparameters tune the welfare-convergence tradeoff?,hyperparameter_shifted_log,c,7.0,brd,shifted_log,c,7.0,0.5,3,3,3,1.0,10,True,1,0.9998372395833334,0.8360286053367352,6.176253753820138e-05,,,,,,2.220446049250313e-16,1.1102230246251565e-16
How do within-family activation hyperparameters tune the welfare-convergence tradeoff?,hyperparameter_shifted_log,c,7.0,brd,shifted_log,c,7.0,0.5,3,3,3,1.0,8,True,2,0.9996744791666666,0.8239264354858853,7.345767044730778e-05,,,,,,0.0,0.0
How do within-family activation hyperparameters tune the welfare-convergence tradeoff?,hyperparameter_shifted_log,c,7.0,brd,shifted_log,c,7.0,0.5,3,3,3,1.0,14,True,0,1.0,0.9157178690202855,7.704374873984676e-05,,,,,,1.1102230246251565e-16,1.1102230246251565e-16
How do within-family activation hyperparameters tune the welfare-convergence tradeoff?,hyperparameter_shifted_log,c,7.0,brd,shifted_log,c,7.0,0.5,3,3,3,1.0,12,True,1,0.9998372395833334,0.8231617251583324,8.552583932552871e-05,,,,,,1.1102230246251565e-16,2.220446049250313e-16
How do within-family activation hyperparameters tune the welfare-convergence tradeoff?,hyperparameter_shifted_log,c,7.0,brd,shifted_log,c,7.0,0.5,3,3,3,1.0,11,True,3,0.99951171875,0.7749872843287436,4.349466033892746e-05,,,,,,1.1102230246251565e-16,2.220446049250313e-16
How do within-family activation hyperparameters tune the welfare-convergence tradeoff?,hyperparameter_shifted_log,c,7.0,brd,shifted_log,c,7.0,0.5,3,3,3,1.0,13,True,3,0.99951171875,0.8174576750492252,4.3690410611030295e-06,,,,,,1.1102230246251565e-16,1.1102230246251565e-16
How do within-family activation hyperparameters tune the welfare-convergence tradeoff?,hyperparameter_shifted_log,c,7.0,brd,shifted_log,c,7.0,0.5,3,3,3,1.0,18,True,0,1.0,0.8488966917228895,9.301091762231595e-05,,,,,,1.1102230246251565e-16,1.1102230246251565e-16
How do within-family activation hyperparameters tune the welfare-convergence tradeoff?,hyperparameter_shifted_log,c,7.0,brd,shifted_log,c,7.0,0.5,3,3,3,1.0,15,True,1,0.9998372395833334,0.8460687034812365,5.091327158607273e-05,,,,,,1.1102230246251565e-16,0.0
How do within-family activation hyperparameters tune the welfare-convergence tradeoff?,hyperparameter_shifted_log,c,7.0,brd,shifted_log,c,7.0,0.5,3,3,3,1.0,16,True,2,0.9996744791666666,0.7787544841724925,9.946845355135459e-05,,,,,,0.0,1.1102230246251565e-16
How do within-family activation hyperparameters tune the welfare-convergence tradeoff?,hyperparameter_shifted_log,c,7.0,brd,shifted_log,c,7.0,0.5,3,3,3,1.0,19,True,1,0.9998372395833334,0.8856380880907159,6.963370340729025e-05,,,,,,0.0,1.1102230246251565e-16
How do within-family activation hyperparameters tune the welfare-convergence tradeoff?,hyperparameter_shifted_log,c,7.0,brd,shifted_log,c,7.0,0.5,3,3,3,1.0,20,True,1,0.9998372395833334,0.863737422660321,1.924589956353584e-05,,,,,,2.220446049250313e-16,0.0
How do within-family activation hyperparameters tune the welfare-convergence tradeoff?,hyperparameter_shifted_log,c,7.0,brd,shifted_log,c,7.0,0.5,3,3,3,1.0,17,True,2,0.9996744791666666,0.8263079688572258,5.607072669860935e-05,,,,,,0.0,0.0
How do within-family activation hyperparameters tune the welfare-convergence tradeoff?,hyperparameter_shifted_log,c,7.0,brd,shifted_log,c,7.0,0.5,3,3,3,1.0,21,True,2,0.9996744791666666,0.8318340747825475,5.965013103864658e-05,,,,,,1.1102230246251565e-16,2.220446049250313e-16
How do within-family activation hyperparameters tune the welfare-convergence tradeoff?,hyperparameter_shifted_log,c,7.0,brd,shifted_log,c,7.0,0.5,3,3,3,1.0,23,True,0,1.0,0.9053968778167102,9.060758293594207e-05,,,,,,2.220446049250313e-16,2.220446049250313e-16
How do within-family activation hyperparameters tune the welfare-convergence tradeoff?,hyperparameter_shifted_log,c,7.0,brd,shifted_log,c,7.0,0.5,3,3,3,1.0,22,True,1,0.9998372395833334,0.8740199747510763,7.16370723971016e-05,,,,,,2.220446049250313e-16,2.220446049250313e-16
How do within-family activation hyperparameters tune the welfare-convergence tradeoff?,hyperparameter_shifted_log,c,7.0,brd,shifted_log,c,7.0,0.5,3,3,3,1.0,24,True,0,1.0,0.8903862229783114,7.650313032953049e-05,,,,,,2.220446049250313e-16,2.220446049250313e-16
How do within-family activation hyperparameters tune the welfare-convergence tradeoff?,hyperparameter_shifted_log,c,7.0,brd,shifted_log,c,7.0,0.5,3,3,3,1.0,26,True,0,1.0,0.8708635125148252,8.44647095597506e-05,,,,,,1.1102230246251565e-16,1.1102230246251565e-16
How do within-family activation hyperparameters tune the welfare-convergence tradeoff?,hyperparameter_shifted_log,c,7.0,brd,shifted_log,c,7.0,0.5,3,3,3,1.0,25,True,3,0.99951171875,0.743465089986033,4.5743086379723685e-05,,,,,,2.220446049250313e-16,2.220446049250313e-16
How do within-family activation hyperparameters tune the welfare-convergence tradeoff?,hyperparameter_shifted_log,c,7.0,brd,shifted_log,c,7.0,0.5,3,3,3,1.0,27,True,2,0.9996744791666666,0.8168793706711756,5.4279141419311117e-05,,,,,,1.1102230246251565e-16,2.220446049250313e-16
How do within-family activation hyperparameters tune the welfare-convergence tradeoff?,hyperparameter_shifted_log,c,7.0,brd,shifted_log,c,7.0,0.5,3,3,3,1.0,28,True,3,0.99951171875,0.7859437116860782,4.45640452697571e-05,,,,,,2.220446049250313e-16,1.1102230246251565e-16
How do within-family activation hyperparameters tune the welfare-convergence tradeoff?,hyperparameter_shifted_log,c,7.0,brd,shifted_log,c,7.0,0.5,3,3,3,1.0,29,True,3,0.99951171875,0.7901078919540119,4.3337667918641465e-05,,,,,,1.1102230246251565e-16,1.1102230246251565e-16
How do within-family activation hyperparameters tune the welfare-convergence tradeoff?,hyperparameter_shifted_log,c,7.0,brd,shifted_log,c,7.0,0.5,3,3,3,1.0,31,True,3,0.99951171875,0.8335428370653369,8.98054568060358e-06,,,,,,1.1102230246251565e-16,1.1102230246251565e-16
How do within-family activation hyperparameters tune the welfare-convergence tradeoff?,hyperparameter_shifted_log,c,7.0,brd,shifted_log,c,7.0,0.5,3,3,3,1.0,30,True,2,0.9996744791666666,0.8706258069766566,7.254346865065431e-05,,,,,,1.1102230246251565e-16,0.0
How do within-family activation hyperparameters tune the welfare-convergence tradeoff?,hyperparameter_shifted_log,c,7.0,brd,shifted_log,c,7.0,0.5,3,3,3,1.0,33,True,1,0.9998372395833334,0.8429689717875132,5.7277859821236454e-05,,,,,,0.0,2.220446049250313e-16
How do within-family activation hyperparameters tune the welfare-convergence tradeoff?,hyperparameter_shifted_log,c,7.0,brd,shifted_log,c,7.0,0.5,3,3,3,1.0,32,True,2,0.9996744791666666,0.8662035428581132,5.453301328345317e-05,,,,,,1.1102230246251565e-16,2.220446049250313e-16
How do within-family activation hyperparameters tune the welfare-convergence tradeoff?,hyperparameter_shifted_log,c,7.0,brd,shifted_log,c,7.0,0.5,3,3,3,1.0,34,True,1,0.9998372395833334,0.8015273162054201,8.003872096690179e-05,,,,,,1.1102230246251565e-16,1.1102230246251565e-16
How do within-family activation hyperparameters tune the welfare-convergence tradeoff?,hyperparameter_shifted_log,c,7.0,brd,shifted_log,c,7.0,0.5,3,3,3,1.0,35,True,2,0.9996744791666666,0.7390919159926592,9.104035776286157e-05,,,,,,1.1102230246251565e-16,0.0
How do within-family activation hyperparameters tune the welfare-convergence tradeoff?,hyperparameter_shifted_log,c,7.0,brd,shifted_log,c,7.0,0.5,3,3,3,1.0,36,True,1,0.9998372395833334,0.8865260610683876,6.178500132941744e-05,,,,,,2.220446049250313e-16,0.0
How do within-family activation hyperparameters tune the welfare-convergence tradeoff?,hyperparameter_shifted_log,c,7.0,brd,shifted_log,c,7.0,0.5,3,3,3,1.0,41,True,0,1.0,0.8845602534928975,8.548621498127851e-05,,,,,,2.220446049250313e-16,2.220446049250313e-16
How do within-family activation hyperparameters tune the welfare-convergence tradeoff?,hyperparameter_shifted_log,c,7.0,brd,shifted_log,c,7.0,0.5,3,3,3,1.0,38,True,1,0.9998372395833334,0.9026621087062159,6.795797136760484e-05,,,,,,2.220446049250313e-16,2.220446049250313e-16
How do within-family activation hyperparameters tune the welfare-convergence tradeoff?,hyperparameter_shifted_log,c,7.0,brd,shifted_log,c,7.0,0.5,3,3,3,1.0,39,True,1,0.9998372395833334,0.8812730862240664,8.390303327238113e-05,,,,,,2.220446049250313e-16,2.220446049250313e-16
How do within-family activation hyperparameters tune the welfare-convergence tradeoff?,hyperparameter_shifted_log,c,7.0,brd,shifted_log,c,7.0,0.5,3,3,3,1.0,37,True,3,0.9990234375,0.7552002302400699,6.953224224115484e-05,,,,,,1.1102230246251565e-16,2.220446049250313e-16
How do within-family activation hyperparameters tune the welfare-convergence tradeoff?,hyperparameter_shifted_log,c,7.0,brd,shifted_log,c,7.0,0.5,3,3,3,1.0,42,True,1,0.9998372395833334,0.8218652208285014,9.504562009671202e-05,,,,,,2.220446049250313e-16,2.220446049250313e-16
How do within-family activation hyperparameters tune the welfare-convergence tradeoff?,hyperparameter_shifted_log,c,7.0,brd,shifted_log,c,7.0,0.5,3,3,3,1.0,40,True,2,0.9991861979166666,0.7673867831890094,5.051139507383784e-05,,,,,,2.220446049250313e-16,2.220446049250313e-16
How do within-family activation hyperparameters tune the welfare-convergence tradeoff?,hyperparameter_shifted_log,c,7.0,brd,shifted_log,c,7.0,0.5,3,3,3,1.0,45,True,0,1.0,0.9494866624006776,8.168136149161453e-05,,,,,,2.220446049250313e-16,2.220446049250313e-16
How do within-family activation hyperparameters tune the welfare-convergence tradeoff?,hyperparameter_shifted_log,c,7.0,brd,shifted_log,c,7.0,0.5,3,3,3,1.0,43,True,3,0.99951171875,0.7321945148432926,5.735399598066904e-05,,,,,,2.220446049250313e-16,2.220446049250313e-16
How do within-family activation hyperparameters tune the welfare-convergence tradeoff?,hyperparameter_shifted_log,c,7.0,brd,shifted_log,c,7.0,0.5,3,3,3,1.0,46,True,1,0.9998372395833334,0.8399731120700906,7.357226934628924e-05,,,,,,0.0,2.220446049250313e-16
How do within-family activation hyperparameters tune the welfare-convergence tradeoff?,hyperparameter_shifted_log,c,7.0,brd,shifted_log,c,7.0,0.5,3,3,3,1.0,44,True,3,0.99951171875,0.7480393568025411,4.309080239384144e-05,,,,,,0.0,1.1102230246251565e-16
How do within-family activation hyperparameters tune the welfare-convergence tradeoff?,hyperparameter_shifted_log,c,7.0,brd,shifted_log,c,7.0,0.5,3,3,3,1.0,47,True,1,0.9998372395833334,0.902724333074147,6.601757888380355e-05,,,,,,2.220446049250313e-16,1.1102230246251565e-16
How do within-family activation hyperparameters tune the welfare-convergence tradeoff?,hyperparameter_shifted_log,c,7.0,brd,shifted_log,c,7.0,0.5,3,3,3,1.0,50,True,1,0.9998372395833334,0.8159234402075258,7.960474298818188e-05,,,,,,1.1102230246251565e-16,2.220446049250313e-16
How do within-family activation hyperparameters tune the welfare-convergence tradeoff?,hyperparameter_shifted_log,c,7.0,brd,shifted_log,c,7.0,0.5,3,3,3,1.0,48,True,1,0.9998372395833334,0.8640511972192382,8.52621486555627e-05,,,,,,1.1102230246251565e-16,2.220446049250313e-16
How do within-family activation hyperparameters tune the welfare-convergence tradeoff?,hyperparameter_shifted_log,c,7.0,brd,shifted_log,c,7.0,0.5,3,3,3,1.0,49,True,2,0.9996744791666666,0.8236356354609428,1.6819880115148678e-05,,,,,,1.1102230246251565e-16,0.0
How do within-family activation hyperparameters tune the welfare-convergence tradeoff?,hyperparameter_shifted_log,c,7.0,brd,shifted_log,c,7.0,0.5,3,3,3,1.0,52,True,1,0.9998372395833334,0.8136268582389515,9.902788922822037e-05,,,,,,1.1102230246251565e-16,1.1102230246251565e-16
How do within-family activation hyperparameters tune the welfare-convergence tradeoff?,hyperparameter_shifted_log,c,7.0,brd,shifted_log,c,7.0,0.5,3,3,3,1.0,51,True,1,0.9998372395833334,0.8516725706582461,7.988689712118413e-05,,,,,,1.1102230246251565e-16,1.1102230246251565e-16
How do within-family activation hyperparameters tune the welfare-convergence tradeoff?,hyperparameter_shifted_log,c,7.0,brd,shifted_log,c,7.0,0.5,3,3,3,1.0,56,True,0,1.0,0.8787291501782507,9.132485339302665e-05,,,,,,2.220446049250313e-16,2.220446049250313e-16
How do within-family activation hyperparameters tune the welfare-convergence tradeoff?,hyperparameter_shifted_log,c,7.0,brd,shifted_log,c,7.0,0.5,3,3,3,1.0,57,True,0,1.0,0.8654757347287508,6.48017651080357e-05,,,,,,1.1102230246251565e-16,1.1102230246251565e-16
How do within-family activation hyperparameters tune the welfare-convergence tradeoff?,hyperparameter_shifted_log,c,7.0,brd,shifted_log,c,7.0,0.5,3,3,3,1.0,53,True,3,0.99951171875,0.8332575281772439,1.677668147498368e-05,,,,,,2.220446049250313e-16,2.220446049250313e-16
How do within-family activation hyperparameters tune the welfare-convergence tradeoff?,hyperparameter_shifted_log,c,7.0,brd,shifted_log,c,7.0,0.5,3,3,3,1.0,55,True,2,0.9996744791666666,0.8305827904180988,7.301063192083346e-05,,,,,,2.220446049250313e-16,2.220446049250313e-16
How do within-family activation hyperparameters tune the welfare-convergence tradeoff?,hyperparameter_shifted_log,c,7.0,brd,shifted_log,c,7.0,0.5,3,3,3,1.0,54,True,2,0.9996744791666666,0.826494905439389,5.7232485567604297e-05,,,,,,2.220446049250313e-16,0.0
How do within-family activation hyperparameters tune the welfare-convergence tradeoff?,hyperparameter_shifted_log,c,7.0,brd,shifted_log,c,7.0,0.5,3,3,3,1.0,58,True,3,0.99951171875,0.8031804075357569,2.9844789193211874e-05,,,,,,1.1102230246251565e-16,0.0
How do within-family activation hyperparameters tune the welfare-convergence tradeoff?,hyperparameter_shifted_log,c,7.0,brd,shifted_log,c,7.0,0.5,3,3,3,1.0,59,True,2,0.9996744791666666,0.783630153219573,6.593047037323219e-05,,,,,,1.1102230246251565e-16,1.1102230246251565e-16
How do within-family activation hyperparameters tune the welfare-convergence tradeoff?,hyperparameter_shifted_log,c,7.0,brd,shifted_log,c,7.0,0.5,3,3,3,1.0,61,True,1,0.9998372395833334,0.8578073487646768,7.098250508213999e-05,,,,,,2.220446049250313e-16,1.1102230246251565e-16
How do within-family activation hyperparameters tune the welfare-convergence tradeoff?,hyperparameter_shifted_log,c,7.0,brd,shifted_log,c,7.0,0.5,3,3,3,1.0,60,True,3,0.99951171875,0.8510366494070939,2.9100101710755055e-05,,,,,,2.220446049250313e-16,2.220446049250313e-16
How do within-family activation hyperparameters tune the welfare-convergence tradeoff?,hyperparameter_shifted_log,c,7.0,brd,shifted_log,c,7.0,0.5,3,3,3,1.0,63,True,1,0.9998372395833334,0.9025867911953501,2.7906054445303585e-05,,,,,,1.1102230246251565e-16,2.220446049250313e-16
How do within-family activation hyperparameters tune the welfare-convergence tradeoff?,hyperparameter_shifted_log,c,7.0,brd,shifted_log,c,7.0,0.5,3,3,3,1.0,64,True,3,0.99951171875,0.7087639793130559,4.141614908448332e-05,,,,,,1.1102230246251565e-16,1.1102230246251565e-16
How do within-family activation hyperparameters tune the welfare-convergence tradeoff?,hyperparameter_shifted_log,c,7.0,brd,shifted_log,c,7.0,0.5,3,3,3,1.0,65,True,3,0.99951171875,0.8148175007487163,9.968061994769517e-06,,,,,,2.220446049250313e-16,2.220446049250313e-16
How do within-family activation hyperparameters tune the welfare-convergence tradeoff?,hyperparameter_shifted_log,c,7.0,brd,shifted_log,c,7.0,0.5,3,3,3,1.0,66,True,0,1.0,0.8463305684870952,9.867068770019749e-05,,,,,,2.220446049250313e-16,2.220446049250313e-16
How do within-family activation hyperparameters tune the welfare-convergence tradeoff?,hyperparameter_shifted_log,c,7.0,brd,shifted_log,c,7.0,0.5,3,3,3,1.0,62,True,3,0.99951171875,0.8120804647702772,3.505756176802599e-05,,,,,,1.1102230246251565e-16,2.220446049250313e-16
How do within-family activation hyperparameters tune the welfare-convergence tradeoff?,hyperparameter_shifted_log,c,7.0,brd,shifted_log,c,7.0,0.5,3,3,3,1.0,68,True,1,0.9998372395833334,0.8426223481465307,8.043600714996435e-05,,,,,,0.0,2.220446049250313e-16
How do within-family activation hyperparameters tune the welfare-convergence tradeoff?,hyperparameter_shifted_log,c,7.0,brd,shifted_log,c,7.0,0.5,3,3,3,1.0,69,True,2,0.9996744791666666,0.8630799055977331,7.725195482893854e-05,,,,,,2.220446049250313e-16,0.0
How do within-family activation hyperparameters tune the welfare-convergence tradeoff?,hyperparameter_shifted_log,c,7.0,brd,shifted_log,c,7.0,0.5,3,3,3,1.0,74,True,0,1.0,0.8523855988274113,8.07230936284431e-05,,,,,,2.220446049250313e-16,2.220446049250313e-16
How do within-family activation hyperparameters tune the welfare-convergence tradeoff?,hyperparameter_shifted_log,c,7.0,brd,shifted_log,c,7.0,0.5,3,3,3,1.0,67,True,3,0.99951171875,0.8245419542185474,5.428130553708499e-06,,,,,,2.220446049250313e-16,1.1102230246251565e-16
How do within-family activation hyperparameters tune the welfare-convergence tradeoff?,hyperparameter_shifted_log,c,7.0,brd,shifted_log,c,7.0,0.5,3,3,3,1.0,70,True,2,0.9996744791666666,0.8183028699119804,7.826835160279488e-05,,,,,,1.1102230246251565e-16,2.220446049250313e-16
How do within-family activation hyperparameters tune the welfare-convergence tradeoff?,hyperparameter_shifted_log,c,7.0,brd,shifted_log,c,7.0,0.5,3,3,3,1.0,71,True,2,0.9996744791666666,0.8400344976514994,4.3109260457641074e-05,,,,,,0.0,0.0
How do within-family activation hyperparameters tune the welfare-convergence tradeoff?,hyperparameter_shifted_log,c,7.0,brd,shifted_log,c,7.0,0.5,3,3,3,1.0,73,True,2,0.9996744791666666,0.823702800247147,3.4013768879403994e-05,,,,,,2.220446049250313e-16,1.1102230246251565e-16
How do within-family activation hyperparameters tune the welfare-convergence tradeoff?,hyperparameter_shifted_log,c,7.0,brd,shifted_log,c,7.0,0.5,3,3,3,1.0,75,True,2,0.9996744791666666,0.7912323798362855,5.798884030144835e-05,,,,,,0.0,2.220446049250313e-16
How do within-family activation hyperparameters tune the welfare-convergence tradeoff?,hyperparameter_shifted_log,c,7.0,brd,shifted_log,c,7.0,0.5,3,3,3,1.0,72,True,3,0.99951171875,0.8293307595654693,1.8498102275554817e-05,,,,,,2.220446049250313e-16,1.1102230246251565e-16
How do within-family activation hyperparameters tune the welfare-convergence tradeoff?,hyperparameter_shifted_log,c,7.0,brd,shifted_log,c,7.0,0.5,3,3,3,1.0,77,True,0,1.0,0.8463320050003267,9.961949787939961e-05,,,,,,2.220446049250313e-16,2.220446049250313e-16
How do within-family activation hyperparameters tune the welfare-convergence tradeoff?,hyperparameter_shifted_log,c,7.0,brd,shifted_log,c,7.0,0.5,3,3,3,1.0,76,True,2,0.9991861979166666,0.7548624226610601,8.588516222113318e-05,,,,,,0.0,1.1102230246251565e-16
How do within-family activation hyperparameters tune the welfare-convergence tradeoff?,hyperparameter_shifted_log,c,7.0,brd,shifted_log,c,7.0,0.5,3,3,3,1.0,78,True,1,0.9998372395833334,0.8756097531827048,9.234142471159501e-05,,,,,,2.220446049250313e-16,2.220446049250313e-16
How do within-family activation hyperparameters tune the welfare-convergence tradeoff?,hyperparameter_shifted_log,c,7.0,brd,shifted_log,c,7.0,0.5,3,3,3,1.0,80,True,1,0.9998372395833334,0.8618172361056148,6.826241969937197e-05,,,,,,0.0,0.0
How do within-family activation hyperparameters tune the welfare-convergence tradeoff?,hyperparameter_shifted_log,c,7.0,brd,shifted_log,c,7.0,0.5,3,3,3,1.0,83,True,0,1.0,0.9032492250208177,8.95517225637521e-05,,,,,,2.220446049250313e-16,2.220446049250313e-16
How do within-family activation hyperparameters tune the welfare-convergence tradeoff?,hyperparameter_shifted_log,c,7.0,brd,shifted_log,c,7.0,0.5,3,3,3,1.0,82,True,3,0.99951171875,0.751429297451958,3.8906678247629944e-05,,,,,,2.220446049250313e-16,1.1102230246251565e-16
How do within-family activation hyperparameters tune the welfare-convergence tradeoff?,hyperparameter_shifted_log,c,7.0,brd,shifted_log,c,7.0,0.5,3,3,3,1.0,79,True,3,0.99951171875,0.7464860974470019,4.119958876203089e-05,,,,,,2.220446049250313e-16,2.220446049250313e-16
How do within-family activation hyperparameters tune the welfare-convergence tradeoff?,hyperparameter_shifted_log,c,7.0,brd,shifted_log,c,7.0,0.5,3,3,3,1.0,81,True,2,0.9996744791666666,0.7894750985213049,8.117897028986354e-05,,,,,,1.1102230246251565e-16,2.220446049250313e-16
How do within-family activation hyperparameters tune the welfare-convergence tradeoff?,hyperparameter_shifted_log,c,7.0,brd,shifted_log,c,7.0,0.5,3,3,3,1.0,85,True,1,0.9998372395833334,0.8486942413590451,5.2564992098436125e-05,,,,,,1.1102230246251565e-16,1.1102230246251565e-16
How do within-family activation hyperparameters tune the welfare-convergence tradeoff?,hyperparameter_shifted_log,c,7.0,brd,shifted_log,c,7.0,0.5,3,3,3,1.0,84,True,1,0.9998372395833334,0.9182573152064065,5.2895216876513995e-05,,,,,,1.1102230246251565e-16,1.1102230246251565e-16
How do within-family activation hyperparameters tune the welfare-convergence tradeoff?,hyperparameter_shifted_log,c,7.0,brd,shifted_log,c,7.0,0.5,3,3,3,1.0,87,True,0,1.0,0.8488078276221271,6.443239421893843e-05,,,,,,1.1102230246251565e-16,1.1102230246251565e-16
How do within-family activation hyperparameters tune the welfare-convergence tradeoff?,hyperparameter_shifted_log,c,7.0,brd,shifted_log,c,7.0,0.5,3,3,3,1.0,86,True,1,0.9998372395833334,0.8748017516520132,4.341463271345658e-05,,,,,,0.0,0.0
How do within-family activation hyperparameters tune the welfare-convergence tradeoff?,hyperparameter_shifted_log,c,7.0,brd,shifted_log,c,7.0,0.5,3,3,3,1.0,88,True,1,0.9998372395833334,0.8588521853517284,8.469696490920331e-05,,,,,,0.0,2.220446049250313e-16
How do within-family activation hyperparameters tune the welfare-convergence tradeoff?,hyperparameter_shifted_log,c,7.0,brd,shifted_log,c,7.0,0.5,3,3,3,1.0,89,True,1,0.9998372395833334,0.8533313053417947,6.0539903871503764e-05,,,,,,2.220446049250313e-16,1.1102230246251565e-16
How do within-family activation hyperparameters tune the welfare-convergence tradeoff?,hyperparameter_shifted_log,c,7.0,brd,shifted_log,c,7.0,0.5,3,3,3,1.0,91,True,2,0.9996744791666666,0.8204305262192705,8.310753628487655e-05,,,,,,1.1102230246251565e-16,1.1102230246251565e-16
How do within-family activation hyperparameters tune the welfare-convergence tradeoff?,hyperparameter_shifted_log,c,7.0,brd,shifted_log,c,7.0,0.5,3,3,3,1.0,90,True,1,0.9998372395833334,0.861395071030374,6.696045565474096e-05,,,,,,0.0,0.0
How do within-family activation hyperparameters tune the welfare-convergence tradeoff?,hyperparameter_shifted_log,c,7.0,brd,shifted_log,c,7.0,0.5,3,3,3,1.0,92,True,2,0.9996744791666666,0.8629446059957777,3.761924167300368e-05,,,,,,0.0,2.220446049250313e-16
How do within-family activation hyperparameters tune the welfare-convergence tradeoff?,hyperparameter_shifted_log,c,7.0,brd,shifted_log,c,7.0,0.5,3,3,3,1.0,93,True,3,0.99951171875,0.7499254479921206,1.8957118040008325e-05,,,,,,1.1102230246251565e-16,2.220446049250313e-16
How do within-family activation hyperparameters tune the welfare-convergence tradeoff?,hyperparameter_shifted_log,c,7.0,brd,shifted_log,c,7.0,0.5,3,3,3,1.0,95,True,1,0.9998372395833334,0.9062969509322741,5.829356275166564e-05,,,,,,1.1102230246251565e-16,1.1102230246251565e-16
How do within-family activation hyperparameters tune the welfare-convergence tradeoff?,hyperparameter_shifted_log,c,10.0,brd,shifted_log,c,10.0,0.5,3,3,3,1.0,0,True,0,1.0,0.7732261596510677,8.391561160409067e-05,,,,,,1.1102230246251565e-16,1.1102230246251565e-16
How do within-family activation hyperparameters tune the welfare-convergence tradeoff?,hyperparameter_shifted_log,c,7.0,brd,shifted_log,c,7.0,0.5,3,3,3,1.0,94,True,2,0.9996744791666666,0.8073788573213122,9.190606613851404e-05,,,,,,2.220446049250313e-16,2.220446049250313e-16
How do within-family activation hyperparameters tune the welfare-convergence tradeoff?,hyperparameter_shifted_log,c,7.0,brd,shifted_log,c,7.0,0.5,3,3,3,1.0,96,True,1,0.9998372395833334,0.8546270581507974,6.302243412920072e-05,,,,,,2.220446049250313e-16,1.1102230246251565e-16
How do within-family activation hyperparameters tune the welfare-convergence tradeoff?,hyperparameter_shifted_log,c,7.0,brd,shifted_log,c,7.0,0.5,3,3,3,1.0,98,True,1,0.9998372395833334,0.8564050955975343,6.971968225155667e-05,,,,,,1.1102230246251565e-16,1.1102230246251565e-16
How do within-family activation hyperparameters tune the welfare-convergence tradeoff?,hyperparameter_shifted_log,c,7.0,brd,shifted_log,c,7.0,0.5,3,3,3,1.0,99,True,1,0.9998372395833334,0.9123220940221998,3.2298736069080736e-05,,,,,,2.220446049250313e-16,1.1102230246251565e-16
How do within-family activation hyperparameters tune the welfare-convergence tradeoff?,hyperparameter_shifted_log,c,7.0,brd,shifted_log,c,7.0,0.5,3,3,3,1.0,97,True,2,0.9996744791666666,0.767399004274861,5.274775544761301e-05,,,,,,2.220446049250313e-16,2.220446049250313e-16
How do within-family activation hyperparameters tune the welfare-convergence tradeoff?,hyperparameter_shifted_log,c,10.0,brd,shifted_log,c,10.0,0.5,3,3,3,1.0,1,True,0,1.0,0.8279185185622596,6.29478710511e-05,,,,,,2.220446049250313e-16,2.220446049250313e-16
How do within-family activation hyperparameters tune the welfare-convergence tradeoff?,hyperparameter_shifted_log,c,10.0,brd,shifted_log,c,10.0,0.5,3,3,3,1.0,2,True,0,1.0,0.8136565344743572,7.46076009192631e-05,,,,,,2.220446049250313e-16,2.220446049250313e-16
How do within-family activation hyperparameters tune the welfare-convergence tradeoff?,hyperparameter_shifted_log,c,10.0,brd,shifted_log,c,10.0,0.5,3,3,3,1.0,4,True,0,1.0,0.8187434725844399,7.448107688134975e-05,,,,,,2.220446049250313e-16,2.220446049250313e-16
How do within-family activation hyperparameters tune the welfare-convergence tradeoff?,hyperparameter_shifted_log,c,10.0,brd,shifted_log,c,10.0,0.5,3,3,3,1.0,3,True,0,1.0,0.900181829365834,2.5797633125934638e-05,,,,,,1.1102230246251565e-16,1.1102230246251565e-16
How do within-family activation hyperparameters tune the welfare-convergence tradeoff?,hyperparameter_shifted_log,c,10.0,brd,shifted_log,c,10.0,0.5,3,3,3,1.0,5,True,0,1.0,0.7813172304319136,9.751401662011494e-05,,,,,,1.1102230246251565e-16,1.1102230246251565e-16
How do within-family activation hyperparameters tune the welfare-convergence tradeoff?,hyperparameter_shifted_log,c,10.0,brd,shifted_log,c,10.0,0.5,3,3,3,1.0,6,True,0,1.0,0.7951653513121415,5.636175120871112e-05,,,,,,1.1102230246251565e-16,1.1102230246251565e-16
How do within-family activation hyperparameters tune the welfare-convergence tradeoff?,hyperparameter_shifted_log,c,10.0,brd,shifted_log,c,10.0,0.5,3,3,3,1.0,7,True,0,1.0,0.8670297675490395,4.073178790287013e-05,,,,,,1.1102230246251565e-16,1.1102230246251565e-16
How do within-family activation hyperparameters tune the welfare-convergence tradeoff?,hyperparameter_shifted_log,c,10.0,brd,shifted_log,c,10.0,0.5,3,3,3,1.0,8,True,0,1.0,0.8135572842333789,7.493822986653909e-05,,,,,,1.1102230246251565e-16,1.1102230246251565e-16
How do within-family activation hyperparameters tune the welfare-convergence tradeoff?,hyperparameter_shifted_log,c,10.0,brd,shifted_log,c,10.0,0.5,3,3,3,1.0,9,True,0,1.0,0.7681156435724349,8.31658167249616e-05,,,,,,1.1102230246251565e-16,1.1102230246251565e-16
How do within-family activation hyperparameters tune the welfare-convergence tradeoff?,hyperparameter_shifted_log,c,10.0,brd,shifted_log,c,10.0,0.5,3,3,3,1.0,10,True,0,1.0,0.8299306447879511,9.022340431730225e-05,,,,,,1.1102230246251565e-16,1.1102230246251565e-16
How do within-family activation hyperparameters tune the welfare-convergence tradeoff?,hyperparameter_shifted_log,c,10.0,brd,shifted_log,c,10.0,0.5,3,3,3,1.0,13,True,0,1.0,0.8061312043935928,5.1078021892025927e-05,,,,,,2.220446049250313e-16,2.220446049250313e-16
How do within-family activation hyperparameters tune the welfare-convergence tradeoff?,hyperparameter_shifted_log,c,10.0,brd,shifted_log,c,10.0,0.5,3,3,3,1.0,12,True,0,1.0,0.8171614141803759,8.40159315383393e-05,,,,,,0.0,0.0
How do within-family activation hyperparameters tune the welfare-convergence tradeoff?,hyperparameter_shifted_log,c,10.0,brd,shifted_log,c,10.0,0.5,3,3,3,1.0,14,True,0,1.0,0.9156302054354359,2.8513414559172556e-05,,,,,,1.1102230246251565e-16,1.1102230246251565e-16
How do within-family activation hyperparameters tune the welfare-convergence tradeoff?,hyperparameter_shifted_log,c,10.0,brd,shifted_log,c,10.0,0.5,3,3,3,1.0,11,True,1,0.9998372395833334,0.7650973103277366,9.950586781676263e-05,,,,,,2.220446049250313e-16,2.220446049250313e-16
How do within-family activation hyperparameters tune the welfare-convergence tradeoff?,hyperparameter_shifted_log,c,10.0,brd,shifted_log,c,10.0,0.5,3,3,3,1.0,15,True,0,1.0,0.8404376323464562,7.6678096746996e-05,,,,,,0.0,0.0
How do within-family activation hyperparameters tune the welfare-convergence tradeoff?,hyperparameter_shifted_log,c,10.0,brd,shifted_log,c,10.0,0.5,3,3,3,1.0,16,True,0,1.0,0.7700130724506632,6.014351088434733e-05,,,,,,1.1102230246251565e-16,1.1102230246251565e-16
How do within-family activation hyperparameters tune the welfare-convergence tradeoff?,hyperparameter_shifted_log,c,10.0,brd,shifted_log,c,10.0,0.5,3,3,3,1.0,18,True,0,1.0,0.84879201266701,3.560741119218447e-05,,,,,,1.1102230246251565e-16,1.1102230246251565e-16
How do within-family activation hyperparameters tune the welfare-convergence tradeoff?,hyperparameter_shifted_log,c,10.0,brd,shifted_log,c,10.0,0.5,3,3,3,1.0,19,True,0,1.0,0.8808646828046283,6.056390008973844e-05,,,,,,1.1102230246251565e-16,1.1102230246251565e-16
How do within-family activation hyperparameters tune the welfare-convergence tradeoff?,hyperparameter_shifted_log,c,10.0,brd,shifted_log,c,10.0,0.5,3,3,3,1.0,20,True,0,1.0,0.8574023800337124,9.89251130806279e-05,,,,,,2.220446049250313e-16,2.220446049250313e-16
How do within-family activation hyperparameters tune the welfare-convergence tradeoff?,hyperparameter_shifted_log,c,10.0,brd,shifted_log,c,10.0,0.5,3,3,3,1.0,17,True,1,0.9998372395833334,0.8218592873998013,4.7756511742547136e-05,,,,,,1.1102230246251565e-16,1.1102230246251565e-16
How do within-family activation hyperparameters tune the welfare-convergence tradeoff?,hyperparameter_shifted_log,c,10.0,brd,shifted_log,c,10.0,0.5,3,3,3,1.0,22,True,0,1.0,0.8678417252671135,9.995606175450256e-05,,,,,,2.220446049250313e-16,2.220446049250313e-16
How do within-family activation hyperparameters tune the welfare-convergence tradeoff?,hyperparameter_shifted_log,c,10.0,brd,shifted_log,c,10.0,0.5,3,3,3,1.0,23,True,0,1.0,0.9053290485326193,3.508423324305454e-05,,,,,,2.220446049250313e-16,2.220446049250313e-16
How do within-family activation hyperparameters tune the welfare-convergence tradeoff?,hyperparameter_shifted_log,c,10.0,brd,shifted_log,c,10.0,0.5,3,3,3,1.0,24,True,0,1.0,0.8902370909170386,2.8207263086110768e-05,,,,,,1.1102230246251565e-16,1.1102230246251565e-16
How do within-family activation hyperparameters tune the welfare-convergence tradeoff?,hyperparameter_shifted_log,c,10.0,brd,shifted_log,c,10.0,0.5,3,3,3,1.0,21,True,1,0.9998372395833334,0.8278243523820613,3.972242844535456e-05,,,,,,2.220446049250313e-16,2.220446049250313e-16
How do within-family activation hyperparameters tune the welfare-convergence tradeoff?,hyperparameter_shifted_log,c,10.0,brd,shifted_log,c,10.0,0.5,3,3,3,1.0,25,True,0,1.0,0.7272109167344158,8.320085579655023e-05,,,,,,2.220446049250313e-16,2.220446049250313e-16
How do within-family activation hyperparameters tune the welfare-convergence tradeoff?,hyperparameter_shifted_log,c,10.0,brd,shifted_log,c,10.0,0.5,3,3,3,1.0,27,True,0,1.0,0.8061053380680487,9.59974762768101e-05,,,,,,2.220446049250313e-16,2.220446049250313e-16
How do within-family activation hyperparameters tune the welfare-convergence tradeoff?,hyperparameter_shifted_log,c,10.0,brd,shifted_log,c,10.0,0.5,3,3,3,1.0,28,True,0,1.0,0.7707617882157541,7.545018658761116e-05,,,,,,2.220446049250313e-16,2.220446049250313e-16
How do within-family activation hyperparameters tune the welfare-convergence tradeoff?,hyperparameter_shifted_log,c,10.0,brd,shifted_log,c,10.0,0.5,3,3,3,1.0,26,True,0,1.0,0.8707924056308936,3.277156459285946e-05,,,,,,1.1102230246251565e-16,1.1102230246251565e-16
How do within-family activation hyperparameters tune the welfare-convergence tradeoff?,hyperparameter_shifted_log,c,10.0,brd,shifted_log,c,10.0,0.5,3,3,3,1.0,31,True,0,1.0,0.8217312828675106,5.019162790587117e-05,,,,,,1.1102230246251565e-16,1.1102230246251565e-16
How do within-family activation hyperparameters tune the welfare-convergence tradeoff?,hyperparameter_shifted_log,c,10.0,brd,shifted_log,c,10.0,0.5,3,3,3,1.0,30,True,0,1.0,0.8617419160557419,7.213224787566697e-05,,,,,,2.220446049250313e-16,2.220446049250313e-16
How do within-family activation hyperparameters tune the welfare-convergence tradeoff?,hyperparameter_shifted_log,c,10.0,brd,shifted_log,c,10.0,0.5,3,3,3,1.0,29,True,1,0.9998372395833334,0.7815419851678355,6.527926015093e-05,,,,,,1.1102230246251565e-16,1.1102230246251565e-16
How do within-family activation hyperparameters tune the welfare-convergence tradeoff?,hyperparameter_shifted_log,c,10.0,brd,shifted_log,c,10.0,0.5,3,3,3,1.0,32,True,0,1.0,0.8577722295590985,5.489931763857925e-05,,,,,,1.1102230246251565e-16,1.1102230246251565e-16
How do within-family activation hyperparameters tune the welfare-convergence tradeoff?,hyperparameter_shifted_log,c,10.0,brd,shifted_log,c,10.0,0.5,3,3,3,1.0,35,True,0,1.0,0.7285542754440367,7.619441246348169e-05,,,,,,0.0,0.0
How do within-family activation hyperparameters tune the welfare-convergence tradeoff?,hyperparameter_shifted_log,c,10.0,brd,shifted_log,c,10.0,0.5,3,3,3,1.0,36,True,0,1.0,0.8826811830343305,3.8592663843040054e-05,,,,,,2.220446049250313e-16,2.220446049250313e-16
How do within-family activation hyperparameters tune the welfare-convergence tradeoff?,hyperparameter_shifted_log,c,10.0,brd,shifted_log,c,10.0,0.5,3,3,3,1.0,33,True,1,0.9998372395833334,0.8425132469045363,1.7008656557182533e-05,,,,,,1.1102230246251565e-16,0.0
How do within-family activation hyperparameters tune the welfare-convergence tradeoff?,hyperparameter_shifted_log,c,10.0,brd,shifted_log,c,10.0,0.5,3,3,3,1.0,34,True,1,0.9998372395833334,0.8005269542665042,2.0235343539731776e-05,,,,,,2.220446049250313e-16,0.0
How do within-family activation hyperparameters tune the welfare-convergence tradeoff?,hyperparameter_shifted_log,c,10.0,brd,shifted_log,c,10.0,0.5,3,3,3,1.0,38,True,0,1.0,0.8988599739845305,4.317379769375185e-05,,,,,,2.220446049250313e-16,2.220446049250313e-16
How do within-family activation hyperparameters tune the welfare-convergence tradeoff?,hyperparameter_shifted_log,c,10.0,brd,shifted_log,c,10.0,0.5,3,3,3,1.0,39,True,0,1.0,0.8775294462783044,3.899160576065208e-05,,,,,,0.0,0.0
How do within-family activation hyperparameters tune the welfare-convergence tradeoff?,hyperparameter_shifted_log,c,10.0,brd,shifted_log,c,10.0,0.5,3,3,3,1.0,37,True,1,0.9998372395833334,0.7391270492601167,8.611586950318939e-05,,,,,,2.220446049250313e-16,1.1102230246251565e-16
How do within-family activation hyperparameters tune the welfare-convergence tradeoff?,hyperparameter_shifted_log,c,10.0,brd,shifted_log,c,10.0,0.5,3,3,3,1.0,40,True,1,0.9998372395833334,0.7547148581564064,9.752658811695847e-05,,,,,,0.0,1.1102230246251565e-16
How do within-family activation hyperparameters tune the welfare-convergence tradeoff?,hyperparameter_shifted_log,c,10.0,brd,shifted_log,c,10.0,0.5,3,3,3,1.0,41,True,0,1.0,0.8843727733060004,3.31860924730476e-05,,,,,,1.1102230246251565e-16,1.1102230246251565e-16
How do within-family activation hyperparameters tune the welfare-convergence tradeoff?,hyperparameter_shifted_log,c,10.0,brd,shifted_log,c,10.0,0.5,3,3,3,1.0,42,True,0,1.0,0.8164605963061793,6.977120416779004e-05,,,,,,2.220446049250313e-16,2.220446049250313e-16
How do within-family activation hyperparameters tune the welfare-convergence tradeoff?,hyperparameter_shifted_log,c,10.0,brd,shifted_log,c,10.0,0.5,3,3,3,1.0,44,True,0,1.0,0.7324923616799163,9.160190947271607e-05,,,,,,1.1102230246251565e-16,1.1102230246251565e-16
How do within-family activation hyperparameters tune the welfare-convergence tradeoff?,hyperparameter_shifted_log,c,10.0,brd,shifted_log,c,10.0,0.5,3,3,3,1.0,46,True,0,1.0,0.834858106352379,6.364731182401107e-05,,,,,,2.220446049250313e-16,2.220446049250313e-16
How do within-family activation hyperparameters tune the welfare-convergence tradeoff?,hyperparameter_shifted_log,c,10.0,brd,shifted_log,c,10.0,0.5,3,3,3,1.0,45,True,0,1.0,0.9494296922834854,3.1397549935141544e-05,,,,,,1.1102230246251565e-16,1.1102230246251565e-16
How do within-family activation hyperparameters tune the welfare-convergence tradeoff?,hyperparameter_shifted_log,c,10.0,brd,shifted_log,c,10.0,0.5,3,3,3,1.0,43,True,1,0.9998372395833334,0.7220655862059105,8.188294726396705e-05,,,,,,2.220446049250313e-16,1.1102230246251565e-16
How do within-family activation hyperparameters tune the welfare-convergence tradeoff?,hyperparameter_shifted_log,c,10.0,brd,shifted_log,c,10.0,0.5,3,3,3,1.0,47,True,0,1.0,0.8987325192898038,4.742996275725053e-05,,,,,,2.220446049250313e-16,2.220446049250313e-16
How do within-family activation hyperparameters tune the welfare-convergence tradeoff?,hyperparameter_shifted_log,c,10.0,brd,shifted_log,c,10.0,0.5,3,3,3,1.0,49,True,0,1.0,0.8152362902152454,5.4118004631398264e-05,,,,,,2.220446049250313e-16,2.220446049250313e-16
How do within-family activation hyperparameters tune the welfare-convergence tradeoff?,hyperparameter_shifted_log,c,10.0,brd,shifted_log,c,10.0,0.5,3,3,3,1.0,48,True,0,1.0,0.8594156397663039,6.15751536214848e-05,,,,,,1.1102230246251565e-16,1.1102230246251565e-16
How do within-family activation hyperparameters tune the welfare-convergence tradeoff?,hyperparameter_shifted_log,c,10.0,brd,shifted_log,c,10.0,0.5,3,3,3,1.0,50,True,0,1.0,0.811620117858742,4.3813907017631326e-05,,,,,,2.220446049250313e-16,2.220446049250313e-16
How do within-family activation hyperparameters tune the welfare-convergence tradeoff?,hyperparameter_shifted_log,c,10.0,brd,shifted_log,c,10.0,0.5,3,3,3,1.0,53,True,0,1.0,0.8203240412904137,6.679273226439797e-05,,,,,,2.220446049250313e-16,2.220446049250313e-16
How do within-family activation hyperparameters tune the welfare-convergence tradeoff?,hyperparameter_shifted_log,c,10.0,brd,shifted_log,c,10.0,0.5,3,3,3,1.0,51,True,0,1.0,0.847356087876427,4.7006033809915415e-05,,,,,,0.0,0.0
How do within-family activation hyperparameters tune the welfare-convergence tradeoff?,hyperparameter_shifted_log,c,10.0,brd,shifted_log,c,10.0,0.5,3,3,3,1.0,52,True,0,1.0,0.8091568739904051,5.117767725443256e-05,,,,,,1.1102230246251565e-16,1.1102230246251565e-16
How do within-family activation hyperparameters tune the welfare-convergence tradeoff?,hyperparameter_shifted_log,c,10.0,brd,shifted_log,c,10.0,0.5,3,3,3,1.0,54,True,0,1.0,0.8177915581564944,7.09262276030187e-05,,,,,,1.1102230246251565e-16,1.1102230246251565e-16
How do within-family activation hyperparameters tune the welfare-convergence tradeoff?,hyperparameter_shifted_log,c,10.0,brd,shifted_log,c,10.0,0.5,3,3,3,1.0,55,True,0,1.0,0.8225959902215484,5.224733423958572e-05,,,,,,0.0,0.0
How do within-family activation hyperparameters tune the welfare-convergence tradeoff?,hyperparameter_shifted_log,c,10.0,brd,shifted_log,c,10.0,0.5,3,3,3,1.0,56,True,0,1.0,0.8784407084902576,3.506371451206247e-05,,,,,,2.220446049250313e-16,2.220446049250313e-16
How do within-family activation hyperparameters tune the welfare-convergence tradeoff?,hyperparameter_shifted_log,c,10.0,brd,shifted_log,c,10.0,0.5,3,3,3,1.0,57,True,0,1.0,0.8653528156263123,2.1332522414929667e-05,,,,,,2.220446049250313e-16,2.220446049250313e-16
How do within-family activation hyperparameters tune the welfare-convergence tradeoff?,hyperparameter_shifted_log,c,10.0,brd,shifted_log,c,10.0,0.5,3,3,3,1.0,58,True,0,1.0,0.7900248451919801,6.72540797969634e-05,,,,,,0.0,0.0
How do within-family activation hyperparameters tune the welfare-convergence tradeoff?,hyperparameter_shifted_log,c,10.0,brd,shifted_log,c,10.0,0.5,3,3,3,1.0,60,True,0,1.0,0.838856376203462,5.559422703776962e-05,,,,,,1.1102230246251565e-16,1.1102230246251565e-16
How do within-family activation hyperparameters tune the welfare-convergence tradeoff?,hyperparameter_shifted_log,c,10.0,brd,shifted_log,c,10.0,0.5,3,3,3,1.0,59,True,0,1.0,0.7737355495743644,8.395174817310558e-05,,,,,,1.1102230246251565e-16,1.1102230246251565e-16
How do within-family activation hyperparameters tune the welfare-convergence tradeoff?,hyperparameter_shifted_log,c,10.0,brd,shifted_log,c,10.0,0.5,3,3,3,1.0,61,True,0,1.0,0.8523902036473948,7.243475013046785e-05,,,,,,2.220446049250313e-16,2.220446049250313e-16
How do within-family activation hyperparameters tune the welfare-convergence tradeoff?,hyperparameter_shifted_log,c,10.0,brd,shifted_log,c,10.0,0.5,3,3,3,1.0,62,True,0,1.0,0.7982997926289404,7.158159389314411e-05,,,,,,1.1102230246251565e-16,1.1102230246251565e-16
How do within-family activation hyperparameters tune the welfare-convergence tradeoff?,hyperparameter_shifted_log,c,10.0,brd,shifted_log,c,10.0,0.5,3,3,3,1.0,63,True,0,1.0,0.8989416123392044,3.9822457315763504e-05,,,,,,2.220446049250313e-16,2.220446049250313e-16
How do within-family activation hyperparameters tune the welfare-convergence tradeoff?,hyperparameter_shifted_log,c,10.0,brd,shifted_log,c,10.0,0.5,3,3,3,1.0,64,True,1,0.9998372395833334,0.6968911064180189,9.990572833956657e-05,,,,,,2.220446049250313e-16,1.1102230246251565e-16
How do within-family activation hyperparameters tune the welfare-convergence tradeoff?,hyperparameter_shifted_log,c,10.0,brd,shifted_log,c,10.0,0.5,3,3,3,1.0,65,True,0,1.0,0.8028598930355318,5.931868433384224e-05,,,,,,2.220446049250313e-16,2.220446049250313e-16
How do within-family activation hyperparameters tune the welfare-convergence tradeoff?,hyperparameter_shifted_log,c,10.0,brd,shifted_log,c,10.0,0.5,3,3,3,1.0,66,True,0,1.0,0.8460405459186634,3.723471102873299e-05,,,,,,1.1102230246251565e-16,1.1102230246251565e-16
How do within-family activation hyperparameters tune the welfare-convergence tradeoff?,hyperparameter_shifted_log,c,10.0,brd,shifted_log,c,10.0,0.5,3,3,3,1.0,67,True,0,1.0,0.8131916502816158,5.368990938420248e-05,,,,,,2.220446049250313e-16,2.220446049250313e-16
How do within-family activation hyperparameters tune the welfare-convergence tradeoff?,hyperparameter_shifted_log,c,10.0,brd,shifted_log,c,10.0,0.5,3,3,3,1.0,68,True,0,1.0,0.8383272615361216,5.111877480123983e-05,,,,,,2.220446049250313e-16,2.220446049250313e-16
How do within-family activation hyperparameters tune the welfare-convergence tradeoff?,hyperparameter_shifted_log,c,10.0,brd,shifted_log,c,10.0,0.5,3,3,3,1.0,69,True,0,1.0,0.8548726277130582,5.6578537346529956e-05,,,,,,2.220446049250313e-16,2.220446049250313e-16
How do within-family activation hyperparameters tune the welfare-convergence tradeoff?,hyperparameter_shifted_log,c,10.0,brd,shifted_log,c,10.0,0.5,3,3,3,1.0,70,True,0,1.0,0.8082163014397697,9.8308418963855e-05,,,,,,2.220446049250313e-16,2.220446049250313e-16
How do within-family activation hyperparameters tune the welfare-convergence tradeoff?,hyperparameter_shifted_log,c,10.0,brd,shifted_log,c,10.0,0.5,3,3,3,1.0,72,True,0,1.0,0.8158165267716878,6.675970845221313e-05,,,,,,0.0,0.0
How do within-family activation hyperparameters tune the welfare-convergence tradeoff?,hyperparameter_shifted_log,c,10.0,brd,shifted_log,c,10.0,0.5,3,3,3,1.0,73,True,0,1.0,0.8137384988943982,8.866022198583678e-05,,,,,,2.220446049250313e-16,2.220446049250313e-16
How do within-family activation hyperparameters tune the welfare-convergence tradeoff?,hyperparameter_shifted_log,c,10.0,brd,shifted_log,c,10.0,0.5,3,3,3,1.0,74,True,0,1.0,0.8521673357689344,3.059051158216253e-05,,,,,,1.1102230246251565e-16,1.1102230246251565e-16
How do within-family activation hyperparameters tune the welfare-convergence tradeoff?,hyperparameter_shifted_log,c,10.0,brd,shifted_log,c,10.0,0.5,3,3,3,1.0,75,True,0,1.0,0.7811605677017703,7.763464903526307e-05,,,,,,2.220446049250313e-16,2.220446049250313e-16
How do within-family activation hyperparameters tune the welfare-convergence tradeoff?,hyperparameter_shifted_log,c,10.0,brd,shifted_log,c,10.0,0.5,3,3,3,1.0,71,True,1,0.9998372395833334,0.8355271752544559,4.543855047378642e-05,,,,,,2.220446049250313e-16,1.1102230246251565e-16
How do within-family activation hyperparameters tune the welfare-convergence tradeoff?,hyperparameter_shifted_log,c,10.0,brd,shifted_log,c,10.0,0.5,3,3,3,1.0,77,True,0,1.0,0.8460918985392653,3.756485626477124e-05,,,,,,1.1102230246251565e-16,1.1102230246251565e-16
How do within-family activation hyperparameters tune the welfare-convergence tradeoff?,hyperparameter_shifted_log,c,10.0,brd,shifted_log,c,10.0,0.5,3,3,3,1.0,76,True,1,0.9998372395833334,0.7416411671087415,8.283879376302927e-05,,,,,,0.0,2.220446049250313e-16
How do within-family activation hyperparameters tune the welfare-convergence tradeoff?,hyperparameter_shifted_log,c,10.0,brd,shifted_log,c,10.0,0.5,3,3,3,1.0,78,True,0,1.0,0.8718889635151346,4.004216581243725e-05,,,,,,2.220446049250313e-16,2.220446049250313e-16
How do within-family activation hyperparameters tune the welfare-convergence tradeoff?,hyperparameter_shifted_log,c,10.0,brd,shifted_log,c,10.0,0.5,3,3,3,1.0,79,True,0,1.0,0.7313721755686439,7.537383443534384e-05,,,,,,2.220446049250313e-16,2.220446049250313e-16
How do within-family activation hyperparameters tune the welfare-convergence tradeoff?,hyperparameter_shifted_log,c,10.0,brd,shifted_log,c,10.0,0.5,3,3,3,1.0,80,True,0,1.0,0.8561503455383491,8.232048295875316e-05,,,,,,1.1102230246251565e-16,1.1102230246251565e-16
How do within-family activation hyperparameters tune the welfare-convergence tradeoff?,hyperparameter_shifted_log,c,10.0,brd,shifted_log,c,10.0,0.5,3,3,3,1.0,81,True,0,1.0,0.7782573254444388,8.945566250007086e-05,,,,,,2.220446049250313e-16,2.220446049250313e-16
How do within-family activation hyperparameters tune the welfare-convergence tradeoff?,hyperparameter_shifted_log,c,10.0,brd,shifted_log,c,10.0,0.5,3,3,3,1.0,82,True,1,0.9998372395833334,0.7416295491938222,7.485170741589053e-05,,,,,,2.220446049250313e-16,0.0
How do within-family activation hyperparameters tune the welfare-convergence tradeoff?,hyperparameter_shifted_log,c,10.0,brd,shifted_log,c,10.0,0.5,3,3,3,1.0,83,True,0,1.0,0.9032236120961802,3.4822068675777196e-05,,,,,,2.220446049250313e-16,2.220446049250313e-16
How do within-family activation hyperparameters tune the welfare-convergence tradeoff?,hyperparameter_shifted_log,c,10.0,brd,shifted_log,c,10.0,0.5,3,3,3,1.0,84,True,0,1.0,0.9136311767964838,5.978765814157461e-05,,,,,,2.220446049250313e-16,2.220446049250313e-16
How do within-family activation hyperparameters tune the welfare-convergence tradeoff?,hyperparameter_shifted_log,c,10.0,brd,shifted_log,c,10.0,0.5,3,3,3,1.0,85,True,0,1.0,0.844949959525283,3.8471579280496826e-05,,,,,,1.1102230246251565e-16,1.1102230246251565e-16
How do within-family activation hyperparameters tune the welfare-convergence tradeoff?,hyperparameter_shifted_log,c,10.0,brd,shifted_log,c,10.0,0.5,3,3,3,1.0,86,True,0,1.0,0.8702979925861367,5.751629366307354e-05,,,,,,1.1102230246251565e-16,1.1102230246251565e-16
How do within-family activation hyperparameters tune the welfare-convergence tradeoff?,hyperparameter_shifted_log,c,10.0,brd,shifted_log,c,10.0,0.5,3,3,3,1.0,87,True,0,1.0,0.8484650166678991,2.039129660114103e-05,,,,,,1.1102230246251565e-16,1.1102230246251565e-16
How do within-family activation hyperparameters tune the welfare-convergence tradeoff?,hyperparameter_shifted_log,c,10.0,brd,shifted_log,c,10.0,0.5,3,3,3,1.0,88,True,0,1.0,0.8541619492055487,6.127206383010897e-05,,,,,,1.1102230246251565e-16,1.1102230246251565e-16
How do within-family activation hyperparameters tune the welfare-convergence tradeoff?,hyperparameter_shifted_log,c,10.0,brd,shifted_log,c,10.0,0.5,3,3,3,1.0,89,True,0,1.0,0.8492968607122703,4.605409088070944e-05,,,,,,2.220446049250313e-16,2.220446049250313e-16
How do within-family activation hyperparameters tune the welfare-convergence tradeoff?,hyperparameter_shifted_log,c,10.0,brd,shifted_log,c,10.0,0.5,3,3,3,1.0,90,True,0,1.0,0.8576804024726571,4.071599675092852e-05,,,,,,0.0,0.0
How do within-family activation hyperparameters tune the welfare-convergence tradeoff?,hyperparameter_shifted_log,c,10.0,brd,shifted_log,c,10.0,0.5,3,3,3,1.0,91,True,0,1.0,0.8122647332468654,4.966474301659751e-05,,,,,,1.1102230246251565e-16,1.1102230246251565e-16
How do within-family activation hyperparameters tune the welfare-convergence tradeoff?,hyperparameter_shifted_log,c,10.0,brd,shifted_log,c,10.0,0.5,3,3,3,1.0,92,True,0,1.0,0.8543061482615967,5.5072358854602044e-05,,,,,,1.1102230246251565e-16,1.1102230246251565e-16
How do within-family activation hyperparameters tune the welfare-convergence tradeoff?,hyperparameter_shifted_log,c,10.0,brd,shifted_log,c,10.0,0.5,3,3,3,1.0,93,True,0,1.0,0.7374467419791534,5.51931743378864e-05,,,,,,2.220446049250313e-16,2.220446049250313e-16
How do within-family activation hyperparameters tune the welfare-convergence tradeoff?,hyperparameter_shifted_log,c,10.0,brd,shifted_log,c,10.0,0.5,3,3,3,1.0,94,True,0,1.0,0.7981802356186526,6.436916235474932e-05,,,,,,0.0,0.0
How do within-family activation hyperparameters tune the welfare-convergence tradeoff?,hyperparameter_shifted_log,c,10.0,brd,shifted_log,c,10.0,0.5,3,3,3,1.0,95,True,0,1.0,0.9021956837946048,4.829909822667844e-05,,,,,,1.1102230246251565e-16,1.1102230246251565e-16
How do within-family activation hyperparameters tune the welfare-convergence tradeoff?,hyperparameter_shifted_log,c,10.0,brd,shifted_log,c,10.0,0.5,3,3,3,1.0,96,True,0,1.0,0.8500618996133239,5.7336155611098505e-05,,,,,,1.1102230246251565e-16,1.1102230246251565e-16
How do within-family activation hyperparameters tune the welfare-convergence tradeoff?,hyperparameter_shifted_log,c,10.0,brd,shifted_log,c,10.0,0.5,3,3,3,1.0,97,True,0,1.0,0.7561999187195557,9.622046253981997e-05,,,,,,2.220446049250313e-16,2.220446049250313e-16
How do within-family activation hyperparameters tune the welfare-convergence tradeoff?,hyperparameter_shifted_log,c,10.0,brd,shifted_log,c,10.0,0.5,3,3,3,1.0,98,True,0,1.0,0.8515897864629124,5.883296890102363e-05,,,,,,2.220446049250313e-16,2.220446049250313e-16
How do within-family activation hyperparameters tune the welfare-convergence tradeoff?,hyperparameter_shifted_log,c,10.0,brd,shifted_log,c,10.0,0.5,3,3,3,1.0,99,True,0,1.0,0.9083266958431118,4.690699569870338e-05,,,,,,0.0,0.0
