research_question,experiment_name,sweep_parameter,sweep_value,dynamics,activation_family,activation_param_name,activation_param_value,lam,n,s,k,beta,seed,converged,convergence_step,publisher_welfare,user_welfare,max_improvement,last_converged,last_convergence_step,last_publisher_welfare,last_user_welfare,last_max_improvement,exposure_violation_initial,exposure_violation_terminal
How do within-family activation hyperparameters tune the welfare-convergence tradeoff?,hyperparameter_root_power,a,0.0,nrd,root_power,a,0.0,0.5,3,3,3,1.0,4,True,900,0.9611190287795017,0.9224374852972214,-4.029497045449082e-05,True,200,0.9614483488625523,0.9221107991492233,-6.776188518448079e-05,2.220446049250313e-16,1.1102230246251565e-16
How do within-family activation hyperparameters tune the welfare-convergence tradeoff?,hyperparameter_root_power,a,0.0,nrd,root_power,a,0.0,0.5,3,3,3,1.0,0,True,1100,0.9733461835400412,0.8508049740103925,-3.376135485216869e-05,True,200,0.9737069592364835,0.8505214045193278,-6.778447361927009e-05,0.0,1.1102230246251565e-16
How do within-family activation hyperparameters tune the welfare-convergence tradeoff?,hyperparameter_root_power,a,0.0,nrd,root_power,a,0.0,0.5,3,3,3,1.0,1,True,900,0.9692521629172045,0.9126622616552011,-3.966469216687418e-05,True,200,0.969131856858725,0.9128007019504857,-6.778676974500408e-05,2.220446049250313e-16,2.220446049250313e-16
How do within-family activation hyperparameters tune the welfare-convergence tradeoff?,hyperparameter_root_power,a,0.0,nrd,root_power,a,0.0,0.5,3,3,3,1.0,3,True,1000,0.9871245272422864,0.9349774033961561,-3.600362345929087e-05,True,200,0.9875723407918233,0.9345590215812144,-6.78033595813976e-05,0.0,1.1102230246251565e-16
How do within-family activation hyperparameters tune the welfare-convergence tradeoff?,hyperparameter_root_power,a,0.0,nrd,root_power,a,0.0,0.5,3,3,3,1.0,2,True,1000,0.9615601278053708,0.9167868085115494,-3.536788869890062e-05,True,100,0.9621557679803645,0.916223531856938,-6.779458373201708e-05,1.1102230246251565e-16,0.0
How do within-family activation hyperparameters tune the welfare-convergence tradeoff?,hyperparameter_root_power,a,0.0,nrd,root_power,a,0.0,0.5,3,3,3,1.0,5,True,1000,0.9615255517348487,0.885624537017506,-3.439515388820036e-05,True,200,0.9622963861602812,0.8849486065742704,-6.777125063484046e-05,2.220446049250313e-16,2.220446049250313e-16
How do within-family activation hyperparameters tune the welfare-convergence tradeoff?,hyperparameter_root_power,a,0.0,nrd,root_power,a,0.0,0.5,3,3,3,1.0,6,True,800,0.9825588979546706,0.8482792743572675,-4.176143876327698e-05,True,100,0.9824018422145331,0.8484803887513213,-6.779412020285758e-05,2.220446049250313e-16,1.1102230246251565e-16
How do within-family activation hyperparameters tune the welfare-convergence tradeoff?,hyperparameter_root_power,a,0.0,nrd,root_power,a,0.0,0.5,3,3,3,1.0,8,True,1000,0.9608117367683915,0.9188283131346546,-3.491033620678374e-05,True,100,0.9607323056629067,0.9189005804779592,-6.778750972097347e-05,0.0,2.220446049250313e-16
How do within-family activation hyperparameters tune the welfare-convergence tradeoff?,hyperparameter_root_power,a,0.0,nrd,root_power,a,0.0,0.5,3,3,3,1.0,7,True,1100,0.9798337922526958,0.9220060947569438,-3.1759004571585425e-05,True,200,0.9799750950162752,0.9218881855574285,-6.776983730710784e-05,2.220446049250313e-16,0.0
How do within-family activation hyperparameters tune the welfare-convergence tradeoff?,hyperparameter_root_power,a,0.0,nrd,root_power,a,0.0,0.5,3,3,3,1.0,10,True,800,0.9721266275667055,0.9070694844021254,-4.175019423552362e-05,True,100,0.9725210600805488,0.906730950366688,-6.777855494666252e-05,0.0,2.220446049250313e-16
How do within-family activation hyperparameters tune the welfare-convergence tradeoff?,hyperparameter_root_power,a,0.0,nrd,root_power,a,0.0,0.5,3,3,3,1.0,9,True,800,0.967778860562709,0.858921851719939,-4.279600990397814e-05,True,200,0.9677592338115709,0.858998107277135,-6.775687865367974e-05,2.220446049250313e-16,1.1102230246251565e-16
How do within-family activation hyperparameters tune the welfare-convergence tradeoff?,hyperparameter_root_power,a,0.0,nrd,root_power,a,0.0,0.5,3,3,3,1.0,11,True,1000,0.946713044316565,0.9010891476066659,-3.602594046658858e-05,True,200,0.9472984945643892,0.9005298768833659,-6.780280609791633e-05,2.220446049250313e-16,1.1102230246251565e-16
How do within-family activation hyperparameters tune the welfare-convergence tradeoff?,hyperparameter_root_power,a,0.0,nrd,root_power,a,0.0,0.5,3,3,3,1.0,14,True,600,0.9894658710139109,0.9447824222535811,-4.8420728594289475e-05,True,100,0.9892717645229474,0.9449856980216724,-6.778540199042782e-05,2.220446049250313e-16,1.1102230246251565e-16
How do within-family activation hyperparameters tune the welfare-convergence tradeoff?,hyperparameter_root_power,a,0.0,nrd,root_power,a,0.0,0.5,3,3,3,1.0,12,True,1200,0.9698606879439157,0.900979577276496,-3.0220095595945295e-05,True,200,0.9701138409151544,0.9007681149825953,-6.779588414324023e-05,1.1102230246251565e-16,1.1102230246251565e-16
How do within-family activation hyperparameters tune the welfare-convergence tradeoff?,hyperparameter_root_power,a,0.0,nrd,root_power,a,0.0,0.5,3,3,3,1.0,13,True,1200,0.9737596530645877,0.8771949995588262,-3.0441379281709313e-05,True,200,0.9739707596665106,0.8769980837606645,-6.774958551514221e-05,1.1102230246251565e-16,0.0
How do within-family activation hyperparameters tune the welfare-convergence tradeoff?,hyperparameter_root_power,a,0.0,nrd,root_power,a,0.0,0.5,3,3,3,1.0,15,True,1000,0.9778293205697441,0.9022215291431163,-3.6256481430796406e-05,True,200,0.97822029525313,0.9019008754056764,-6.77736174328758e-05,0.0,2.220446049250313e-16
How do within-family activation hyperparameters tune the welfare-convergence tradeoff?,hyperparameter_root_power,a,0.0,nrd,root_power,a,0.0,0.5,3,3,3,1.0,16,True,900,0.967376545850916,0.8573990274465756,-3.9732816847326546e-05,True,100,0.9679659420788562,0.8568228216691266,-6.780116135413072e-05,2.220446049250313e-16,0.0
How do within-family activation hyperparameters tune the welfare-convergence tradeoff?,hyperparameter_root_power,a,0.0,nrd,root_power,a,0.0,0.5,3,3,3,1.0,17,True,1000,0.9641534968278895,0.9140169317686858,-3.5848282455341884e-05,True,200,0.964044428003461,0.9141564589691034,-6.780106756304471e-05,2.220446049250313e-16,2.220446049250313e-16
How do within-family activation hyperparameters tune the welfare-convergence tradeoff?,hyperparameter_root_power,a,0.0,nrd,root_power,a,0.0,0.5,3,3,3,1.0,19,True,800,0.9790408640286227,0.938928777286289,-4.196945130890972e-05,True,100,0.9794135099641006,0.9385941999915586,-6.779407647122815e-05,0.0,2.220446049250313e-16
How do within-family activation hyperparameters tune the welfare-convergence tradeoff?,hyperparameter_root_power,a,0.0,nrd,root_power,a,0.0,0.5,3,3,3,1.0,18,True,1000,0.9817812595738016,0.8980105698870363,-3.497864129181627e-05,True,200,0.982003521584921,0.8978146626609993,-6.777908527622056e-05,2.220446049250313e-16,2.220446049250313e-16
How do within-family activation hyperparameters tune the welfare-convergence tradeoff?,hyperparameter_root_power,a,0.0,nrd,root_power,a,0.0,0.5,3,3,3,1.0,21,True,1300,0.9651305333798705,0.9162412344385397,-2.648701404589504e-05,True,300,0.9651553145419035,0.9162405922150052,-6.777659384932244e-05,2.220446049250313e-16,2.220446049250313e-16
How do within-family activation hyperparameters tune the welfare-convergence tradeoff?,hyperparameter_root_power,a,0.0,nrd,root_power,a,0.0,0.5,3,3,3,1.0,20,True,2200,0.9780828907441371,0.9185213923802378,4.250804220506943e-06,True,500,0.9781985487629615,0.9184440491950485,-6.779952553515045e-05,1.1102230246251565e-16,1.1102230246251565e-16
How do within-family activation hyperparameters tune the welfare-convergence tradeoff?,hyperparameter_root_power,a,0.0,nrd,root_power,a,0.0,0.5,3,3,3,1.0,23,True,1000,0.982143290485402,0.9533286701646076,-3.5158523673084474e-05,True,200,0.9822568334311412,0.9532318445818255,-6.779958280200837e-05,2.220446049250313e-16,0.0
How do within-family activation hyperparameters tune the welfare-convergence tradeoff?,hyperparameter_root_power,a,0.0,nrd,root_power,a,0.0,0.5,3,3,3,1.0,22,True,2400,0.9710122065711305,0.9467157141554058,1.0137418562705669e-05,True,500,0.971064279025341,0.946681150105532,-6.778294985426703e-05,2.220446049250313e-16,2.220446049250313e-16
How do within-family activation hyperparameters tune the welfare-convergence tradeoff?,hyperparameter_root_power,a,0.0,nrd,root_power,a,0.0,0.5,3,3,3,1.0,24,True,1200,0.9866443514764289,0.9271018303462667,-2.7861139046958527e-05,True,200,0.9867185530289859,0.9270601721025421,-6.779393757061491e-05,2.220446049250313e-16,1.1102230246251565e-16
How do within-family activation hyperparameters tune the welfare-convergence tradeoff?,hyperparameter_root_power,a,0.0,nrd,root_power,a,0.0,0.5,3,3,3,1.0,25,True,1100,0.9446913587844078,0.8735561979761624,-3.099272715323398e-05,True,200,0.9455354808671348,0.872731566548226,-6.779493734981878e-05,1.1102230246251565e-16,0.0
How do within-family activation hyperparameters tune the welfare-convergence tradeoff?,hyperparameter_root_power,a,0.0,nrd,root_power,a,0.0,0.5,3,3,3,1.0,26,True,1100,0.9849123998757586,0.9112988368001975,-3.408177379360389e-05,True,200,0.9851305964093138,0.9111031143111613,-6.777846756156336e-05,1.1102230246251565e-16,2.220446049250313e-16
How do within-family activation hyperparameters tune the welfare-convergence tradeoff?,hyperparameter_root_power,a,0.0,nrd,root_power,a,0.0,0.5,3,3,3,1.0,27,True,1100,0.961985325240412,0.9099899058566182,-3.1683912855740015e-05,True,200,0.9624415437779599,0.9095773635266508,-6.778643066179812e-05,2.220446049250313e-16,2.220446049250313e-16
How do within-family activation hyperparameters tune the welfare-convergence tradeoff?,hyperparameter_root_power,a,0.0,nrd,root_power,a,0.0,0.5,3,3,3,1.0,28,True,1800,0.9520157730708975,0.9014485631657966,-9.619838578001083e-06,True,400,0.9522098071690623,0.9012972954575069,-6.77618206250119e-05,1.1102230246251565e-16,2.220446049250313e-16
How do within-family activation hyperparameters tune the welfare-convergence tradeoff?,hyperparameter_root_power,a,0.0,nrd,root_power,a,0.0,0.5,3,3,3,1.0,29,True,1100,0.9564598311895814,0.8911120489129095,-3.325784601293513e-05,True,200,0.9574577941336941,0.8901527402905005,-6.781007402600903e-05,1.1102230246251565e-16,1.1102230246251565e-16
How do within-family activation hyperparameters tune the welfare-convergence tradeoff?,hyperparameter_root_power,a,0.0,nrd,root_power,a,0.0,0.5,3,3,3,1.0,32,True,900,0.9737461901279042,0.9286260513945027,-4.013293689519859e-05,True,100,0.9736688879864582,0.9286978633962026,-6.77578157450287e-05,0.0,1.1102230246251565e-16
How do within-family activation hyperparameters tune the welfare-convergence tradeoff?,hyperparameter_root_power,a,0.0,nrd,root_power,a,0.0,0.5,3,3,3,1.0,30,True,900,0.9702968319847203,0.9412208249100753,-3.7664624954691917e-05,True,200,0.970769423313705,0.9407807230604514,-6.775491956506619e-05,1.1102230246251565e-16,1.1102230246251565e-16
How do within-family activation hyperparameters tune the welfare-convergence tradeoff?,hyperparameter_root_power,a,0.0,nrd,root_power,a,0.0,0.5,3,3,3,1.0,31,True,1300,0.9709304259272831,0.9017803142345936,-2.5473038531453884e-05,True,200,0.9713209870652526,0.9014360070765198,-6.78048035706591e-05,2.220446049250313e-16,2.220446049250313e-16
How do within-family activation hyperparameters tune the welfare-convergence tradeoff?,hyperparameter_root_power,a,0.0,nrd,root_power,a,0.0,0.5,3,3,3,1.0,34,True,800,0.9685668185880181,0.8825793159035488,-4.355961617502624e-05,True,100,0.9688761534750882,0.8823447882927685,-6.77777077149333e-05,1.1102230246251565e-16,2.220446049250313e-16
How do within-family activation hyperparameters tune the welfare-convergence tradeoff?,hyperparameter_root_power,a,0.0,nrd,root_power,a,0.0,0.5,3,3,3,1.0,33,True,1500,0.9717486658947013,0.9145711200181568,-2.0705636260054394e-05,True,300,0.9713057239971657,0.9150311536921404,-6.779335450562973e-05,1.1102230246251565e-16,1.1102230246251565e-16
How do within-family activation hyperparameters tune the welfare-convergence tradeoff?,hyperparameter_root_power,a,0.0,nrd,root_power,a,0.0,0.5,3,3,3,1.0,35,True,2000,0.9618632196647288,0.8371536115315705,-3.3013164927875316e-06,True,400,0.9620351034703574,0.837059224511405,-6.77739519410192e-05,2.220446049250313e-16,2.220446049250313e-16
How do within-family activation hyperparameters tune the welfare-convergence tradeoff?,hyperparameter_root_power,a,0.0,nrd,root_power,a,0.0,0.5,3,3,3,1.0,36,True,900,0.9848561125460533,0.9264829528298484,-3.9919973062296776e-05,True,200,0.9847556143734413,0.9266207618604009,-6.779942374335324e-05,1.1102230246251565e-16,2.220446049250313e-16
How do within-family activation hyperparameters tune the welfare-convergence tradeoff?,hyperparameter_root_power,a,0.0,nrd,root_power,a,0.0,0.5,3,3,3,1.0,37,True,1000,0.9433497084707777,0.8858421828489501,-3.516432370631595e-05,True,200,0.9435487358485758,0.8856961494110488,-6.780093622943406e-05,1.1102230246251565e-16,2.220446049250313e-16
How do within-family activation hyperparameters tune the welfare-convergence tradeoff?,hyperparameter_root_power,a,0.0,nrd,root_power,a,0.0,0.5,3,3,3,1.0,38,True,1400,0.9824111458379677,0.9462413795599159,-2.3462354996450774e-05,True,300,0.9824113235499081,0.946263066519951,-6.779795246419917e-05,1.1102230246251565e-16,1.1102230246251565e-16
How do within-family activation hyperparameters tune the welfare-convergence tradeoff?,hyperparameter_root_power,a,0.0,nrd,root_power,a,0.0,0.5,3,3,3,1.0,39,True,900,0.9845092420109552,0.9202373420372559,-3.8776613255075976e-05,True,100,0.9847969801542559,0.9199755078847769,-6.776753914583544e-05,0.0,1.1102230246251565e-16
How do within-family activation hyperparameters tune the welfare-convergence tradeoff?,hyperparameter_root_power,a,0.0,nrd,root_power,a,0.0,0.5,3,3,3,1.0,40,True,900,0.9512496016853791,0.8818945725587138,-3.898357550696785e-05,True,200,0.9508814276971439,0.882290275822859,-6.77894949595581e-05,2.220446049250313e-16,1.1102230246251565e-16
How do within-family activation hyperparameters tune the welfare-convergence tradeoff?,hyperparameter_root_power,a,0.0,nrd,root_power,a,0.0,0.5,3,3,3,1.0,41,True,700,0.989748150324631,0.9130805783599026,-4.528753662363938e-05,True,100,0.9899078883981844,0.9129381149203173,-6.779333081247119e-05,1.1102230246251565e-16,1.1102230246251565e-16
How do within-family activation hyperparameters tune the welfare-convergence tradeoff?,hyperparameter_root_power,a,0.0,nrd,root_power,a,0.0,0.5,3,3,3,1.0,42,True,800,0.9707461243142037,0.9001190695603024,-4.3534008903334254e-05,True,100,0.9707840018634232,0.9001362312652591,-6.778415439445684e-05,1.1102230246251565e-16,1.1102230246251565e-16
How do within-family activation hyperparameters tune the welfare-convergence tradeoff?,hyperparameter_root_power,a,0.0,nrd,root_power,a,0.0,0.5,3,3,3,1.0,44,True,800,0.9502994483527311,0.8679838295808601,-4.102488705559626e-05,True,100,0.9508953567273948,0.8674148997148382,-6.779059572736834e-05,2.220446049250313e-16,2.220446049250313e-16
How do within-family activation hyperparameters tune the welfare-convergence tradeoff?,hyperparameter_root_power,a,0.0,nrd,root_power,a,0.0,0.5,3,3,3,1.0,43,True,1100,0.9462545457018201,0.86085169266052,-3.339711410560442e-05,True,200,0.9466436112672656,0.8605211271643083,-6.779555823721584e-05,1.1102230246251565e-16,0.0
How do within-family activation hyperparameters tune the welfare-convergence tradeoff?,hyperparameter_root_power,a,0.0,nrd,root_power,a,0.0,0.5,3,3,3,1.0,45,True,600,0.9900135248766405,0.9760482849585186,-5.101711870508785e-05,True,100,0.9901351986388539,0.9759314290597411,-6.776827472343427e-05,0.0,1.1102230246251565e-16
How do within-family activation hyperparameters tune the welfare-convergence tradeoff?,hyperparameter_root_power,a,0.0,nrd,root_power,a,0.0,0.5,3,3,3,1.0,46,True,1200,0.9772556249019857,0.9003781979778848,-3.0316486131831688e-05,True,200,0.9774574659895626,0.9002516510300288,-6.778046055211373e-05,1.1102230246251565e-16,1.1102230246251565e-16
How do within-family activation hyperparameters tune the welfare-convergence tradeoff?,hyperparameter_root_power,a,0.0,nrd,root_power,a,0.0,0.5,3,3,3,1.0,47,True,900,0.9819483029303285,0.9471136339161857,-3.821956090871437e-05,True,200,0.982152845299895,0.9469263674288579,-6.776980164668878e-05,1.1102230246251565e-16,2.220446049250313e-16
How do within-family activation hyperparameters tune the welfare-convergence tradeoff?,hyperparameter_root_power,a,0.0,nrd,root_power,a,0.0,0.5,3,3,3,1.0,48,True,800,0.9778449901484652,0.920089290717966,-4.2784354167935135e-05,True,100,0.9774188411965122,0.9205169519291649,-6.777486819331546e-05,1.1102230246251565e-16,2.220446049250313e-16
How do within-family activation hyperparameters tune the welfare-convergence tradeoff?,hyperparameter_root_power,a,0.0,nrd,root_power,a,0.0,0.5,3,3,3,1.0,50,True,900,0.9811216841018462,0.8683666935056676,-3.847223990055548e-05,True,200,0.9812327598440626,0.8683145967327821,-6.777814755609679e-05,0.0,2.220446049250313e-16
How do within-family activation hyperparameters tune the welfare-convergence tradeoff?,hyperparameter_root_power,a,0.0,nrd,root_power,a,0.0,0.5,3,3,3,1.0,49,True,900,0.9781727161458786,0.8760202213564753,-3.953568345532732e-05,True,200,0.9782488149063598,0.8759724907735257,-6.77790897417041e-05,1.1102230246251565e-16,2.220446049250313e-16
How do within-family activation hyperparameters tune the welfare-convergence tradeoff?,hyperparameter_root_power,a,0.0,nrd,root_power,a,0.0,0.5,3,3,3,1.0,51,True,800,0.9821690856032181,0.8996900705959913,-4.2065420474912685e-05,True,100,0.9823949020479252,0.8995052911653495,-6.778933769907569e-05,1.1102230246251565e-16,0.0
How do within-family activation hyperparameters tune the welfare-convergence tradeoff?,hyperparameter_root_power,a,0.0,nrd,root_power,a,0.0,0.5,3,3,3,1.0,52,True,1300,0.9808170464055102,0.8634042183458025,-2.7296209961835682e-05,True,300,0.9812694862546194,0.8630389636375209,-6.778356177805644e-05,2.220446049250313e-16,0.0
How do within-family activation hyperparameters tune the welfare-convergence tradeoff?,hyperparameter_root_power,a,0.0,nrd,root_power,a,0.0,0.5,3,3,3,1.0,53,True,900,0.966010668480921,0.9131379646928682,-4.005049260547011e-05,True,100,0.9662318067715153,0.9129476893724892,-6.775163911704185e-05,2.220446049250313e-16,1.1102230246251565e-16
How do within-family activation hyperparameters tune the welfare-convergence tradeoff?,hyperparameter_root_power,a,0.0,nrd,root_power,a,0.0,0.5,3,3,3,1.0,54,True,900,0.9707681084841389,0.8957580231351119,-3.998795563320279e-05,True,200,0.9713162150591025,0.8952368798580763,-6.779729800765466e-05,0.0,1.1102230246251565e-16
How do within-family activation hyperparameters tune the welfare-convergence tradeoff?,hyperparameter_root_power,a,0.0,nrd,root_power,a,0.0,0.5,3,3,3,1.0,55,True,1000,0.9740432708320387,0.8936126227557613,-3.649005389655402e-05,True,200,0.974065515597432,0.8936128787503451,-6.779688410213369e-05,0.0,1.1102230246251565e-16
How do within-family activation hyperparameters tune the welfare-convergence tradeoff?,hyperparameter_root_power,a,0.0,nrd,root_power,a,0.0,0.5,3,3,3,1.0,57,True,1000,0.9863059701122318,0.9029066720801429,-3.7340038836652933e-05,True,100,0.9864237197832795,0.9028051198615777,-6.778910459276366e-05,2.220446049250313e-16,2.220446049250313e-16
How do within-family activation hyperparameters tune the welfare-convergence tradeoff?,hyperparameter_root_power,a,0.0,nrd,root_power,a,0.0,0.5,3,3,3,1.0,56,True,2700,0.9861728829765827,0.9177951414146578,2.2136055925048304e-05,True,600,0.9862373836103467,0.9178197039829126,-6.754099948413916e-05,0.0,0.0
How do within-family activation hyperparameters tune the welfare-convergence tradeoff?,hyperparameter_root_power,a,0.0,nrd,root_power,a,0.0,0.5,3,3,3,1.0,58,True,800,0.9623730024231485,0.8897404976563474,-4.180785741281223e-05,True,100,0.9629520408545651,0.8891725491773466,-6.780053337102077e-05,2.220446049250313e-16,1.1102230246251565e-16
How do within-family activation hyperparameters tune the welfare-convergence tradeoff?,hyperparameter_root_power,a,0.0,nrd,root_power,a,0.0,0.5,3,3,3,1.0,59,True,1400,0.9657055729972635,0.8667420268781649,-2.3678655350856115e-05,True,200,0.9662513472257707,0.8662618840512183,-6.780009085016747e-05,1.1102230246251565e-16,2.220446049250313e-16
How do within-family activation hyperparameters tune the welfare-convergence tradeoff?,hyperparameter_root_power,a,0.0,nrd,root_power,a,0.0,0.5,3,3,3,1.0,61,True,600,0.9760611638914224,0.9208465057169645,-4.806471584117844e-05,True,100,0.9759745892110901,0.9209618231519326,-6.778701529341902e-05,0.0,1.1102230246251565e-16
How do within-family activation hyperparameters tune the welfare-convergence tradeoff?,hyperparameter_root_power,a,0.0,nrd,root_power,a,0.0,0.5,3,3,3,1.0,60,True,1500,0.967819427252516,0.9265939507863789,-2.0619826428480703e-05,True,300,0.9679584649093865,0.9265178091446445,-6.779188609401521e-05,1.1102230246251565e-16,2.220446049250313e-16
How do within-family activation hyperparameters tune the welfare-convergence tradeoff?,hyperparameter_root_power,a,0.0,nrd,root_power,a,0.0,0.5,3,3,3,1.0,62,True,800,0.9590427355329276,0.9084373216030092,-4.418656468746507e-05,True,100,0.9585423309907927,0.9089441165215838,-6.77853252908367e-05,2.220446049250313e-16,1.1102230246251565e-16
How do within-family activation hyperparameters tune the welfare-convergence tradeoff?,hyperparameter_root_power,a,0.0,nrd,root_power,a,0.0,0.5,3,3,3,1.0,64,True,800,0.9373558685306403,0.8599823205591729,-4.2171147626723915e-05,True,100,0.9375978646649014,0.8597604673178783,-6.779649040700164e-05,2.220446049250313e-16,2.220446049250313e-16
How do within-family activation hyperparameters tune the welfare-convergence tradeoff?,hyperparameter_root_power,a,0.0,nrd,root_power,a,0.0,0.5,3,3,3,1.0,63,True,1100,0.9880734231784183,0.9309541845657429,-3.2609322695664744e-05,True,200,0.9882265333684686,0.9308079407246472,-6.779848795512855e-05,1.1102230246251565e-16,0.0
How do within-family activation hyperparameters tune the welfare-convergence tradeoff?,hyperparameter_root_power,a,0.0,nrd,root_power,a,0.0,0.5,3,3,3,1.0,65,True,1300,0.9706952594631978,0.8817189602582262,-2.478360016866521e-05,True,200,0.9711868620619012,0.8812502503773687,-6.779792050048972e-05,2.220446049250313e-16,2.220446049250313e-16
How do within-family activation hyperparameters tune the welfare-convergence tradeoff?,hyperparameter_root_power,a,0.0,nrd,root_power,a,0.0,0.5,3,3,3,1.0,67,True,1000,0.973499136432896,0.8843953222603059,-3.637037228704232e-05,True,200,0.9740381773358073,0.8838878835649261,-6.779106720838923e-05,0.0,2.220446049250313e-16
How do within-family activation hyperparameters tune the welfare-convergence tradeoff?,hyperparameter_root_power,a,0.0,nrd,root_power,a,0.0,0.5,3,3,3,1.0,66,True,1100,0.9797360054447165,0.9026508209535052,-3.286759589610222e-05,True,200,0.979849151598519,0.9025635927280075,-6.77827449933055e-05,2.220446049250313e-16,1.1102230246251565e-16
How do within-family activation hyperparameters tune the welfare-convergence tradeoff?,hyperparameter_root_power,a,0.0,nrd,root_power,a,0.0,0.5,3,3,3,1.0,68,True,900,0.9793174989302408,0.896234765219147,-3.810400735149155e-05,True,200,0.9791237045859527,0.8964489123935181,-6.777999260815237e-05,2.220446049250313e-16,0.0
How do within-family activation hyperparameters tune the welfare-convergence tradeoff?,hyperparameter_root_power,a,0.0,nrd,root_power,a,0.0,0.5,3,3,3,1.0,69,True,1000,0.9743807906273714,0.9258518976631577,-3.51990748363451e-05,True,200,0.9747519747062252,0.9255395020776955,-6.776147564530044e-05,0.0,1.1102230246251565e-16
How do within-family activation hyperparameters tune the welfare-convergence tradeoff?,hyperparameter_root_power,a,0.0,nrd,root_power,a,0.0,0.5,3,3,3,1.0,70,True,1900,0.963007829480245,0.9117514252146751,-6.025284230992689e-06,True,400,0.9627880976276175,0.9120647355199432,-6.77955413620479e-05,2.220446049250313e-16,1.1102230246251565e-16
How do within-family activation hyperparameters tune the welfare-convergence tradeoff?,hyperparameter_root_power,a,0.0,nrd,root_power,a,0.0,0.5,3,3,3,1.0,71,True,900,0.9656588789463931,0.9228981050030375,-3.948068191267362e-05,True,200,0.9659377718384178,0.9226701027133984,-6.779528589884176e-05,0.0,2.220446049250313e-16
How do within-family activation hyperparameters tune the welfare-convergence tradeoff?,hyperparameter_root_power,a,0.0,nrd,root_power,a,0.0,0.5,3,3,3,1.0,72,True,900,0.9605264936264273,0.9205692281378742,-3.877724374501401e-05,True,100,0.9612928994931365,0.9198189743991169,-6.779549448548972e-05,2.220446049250313e-16,1.1102230246251565e-16
How do within-family activation hyperparameters tune the welfare-convergence tradeoff?,hyperparameter_root_power,a,0.0,nrd,root_power,a,0.0,0.5,3,3,3,1.0,74,True,1000,0.9822771769057242,0.9012248444249145,-3.50944676555387e-05,True,200,0.9824705289243637,0.9010711293414794,-6.7770923553645e-05,0.0,2.220446049250313e-16
How do within-family activation hyperparameters tune the welfare-convergence tradeoff?,hyperparameter_root_power,a,0.0,nrd,root_power,a,0.0,0.5,3,3,3,1.0,73,True,2100,0.9679557241051812,0.9009129476212087,2.868153626267578e-07,True,400,0.9681031137520067,0.9007981661366228,-6.780878202022889e-05,2.220446049250313e-16,2.220446049250313e-16
How do within-family activation hyperparameters tune the welfare-convergence tradeoff?,hyperparameter_root_power,a,0.0,nrd,root_power,a,0.0,0.5,3,3,3,1.0,75,True,1000,0.9707632957316842,0.8706390483346569,-3.5083026312277e-05,True,200,0.9707022097958796,0.8707805578171867,-6.77553696202815e-05,1.1102230246251565e-16,1.1102230246251565e-16
How do within-family activation hyperparameters tune the welfare-convergence tradeoff?,hyperparameter_root_power,a,0.0,nrd,root_power,a,0.0,0.5,3,3,3,1.0,76,True,1700,0.9402525398066947,0.8973784136597915,-1.2160677575590029e-05,True,400,0.9396909132950707,0.8979249915766497,-6.778150114605808e-05,2.220446049250313e-16,2.220446049250313e-16
How do within-family activation hyperparameters tune the welfare-convergence tradeoff?,hyperparameter_root_power,a,0.0,nrd,root_power,a,0.0,0.5,3,3,3,1.0,77,True,800,0.982504553334081,0.8942040763683866,-4.2629987379638745e-05,True,100,0.9829199164116083,0.8938115498533662,-6.779250922006597e-05,2.220446049250313e-16,2.220446049250313e-16
How do within-family activation hyperparameters tune the welfare-convergence tradeoff?,hyperparameter_root_power,a,0.0,nrd,root_power,a,0.0,0.5,3,3,3,1.0,78,True,700,0.982161053666244,0.9203521597564377,-4.579014019051586e-05,True,100,0.9822613502148624,0.9202639734435071,-6.778182601702154e-05,1.1102230246251565e-16,0.0
How do within-family activation hyperparameters tune the welfare-convergence tradeoff?,hyperparameter_root_power,a,0.0,nrd,root_power,a,0.0,0.5,3,3,3,1.0,80,True,1200,0.9736462463574977,0.9273559844774694,-2.915852900503557e-05,True,200,0.9739215711879193,0.9271418091998024,-6.777907165061992e-05,0.0,0.0
How do within-family activation hyperparameters tune the welfare-convergence tradeoff?,hyperparameter_root_power,a,0.0,nrd,root_power,a,0.0,0.5,3,3,3,1.0,79,True,1600,0.950825172268432,0.8628039560990654,-1.4757325704883861e-05,True,300,0.9515298070353145,0.8621564413183481,-6.779300685549883e-05,1.1102230246251565e-16,2.220446049250313e-16
How do within-family activation hyperparameters tune the welfare-convergence tradeoff?,hyperparameter_root_power,a,0.0,nrd,root_power,a,0.0,0.5,3,3,3,1.0,81,True,900,0.956571596701097,0.8950839089232012,-3.996971134151428e-05,True,100,0.9568470874769884,0.894831687355519,-6.778504759230586e-05,0.0,1.1102230246251565e-16
How do within-family activation hyperparameters tune the welfare-convergence tradeoff?,hyperparameter_root_power,a,0.0,nrd,root_power,a,0.0,0.5,3,3,3,1.0,82,True,900,0.9509732311540752,0.8701726995879026,-3.817831010505257e-05,True,200,0.9507036058465289,0.8704708765235138,-6.778987241823353e-05,2.220446049250313e-16,2.220446049250313e-16
How do within-family activation hyperparameters tune the welfare-convergence tradeoff?,hyperparameter_root_power,a,0.0,nrd,root_power,a,0.0,0.5,3,3,3,1.0,83,True,900,0.979961511008707,0.9560390767170267,-3.768966102907223e-05,True,200,0.9804550995593657,0.9555572457597016,-6.779039370236051e-05,0.0,0.0
How do within-family activation hyperparameters tune the welfare-convergence tradeoff?,hyperparameter_root_power,a,0.0,nrd,root_power,a,0.0,0.5,3,3,3,1.0,84,True,900,0.9827534055927823,0.9607084795877133,-3.9008338370116746e-05,True,200,0.9826003186128481,0.9608544561131677,-6.776826352811183e-05,1.1102230246251565e-16,0.0
How do within-family activation hyperparameters tune the welfare-convergence tradeoff?,hyperparameter_root_power,a,0.0,nrd,root_power,a,0.0,0.5,3,3,3,1.0,86,True,800,0.9837583476346327,0.9143783175067028,-4.228357882091194e-05,True,100,0.9839573242443816,0.9141970352029198,-6.777346773523263e-05,1.1102230246251565e-16,2.220446049250313e-16
How do within-family activation hyperparameters tune the welfare-convergence tradeoff?,hyperparameter_root_power,a,0.0,nrd,root_power,a,0.0,0.5,3,3,3,1.0,85,True,1400,0.986906909031156,0.882714737237864,-2.1431403546490202e-05,True,300,0.987027578326595,0.8826096671347673,-6.776519299728223e-05,1.1102230246251565e-16,2.220446049250313e-16
How do within-family activation hyperparameters tune the welfare-convergence tradeoff?,hyperparameter_root_power,a,0.0,nrd,root_power,a,0.0,0.5,3,3,3,1.0,87,True,900,0.9898870530473667,0.8788058876778923,-3.8021486261974324e-05,True,200,0.9898561153398392,0.8788725319077785,-6.778830692250049e-05,2.220446049250313e-16,1.1102230246251565e-16
How do within-family activation hyperparameters tune the welfare-convergence tradeoff?,hyperparameter_root_power,a,0.0,nrd,root_power,a,0.0,0.5,3,3,3,1.0,88,True,1100,0.9772367893551601,0.9154359809064326,-3.3812436015412395e-05,True,200,0.9775382254798922,0.9151557186958819,-6.779983814025892e-05,1.1102230246251565e-16,1.1102230246251565e-16
How do within-family activation hyperparameters tune the welfare-convergence tradeoff?,hyperparameter_root_power,a,0.0,nrd,root_power,a,0.0,0.5,3,3,3,1.0,89,True,1100,0.9828843345099639,0.8967324260630803,-3.200908061246066e-05,True,200,0.9830098360131085,0.8966418339897683,-6.778034504401065e-05,2.220446049250313e-16,1.1102230246251565e-16
How do within-family activation hyperparameters tune the welfare-convergence tradeoff?,hyperparameter_root_power,a,0.0,nrd,root_power,a,0.0,0.5,3,3,3,1.0,90,True,900,0.9854683892516155,0.8978082407552958,-3.940796817514247e-05,True,100,0.9853920103391814,0.897900626797311,-6.778921926520187e-05,0.0,1.1102230246251565e-16
How do within-family activation hyperparameters tune the welfare-convergence tradeoff?,hyperparameter_root_power,a,0.0,nrd,root_power,a,0.0,0.5,3,3,3,1.0,91,True,700,0.9739840955784885,0.8829134597887274,-4.535542869060771e-05,True,100,0.9739453494970576,0.8829611624782512,-6.77869662806807e-05,0.0,1.1102230246251565e-16
How do within-family activation hyperparameters tune the welfare-convergence tradeoff?,hyperparameter_root_power,a,0.0,nrd,root_power,a,0.0,0.5,3,3,3,1.0,93,True,800,0.9670262277218888,0.825699085868376,-4.171080475945388e-05,True,100,0.9671280695935904,0.8256011912897753,-6.777301366633903e-05,2.220446049250313e-16,2.220446049250313e-16
How do within-family activation hyperparameters tune the welfare-convergence tradeoff?,hyperparameter_root_power,a,0.0,nrd,root_power,a,0.0,0.5,3,3,3,1.0,92,True,1800,0.9737629804995147,0.9249504464898458,-7.5445527485951125e-06,True,300,0.9742803762330761,0.9244932915637278,-6.781284126955445e-05,2.220446049250313e-16,2.220446049250313e-16
How do within-family activation hyperparameters tune the welfare-convergence tradeoff?,hyperparameter_root_power,a,0.0,nrd,root_power,a,0.0,0.5,3,3,3,1.0,94,True,1000,0.9652168288164604,0.8918153854408492,-3.593443010507791e-05,True,100,0.9655106078916909,0.8915481443057963,-6.777551863434983e-05,0.0,0.0
How do within-family activation hyperparameters tune the welfare-convergence tradeoff?,hyperparameter_root_power,a,0.0,nrd,root_power,a,0.0,0.5,3,3,3,1.0,95,True,800,0.9846767387690255,0.9442462052005262,-4.3286072143877696e-05,True,100,0.9847176941865932,0.9442195952057221,-6.779255281474938e-05,0.0,2.220446049250313e-16
How do within-family activation hyperparameters tune the welfare-convergence tradeoff?,hyperparameter_root_power,a,0.0,nrd,root_power,a,0.0,0.5,3,3,3,1.0,96,True,1100,0.9802858092385373,0.9054090353502696,-3.4032565125297065e-05,True,200,0.9801072763141685,0.9056244882566652,-6.777960221260315e-05,0.0,2.220446049250313e-16
How do within-family activation hyperparameters tune the welfare-convergence tradeoff?,hyperparameter_root_power,a,0.0,nrd,root_power,a,0.0,0.5,3,3,3,1.0,97,True,1200,0.9595407894102234,0.8664701704439187,-2.896242294236906e-05,True,200,0.9598079657511518,0.8662624092766471,-6.779589661737306e-05,2.220446049250313e-16,1.1102230246251565e-16
How do within-family activation hyperparameters tune the welfare-convergence tradeoff?,hyperparameter_root_power,a,0.0,nrd,root_power,a,0.0,0.5,3,3,3,1.0,98,True,1200,0.9783639728740301,0.9127328876131827,-2.759029851362449e-05,True,200,0.9788579324333702,0.9122666507243702,-6.781262529304e-05,1.1102230246251565e-16,0.0
How do within-family activation hyperparameters tune the welfare-convergence tradeoff?,hyperparameter_root_power,a,0.0,nrd,root_power,a,0.0,0.5,3,3,3,1.0,99,True,800,0.984972302840062,0.9492472607445803,-4.2524156890266784e-05,True,100,0.9848599673909222,0.9493596895562786,-6.778700630216683e-05,0.0,2.220446049250313e-16
How do within-family activation hyperparameters tune the welfare-convergence tradeoff?,hyperparameter_root_power,a,0.1,nrd,root_power,a,0.1,0.5,3,3,3,1.0,0,True,1100,0.9755883606023517,0.8483368486993695,-3.0579034046518405e-05,True,200,0.9759620914315408,0.8480147516466393,-6.542661476122147e-05,1.1102230246251565e-16,2.220446049250313e-16
How do within-family activation hyperparameters tune the welfare-convergence tradeoff?,hyperparameter_root_power,a,0.1,nrd,root_power,a,0.1,0.5,3,3,3,1.0,1,True,900,0.9725023873030801,0.9091822634874829,-3.7075459125179844e-05,True,200,0.9723971650462808,0.9093175724683987,-6.532267929992841e-05,1.1102230246251565e-16,1.1102230246251565e-16
How do within-family activation hyperparameters tune the welfare-convergence tradeoff?,hyperparameter_root_power,a,0.1,nrd,root_power,a,0.1,0.5,3,3,3,1.0,2,True,1100,0.9656218758614588,0.9125627348378552,-3.246426866876373e-05,True,100,0.9662275405813635,0.9119341553768651,-6.52910621892211e-05,2.220446049250313e-16,1.1102230246251565e-16
How do within-family activation hyperparameters tune the welfare-convergence tradeoff?,hyperparameter_root_power,a,0.1,nrd,root_power,a,0.1,0.5,3,3,3,1.0,3,True,1000,0.9884806592099565,0.9335673192981423,-3.292636231783108e-05,True,200,0.9889324962190065,0.9331027561175068,-6.527154969104831e-05,1.1102230246251565e-16,2.220446049250313e-16
How do within-family activation hyperparameters tune the welfare-convergence tradeoff?,hyperparameter_root_power,a,0.1,nrd,root_power,a,0.1,0.5,3,3,3,1.0,4,True,900,0.9653745423749553,0.9180079988865731,-3.6822715549666984e-05,True,200,0.9657134578450601,0.9176381871856746,-6.526671950884966e-05,2.220446049250313e-16,1.1102230246251565e-16
How do within-family activation hyperparameters tune the welfare-convergence tradeoff?,hyperparameter_root_power,a,0.1,nrd,root_power,a,0.1,0.5,3,3,3,1.0,5,True,1100,0.965211619762546,0.8818946835148206,-3.138252330503466e-05,True,200,0.9659952773302544,0.8811466347173571,-6.524791134598917e-05,2.220446049250313e-16,0.0
How do within-family activation hyperparameters tune the welfare-convergence tradeoff?,hyperparameter_root_power,a,0.1,nrd,root_power,a,0.1,0.5,3,3,3,1.0,6,True,800,0.9841206626961189,0.8463912254742358,-3.9806085815718983e-05,True,100,0.9839748322136357,0.8465965427658274,-6.551164851736901e-05,2.220446049250313e-16,1.1102230246251565e-16
How do within-family activation hyperparameters tune the welfare-convergence tradeoff?,hyperparameter_root_power,a,0.1,nrd,root_power,a,0.1,0.5,3,3,3,1.0,7,True,1200,0.9819797049467689,0.9197269901515502,-2.739447080019053e-05,True,200,0.9821376117935532,0.9195797898915391,-6.52804471131807e-05,2.220446049250313e-16,2.220446049250313e-16
How do within-family activation hyperparameters tune the welfare-convergence tradeoff?,hyperparameter_root_power,a,0.1,nrd,root_power,a,0.1,0.5,3,3,3,1.0,8,True,1000,0.9650425374456848,0.9144200845691492,-3.2254783223328864e-05,True,100,0.9649826537752875,0.9144789846550273,-6.524935760232609e-05,1.1102230246251565e-16,2.220446049250313e-16
How do within-family activation hyperparameters tune the welfare-convergence tradeoff?,hyperparameter_root_power,a,0.1,nrd,root_power,a,0.1,0.5,3,3,3,1.0,10,True,900,0.9749517147594426,0.9041350275261452,-3.903282091771709e-05,True,100,0.9753506530547208,0.9037583960116811,-6.529368162583316e-05,1.1102230246251565e-16,2.220446049250313e-16
How do within-family activation hyperparameters tune the welfare-convergence tradeoff?,hyperparameter_root_power,a,0.1,nrd,root_power,a,0.1,0.5,3,3,3,1.0,9,True,800,0.9706794926805462,0.8557722055422539,-4.028993433047301e-05,True,200,0.970676837003046,0.8558390565115489,-6.550049664871826e-05,2.220446049250313e-16,1.1102230246251565e-16
How do within-family activation hyperparameters tune the welfare-convergence tradeoff?,hyperparameter_root_power,a,0.1,nrd,root_power,a,0.1,0.5,3,3,3,1.0,11,True,1000,0.9522990145121997,0.8953297313156989,-3.283035160117631e-05,True,200,0.9529047932108268,0.8946948677447683,-6.530325325193598e-05,0.0,1.1102230246251565e-16
How do within-family activation hyperparameters tune the welfare-convergence tradeoff?,hyperparameter_root_power,a,0.1,nrd,root_power,a,0.1,0.5,3,3,3,1.0,12,True,1200,0.9728646244122313,0.8978392744074314,-2.7241234629216127e-05,True,200,0.9731259544055249,0.8975986273325712,-6.532386488483644e-05,2.220446049250313e-16,0.0
How do within-family activation hyperparameters tune the welfare-convergence tradeoff?,hyperparameter_root_power,a,0.1,nrd,root_power,a,0.1,0.5,3,3,3,1.0,13,True,1200,0.9763651725147932,0.8744479454693698,-2.6172784482025868e-05,True,200,0.9765954302495279,0.8742113403262595,-6.549880891992821e-05,2.220446049250313e-16,2.220446049250313e-16
How do within-family activation hyperparameters tune the welfare-convergence tradeoff?,hyperparameter_root_power,a,0.1,nrd,root_power,a,0.1,0.5,3,3,3,1.0,14,True,600,0.9906483961781368,0.9435048766362945,-4.6120598959475956e-05,True,100,0.9904630587557351,0.9437190168589457,-6.521899295580669e-05,1.1102230246251565e-16,0.0
How do within-family activation hyperparameters tune the welfare-convergence tradeoff?,hyperparameter_root_power,a,0.1,nrd,root_power,a,0.1,0.5,3,3,3,1.0,15,True,1000,0.9799718028464982,0.9000069474147918,-3.36966399974159e-05,True,200,0.9803677799635825,0.8996532921062109,-6.531492268196937e-05,1.1102230246251565e-16,2.220446049250313e-16
How do within-family activation hyperparameters tune the welfare-convergence tradeoff?,hyperparameter_root_power,a,0.1,nrd,root_power,a,0.1,0.5,3,3,3,1.0,16,True,900,0.9704040957589679,0.8542528585623232,-3.679758785501974e-05,True,200,0.9710075963470809,0.8536112789147756,-6.554664825569878e-05,1.1102230246251565e-16,2.220446049250313e-16
How do within-family activation hyperparameters tune the welfare-convergence tradeoff?,hyperparameter_root_power,a,0.1,nrd,root_power,a,0.1,0.5,3,3,3,1.0,17,True,1000,0.9678734990252307,0.9101595999801354,-3.3841212453589176e-05,True,200,0.9677903636098819,0.9102874205154167,-6.526268339618335e-05,2.220446049250313e-16,2.220446049250313e-16
How do within-family activation hyperparameters tune the welfare-convergence tradeoff?,hyperparameter_root_power,a,0.1,nrd,root_power,a,0.1,0.5,3,3,3,1.0,18,True,1100,0.9836802273690805,0.8960061839073806,-3.2118951271586926e-05,True,200,0.9839083353371605,0.8957886331010453,-6.542030245343389e-05,0.0,2.220446049250313e-16
How do within-family activation hyperparameters tune the welfare-convergence tradeoff?,hyperparameter_root_power,a,0.1,nrd,root_power,a,0.1,0.5,3,3,3,1.0,19,True,900,0.9812197092142244,0.9366509789163926,-3.908512169831235e-05,True,100,0.9815968359775012,0.9362792546584551,-6.520690063666068e-05,0.0,2.220446049250313e-16
How do within-family activation hyperparameters tune the welfare-convergence tradeoff?,hyperparameter_root_power,a,0.1,nrd,root_power,a,0.1,0.5,3,3,3,1.0,20,True,2200,0.9802602492084582,0.9163293227081114,7.391592619920839e-06,True,500,0.9803871662568704,0.9162324529666065,-6.524124058604475e-05,0.0,2.220446049250313e-16
How do within-family activation hyperparameters tune the welfare-convergence tradeoff?,hyperparameter_root_power,a,0.1,nrd,root_power,a,0.1,0.5,3,3,3,1.0,21,True,1300,0.9688048218466673,0.912463006747443,-2.3445194379523304e-05,True,300,0.968845646383537,0.9124459002444351,-6.527689265545256e-05,1.1102230246251565e-16,2.220446049250313e-16
How do within-family activation hyperparameters tune the welfare-convergence tradeoff?,hyperparameter_root_power,a,0.1,nrd,root_power,a,0.1,0.5,3,3,3,1.0,23,True,1100,0.9841582249163221,0.9512110948316422,-3.198887617489321e-05,True,200,0.9842820512146189,0.9510927671522675,-6.523438697542128e-05,0.0,2.220446049250313e-16
How do within-family activation hyperparameters tune the welfare-convergence tradeoff?,hyperparameter_root_power,a,0.1,nrd,root_power,a,0.1,0.5,3,3,3,1.0,22,True,2400,0.9741918881627616,0.943441496047333,1.4185941399236235e-05,True,500,0.974258758481381,0.943390555379349,-6.51533748491917e-05,1.1102230246251565e-16,2.220446049250313e-16
How do within-family activation hyperparameters tune the welfare-convergence tradeoff?,hyperparameter_root_power,a,0.1,nrd,root_power,a,0.1,0.5,3,3,3,1.0,24,True,1300,0.9880835870859866,0.9255604031118253,-2.4709771278552672e-05,True,300,0.9881645124288992,0.9255072911731973,-6.529198112187329e-05,2.220446049250313e-16,2.220446049250313e-16
How do within-family activation hyperparameters tune the welfare-convergence tradeoff?,hyperparameter_root_power,a,0.1,nrd,root_power,a,0.1,0.5,3,3,3,1.0,25,True,1200,0.950278826438772,0.8677870545560845,-2.7791752277850357e-05,True,200,0.9511438009674711,0.8668638005386856,-6.546255528633305e-05,0.0,0.0
How do within-family activation hyperparameters tune the welfare-convergence tradeoff?,hyperparameter_root_power,a,0.1,nrd,root_power,a,0.1,0.5,3,3,3,1.0,26,True,1100,0.9865192789987746,0.9096182881842211,-3.104370600881534e-05,True,200,0.9867459931732564,0.9093948740790659,-6.535256598610983e-05,0.0,2.220446049250313e-16
How do within-family activation hyperparameters tune the welfare-convergence tradeoff?,hyperparameter_root_power,a,0.1,nrd,root_power,a,0.1,0.5,3,3,3,1.0,27,True,1200,0.9658786934905492,0.905942696571237,-2.8562574944213104e-05,True,200,0.9663465476839246,0.9054788380225919,-6.526742326012913e-05,2.220446049250313e-16,2.220446049250313e-16
How do within-family activation hyperparameters tune the welfare-convergence tradeoff?,hyperparameter_root_power,a,0.1,nrd,root_power,a,0.1,0.5,3,3,3,1.0,30,True,1000,0.9735588662955938,0.9378393023151762,-3.4611009413987315e-05,True,200,0.9740388192179796,0.937346652814977,-6.519651050840292e-05,0.0,1.1102230246251565e-16
How do within-family activation hyperparameters tune the welfare-convergence tradeoff?,hyperparameter_root_power,a,0.1,nrd,root_power,a,0.1,0.5,3,3,3,1.0,29,True,1100,0.9607651454147732,0.8867302376940538,-3.0308253548883002e-05,True,200,0.9617805466335324,0.8856674353359905,-6.535153705755636e-05,0.0,1.1102230246251565e-16
How do within-family activation hyperparameters tune the welfare-convergence tradeoff?,hyperparameter_root_power,a,0.1,nrd,root_power,a,0.1,0.5,3,3,3,1.0,28,True,1900,0.9570369504979565,0.8961202147015236,-5.439247253713475e-06,True,400,0.9572536013882538,0.8959301317465922,-6.537707776460566e-05,2.220446049250313e-16,2.220446049250313e-16
How do within-family activation hyperparameters tune the welfare-convergence tradeoff?,hyperparameter_root_power,a,0.1,nrd,root_power,a,0.1,0.5,3,3,3,1.0,31,True,1400,0.9739130743547468,0.8985994584368897,-2.196977986301807e-05,True,200,0.9743225313158999,0.8982023511244902,-6.542756842298214e-05,2.220446049250313e-16,2.220446049250313e-16
How do within-family activation hyperparameters tune the welfare-convergence tradeoff?,hyperparameter_root_power,a,0.1,nrd,root_power,a,0.1,0.5,3,3,3,1.0,32,True,900,0.9766381382907671,0.9255921902837306,-3.7434946116410295e-05,True,100,0.9765731633441254,0.925657767208453,-6.527795750538301e-05,2.220446049250313e-16,1.1102230246251565e-16
How do within-family activation hyperparameters tune the welfare-convergence tradeoff?,hyperparameter_root_power,a,0.1,nrd,root_power,a,0.1,0.5,3,3,3,1.0,33,True,1400,0.9747505841577834,0.9114532237267645,-1.9914426340306157e-05,True,300,0.974342204423093,0.911921582987642,-6.527198766859144e-05,0.0,0.0
How do within-family activation hyperparameters tune the welfare-convergence tradeoff?,hyperparameter_root_power,a,0.1,nrd,root_power,a,0.1,0.5,3,3,3,1.0,34,True,800,0.9715491709844283,0.8795438429151435,-4.0972357897295364e-05,True,100,0.9718659690618844,0.8792796042387181,-6.534960509563259e-05,1.1102230246251565e-16,2.220446049250313e-16
How do within-family activation hyperparameters tune the welfare-convergence tradeoff?,hyperparameter_root_power,a,0.1,nrd,root_power,a,0.1,0.5,3,3,3,1.0,36,True,900,0.9864475202119706,0.9247178830034976,-3.7698048821532826e-05,True,200,0.9863571984030705,0.9248586510733582,-6.526936251260995e-05,1.1102230246251565e-16,0.0
How do within-family activation hyperparameters tune the welfare-convergence tradeoff?,hyperparameter_root_power,a,0.1,nrd,root_power,a,0.1,0.5,3,3,3,1.0,35,True,2100,0.9653745935681833,0.8332607167310874,1.2325773641741478e-06,True,400,0.9655693695053847,0.8331306727116505,-6.555865627311253e-05,1.1102230246251565e-16,1.1102230246251565e-16
How do within-family activation hyperparameters tune the welfare-convergence tradeoff?,hyperparameter_root_power,a,0.1,nrd,root_power,a,0.1,0.5,3,3,3,1.0,37,True,1100,0.9491222112989499,0.8798451441067027,-3.239476676691888e-05,True,200,0.9493459611314539,0.8796612476162053,-6.533127924723825e-05,2.220446049250313e-16,2.220446049250313e-16
How do within-family activation hyperparameters tune the welfare-convergence tradeoff?,hyperparameter_root_power,a,0.1,nrd,root_power,a,0.1,0.5,3,3,3,1.0,38,True,1400,0.9843649916814436,0.9441918970842252,-1.9145020937361146e-05,True,300,0.9843795281218519,0.9441993827518202,-6.520040652358006e-05,2.220446049250313e-16,0.0
How do within-family activation hyperparameters tune the welfare-convergence tradeoff?,hyperparameter_root_power,a,0.1,nrd,root_power,a,0.1,0.5,3,3,3,1.0,39,True,900,0.9861390284968224,0.9185146773961387,-3.598871047955088e-05,True,100,0.9864292684954381,0.9182229951193611,-6.528211101353154e-05,2.220446049250313e-16,1.1102230246251565e-16
How do within-family activation hyperparameters tune the welfare-convergence tradeoff?,hyperparameter_root_power,a,0.1,nrd,root_power,a,0.1,0.5,3,3,3,1.0,40,True,900,0.9559702665424024,0.8769702606239828,-3.726096503986476e-05,True,200,0.9556409000162682,0.8773613672657378,-6.527150801410864e-05,0.0,1.1102230246251565e-16
How do within-family activation hyperparameters tune the welfare-convergence tradeoff?,hyperparameter_root_power,a,0.1,nrd,root_power,a,0.1,0.5,3,3,3,1.0,41,True,700,0.9907856455327543,0.9119603424744761,-4.252985431990597e-05,True,100,0.9909470747158065,0.911801931533129,-6.529986752829009e-05,1.1102230246251565e-16,1.1102230246251565e-16
How do within-family activation hyperparameters tune the welfare-convergence tradeoff?,hyperparameter_root_power,a,0.1,nrd,root_power,a,0.1,0.5,3,3,3,1.0,42,True,800,0.9736103523248233,0.8969732464438366,-4.1104816642600905e-05,True,100,0.9736618683834404,0.8969740492393704,-6.537005329448897e-05,2.220446049250313e-16,1.1102230246251565e-16
How do within-family activation hyperparameters tune the welfare-convergence tradeoff?,hyperparameter_root_power,a,0.1,nrd,root_power,a,0.1,0.5,3,3,3,1.0,44,True,900,0.9552360026022999,0.8627831928874331,-3.848537150197284e-05,True,100,0.9558376025855563,0.8621553337980506,-6.548144176860005e-05,0.0,2.220446049250313e-16
How do within-family activation hyperparameters tune the welfare-convergence tradeoff?,hyperparameter_root_power,a,0.1,nrd,root_power,a,0.1,0.5,3,3,3,1.0,43,True,1100,0.9513630153232653,0.8555235723456948,-3.06484811564145e-05,True,200,0.9517730660509368,0.8551456506463659,-6.545668834329055e-05,1.1102230246251565e-16,0.0
How do within-family activation hyperparameters tune the welfare-convergence tradeoff?,hyperparameter_root_power,a,0.1,nrd,root_power,a,0.1,0.5,3,3,3,1.0,45,True,600,0.9911626054136995,0.9748633418968063,-4.835733795915953e-05,True,100,0.9912838084488018,0.9747345808770049,-6.511901058381397e-05,1.1102230246251565e-16,2.220446049250313e-16
How do within-family activation hyperparameters tune the welfare-convergence tradeoff?,hyperparameter_root_power,a,0.1,nrd,root_power,a,0.1,0.5,3,3,3,1.0,46,True,1200,0.9794490526317028,0.8979707004851288,-2.741928452243414e-05,True,200,0.9796611467756654,0.8978188139592594,-6.534511021383249e-05,1.1102230246251565e-16,0.0
How do within-family activation hyperparameters tune the welfare-convergence tradeoff?,hyperparameter_root_power,a,0.1,nrd,root_power,a,0.1,0.5,3,3,3,1.0,47,True,1000,0.9839397916649215,0.9450396466086067,-3.505267877818019e-05,True,200,0.9841489047632639,0.9448278652011327,-6.521585866331447e-05,2.220446049250313e-16,2.220446049250313e-16
How do within-family activation hyperparameters tune the welfare-convergence tradeoff?,hyperparameter_root_power,a,0.1,nrd,root_power,a,0.1,0.5,3,3,3,1.0,48,True,800,0.9801429472874809,0.917657850157454,-4.1025190164412084e-05,True,100,0.9797412489317038,0.9180988104315726,-6.524558240650347e-05,0.0,0.0
How do within-family activation hyperparameters tune the welfare-convergence tradeoff?,hyperparameter_root_power,a,0.1,nrd,root_power,a,0.1,0.5,3,3,3,1.0,49,True,900,0.9803559113722966,0.8736901392563684,-3.6878025577447016e-05,True,200,0.9804450465759802,0.8736224050467847,-6.537844680870597e-05,1.1102230246251565e-16,1.1102230246251565e-16
How do within-family activation hyperparameters tune the welfare-convergence tradeoff?,hyperparameter_root_power,a,0.1,nrd,root_power,a,0.1,0.5,3,3,3,1.0,50,True,900,0.9828279971761839,0.8663902025552389,-3.622080630422131e-05,True,200,0.9829479563453238,0.8663221414762465,-6.546005017893375e-05,2.220446049250313e-16,1.1102230246251565e-16
How do within-family activation hyperparameters tune the welfare-convergence tradeoff?,hyperparameter_root_power,a,0.1,nrd,root_power,a,0.1,0.5,3,3,3,1.0,51,True,800,0.9839029263367101,0.8977285229879074,-3.94504517206018e-05,True,100,0.984131007803018,0.8975224155830265,-6.537689242913647e-05,2.220446049250313e-16,0.0
How do within-family activation hyperparameters tune the welfare-convergence tradeoff?,hyperparameter_root_power,a,0.1,nrd,root_power,a,0.1,0.5,3,3,3,1.0,52,True,1300,0.9825453660885142,0.8615101435240377,-2.3990988335553798e-05,True,300,0.9830146858325445,0.861100940360593,-6.545865509610671e-05,1.1102230246251565e-16,1.1102230246251565e-16
How do within-family activation hyperparameters tune the welfare-convergence tradeoff?,hyperparameter_root_power,a,0.1,nrd,root_power,a,0.1,0.5,3,3,3,1.0,53,True,900,0.969629090985492,0.9092967248147578,-3.7160675428415946e-05,True,100,0.9698679429524899,0.9090684620540618,-6.534687022952124e-05,0.0,2.220446049250313e-16
How do within-family activation hyperparameters tune the welfare-convergence tradeoff?,hyperparameter_root_power,a,0.1,nrd,root_power,a,0.1,0.5,3,3,3,1.0,54,True,900,0.973767876369843,0.892685699726826,-3.741162485565441e-05,True,200,0.9743240492189214,0.8921070343782089,-6.535047395789251e-05,1.1102230246251565e-16,1.1102230246251565e-16
How do within-family activation hyperparameters tune the welfare-convergence tradeoff?,hyperparameter_root_power,a,0.1,nrd,root_power,a,0.1,0.5,3,3,3,1.0,55,True,1000,0.9767407890874672,0.8907455825100147,-3.319574354271326e-05,True,200,0.976777122584483,0.8907275518270404,-6.53856804537778e-05,1.1102230246251565e-16,1.1102230246251565e-16
How do within-family activation hyperparameters tune the welfare-convergence tradeoff?,hyperparameter_root_power,a,0.1,nrd,root_power,a,0.1,0.5,3,3,3,1.0,57,True,1000,0.9877466871797398,0.9013638902937776,-3.50350849850356e-05,True,200,0.9878698781484082,0.901249275796845,-6.539233768360075e-05,0.0,0.0
How do within-family activation hyperparameters tune the welfare-convergence tradeoff?,hyperparameter_root_power,a,0.1,nrd,root_power,a,0.1,0.5,3,3,3,1.0,56,True,2800,0.9875936076470774,0.916233020699022,2.789904365746443e-05,True,600,0.9876742735958892,0.9162443957024061,-6.487873221422413e-05,0.0,1.1102230246251565e-16
How do within-family activation hyperparameters tune the welfare-convergence tradeoff?,hyperparameter_root_power,a,0.1,nrd,root_power,a,0.1,0.5,3,3,3,1.0,58,True,900,0.9663477847691774,0.8856273640040039,-3.896015682103293e-05,True,100,0.9669326418364923,0.8849993925230571,-6.539321372200924e-05,2.220446049250313e-16,2.220446049250313e-16
How do within-family activation hyperparameters tune the welfare-convergence tradeoff?,hyperparameter_root_power,a,0.1,nrd,root_power,a,0.1,0.5,3,3,3,1.0,59,True,1400,0.9689952317389195,0.8633244313832952,-2.0566347945616403e-05,True,300,0.9695561384457624,0.8627910028347795,-6.543147889287448e-05,1.1102230246251565e-16,2.220446049250313e-16
How do within-family activation hyperparameters tune the welfare-convergence tradeoff?,hyperparameter_root_power,a,0.1,nrd,root_power,a,0.1,0.5,3,3,3,1.0,60,True,1500,0.9712953761180542,0.9229039792011827,-1.6878061252778576e-05,True,300,0.9714552433999826,0.9227974358039601,-6.532289091221166e-05,1.1102230246251565e-16,1.1102230246251565e-16
How do within-family activation hyperparameters tune the welfare-convergence tradeoff?,hyperparameter_root_power,a,0.1,nrd,root_power,a,0.1,0.5,3,3,3,1.0,61,True,600,0.9784643282353374,0.9182456086860379,-4.579644241170522e-05,True,100,0.9783871869977924,0.9183606530483948,-6.528742196887372e-05,2.220446049250313e-16,2.220446049250313e-16
How do within-family activation hyperparameters tune the welfare-convergence tradeoff?,hyperparameter_root_power,a,0.1,nrd,root_power,a,0.1,0.5,3,3,3,1.0,62,True,700,0.9634346301043011,0.9037915977935782,-4.247407957980176e-05,True,100,0.962967079095086,0.9043107550521151,-6.535657570722053e-05,1.1102230246251565e-16,1.1102230246251565e-16
How do within-family activation hyperparameters tune the welfare-convergence tradeoff?,hyperparameter_root_power,a,0.1,nrd,root_power,a,0.1,0.5,3,3,3,1.0,63,True,1100,0.9893690232375315,0.9296111429170754,-2.9994189137516614e-05,True,200,0.9895254315250337,0.9294491185671311,-6.527594658889413e-05,2.220446049250313e-16,2.220446049250313e-16
How do within-family activation hyperparameters tune the welfare-convergence tradeoff?,hyperparameter_root_power,a,0.1,nrd,root_power,a,0.1,0.5,3,3,3,1.0,64,True,800,0.9435715861201234,0.8534521454902251,-3.970990942625541e-05,True,100,0.9438367102393747,0.853184032603637,-6.552570240137001e-05,2.220446049250313e-16,0.0
How do within-family activation hyperparameters tune the welfare-convergence tradeoff?,hyperparameter_root_power,a,0.1,nrd,root_power,a,0.1,0.5,3,3,3,1.0,65,True,1400,0.9736600391146353,0.8786150254741854,-2.1898373371520563e-05,True,200,0.9741621156295157,0.8780914353619315,-6.542065352688198e-05,0.0,0.0
How do within-family activation hyperparameters tune the welfare-convergence tradeoff?,hyperparameter_root_power,a,0.1,nrd,root_power,a,0.1,0.5,3,3,3,1.0,66,True,1100,0.9818292302588815,0.9003878351483466,-2.940922415695102e-05,True,200,0.9819550293774228,0.9002786415132306,-6.538610853817906e-05,1.1102230246251565e-16,2.220446049250313e-16
How do within-family activation hyperparameters tune the welfare-convergence tradeoff?,hyperparameter_root_power,a,0.1,nrd,root_power,a,0.1,0.5,3,3,3,1.0,67,True,1000,0.9761063409156038,0.8816714305151324,-3.3985310169848404e-05,True,200,0.9766492199731597,0.8811177452587393,-6.541572206786306e-05,2.220446049250313e-16,0.0
How do within-family activation hyperparameters tune the welfare-convergence tradeoff?,hyperparameter_root_power,a,0.1,nrd,root_power,a,0.1,0.5,3,3,3,1.0,68,True,900,0.9814780608599708,0.8938965854229588,-3.568604972398193e-05,True,200,0.9812999176353664,0.8941155297451727,-6.535495190507223e-05,1.1102230246251565e-16,2.220446049250313e-16
How do within-family activation hyperparameters tune the welfare-convergence tradeoff?,hyperparameter_root_power,a,0.1,nrd,root_power,a,0.1,0.5,3,3,3,1.0,69,True,1100,0.9770515112275756,0.9229985508728489,-3.1224945352570366e-05,True,200,0.9774307168762858,0.9226445589789236,-6.528229139796116e-05,2.220446049250313e-16,1.1102230246251565e-16
How do within-family activation hyperparameters tune the welfare-convergence tradeoff?,hyperparameter_root_power,a,0.1,nrd,root_power,a,0.1,0.5,3,3,3,1.0,70,True,2000,0.9668404094979139,0.9076488092893191,-1.99150542745663e-06,True,400,0.9666612128466975,0.9079492908411471,-6.527609520945443e-05,1.1102230246251565e-16,1.1102230246251565e-16
How do within-family activation hyperparameters tune the welfare-convergence tradeoff?,hyperparameter_root_power,a,0.1,nrd,root_power,a,0.1,0.5,3,3,3,1.0,71,True,900,0.9692488071330452,0.9192608129629116,-3.6745386717496054e-05,True,200,0.9695410690905139,0.9189968989538851,-6.518672093669409e-05,0.0,0.0
How do within-family activation hyperparameters tune the welfare-convergence tradeoff?,hyperparameter_root_power,a,0.1,nrd,root_power,a,0.1,0.5,3,3,3,1.0,72,True,1000,0.9647166137490889,0.9162352016011514,-3.546567702999992e-05,True,100,0.9654977606280585,0.9153953574229695,-6.532232369121926e-05,2.220446049250313e-16,0.0
How do within-family activation hyperparameters tune the welfare-convergence tradeoff?,hyperparameter_root_power,a,0.1,nrd,root_power,a,0.1,0.5,3,3,3,1.0,73,True,2200,0.9711892934429106,0.8975806715816294,4.8569198115577805e-06,True,500,0.9713530266057347,0.8974416068752925,-6.527586128335372e-05,0.0,0.0
How do within-family activation hyperparameters tune the welfare-convergence tradeoff?,hyperparameter_root_power,a,0.1,nrd,root_power,a,0.1,0.5,3,3,3,1.0,74,True,1100,0.9840766632779794,0.8992962587379081,-3.1174823388102624e-05,True,200,0.9842805805511259,0.8991129074588726,-6.540211151923048e-05,2.220446049250313e-16,1.1102230246251565e-16
How do within-family activation hyperparameters tune the welfare-convergence tradeoff?,hyperparameter_root_power,a,0.1,nrd,root_power,a,0.1,0.5,3,3,3,1.0,75,True,1000,0.9732993556720906,0.8675564095067804,-3.309400364159831e-05,True,200,0.9732511609348893,0.8676912765034422,-6.547315957022848e-05,2.220446049250313e-16,2.220446049250313e-16
How do within-family activation hyperparameters tune the welfare-convergence tradeoff?,hyperparameter_root_power,a,0.1,nrd,root_power,a,0.1,0.5,3,3,3,1.0,77,True,800,0.9842792280937193,0.8923217161895644,-3.986469389727354e-05,True,100,0.9846953910141519,0.8918887249411314,-6.53682080229423e-05,1.1102230246251565e-16,2.220446049250313e-16
How do within-family activation hyperparameters tune the welfare-convergence tradeoff?,hyperparameter_root_power,a,0.1,nrd,root_power,a,0.1,0.5,3,3,3,1.0,76,True,1700,0.9463289909308801,0.8910829687255989,-9.426777356935645e-06,True,400,0.9458226536855655,0.8916235992211989,-6.525186649269932e-05,0.0,1.1102230246251565e-16
How do within-family activation hyperparameters tune the welfare-convergence tradeoff?,hyperparameter_root_power,a,0.1,nrd,root_power,a,0.1,0.5,3,3,3,1.0,78,True,700,0.98406707225044,0.9183598783824461,-4.337508861096406e-05,True,100,0.984170732389814,0.9182581622552995,-6.52672436825541e-05,2.220446049250313e-16,1.1102230246251565e-16
How do within-family activation hyperparameters tune the welfare-convergence tradeoff?,hyperparameter_root_power,a,0.1,nrd,root_power,a,0.1,0.5,3,3,3,1.0,80,True,1300,0.9764369666035804,0.9244844130380917,-2.5151899377462428e-05,True,200,0.9767325433295232,0.9242284329991257,-6.522759459892669e-05,0.0,2.220446049250313e-16
How do within-family activation hyperparameters tune the welfare-convergence tradeoff?,hyperparameter_root_power,a,0.1,nrd,root_power,a,0.1,0.5,3,3,3,1.0,79,True,1700,0.9556311345770142,0.8578076571514753,-1.068568477502474e-05,True,300,0.9563538213612252,0.8570810730239479,-6.55466607332178e-05,2.220446049250313e-16,2.220446049250313e-16
How do within-family activation hyperparameters tune the welfare-convergence tradeoff?,hyperparameter_root_power,a,0.1,nrd,root_power,a,0.1,0.5,3,3,3,1.0,81,True,900,0.961122476298364,0.8903539383091639,-3.733283420820355e-05,True,100,0.9614080956386355,0.8900663253925648,-6.528714593639906e-05,2.220446049250313e-16,2.220446049250313e-16
How do within-family activation hyperparameters tune the welfare-convergence tradeoff?,hyperparameter_root_power,a,0.1,nrd,root_power,a,0.1,0.5,3,3,3,1.0,82,True,900,0.9559737868088384,0.8648545942426433,-3.6061607571469256e-05,True,200,0.955726760243034,0.865155010827937,-6.542521954477909e-05,0.0,1.1102230246251565e-16
How do within-family activation hyperparameters tune the welfare-convergence tradeoff?,hyperparameter_root_power,a,0.1,nrd,root_power,a,0.1,0.5,3,3,3,1.0,83,True,1000,0.9821883019790918,0.9537460964586951,-3.424067871521386e-05,True,200,0.9826858019304711,0.9532103774082774,-6.520107289248456e-05,1.1102230246251565e-16,2.220446049250313e-16
How do within-family activation hyperparameters tune the welfare-convergence tradeoff?,hyperparameter_root_power,a,0.1,nrd,root_power,a,0.1,0.5,3,3,3,1.0,84,True,900,0.9847041585583632,0.9586806723810247,-3.641478209681637e-05,True,200,0.9845621304824272,0.9588304561635308,-6.513727493517862e-05,2.220446049250313e-16,2.220446049250313e-16
How do within-family activation hyperparameters tune the welfare-convergence tradeoff?,hyperparameter_root_power,a,0.1,nrd,root_power,a,0.1,0.5,3,3,3,1.0,86,True,800,0.9854573153588693,0.9126282736368451,-3.987291530072046e-05,True,200,0.9856599174560078,0.9124266779314673,-6.528168100439213e-05,1.1102230246251565e-16,2.220446049250313e-16
How do within-family activation hyperparameters tune the welfare-convergence tradeoff?,hyperparameter_root_power,a,0.1,nrd,root_power,a,0.1,0.5,3,3,3,1.0,85,True,1500,0.9881876556600727,0.8812850279265629,-1.736114492062457e-05,True,300,0.9883197671187264,0.8811585218876026,-6.541076291793901e-05,1.1102230246251565e-16,2.220446049250313e-16
How do within-family activation hyperparameters tune the welfare-convergence tradeoff?,hyperparameter_root_power,a,0.1,nrd,root_power,a,0.1,0.5,3,3,3,1.0,87,True,900,0.9907452337260753,0.8777934806385886,-3.5716045154232656e-05,True,200,0.9907206186851218,0.8778578184937684,-6.544763394517039e-05,0.0,2.220446049250313e-16
How do within-family activation hyperparameters tune the welfare-convergence tradeoff?,hyperparameter_root_power,a,0.1,nrd,root_power,a,0.1,0.5,3,3,3,1.0,88,True,1100,0.9796374090422397,0.9129635323610431,-3.102748673650124e-05,True,200,0.9799450505108761,0.9126498862895721,-6.527800615940826e-05,2.220446049250313e-16,2.220446049250313e-16
How do within-family activation hyperparameters tune the welfare-convergence tradeoff?,hyperparameter_root_power,a,0.1,nrd,root_power,a,0.1,0.5,3,3,3,1.0,89,True,1200,0.9846335108011388,0.8948660738474655,-2.8323778055006077e-05,True,200,0.9847712832480046,0.8947552517833017,-6.539068025923633e-05,2.220446049250313e-16,2.220446049250313e-16
How do within-family activation hyperparameters tune the welfare-convergence tradeoff?,hyperparameter_root_power,a,0.1,nrd,root_power,a,0.1,0.5,3,3,3,1.0,90,True,900,0.9868065969154077,0.8963877721822038,-3.703166114882306e-05,True,100,0.9867400683499243,0.8964762934868876,-6.533569926181482e-05,1.1102230246251565e-16,2.220446049250313e-16
How do within-family activation hyperparameters tune the welfare-convergence tradeoff?,hyperparameter_root_power,a,0.1,nrd,root_power,a,0.1,0.5,3,3,3,1.0,91,True,700,0.9767178517936576,0.8800123462860228,-4.3039494435070935e-05,True,100,0.9766872359684896,0.8800554187053652,-6.543294550309664e-05,2.220446049250313e-16,0.0
How do within-family activation hyperparameters tune the welfare-convergence tradeoff?,hyperparameter_root_power,a,0.1,nrd,root_power,a,0.1,0.5,3,3,3,1.0,93,True,900,0.9700232957671655,0.822563447283622,-3.918117518303399e-05,True,100,0.9701351414156306,0.8224479236060379,-6.559937158340245e-05,1.1102230246251565e-16,1.1102230246251565e-16
How do within-family activation hyperparameters tune the welfare-convergence tradeoff?,hyperparameter_root_power,a,0.1,nrd,root_power,a,0.1,0.5,3,3,3,1.0,92,True,2000,0.9764962343550411,0.9221223051787483,-2.35701161593882e-06,True,400,0.9770440229399313,0.9215891613832117,-6.528884252043898e-05,1.1102230246251565e-16,2.220446049250313e-16
How do within-family activation hyperparameters tune the welfare-convergence tradeoff?,hyperparameter_root_power,a,0.1,nrd,root_power,a,0.1,0.5,3,3,3,1.0,94,True,1000,0.9687502438549885,0.8881146415920581,-3.330774517729118e-05,True,100,0.9690541786966658,0.8878135509186332,-6.535777221100547e-05,1.1102230246251565e-16,1.1102230246251565e-16
How do within-family activation hyperparameters tune the welfare-convergence tradeoff?,hyperparameter_root_power,a,0.1,nrd,root_power,a,0.1,0.5,3,3,3,1.0,95,True,800,0.9863458237246523,0.9424899725072247,-4.079323225480991e-05,True,100,0.9863931901778592,0.9424541690546707,-6.521427124978052e-05,2.220446049250313e-16,1.1102230246251565e-16
How do within-family activation hyperparameters tune the welfare-convergence tradeoff?,hyperparameter_root_power,a,0.1,nrd,root_power,a,0.1,0.5,3,3,3,1.0,96,True,1100,0.9823339860662743,0.9031987357783048,-3.1065626061477225e-05,True,200,0.9821701668848613,0.9034191152548506,-6.533535470687468e-05,2.220446049250313e-16,1.1102230246251565e-16
How do within-family activation hyperparameters tune the welfare-convergence tradeoff?,hyperparameter_root_power,a,0.1,nrd,root_power,a,0.1,0.5,3,3,3,1.0,97,True,1300,0.9634879715808319,0.8623561442902409,-2.603323098521182e-05,True,200,0.9637771666613408,0.862107035953792,-6.538333710431887e-05,2.220446049250313e-16,2.220446049250313e-16
How do within-family activation hyperparameters tune the welfare-convergence tradeoff?,hyperparameter_root_power,a,0.1,nrd,root_power,a,0.1,0.5,3,3,3,1.0,98,True,1300,0.9805018026983727,0.9104264866750746,-2.4734931925063375e-05,True,200,0.9810075285003125,0.9099062012645107,-6.535307853894334e-05,2.220446049250313e-16,2.220446049250313e-16
How do within-family activation hyperparameters tune the welfare-convergence tradeoff?,hyperparameter_root_power,a,0.1,nrd,root_power,a,0.1,0.5,3,3,3,1.0,99,True,800,0.9866700957128995,0.9474664931905901,-4.00936329015833e-05,True,100,0.9865658553390059,0.947581953499569,-6.520809877436085e-05,2.220446049250313e-16,1.1102230246251565e-16
How do within-family activation hyperparameters tune the welfare-convergence tradeoff?,hyperparameter_root_power,a,0.2,nrd,root_power,a,0.2,0.5,3,3,3,1.0,0,True,1200,0.9779953227536128,0.8454687285180453,-2.705438165895302e-05,True,200,0.9783831457102183,0.8450982559786558,-6.298814457206259e-05,2.220446049250313e-16,2.220446049250313e-16
How do within-family activation hyperparameters tune the welfare-convergence tradeoff?,hyperparameter_root_power,a,0.2,nrd,root_power,a,0.2,0.5,3,3,3,1.0,1,True,900,0.9758609638612947,0.9052122940785193,-3.436969650244537e-05,True,200,0.9757724518130546,0.9053421315544529,-6.280389347051996e-05,1.1102230246251565e-16,2.220446049250313e-16
How do within-family activation hyperparameters tune the welfare-convergence tradeoff?,hyperparameter_root_power,a,0.2,nrd,root_power,a,0.2,0.5,3,3,3,1.0,2,True,1100,0.9697992444192143,0.9077671729847007,-2.932208264605496e-05,True,200,0.9704152351862759,0.9070576676467059,-6.274574454934179e-05,1.1102230246251565e-16,0.0
How do within-family activation hyperparameters tune the welfare-convergence tradeoff?,hyperparameter_root_power,a,0.2,nrd,root_power,a,0.2,0.5,3,3,3,1.0,3,True,1100,0.9898804215635145,0.9319581391360156,-2.9631479210368017e-05,True,200,0.9903352597105802,0.9314375423263592,-6.269492096072637e-05,2.220446049250313e-16,0.0
How do within-family activation hyperparameters tune the welfare-convergence tradeoff?,hyperparameter_root_power,a,0.2,nrd,root_power,a,0.2,0.5,3,3,3,1.0,4,True,1000,0.9697279116301352,0.9129937634945614,-3.3044990512876016e-05,True,200,0.9700747808689344,0.9125729194703064,-6.274010202128588e-05,2.220446049250313e-16,2.220446049250313e-16
How do within-family activation hyperparameters tune the welfare-convergence tradeoff?,hyperparameter_root_power,a,0.2,nrd,root_power,a,0.2,0.5,3,3,3,1.0,5,True,1200,0.9690537620236178,0.8776255585792073,-2.803823900576763e-05,True,200,0.9698495261441059,0.8767893812338894,-6.266908551488815e-05,2.220446049250313e-16,1.1102230246251565e-16
How do within-family activation hyperparameters tune the welfare-convergence tradeoff?,hyperparameter_root_power,a,0.2,nrd,root_power,a,0.2,0.5,3,3,3,1.0,6,True,800,0.985793060989309,0.8442106168364066,-3.7724670603034305e-05,True,100,0.9856591899930159,0.8444206322691145,-6.31296583233909e-05,1.1102230246251565e-16,1.1102230246251565e-16
How do within-family activation hyperparameters tune the welfare-convergence tradeoff?,hyperparameter_root_power,a,0.2,nrd,root_power,a,0.2,0.5,3,3,3,1.0,7,True,1300,0.9841942952115292,0.9171288048220768,-2.24740978234661e-05,True,300,0.9843699172439303,0.9169442265891687,-6.274291639968288e-05,2.220446049250313e-16,1.1102230246251565e-16
How do within-family activation hyperparameters tune the welfare-convergence tradeoff?,hyperparameter_root_power,a,0.2,nrd,root_power,a,0.2,0.5,3,3,3,1.0,8,True,1100,0.9693830209525414,0.9094202296675883,-2.947291722632528e-05,True,200,0.9693436550467747,0.9094617842847076,-6.26627987829198e-05,0.0,1.1102230246251565e-16
How do within-family activation hyperparameters tune the welfare-convergence tradeoff?,hyperparameter_root_power,a,0.2,nrd,root_power,a,0.2,0.5,3,3,3,1.0,9,True,900,0.9737668532809232,0.8521216303074212,-3.7426212222635424e-05,True,200,0.9737810056515293,0.8521778350039272,-6.313587041673063e-05,2.220446049250313e-16,1.1102230246251565e-16
How do within-family activation hyperparameters tune the welfare-convergence tradeoff?,hyperparameter_root_power,a,0.2,nrd,root_power,a,0.2,0.5,3,3,3,1.0,10,True,900,0.97788221789397,0.9007744616969612,-3.6121887664108954e-05,True,100,0.9782849090059875,0.9003514570110761,-6.275135808925247e-05,0.0,2.220446049250313e-16
How do within-family activation hyperparameters tune the welfare-convergence tradeoff?,hyperparameter_root_power,a,0.2,nrd,root_power,a,0.2,0.5,3,3,3,1.0,11,True,1100,0.958030672440012,0.8888156109325059,-2.9338117237709405e-05,True,200,0.9586572807659365,0.888087469627944,-6.277058582793149e-05,1.1102230246251565e-16,1.1102230246251565e-16
How do within-family activation hyperparameters tune the welfare-convergence tradeoff?,hyperparameter_root_power,a,0.2,nrd,root_power,a,0.2,0.5,3,3,3,1.0,12,True,1200,0.9759900112364801,0.8942390585864254,-2.4102284989058198e-05,True,300,0.9762588405798336,0.8939632501820607,-6.278925542679836e-05,2.220446049250313e-16,2.220446049250313e-16
How do within-family activation hyperparameters tune the welfare-convergence tradeoff?,hyperparameter_root_power,a,0.2,nrd,root_power,a,0.2,0.5,3,3,3,1.0,13,True,1300,0.9790883421813922,0.8712990812298617,-2.1328870039249992e-05,True,300,0.979340959056582,0.8710103877158698,-6.312343608033677e-05,1.1102230246251565e-16,2.220446049250313e-16
How do within-family activation hyperparameters tune the welfare-convergence tradeoff?,hyperparameter_root_power,a,0.2,nrd,root_power,a,0.2,0.5,3,3,3,1.0,14,True,600,0.9918642250913795,0.9420463476429063,-4.376762092178632e-05,True,100,0.991688827293511,0.9422728406997711,-6.261465414492129e-05,1.1102230246251565e-16,2.220446049250313e-16
How do within-family activation hyperparameters tune the welfare-convergence tradeoff?,hyperparameter_root_power,a,0.2,nrd,root_power,a,0.2,0.5,3,3,3,1.0,15,True,1100,0.982210672762793,0.8974611373950818,-3.083737479980808e-05,True,200,0.9826111804201939,0.8970670033863146,-6.277750798067139e-05,0.0,2.220446049250313e-16
How do within-family activation hyperparameters tune the welfare-convergence tradeoff?,hyperparameter_root_power,a,0.2,nrd,root_power,a,0.2,0.5,3,3,3,1.0,16,True,1000,0.9736003374206235,0.8506305549703574,-3.361073692842442e-05,True,200,0.9742185909808714,0.8499079738955446,-6.322804492903122e-05,1.1102230246251565e-16,2.220446049250313e-16
How do within-family activation hyperparameters tune the welfare-convergence tradeoff?,hyperparameter_root_power,a,0.2,nrd,root_power,a,0.2,0.5,3,3,3,1.0,17,True,1000,0.971710671660594,0.9057649372115647,-3.1722148019552865e-05,True,200,0.9716541889305292,0.9058775372972651,-6.268217205063209e-05,1.1102230246251565e-16,1.1102230246251565e-16
How do within-family activation hyperparameters tune the welfare-convergence tradeoff?,hyperparameter_root_power,a,0.2,nrd,root_power,a,0.2,0.5,3,3,3,1.0,18,True,1100,0.9856520173117624,0.8937118582390257,-2.8961606788724392e-05,True,200,0.9858852856228933,0.8934677540024691,-6.296965134400256e-05,1.1102230246251565e-16,1.1102230246251565e-16
How do within-family activation hyperparameters tune the welfare-convergence tradeoff?,hyperparameter_root_power,a,0.2,nrd,root_power,a,0.2,0.5,3,3,3,1.0,19,True,900,0.9834715289991492,0.9340458922699514,-3.601521009621855e-05,True,100,0.9838521021464957,0.9336292075648238,-6.259080939347017e-05,0.0,2.220446049250313e-16
How do within-family activation hyperparameters tune the welfare-convergence tradeoff?,hyperparameter_root_power,a,0.2,nrd,root_power,a,0.2,0.5,3,3,3,1.0,20,True,2300,0.9825211710064136,0.9138123305513893,1.0669872763990895e-05,True,500,0.9826592712154124,0.9136921156913527,-6.263762450064991e-05,2.220446049250313e-16,2.220446049250313e-16
How do within-family activation hyperparameters tune the welfare-convergence tradeoff?,hyperparameter_root_power,a,0.2,nrd,root_power,a,0.2,0.5,3,3,3,1.0,21,True,1400,0.9725857536279688,0.9081646906119799,-2.0283760680528395e-05,True,300,0.9726431888668337,0.9081267551089872,-6.271327632934032e-05,1.1102230246251565e-16,2.220446049250313e-16
How do within-family activation hyperparameters tune the welfare-convergence tradeoff?,hyperparameter_root_power,a,0.2,nrd,root_power,a,0.2,0.5,3,3,3,1.0,23,True,1100,0.9862177058212047,0.9488067680650222,-2.865410556029957e-05,True,200,0.9863512046421732,0.9486627022891957,-6.262975779630642e-05,1.1102230246251565e-16,0.0
How do within-family activation hyperparameters tune the welfare-convergence tradeoff?,hyperparameter_root_power,a,0.2,nrd,root_power,a,0.2,0.5,3,3,3,1.0,22,True,2500,0.9774413995750074,0.9397230149162462,1.850651907209233e-05,True,600,0.9775226867016168,0.9396529806703526,-6.248442300021972e-05,1.1102230246251565e-16,2.220446049250313e-16
How do within-family activation hyperparameters tune the welfare-convergence tradeoff?,hyperparameter_root_power,a,0.2,nrd,root_power,a,0.2,0.5,3,3,3,1.0,24,True,1300,0.9895703267046778,0.923797207616157,-2.130842781672415e-05,True,300,0.9896583621361911,0.9237293921786014,-6.273291378716683e-05,1.1102230246251565e-16,1.1102230246251565e-16
How do within-family activation hyperparameters tune the welfare-convergence tradeoff?,hyperparameter_root_power,a,0.2,nrd,root_power,a,0.2,0.5,3,3,3,1.0,25,True,1300,0.9560496753017337,0.8612479119723996,-2.426513976805378e-05,True,200,0.9569364767800231,0.8602027400293616,-6.30669712303189e-05,1.1102230246251565e-16,1.1102230246251565e-16
How do within-family activation hyperparameters tune the welfare-convergence tradeoff?,hyperparameter_root_power,a,0.2,nrd,root_power,a,0.2,0.5,3,3,3,1.0,26,True,1100,0.9881779082116561,0.9077020070058177,-2.777711882728795e-05,True,200,0.9884132982649056,0.9074440877137487,-6.286312935521732e-05,1.1102230246251565e-16,0.0
How do within-family activation hyperparameters tune the welfare-convergence tradeoff?,hyperparameter_root_power,a,0.2,nrd,root_power,a,0.2,0.5,3,3,3,1.0,27,True,1200,0.9699000804689007,0.9013314758089713,-2.5316907797390265e-05,True,200,0.9703811456260759,0.9008029610522366,-6.269010330550717e-05,1.1102230246251565e-16,1.1102230246251565e-16
How do within-family activation hyperparameters tune the welfare-convergence tradeoff?,hyperparameter_root_power,a,0.2,nrd,root_power,a,0.2,0.5,3,3,3,1.0,28,True,1900,0.962208647878074,0.890069546389248,-9.185865694205653e-07,True,400,0.9624475910997303,0.889832729219532,-6.290935225294891e-05,1.1102230246251565e-16,2.220446049250313e-16
How do within-family activation hyperparameters tune the welfare-convergence tradeoff?,hyperparameter_root_power,a,0.2,nrd,root_power,a,0.2,0.5,3,3,3,1.0,29,True,1200,0.9652319643203392,0.8817388106975512,-2.7015375825945043e-05,True,200,0.9662646542966856,0.880548700793948,-6.285074642686794e-05,2.220446049250313e-16,2.220446049250313e-16
How do within-family activation hyperparameters tune the welfare-convergence tradeoff?,hyperparameter_root_power,a,0.2,nrd,root_power,a,0.2,0.5,3,3,3,1.0,30,True,1000,0.9768954292807878,0.9340051873565368,-3.139998902845775e-05,True,200,0.9773809475912241,0.9334496577988456,-6.258831745181714e-05,2.220446049250313e-16,0.0
How do within-family activation hyperparameters tune the welfare-convergence tradeoff?,hyperparameter_root_power,a,0.2,nrd,root_power,a,0.2,0.5,3,3,3,1.0,31,True,1400,0.9770065704902948,0.8949641694909632,-1.815294732343542e-05,True,200,0.9774359244383015,0.8945009870594495,-6.298899462647833e-05,1.1102230246251565e-16,2.220446049250313e-16
How do within-family activation hyperparameters tune the welfare-convergence tradeoff?,hyperparameter_root_power,a,0.2,nrd,root_power,a,0.2,0.5,3,3,3,1.0,32,True,900,0.9796043840386582,0.9221447389103169,-3.462693465561273e-05,True,100,0.979551886256699,0.922202591161804,-6.270889159537552e-05,2.220446049250313e-16,2.220446049250313e-16
How do within-family activation hyperparameters tune the welfare-convergence tradeoff?,hyperparameter_root_power,a,0.2,nrd,root_power,a,0.2,0.5,3,3,3,1.0,33,True,1400,0.9778410218968521,0.9078978646241279,-1.909625010310112e-05,True,300,0.9774683162761052,0.9083755587668382,-6.270959522047814e-05,0.0,2.220446049250313e-16
How do within-family activation hyperparameters tune the welfare-convergence tradeoff?,hyperparameter_root_power,a,0.2,nrd,root_power,a,0.2,0.5,3,3,3,1.0,34,True,800,0.9746647555829651,0.8760546059482758,-3.8153712848043586e-05,True,100,0.974989750977241,0.8757530435536133,-6.283420434027853e-05,1.1102230246251565e-16,1.1102230246251565e-16
How do within-family activation hyperparameters tune the welfare-convergence tradeoff?,hyperparameter_root_power,a,0.2,nrd,root_power,a,0.2,0.5,3,3,3,1.0,36,True,900,0.9880987238870793,0.9226923301070097,-3.535704947987828e-05,True,200,0.9880189466119927,0.9228360669614442,-6.270323527757249e-05,1.1102230246251565e-16,1.1102230246251565e-16
How do within-family activation hyperparameters tune the welfare-convergence tradeoff?,hyperparameter_root_power,a,0.2,nrd,root_power,a,0.2,0.5,3,3,3,1.0,37,True,1100,0.9550699724289129,0.8730437365249594,-2.9366119298490645e-05,True,200,0.9553188941955397,0.8728130499970184,-6.281943596636586e-05,1.1102230246251565e-16,1.1102230246251565e-16
How do within-family activation hyperparameters tune the welfare-convergence tradeoff?,hyperparameter_root_power,a,0.2,nrd,root_power,a,0.2,0.5,3,3,3,1.0,35,True,2200,0.9690820466633003,0.8287887985570306,6.499945057747425e-06,True,500,0.9693017379652142,0.8286140617295935,-6.322236881967092e-05,0.0,1.1102230246251565e-16
How do within-family activation hyperparameters tune the welfare-convergence tradeoff?,hyperparameter_root_power,a,0.2,nrd,root_power,a,0.2,0.5,3,3,3,1.0,38,True,1500,0.9863679440438696,0.9418613331466646,-1.4389788379365331e-05,True,300,0.9863980798397166,0.941850165439436,-6.258716588208868e-05,2.220446049250313e-16,1.1102230246251565e-16
How do within-family activation hyperparameters tune the welfare-convergence tradeoff?,hyperparameter_root_power,a,0.2,nrd,root_power,a,0.2,0.5,3,3,3,1.0,39,True,1000,0.9878248175389795,0.9165441268282833,-3.301422335399984e-05,True,200,0.9881169209347971,0.9162163315333397,-6.2709492418489e-05,1.1102230246251565e-16,1.1102230246251565e-16
How do within-family activation hyperparameters tune the welfare-convergence tradeoff?,hyperparameter_root_power,a,0.2,nrd,root_power,a,0.2,0.5,3,3,3,1.0,40,True,900,0.9608824944996703,0.8713550580649555,-3.547515550517133e-05,True,200,0.9605924361121341,0.8717410259388091,-6.270217068171657e-05,1.1102230246251565e-16,2.220446049250313e-16
How do within-family activation hyperparameters tune the welfare-convergence tradeoff?,hyperparameter_root_power,a,0.2,nrd,root_power,a,0.2,0.5,3,3,3,1.0,41,True,800,0.9918669390841464,0.9106759894187891,-3.95575697768602e-05,True,200,0.992029472277041,0.9104984431667978,-6.277549006039607e-05,0.0,1.1102230246251565e-16
How do within-family activation hyperparameters tune the welfare-convergence tradeoff?,hyperparameter_root_power,a,0.2,nrd,root_power,a,0.2,0.5,3,3,3,1.0,42,True,800,0.9766123406309895,0.8933535249195828,-3.853304923834289e-05,True,200,0.9766784498666145,0.8933332782695064,-6.290432319844275e-05,1.1102230246251565e-16,1.1102230246251565e-16
How do within-family activation hyperparameters tune the welfare-convergence tradeoff?,hyperparameter_root_power,a,0.2,nrd,root_power,a,0.2,0.5,3,3,3,1.0,43,True,1200,0.9567014647281248,0.8494386430093769,-2.7552088442628353e-05,True,200,0.9571337380726941,0.849001470834733,-6.307513673919907e-05,2.220446049250313e-16,0.0
How do within-family activation hyperparameters tune the welfare-convergence tradeoff?,hyperparameter_root_power,a,0.2,nrd,root_power,a,0.2,0.5,3,3,3,1.0,44,True,900,0.9603627988439384,0.8568564256645194,-3.575148862183797e-05,True,100,0.9609690065953096,0.8561573235957843,-6.309356536859934e-05,1.1102230246251565e-16,2.220446049250313e-16
How do within-family activation hyperparameters tune the welfare-convergence tradeoff?,hyperparameter_root_power,a,0.2,nrd,root_power,a,0.2,0.5,3,3,3,1.0,45,True,600,0.9923334604206729,0.9735184572335144,-4.565509078968688e-05,True,100,0.9924531393700923,0.9733761203991286,-6.24348199963487e-05,2.220446049250313e-16,1.1102230246251565e-16
How do within-family activation hyperparameters tune the welfare-convergence tradeoff?,hyperparameter_root_power,a,0.2,nrd,root_power,a,0.2,0.5,3,3,3,1.0,46,True,1200,0.9817531842005686,0.8951959197712016,-2.4258641672936232e-05,True,200,0.9819755303965914,0.895012684022245,-6.283075406554595e-05,0.0,2.220446049250313e-16
How do within-family activation hyperparameters tune the welfare-convergence tradeoff?,hyperparameter_root_power,a,0.2,nrd,root_power,a,0.2,0.5,3,3,3,1.0,47,True,1000,0.9859832070352239,0.9426801319581276,-3.171408325930436e-05,True,200,0.9861959296637642,0.9424391732531072,-6.263568169961875e-05,2.220446049250313e-16,2.220446049250313e-16
How do within-family activation hyperparameters tune the welfare-convergence tradeoff?,hyperparameter_root_power,a,0.2,nrd,root_power,a,0.2,0.5,3,3,3,1.0,48,True,800,0.9825302766868207,0.9148753786774361,-3.9182061984055494e-05,True,100,0.9821551564030159,0.9153312315754607,-6.265405638333776e-05,2.220446049250313e-16,2.220446049250313e-16
How do within-family activation hyperparameters tune the welfare-convergence tradeoff?,hyperparameter_root_power,a,0.2,nrd,root_power,a,0.2,0.5,3,3,3,1.0,49,True,1000,0.9826314424543094,0.871021342767942,-3.393369973303528e-05,True,200,0.9827352776405686,0.8709276478669192,-6.289157403593926e-05,1.1102230246251565e-16,1.1102230246251565e-16
How do within-family activation hyperparameters tune the welfare-convergence tradeoff?,hyperparameter_root_power,a,0.2,nrd,root_power,a,0.2,0.5,3,3,3,1.0,50,True,1000,0.9846512664953145,0.8640921234959666,-3.36966776601777e-05,True,200,0.9847808785793286,0.8640034709985539,-6.305488522967417e-05,0.0,2.220446049250313e-16
How do within-family activation hyperparameters tune the welfare-convergence tradeoff?,hyperparameter_root_power,a,0.2,nrd,root_power,a,0.2,0.5,3,3,3,1.0,51,True,900,0.9857261344681071,0.8954679613156754,-3.6694066138320824e-05,True,100,0.9859558009966154,0.895236110967346,-6.291592366947096e-05,1.1102230246251565e-16,1.1102230246251565e-16
How do within-family activation hyperparameters tune the welfare-convergence tradeoff?,hyperparameter_root_power,a,0.2,nrd,root_power,a,0.2,0.5,3,3,3,1.0,52,True,1400,0.9843821992530419,0.8593198399643501,-2.0112421399876013e-05,True,300,0.9848703284086182,0.8588538998087523,-6.30409604330806e-05,1.1102230246251565e-16,1.1102230246251565e-16
How do within-family activation hyperparameters tune the welfare-convergence tradeoff?,hyperparameter_root_power,a,0.2,nrd,root_power,a,0.2,0.5,3,3,3,1.0,53,True,1000,0.9733542218682691,0.9049271989621772,-3.399976802920257e-05,True,200,0.9736116226095225,0.9046509911297584,-6.285931193705796e-05,2.220446049250313e-16,1.1102230246251565e-16
How do within-family activation hyperparameters tune the welfare-convergence tradeoff?,hyperparameter_root_power,a,0.2,nrd,root_power,a,0.2,0.5,3,3,3,1.0,54,True,900,0.9768727827635529,0.8891829593714783,-3.462293354167256e-05,True,200,0.9774362386058045,0.8885341678222295,-6.284218979762946e-05,2.220446049250313e-16,2.220446049250313e-16
How do within-family activation hyperparameters tune the welfare-convergence tradeoff?,hyperparameter_root_power,a,0.2,nrd,root_power,a,0.2,0.5,3,3,3,1.0,55,True,1100,0.9795395645060776,0.8874670891027777,-2.9596601694881208e-05,True,200,0.9795899732130747,0.8874269362779327,-6.290690915466968e-05,2.220446049250313e-16,2.220446049250313e-16
How do within-family activation hyperparameters tune the welfare-convergence tradeoff?,hyperparameter_root_power,a,0.2,nrd,root_power,a,0.2,0.5,3,3,3,1.0,57,True,1000,0.9892413297400602,0.8995980226549699,-3.2532210993918564e-05,True,200,0.9893696194568368,0.8994671462860984,-6.293363588777412e-05,2.220446049250313e-16,1.1102230246251565e-16
How do within-family activation hyperparameters tune the welfare-convergence tradeoff?,hyperparameter_root_power,a,0.2,nrd,root_power,a,0.2,0.5,3,3,3,1.0,56,True,3000,0.9890718954934927,0.9144373507784586,3.443798154306732e-05,True,700,0.9891698388685064,0.9144319760911918,-6.194931492842226e-05,2.220446049250313e-16,2.220446049250313e-16
How do within-family activation hyperparameters tune the welfare-convergence tradeoff?,hyperparameter_root_power,a,0.2,nrd,root_power,a,0.2,0.5,3,3,3,1.0,58,True,900,0.9704406285898862,0.8809580332290426,-3.592100299243395e-05,True,200,0.9710286548568672,0.880258985490881,-6.29079052015813e-05,1.1102230246251565e-16,1.1102230246251565e-16
How do within-family activation hyperparameters tune the welfare-convergence tradeoff?,hyperparameter_root_power,a,0.2,nrd,root_power,a,0.2,0.5,3,3,3,1.0,59,True,1500,0.9724380993210522,0.8594058363937817,-1.694113772648942e-05,True,300,0.9730148525232162,0.8588060239757945,-6.299754590749496e-05,2.220446049250313e-16,1.1102230246251565e-16
How do within-family activation hyperparameters tune the welfare-convergence tradeoff?,hyperparameter_root_power,a,0.2,nrd,root_power,a,0.2,0.5,3,3,3,1.0,60,True,1600,0.9748655150353935,0.9187100178414741,-1.2741816848238496e-05,True,300,0.9750469637426995,0.9185651450292712,-6.280773900479986e-05,0.0,2.220446049250313e-16
How do within-family activation hyperparameters tune the welfare-convergence tradeoff?,hyperparameter_root_power,a,0.2,nrd,root_power,a,0.2,0.5,3,3,3,1.0,61,True,700,0.9809710858146701,0.9152544732671651,-4.3437846960592275e-05,True,100,0.9809031123492622,0.9153695478738237,-6.275147593770569e-05,2.220446049250313e-16,2.220446049250313e-16
How do within-family activation hyperparameters tune the welfare-convergence tradeoff?,hyperparameter_root_power,a,0.2,nrd,root_power,a,0.2,0.5,3,3,3,1.0,62,True,700,0.9679564486994069,0.8985155524529561,-4.06803268253042e-05,True,100,0.9675222397102458,0.8990501230283536,-6.287534762466906e-05,1.1102230246251565e-16,1.1102230246251565e-16
How do within-family activation hyperparameters tune the welfare-convergence tradeoff?,hyperparameter_root_power,a,0.2,nrd,root_power,a,0.2,0.5,3,3,3,1.0,63,True,1100,0.9907036384880904,0.9280783419077249,-2.722723842707442e-05,True,200,0.9908625345099907,0.9278974375279567,-6.270236794653217e-05,1.1102230246251565e-16,2.220446049250313e-16
How do within-family activation hyperparameters tune the welfare-convergence tradeoff?,hyperparameter_root_power,a,0.2,nrd,root_power,a,0.2,0.5,3,3,3,1.0,64,True,900,0.9500141486934599,0.8460342311185985,-3.7089236262111136e-05,True,100,0.9503018623672093,0.8457106503459464,-6.320698906359112e-05,2.220446049250313e-16,0.0
How do within-family activation hyperparameters tune the welfare-convergence tradeoff?,hyperparameter_root_power,a,0.2,nrd,root_power,a,0.2,0.5,3,3,3,1.0,65,True,1400,0.9767353486702006,0.8750782482406305,-1.8662358147680802e-05,True,200,0.9772488477745858,0.8744862468366419,-6.297473246147378e-05,1.1102230246251565e-16,2.220446049250313e-16
How do within-family activation hyperparameters tune the welfare-convergence tradeoff?,hyperparameter_root_power,a,0.2,nrd,root_power,a,0.2,0.5,3,3,3,1.0,66,True,1200,0.9840051079215197,0.8977946570162629,-2.5661038023261362e-05,True,200,0.9841439091529037,0.8976579374258399,-6.290628108207574e-05,2.220446049250313e-16,0.0
How do within-family activation hyperparameters tune the welfare-convergence tradeoff?,hyperparameter_root_power,a,0.2,nrd,root_power,a,0.2,0.5,3,3,3,1.0,67,True,1100,0.9788357912956206,0.8785446282236081,-3.135625391814667e-05,True,200,0.9793810320022268,0.8779347722324679,-6.297377499681067e-05,1.1102230246251565e-16,1.1102230246251565e-16
How do within-family activation hyperparameters tune the welfare-convergence tradeoff?,hyperparameter_root_power,a,0.2,nrd,root_power,a,0.2,0.5,3,3,3,1.0,68,True,1000,0.9837197715528283,0.8912210951349616,-3.312725385296034e-05,True,200,0.983558196276245,0.8914449008299479,-6.285078320505955e-05,2.220446049250313e-16,2.220446049250313e-16
How do within-family activation hyperparameters tune the welfare-convergence tradeoff?,hyperparameter_root_power,a,0.2,nrd,root_power,a,0.2,0.5,3,3,3,1.0,69,True,1200,0.9798157091038923,0.9197367368704069,-2.675550221348244e-05,True,200,0.9802026542372004,0.9193318445953022,-6.274674417450221e-05,1.1102230246251565e-16,2.220446049250313e-16
How do within-family activation hyperparameters tune the welfare-convergence tradeoff?,hyperparameter_root_power,a,0.2,nrd,root_power,a,0.2,0.5,3,3,3,1.0,70,True,2100,0.9707971423825479,0.9029712751605468,2.6484923258407456e-06,True,400,0.9706600642199061,0.9032548214007939,-6.272571418852735e-05,2.220446049250313e-16,1.1102230246251565e-16
How do within-family activation hyperparameters tune the welfare-convergence tradeoff?,hyperparameter_root_power,a,0.2,nrd,root_power,a,0.2,0.5,3,3,3,1.0,71,True,1000,0.9729361503856397,0.9151237230072483,-3.380092261279222e-05,True,200,0.9732426677084545,0.9148147604849504,-6.255688231249223e-05,1.1102230246251565e-16,1.1102230246251565e-16
How do within-family activation hyperparameters tune the welfare-convergence tradeoff?,hyperparameter_root_power,a,0.2,nrd,root_power,a,0.2,0.5,3,3,3,1.0,72,True,1000,0.9690191114609543,0.9113245473718207,-3.1866894486087816e-05,True,200,0.969814124992028,0.9103754221679387,-6.280139514763805e-05,0.0,2.220446049250313e-16
How do within-family activation hyperparameters tune the welfare-convergence tradeoff?,hyperparameter_root_power,a,0.2,nrd,root_power,a,0.2,0.5,3,3,3,1.0,73,True,2300,0.9745410031106024,0.8937762643680963,9.935413949335725e-06,True,500,0.9747208844652561,0.8936081723618847,-6.270037511407756e-05,0.0,2.220446049250313e-16
How do within-family activation hyperparameters tune the welfare-convergence tradeoff?,hyperparameter_root_power,a,0.2,nrd,root_power,a,0.2,0.5,3,3,3,1.0,74,True,1200,0.9859531334080688,0.8970821373400741,-2.6711333106999025e-05,True,200,0.9861689457351405,0.896861140698126,-6.293877842983298e-05,1.1102230246251565e-16,0.0
How do within-family activation hyperparameters tune the welfare-convergence tradeoff?,hyperparameter_root_power,a,0.2,nrd,root_power,a,0.2,0.5,3,3,3,1.0,75,True,1100,0.9760163378700388,0.8640019942265876,-3.083427472849731e-05,True,200,0.9759820930889412,0.864127919260627,-6.307864553301012e-05,2.220446049250313e-16,2.220446049250313e-16
How do within-family activation hyperparameters tune the welfare-convergence tradeoff?,hyperparameter_root_power,a,0.2,nrd,root_power,a,0.2,0.5,3,3,3,1.0,77,True,900,0.9861267227519522,0.8901655067414662,-3.6919124124124014e-05,True,100,0.9865419602065206,0.8896844898836376,-6.288050824621028e-05,1.1102230246251565e-16,1.1102230246251565e-16
How do within-family activation hyperparameters tune the welfare-convergence tradeoff?,hyperparameter_root_power,a,0.2,nrd,root_power,a,0.2,0.5,3,3,3,1.0,78,True,700,0.9860344589708675,0.9160857243801769,-4.086240013850828e-05,True,100,0.9861411214667414,0.9159677553124972,-6.254420399387506e-05,2.220446049250313e-16,2.220446049250313e-16
How do within-family activation hyperparameters tune the welfare-convergence tradeoff?,hyperparameter_root_power,a,0.2,nrd,root_power,a,0.2,0.5,3,3,3,1.0,76,True,1800,0.9525814017481151,0.8839477493790818,-5.957611813434127e-06,True,400,0.9521298382991021,0.8844827675177039,-6.266956327427575e-05,1.1102230246251565e-16,1.1102230246251565e-16
How do within-family activation hyperparameters tune the welfare-convergence tradeoff?,hyperparameter_root_power,a,0.2,nrd,root_power,a,0.2,0.5,3,3,3,1.0,80,True,1400,0.9793043522528092,0.9212201823450119,-2.065605912943136e-05,True,200,0.9796218679651619,0.920910904449998,-6.264125563831824e-05,2.220446049250313e-16,1.1102230246251565e-16
How do within-family activation hyperparameters tune the welfare-convergence tradeoff?,hyperparameter_root_power,a,0.2,nrd,root_power,a,0.2,0.5,3,3,3,1.0,79,True,1800,0.9606371009344881,0.8521092028814717,-6.121325575203507e-06,True,400,0.9613793721535896,0.8512841362455673,-6.321024140293341e-05,1.1102230246251565e-16,2.220446049250313e-16
How do within-family activation hyperparameters tune the welfare-convergence tradeoff?,hyperparameter_root_power,a,0.2,nrd,root_power,a,0.2,0.5,3,3,3,1.0,81,True,900,0.9658081798783081,0.8849829724283005,-3.455177841377166e-05,True,100,0.9661032552562931,0.8846526372014573,-6.274951812507146e-05,2.220446049250313e-16,1.1102230246251565e-16
How do within-family activation hyperparameters tune the welfare-convergence tradeoff?,hyperparameter_root_power,a,0.2,nrd,root_power,a,0.2,0.5,3,3,3,1.0,82,True,900,0.9611552084751351,0.858794278257815,-3.387933959481115e-05,True,200,0.9609323312181132,0.8590962904044689,-6.298987666003564e-05,1.1102230246251565e-16,1.1102230246251565e-16
How do within-family activation hyperparameters tune the welfare-convergence tradeoff?,hyperparameter_root_power,a,0.2,nrd,root_power,a,0.2,0.5,3,3,3,1.0,84,True,900,0.9866960439963419,0.956374992844805,-3.3771636700485885e-05,True,200,0.9865645390852811,0.9565302797093632,-6.246379279012393e-05,0.0,1.1102230246251565e-16
How do within-family activation hyperparameters tune the welfare-convergence tradeoff?,hyperparameter_root_power,a,0.2,nrd,root_power,a,0.2,0.5,3,3,3,1.0,83,True,1000,0.9844649775706538,0.9511470538009332,-3.041863913488818e-05,True,200,0.9849650400564699,0.950546183067516,-6.25866863173119e-05,1.1102230246251565e-16,1.1102230246251565e-16
How do within-family activation hyperparameters tune the welfare-convergence tradeoff?,hyperparameter_root_power,a,0.2,nrd,root_power,a,0.2,0.5,3,3,3,1.0,86,True,900,0.9872148504440078,0.9106273306371669,-3.726782526852768e-05,True,200,0.9874201575263389,0.9104015444800605,-6.274265015443481e-05,1.1102230246251565e-16,2.220446049250313e-16
How do within-family activation hyperparameters tune the welfare-convergence tradeoff?,hyperparameter_root_power,a,0.2,nrd,root_power,a,0.2,0.5,3,3,3,1.0,85,True,1600,0.9895309387438339,0.8796430233004463,-1.2846470869076754e-05,True,300,0.9896751240013738,0.8794895157437682,-6.294412758950374e-05,2.220446049250313e-16,1.1102230246251565e-16
How do within-family activation hyperparameters tune the welfare-convergence tradeoff?,hyperparameter_root_power,a,0.2,nrd,root_power,a,0.2,0.5,3,3,3,1.0,87,True,1000,0.9916811557064404,0.8766011959960306,-3.32886873349314e-05,True,200,0.991663855963363,0.8766620005828042,-6.300928606040035e-05,1.1102230246251565e-16,2.220446049250313e-16
How do within-family activation hyperparameters tune the welfare-convergence tradeoff?,hyperparameter_root_power,a,0.2,nrd,root_power,a,0.2,0.5,3,3,3,1.0,90,True,900,0.9882349501839433,0.8947337474295858,-3.451060317344323e-05,True,100,0.988179677752901,0.894816489344175,-6.280954931919824e-05,1.1102230246251565e-16,1.1102230246251565e-16
How do within-family activation hyperparameters tune the welfare-convergence tradeoff?,hyperparameter_root_power,a,0.2,nrd,root_power,a,0.2,0.5,3,3,3,1.0,88,True,1100,0.9821150479123402,0.9101434491655187,-2.808866403009036e-05,True,200,0.9824286673866129,0.9097887298384695,-6.270849619388619e-05,1.1102230246251565e-16,2.220446049250313e-16
How do within-family activation hyperparameters tune the welfare-convergence tradeoff?,hyperparameter_root_power,a,0.2,nrd,root_power,a,0.2,0.5,3,3,3,1.0,89,True,1300,0.9864538196953606,0.8927247792051682,-2.4141173571357033e-05,True,300,0.9866057025797502,0.8925869516904941,-6.29129339795309e-05,1.1102230246251565e-16,2.220446049250313e-16
How do within-family activation hyperparameters tune the welfare-convergence tradeoff?,hyperparameter_root_power,a,0.2,nrd,root_power,a,0.2,0.5,3,3,3,1.0,91,True,700,0.9795492937577219,0.8767010134863872,-4.062394322235097e-05,True,100,0.9795272845739794,0.8767381518427295,-6.299808731224932e-05,0.0,1.1102230246251565e-16
How do within-family activation hyperparameters tune the welfare-convergence tradeoff?,hyperparameter_root_power,a,0.2,nrd,root_power,a,0.2,0.5,3,3,3,1.0,93,True,900,0.9731931169302609,0.8189586471771522,-3.6445888075831157e-05,True,100,0.9733161026016959,0.8188204167649532,-6.33160502096497e-05,1.1102230246251565e-16,0.0
How do within-family activation hyperparameters tune the welfare-convergence tradeoff?,hyperparameter_root_power,a,0.2,nrd,root_power,a,0.2,0.5,3,3,3,1.0,92,True,2100,0.9793120601250236,0.9189053668510626,3.646456892325567e-06,True,400,0.9798924221251786,0.9182769722819139,-6.272762305503665e-05,2.220446049250313e-16,2.220446049250313e-16
How do within-family activation hyperparameters tune the welfare-convergence tradeoff?,hyperparameter_root_power,a,0.2,nrd,root_power,a,0.2,0.5,3,3,3,1.0,95,True,800,0.9880638736028637,0.9404844437097905,-3.8248592651057844e-05,True,100,0.9881174835668649,0.940437480420001,-6.260152196707613e-05,2.220446049250313e-16,2.220446049250313e-16
How do within-family activation hyperparameters tune the welfare-convergence tradeoff?,hyperparameter_root_power,a,0.2,nrd,root_power,a,0.2,0.5,3,3,3,1.0,94,True,1100,0.9724176386338773,0.8838928142895895,-3.0446645083614943e-05,True,100,0.9727324213161,0.8835492501183938,-6.287367732232818e-05,2.220446049250313e-16,1.1102230246251565e-16
How do within-family activation hyperparameters tune the welfare-convergence tradeoff?,hyperparameter_root_power,a,0.2,nrd,root_power,a,0.2,0.5,3,3,3,1.0,96,True,1100,0.9844603109479915,0.9006667152757847,-2.78757088671977e-05,True,200,0.9843122950140033,0.9008920262563508,-6.28296657641525e-05,1.1102230246251565e-16,2.220446049250313e-16
How do within-family activation hyperparameters tune the welfare-convergence tradeoff?,hyperparameter_root_power,a,0.2,nrd,root_power,a,0.2,0.5,3,3,3,1.0,97,True,1300,0.9675967125188152,0.8576611629848522,-2.2769000454059274e-05,True,200,0.9679095507661751,0.857359817368899,-6.291651305806445e-05,0.0,1.1102230246251565e-16
How do within-family activation hyperparameters tune the welfare-convergence tradeoff?,hyperparameter_root_power,a,0.2,nrd,root_power,a,0.2,0.5,3,3,3,1.0,99,True,800,0.9884065666187911,0.9454407320545449,-3.760028104637936e-05,True,100,0.9883113289372761,0.9455590536211204,-6.258248740437233e-05,0.0,2.220446049250313e-16
How do within-family activation hyperparameters tune the welfare-convergence tradeoff?,hyperparameter_root_power,a,0.2,nrd,root_power,a,0.2,0.5,3,3,3,1.0,98,True,1300,0.9827353606135366,0.9077759399660823,-2.1569003800958608e-05,True,200,0.9832522888909991,0.9071892538997535,-6.283568466947109e-05,2.220446049250313e-16,1.1102230246251565e-16
How do within-family activation hyperparameters tune the welfare-convergence tradeoff?,hyperparameter_root_power,a,0.3,nrd,root_power,a,0.3,0.5,3,3,3,1.0,1,True,900,0.9793149418942982,0.900646081834163,-3.152325385563648e-05,True,200,0.9792428032318726,0.9007697919957897,-6.025653245006479e-05,2.220446049250313e-16,1.1102230246251565e-16
How do within-family activation hyperparameters tune the welfare-convergence tradeoff?,hyperparameter_root_power,a,0.3,nrd,root_power,a,0.3,0.5,3,3,3,1.0,0,True,1200,0.9805704231632124,0.8421019223596916,-2.309689071200438e-05,True,200,0.98097311798106,0.8416694625444352,-6.048127416546922e-05,1.1102230246251565e-16,2.220446049250313e-16
How do within-family activation hyperparameters tune the welfare-convergence tradeoff?,hyperparameter_root_power,a,0.3,nrd,root_power,a,0.3,0.5,3,3,3,1.0,2,True,1200,0.9740757243806869,0.9022806146056664,-2.5874179015061838e-05,True,200,0.9746992262120177,0.9014723131373494,-6.018150456593707e-05,1.1102230246251565e-16,0.0
How do within-family activation hyperparameters tune the welfare-convergence tradeoff?,hyperparameter_root_power,a,0.3,nrd,root_power,a,0.3,0.5,3,3,3,1.0,3,True,1100,0.9913170885532272,0.9301086233276297,-2.6065108895301226e-05,True,200,0.9917730518786992,0.92951909696541,-6.00862597867069e-05,0.0,2.220446049250313e-16
How do within-family activation hyperparameters tune the welfare-convergence tradeoff?,hyperparameter_root_power,a,0.3,nrd,root_power,a,0.3,0.5,3,3,3,1.0,4,True,1000,0.9741591649000577,0.907274799702159,-2.8972198140908567e-05,True,200,0.9745121834426553,0.9067918874384214,-6.018602711421739e-05,0.0,1.1102230246251565e-16
How do within-family activation hyperparameters tune the welfare-convergence tradeoff?,hyperparameter_root_power,a,0.3,nrd,root_power,a,0.3,0.5,3,3,3,1.0,5,True,1200,0.9730469295253305,0.8726937498242756,-2.425862992383454e-05,True,200,0.9738537259137567,0.8717473016152644,-6.005695066524375e-05,0.0,1.1102230246251565e-16
How do within-family activation hyperparameters tune the welfare-convergence tradeoff?,hyperparameter_root_power,a,0.3,nrd,root_power,a,0.3,0.5,3,3,3,1.0,6,True,800,0.9875771845769776,0.8416628765662267,-3.550554631881475e-05,True,100,0.9874561132505284,0.8418778164452508,-6.0667786385748546e-05,1.1102230246251565e-16,1.1102230246251565e-16
How do within-family activation hyperparameters tune the welfare-convergence tradeoff?,hyperparameter_root_power,a,0.3,nrd,root_power,a,0.3,0.5,3,3,3,1.0,7,True,1400,0.9864669385835229,0.9141449397370481,-1.678688303713427e-05,True,300,0.9866620893277086,0.9139108084572957,-6.017136591318639e-05,1.1102230246251565e-16,1.1102230246251565e-16
How do within-family activation hyperparameters tune the welfare-convergence tradeoff?,hyperparameter_root_power,a,0.3,nrd,root_power,a,0.3,0.5,3,3,3,1.0,8,True,1100,0.9738156154477967,0.9037033982328709,-2.653443317995885e-05,True,200,0.9737964800144782,0.9037238427838622,-6.00549184623933e-05,2.220446049250313e-16,2.220446049250313e-16
How do within-family activation hyperparameters tune the welfare-convergence tradeoff?,hyperparameter_root_power,a,0.3,nrd,root_power,a,0.3,0.5,3,3,3,1.0,9,True,900,0.9770406398736159,0.847851629359075,-3.410254092112153e-05,True,200,0.9770743611058272,0.8478911796594312,-6.068723856517133e-05,2.220446049250313e-16,2.220446049250313e-16
How do within-family activation hyperparameters tune the welfare-convergence tradeoff?,hyperparameter_root_power,a,0.3,nrd,root_power,a,0.3,0.5,3,3,3,1.0,10,True,900,0.9809099815580964,0.8968913915612572,-3.296809929786981e-05,True,100,0.9813148693185004,0.8964111828781571,-6.017373169048268e-05,1.1102230246251565e-16,1.1102230246251565e-16
How do within-family activation hyperparameters tune the welfare-convergence tradeoff?,hyperparameter_root_power,a,0.3,nrd,root_power,a,0.3,0.5,3,3,3,1.0,11,True,1200,0.9638896468194749,0.8813875624331775,-2.5454272565561542e-05,True,200,0.9645362389430747,0.8805433483422043,-6.020477965745785e-05,2.220446049250313e-16,1.1102230246251565e-16
How do within-family activation hyperparameters tune the welfare-convergence tradeoff?,hyperparameter_root_power,a,0.3,nrd,root_power,a,0.3,0.5,3,3,3,1.0,14,True,600,0.9931060103019596,0.9403690439409758,-4.135427326301677e-05,True,100,0.9929423215378549,0.9406090166817168,-5.9979084397809856e-05,1.1102230246251565e-16,0.0
How do within-family activation hyperparameters tune the welfare-convergence tradeoff?,hyperparameter_root_power,a,0.3,nrd,root_power,a,0.3,0.5,3,3,3,1.0,12,True,1300,0.9792297044681046,0.8900737550717547,-2.077812988032779e-05,True,300,0.9795046596713749,0.889755130156888,-6.021393934957375e-05,1.1102230246251565e-16,1.1102230246251565e-16
How do within-family activation hyperparameters tune the welfare-convergence tradeoff?,hyperparameter_root_power,a,0.3,nrd,root_power,a,0.3,0.5,3,3,3,1.0,13,True,1500,0.9819211752064705,0.8676601972096086,-1.569430677800243e-05,True,300,0.9821962883994456,0.8673063260709982,-6.067200826676e-05,0.0,2.220446049250313e-16
How do within-family activation hyperparameters tune the welfare-convergence tradeoff?,hyperparameter_root_power,a,0.3,nrd,root_power,a,0.3,0.5,3,3,3,1.0,15,True,1100,0.9845418663193435,0.8945070528060723,-2.7598168286568914e-05,True,200,0.9849464031922937,0.8940615709338428,-6.0193319167511916e-05,0.0,1.1102230246251565e-16
How do within-family activation hyperparameters tune the welfare-convergence tradeoff?,hyperparameter_root_power,a,0.3,nrd,root_power,a,0.3,0.5,3,3,3,1.0,16,True,1000,0.9769618732683328,0.8464249932250633,-3.0098003604650536e-05,True,200,0.9775949776271778,0.8456001758655324,-6.080782504397364e-05,2.220446049250313e-16,1.1102230246251565e-16
How do within-family activation hyperparameters tune the welfare-convergence tradeoff?,hyperparameter_root_power,a,0.3,nrd,root_power,a,0.3,0.5,3,3,3,1.0,17,True,1000,0.9756534902101912,0.9007136898998745,-2.946743226306392e-05,True,200,0.9756237907316307,0.9008068532144972,-6.007453251338779e-05,2.220446049250313e-16,1.1102230246251565e-16
How do within-family activation hyperparameters tune the welfare-convergence tradeoff?,hyperparameter_root_power,a,0.3,nrd,root_power,a,0.3,0.5,3,3,3,1.0,18,True,1200,0.9876884043499649,0.8910655647018002,-2.5442957454713255e-05,True,200,0.9879258951086307,0.8907882468646973,-6.0461803974232176e-05,0.0,2.220446049250313e-16
How do within-family activation hyperparameters tune the welfare-convergence tradeoff?,hyperparameter_root_power,a,0.3,nrd,root_power,a,0.3,0.5,3,3,3,1.0,19,True,900,0.9857875714983477,0.9310424071910569,-3.270728533105727e-05,True,200,0.9861702073712617,0.9305703049222291,-5.993445883339943e-05,1.1102230246251565e-16,2.220446049250313e-16
How do within-family activation hyperparameters tune the welfare-convergence tradeoff?,hyperparameter_root_power,a,0.3,nrd,root_power,a,0.3,0.5,3,3,3,1.0,20,True,2400,0.9848612896985816,0.9108931383303217,1.4106579723449642e-05,True,500,0.9850103476865895,0.9107444768675726,-5.999786272870011e-05,1.1102230246251565e-16,1.1102230246251565e-16
How do within-family activation hyperparameters tune the welfare-convergence tradeoff?,hyperparameter_root_power,a,0.3,nrd,root_power,a,0.3,0.5,3,3,3,1.0,21,True,1400,0.9764600327711705,0.9032328635243231,-1.698104025749103e-05,True,300,0.9765346830872552,0.9031684213993314,-6.012679473121896e-05,1.1102230246251565e-16,1.1102230246251565e-16
How do within-family activation hyperparameters tune the welfare-convergence tradeoff?,hyperparameter_root_power,a,0.3,nrd,root_power,a,0.3,0.5,3,3,3,1.0,23,True,1100,0.9883090963596695,0.9460584997701247,-2.51191603623524e-05,True,200,0.9884518752209811,0.9458824766309224,-6.0012807508891264e-05,2.220446049250313e-16,2.220446049250313e-16
How do within-family activation hyperparameters tune the welfare-convergence tradeoff?,hyperparameter_root_power,a,0.3,nrd,root_power,a,0.3,0.5,3,3,3,1.0,22,True,2600,0.9807460907409349,0.9354652815898805,2.3156863079409895e-05,True,600,0.9808411550310544,0.9353729197154838,-5.975234932414919e-05,2.220446049250313e-16,0.0
How do within-family activation hyperparameters tune the welfare-convergence tradeoff?,hyperparameter_root_power,a,0.3,nrd,root_power,a,0.3,0.5,3,3,3,1.0,24,True,1400,0.9910969575807115,0.9217651524300035,-1.7606325812324908e-05,True,300,0.9911912944552318,0.9216795174078424,-6.013845379371219e-05,1.1102230246251565e-16,2.220446049250313e-16
How do within-family activation hyperparameters tune the welfare-convergence tradeoff?,hyperparameter_root_power,a,0.3,nrd,root_power,a,0.3,0.5,3,3,3,1.0,25,True,1300,0.9619898571204077,0.8537741226655227,-2.0308658045253836e-05,True,200,0.962898813662042,0.8525753003556215,-6.062626680447547e-05,0.0,2.220446049250313e-16
How do within-family activation hyperparameters tune the welfare-convergence tradeoff?,hyperparameter_root_power,a,0.3,nrd,root_power,a,0.3,0.5,3,3,3,1.0,26,True,1200,0.989880582835507,0.9055005004766569,-2.4227930381925944e-05,True,200,0.9901238789819021,0.905199706488569,-6.032070738626327e-05,0.0,2.220446049250313e-16
How do within-family activation hyperparameters tune the welfare-convergence tradeoff?,hyperparameter_root_power,a,0.3,nrd,root_power,a,0.3,0.5,3,3,3,1.0,27,True,1200,0.9740377270453373,0.8960324337016354,-2.1924083135838046e-05,True,300,0.974529362425946,0.895425641424438,-6.0091587336330576e-05,0.0,2.220446049250313e-16
How do within-family activation hyperparameters tune the welfare-convergence tradeoff?,hyperparameter_root_power,a,0.3,nrd,root_power,a,0.3,0.5,3,3,3,1.0,29,True,1300,0.9698496492661814,0.8760060238827178,-2.3272630658766058e-05,True,200,0.9708986464221881,0.8746562635957309,-6.0312861175415566e-05,1.1102230246251565e-16,1.1102230246251565e-16
How do within-family activation hyperparameters tune the welfare-convergence tradeoff?,hyperparameter_root_power,a,0.3,nrd,root_power,a,0.3,0.5,3,3,3,1.0,28,True,2100,0.9675137085267644,0.8831421188476867,4.029894233537057e-06,True,400,0.9677771155505904,0.8828440416541447,-6.040677073837486e-05,0.0,0.0
How do within-family activation hyperparameters tune the welfare-convergence tradeoff?,hyperparameter_root_power,a,0.3,nrd,root_power,a,0.3,0.5,3,3,3,1.0,30,True,1100,0.9802897756345361,0.9296263259721722,-2.7993234654299926e-05,True,200,0.9807784099928216,0.9289941154076296,-5.99768127009237e-05,1.1102230246251565e-16,0.0
How do within-family activation hyperparameters tune the welfare-convergence tradeoff?,hyperparameter_root_power,a,0.3,nrd,root_power,a,0.3,0.5,3,3,3,1.0,31,True,1500,0.9801993612043839,0.8907768638180014,-1.3936660882896135e-05,True,300,0.9806491933476509,0.8902294981574025,-6.0497291087091565e-05,2.220446049250313e-16,1.1102230246251565e-16
How do within-family activation hyperparameters tune the welfare-convergence tradeoff?,hyperparameter_root_power,a,0.3,nrd,root_power,a,0.3,0.5,3,3,3,1.0,32,True,900,0.9826302014251216,0.9181972941190959,-3.1688674430319086e-05,True,100,0.9825910381103876,0.918244502283812,-6.010804461858976e-05,2.220446049250313e-16,1.1102230246251565e-16
How do within-family activation hyperparameters tune the welfare-convergence tradeoff?,hyperparameter_root_power,a,0.3,nrd,root_power,a,0.3,0.5,3,3,3,1.0,33,True,1400,0.9810090529235496,0.9038071470080178,-1.8246390868281726e-05,True,300,0.980673203804094,0.9042955896902526,-6.010981209109145e-05,2.220446049250313e-16,1.1102230246251565e-16
How do within-family activation hyperparameters tune the welfare-convergence tradeoff?,hyperparameter_root_power,a,0.3,nrd,root_power,a,0.3,0.5,3,3,3,1.0,34,True,900,0.9779116130632219,0.8720017338958342,-3.503728209292012e-05,True,100,0.9782451752123786,0.8716526252077732,-6.026996874552992e-05,1.1102230246251565e-16,1.1102230246251565e-16
How do within-family activation hyperparameters tune the welfare-convergence tradeoff?,hyperparameter_root_power,a,0.3,nrd,root_power,a,0.3,0.5,3,3,3,1.0,36,True,900,0.9898032811848342,0.9203478197349474,-3.287846240745962e-05,True,200,0.9897347661806328,0.9204941800589492,-6.0106307244511825e-05,2.220446049250313e-16,2.220446049250313e-16
How do within-family activation hyperparameters tune the welfare-convergence tradeoff?,hyperparameter_root_power,a,0.3,nrd,root_power,a,0.3,0.5,3,3,3,1.0,35,True,2300,0.9729854357058909,0.8235993291198712,1.2751063495519688e-05,True,500,0.9732320110526337,0.8233679868687295,-6.079618466303671e-05,0.0,2.220446049250313e-16
How do within-family activation hyperparameters tune the welfare-convergence tradeoff?,hyperparameter_root_power,a,0.3,nrd,root_power,a,0.3,0.5,3,3,3,1.0,37,True,1200,0.9611796635864828,0.8652615330585448,-2.6005296654585397e-05,True,200,0.9614541907609206,0.8649716078140092,-6.027712237133276e-05,1.1102230246251565e-16,2.220446049250313e-16
How do within-family activation hyperparameters tune the welfare-convergence tradeoff?,hyperparameter_root_power,a,0.3,nrd,root_power,a,0.3,0.5,3,3,3,1.0,38,True,1600,0.9884084332260202,0.9391923908410763,-9.06158303043414e-06,True,300,0.9884546747136542,0.9391575044930089,-5.993947029364621e-05,2.220446049250313e-16,1.1102230246251565e-16
How do within-family activation hyperparameters tune the welfare-convergence tradeoff?,hyperparameter_root_power,a,0.3,nrd,root_power,a,0.3,0.5,3,3,3,1.0,39,True,1000,0.9895594658565289,0.9142721306671708,-2.9818197027242643e-05,True,200,0.9898524248135213,0.9138998922659208,-6.0112473966200675e-05,2.220446049250313e-16,1.1102230246251565e-16
How do within-family activation hyperparameters tune the welfare-convergence tradeoff?,hyperparameter_root_power,a,0.3,nrd,root_power,a,0.3,0.5,3,3,3,1.0,40,True,900,0.9659827395186045,0.8648879499743828,-3.358603007369565e-05,True,200,0.9657345027849441,0.8652655044602992,-6.010210751616896e-05,0.0,1.1102230246251565e-16
How do within-family activation hyperparameters tune the welfare-convergence tradeoff?,hyperparameter_root_power,a,0.3,nrd,root_power,a,0.3,0.5,3,3,3,1.0,41,True,800,0.9929891459742224,0.9091899303323826,-3.6328714691724606e-05,True,200,0.9931525074208977,0.9089885350399308,-6.0189646348352e-05,1.1102230246251565e-16,0.0
How do within-family activation hyperparameters tune the welfare-convergence tradeoff?,hyperparameter_root_power,a,0.3,nrd,root_power,a,0.3,0.5,3,3,3,1.0,42,True,800,0.9797457052964066,0.8891510812877357,-3.5793241388693e-05,True,200,0.9798268825711537,0.8891038907295342,-6.0387874517120466e-05,2.220446049250313e-16,2.220446049250313e-16
How do within-family activation hyperparameters tune the welfare-convergence tradeoff?,hyperparameter_root_power,a,0.3,nrd,root_power,a,0.3,0.5,3,3,3,1.0,43,True,1200,0.9622651442932442,0.8424254206834636,-2.400573474942158e-05,True,200,0.9627201027993073,0.8419135357514366,-6.0627215931863265e-05,2.220446049250313e-16,2.220446049250313e-16
How do within-family activation hyperparameters tune the welfare-convergence tradeoff?,hyperparameter_root_power,a,0.3,nrd,root_power,a,0.3,0.5,3,3,3,1.0,44,True,1000,0.9656704145154362,0.8500409740737357,-3.2777753623314254e-05,True,200,0.9662788976079006,0.8492550532146389,-6.065960887469135e-05,0.0,1.1102230246251565e-16
How do within-family activation hyperparameters tune the welfare-convergence tradeoff?,hyperparameter_root_power,a,0.3,nrd,root_power,a,0.3,0.5,3,3,3,1.0,45,True,600,0.9935183184816936,0.9719818628255729,-4.2919882420944244e-05,True,100,0.993635613037445,0.9718234000804603,-5.9750181869488994e-05,1.1102230246251565e-16,0.0
How do within-family activation hyperparameters tune the welfare-convergence tradeoff?,hyperparameter_root_power,a,0.3,nrd,root_power,a,0.3,0.5,3,3,3,1.0,46,True,1300,0.9841640290592595,0.8919677268498182,-2.0780041771584212e-05,True,200,0.9843961908014319,0.8917450827529625,-6.0272282950524225e-05,2.220446049250313e-16,2.220446049250313e-16
How do within-family activation hyperparameters tune the welfare-convergence tradeoff?,hyperparameter_root_power,a,0.3,nrd,root_power,a,0.3,0.5,3,3,3,1.0,47,True,1100,0.9880672419319206,0.9399766678168279,-2.8161681722704834e-05,True,200,0.9882827379355545,0.9396997819555012,-6.0029177339659956e-05,1.1102230246251565e-16,1.1102230246251565e-16
How do within-family activation hyperparameters tune the welfare-convergence tradeoff?,hyperparameter_root_power,a,0.3,nrd,root_power,a,0.3,0.5,3,3,3,1.0,48,True,800,0.9849992920386825,0.911663066718433,-3.7246639973287365e-05,True,100,0.9846514638171417,0.9121378231989148,-6.003713313867953e-05,2.220446049250313e-16,2.220446049250313e-16
How do within-family activation hyperparameters tune the welfare-convergence tradeoff?,hyperparameter_root_power,a,0.3,nrd,root_power,a,0.3,0.5,3,3,3,1.0,49,True,1000,0.9849936748253248,0.8679369386702914,-3.0165202215604037e-05,True,200,0.985113962240934,0.8678088511733771,-6.033540831051898e-05,1.1102230246251565e-16,2.220446049250313e-16
How do within-family activation hyperparameters tune the welfare-convergence tradeoff?,hyperparameter_root_power,a,0.3,nrd,root_power,a,0.3,0.5,3,3,3,1.0,50,True,1000,0.9865909316053995,0.8613935383085196,-3.084526469765425e-05,True,200,0.9867300143259323,0.8612788682205874,-6.057866820463609e-05,0.0,2.220446049250313e-16
How do within-family activation hyperparameters tune the welfare-convergence tradeoff?,hyperparameter_root_power,a,0.3,nrd,root_power,a,0.3,0.5,3,3,3,1.0,51,True,900,0.9876350534814835,0.8928381367691496,-3.377505062868158e-05,True,100,0.9878652573759017,0.8925747247294028,-6.0378479539713314e-05,1.1102230246251565e-16,2.220446049250313e-16
How do within-family activation hyperparameters tune the welfare-convergence tradeoff?,hyperparameter_root_power,a,0.3,nrd,root_power,a,0.3,0.5,3,3,3,1.0,52,True,1500,0.9863258392333013,0.856764376947924,-1.547434851167928e-05,True,300,0.9868341515665456,0.8562241642728082,-6.054258056492623e-05,2.220446049250313e-16,0.0
How do within-family activation hyperparameters tune the welfare-convergence tradeoff?,hyperparameter_root_power,a,0.3,nrd,root_power,a,0.3,0.5,3,3,3,1.0,53,True,1000,0.9771700858752357,0.8999186902028452,-3.0312213152361434e-05,True,200,0.9774482519608803,0.8995790081165743,-6.032930326521635e-05,2.220446049250313e-16,0.0
How do within-family activation hyperparameters tune the welfare-convergence tradeoff?,hyperparameter_root_power,a,0.3,nrd,root_power,a,0.3,0.5,3,3,3,1.0,54,True,1000,0.980072512948483,0.8851565875242682,-3.1572335688623276e-05,True,200,0.9806419250041771,0.884420527145403,-6.028965286092314e-05,1.1102230246251565e-16,0.0
How do within-family activation hyperparameters tune the welfare-convergence tradeoff?,hyperparameter_root_power,a,0.3,nrd,root_power,a,0.3,0.5,3,3,3,1.0,55,True,1100,0.9824293454123597,0.883687425287001,-2.5610327599845384e-05,True,200,0.982494683021828,0.8836188963609195,-6.037415240850441e-05,2.220446049250313e-16,1.1102230246251565e-16
How do within-family activation hyperparameters tune the welfare-convergence tradeoff?,hyperparameter_root_power,a,0.3,nrd,root_power,a,0.3,0.5,3,3,3,1.0,57,True,1000,0.990783601767674,0.8975608761222033,-2.9803362398883593e-05,True,200,0.9909160263809741,0.8974098804891611,-6.040369233145659e-05,2.220446049250313e-16,1.1102230246251565e-16
How do within-family activation hyperparameters tune the welfare-convergence tradeoff?,hyperparameter_root_power,a,0.3,nrd,root_power,a,0.3,0.5,3,3,3,1.0,56,True,3200,0.9906013611536566,0.912356544206545,4.1965863082693566e-05,True,700,0.9907177623321973,0.9123296597399579,-5.85694140445292e-05,1.1102230246251565e-16,0.0
How do within-family activation hyperparameters tune the welfare-convergence tradeoff?,hyperparameter_root_power,a,0.3,nrd,root_power,a,0.3,0.5,3,3,3,1.0,58,True,900,0.9746362937615659,0.8756150607690557,-3.264411139081158e-05,True,200,0.9752251047372562,0.8748288328182792,-6.0421456943682283e-05,2.220446049250313e-16,1.1102230246251565e-16
How do within-family activation hyperparameters tune the welfare-convergence tradeoff?,hyperparameter_root_power,a,0.3,nrd,root_power,a,0.3,0.5,3,3,3,1.0,59,True,1600,0.9760284316212181,0.854872908949344,-1.2644010378204396e-05,True,300,0.9766210644979427,0.8541894133144776,-6.050447911848389e-05,1.1102230246251565e-16,0.0
How do within-family activation hyperparameters tune the welfare-convergence tradeoff?,hyperparameter_root_power,a,0.3,nrd,root_power,a,0.3,0.5,3,3,3,1.0,60,True,1700,0.9785130483296063,0.9139076771891655,-7.874831551346606e-06,True,300,0.9787180216283512,0.9137117862428995,-6.025886251126433e-05,2.220446049250313e-16,2.220446049250313e-16
How do within-family activation hyperparameters tune the welfare-convergence tradeoff?,hyperparameter_root_power,a,0.3,nrd,root_power,a,0.3,0.5,3,3,3,1.0,61,True,700,0.9835745072015217,0.9117842721623096,-4.0970660673100845e-05,True,100,0.9835176523225221,0.9118972794318219,-6.012851186942836e-05,1.1102230246251565e-16,1.1102230246251565e-16
How do within-family activation hyperparameters tune the welfare-convergence tradeoff?,hyperparameter_root_power,a,0.3,nrd,root_power,a,0.3,0.5,3,3,3,1.0,62,True,700,0.9725903870410494,0.8924751158789431,-3.879162354525345e-05,True,100,0.9721910896471748,0.8930280397499244,-6.037128146396675e-05,1.1102230246251565e-16,2.220446049250313e-16
How do within-family activation hyperparameters tune the welfare-convergence tradeoff?,hyperparameter_root_power,a,0.3,nrd,root_power,a,0.3,0.5,3,3,3,1.0,63,True,1200,0.9920703000741548,0.9263159854997047,-2.4288514419990026e-05,True,200,0.992230598016515,0.9261122004252482,-6.0111007305241326e-05,2.220446049250313e-16,1.1102230246251565e-16
How do within-family activation hyperparameters tune the welfare-convergence tradeoff?,hyperparameter_root_power,a,0.3,nrd,root_power,a,0.3,0.5,3,3,3,1.0,64,True,900,0.9566731562295598,0.8375320829754379,-3.427067910893866e-05,True,100,0.9569841867624344,0.8371384312493259,-6.0841620188711865e-05,1.1102230246251565e-16,1.1102230246251565e-16
How do within-family activation hyperparameters tune the welfare-convergence tradeoff?,hyperparameter_root_power,a,0.3,nrd,root_power,a,0.3,0.5,3,3,3,1.0,67,True,1100,0.9816801712407108,0.8749263424235597,-2.8431106656234828e-05,True,200,0.9822253941248351,0.8742475238469245,-6.047442841228268e-05,1.1102230246251565e-16,0.0
How do within-family activation hyperparameters tune the welfare-convergence tradeoff?,hyperparameter_root_power,a,0.3,nrd,root_power,a,0.3,0.5,3,3,3,1.0,65,True,1500,0.9799132898288344,0.8710131695045954,-1.4923460277926903e-05,True,200,0.9804386952001349,0.8703343396840294,-6.047571924411299e-05,1.1102230246251565e-16,2.220446049250313e-16
How do within-family activation hyperparameters tune the welfare-convergence tradeoff?,hyperparameter_root_power,a,0.3,nrd,root_power,a,0.3,0.5,3,3,3,1.0,66,True,1300,0.98625540562666,0.8947985853239394,-2.1550330348396596e-05,True,300,0.9864071279588735,0.8946270977529055,-6.037670851138932e-05,0.0,0.0
How do within-family activation hyperparameters tune the welfare-convergence tradeoff?,hyperparameter_root_power,a,0.3,nrd,root_power,a,0.3,0.5,3,3,3,1.0,68,True,1000,0.9860347872869275,0.8881326717588212,-3.0404916841642038e-05,True,200,0.985890628803747,0.8883615401117461,-6.029403146529111e-05,1.1102230246251565e-16,1.1102230246251565e-16
How do within-family activation hyperparameters tune the welfare-convergence tradeoff?,hyperparameter_root_power,a,0.3,nrd,root_power,a,0.3,0.5,3,3,3,1.0,69,True,1300,0.9826618867028085,0.9159792536511205,-2.16166395702877e-05,True,300,0.9830565431858711,0.9155098804447525,-6.01834589875061e-05,1.1102230246251565e-16,0.0
How do within-family activation hyperparameters tune the welfare-convergence tradeoff?,hyperparameter_root_power,a,0.3,nrd,root_power,a,0.3,0.5,3,3,3,1.0,70,True,2200,0.9748654844521715,0.8975917087640498,8.412516549705096e-06,True,500,0.9747737504045971,0.897850863884587,-6.0148067979104436e-05,0.0,1.1102230246251565e-16
How do within-family activation hyperparameters tune the welfare-convergence tradeoff?,hyperparameter_root_power,a,0.3,nrd,root_power,a,0.3,0.5,3,3,3,1.0,71,True,1000,0.9767094850804869,0.9103757584252093,-3.0585466519184035e-05,True,200,0.9770297123138605,0.9100104538576143,-5.989164440356465e-05,0.0,1.1102230246251565e-16
How do within-family activation hyperparameters tune the welfare-convergence tradeoff?,hyperparameter_root_power,a,0.3,nrd,root_power,a,0.3,0.5,3,3,3,1.0,72,True,1100,0.9734157480174537,0.9057197255722992,-2.7879860747204166e-05,True,200,0.974223728650243,0.9046335900201016,-6.02595291707142e-05,2.220446049250313e-16,0.0
How do within-family activation hyperparameters tune the welfare-convergence tradeoff?,hyperparameter_root_power,a,0.3,nrd,root_power,a,0.3,0.5,3,3,3,1.0,73,True,2400,0.9780033112277753,0.8893920657349064,1.566978528472207e-05,True,500,0.9781999547937875,0.8891874865791722,-6.0102860971744665e-05,2.220446049250313e-16,0.0
How do within-family activation hyperparameters tune the welfare-convergence tradeoff?,hyperparameter_root_power,a,0.3,nrd,root_power,a,0.3,0.5,3,3,3,1.0,74,True,1300,0.9878991906847822,0.8945209526333837,-2.150967535285986e-05,True,300,0.9881282533166361,0.8942509428830855,-6.042409762035961e-05,1.1102230246251565e-16,1.1102230246251565e-16
How do within-family activation hyperparameters tune the welfare-convergence tradeoff?,hyperparameter_root_power,a,0.3,nrd,root_power,a,0.3,0.5,3,3,3,1.0,75,True,1100,0.9789193066993404,0.8598546904845744,-2.8262780056798054e-05,True,200,0.9788986181753216,0.8599696503132117,-6.060788033390718e-05,2.220446049250313e-16,1.1102230246251565e-16
How do within-family activation hyperparameters tune the welfare-convergence tradeoff?,hyperparameter_root_power,a,0.3,nrd,root_power,a,0.3,0.5,3,3,3,1.0,78,True,700,0.9880547220934286,0.9134686723266444,-3.823825243226553e-05,True,100,0.9881635219494717,0.9133312046661484,-5.9966932728638955e-05,1.1102230246251565e-16,1.1102230246251565e-16
How do within-family activation hyperparameters tune the welfare-convergence tradeoff?,hyperparameter_root_power,a,0.3,nrd,root_power,a,0.3,0.5,3,3,3,1.0,77,True,900,0.9880411607527572,0.8876748222703755,-3.3753941905467766e-05,True,200,0.9884542445540069,0.8871343760396394,-6.0341127254393e-05,2.220446049250313e-16,2.220446049250313e-16
How do within-family activation hyperparameters tune the welfare-convergence tradeoff?,hyperparameter_root_power,a,0.3,nrd,root_power,a,0.3,0.5,3,3,3,1.0,76,True,1900,0.9589987803626141,0.8757845045215379,-2.2554028940580118e-06,True,400,0.9586003253719331,0.876315797459892,-6.0066685456383606e-05,1.1102230246251565e-16,2.220446049250313e-16
How do within-family activation hyperparameters tune the welfare-convergence tradeoff?,hyperparameter_root_power,a,0.3,nrd,root_power,a,0.3,0.5,3,3,3,1.0,80,True,1500,0.9822362542974156,0.9174803732046507,-1.549964852282093e-05,True,200,0.982577374903654,0.9171016670025448,-6.002028899659839e-05,2.220446049250313e-16,2.220446049250313e-16
How do within-family activation hyperparameters tune the welfare-convergence tradeoff?,hyperparameter_root_power,a,0.3,nrd,root_power,a,0.3,0.5,3,3,3,1.0,79,True,1900,0.96583393480485,0.8455536430968672,-9.278515568644785e-07,True,400,0.9665953449966594,0.8446056270274869,-6.083313392735157e-05,2.220446049250313e-16,1.1102230246251565e-16
How do within-family activation hyperparameters tune the welfare-convergence tradeoff?,hyperparameter_root_power,a,0.3,nrd,root_power,a,0.3,0.5,3,3,3,1.0,81,True,1000,0.9706134790205505,0.8788326845310336,-3.158908283712458e-05,True,100,0.9709176306354125,0.8784489271589905,-6.0175936579365263e-05,1.1102230246251565e-16,0.0
How do within-family activation hyperparameters tune the welfare-convergence tradeoff?,hyperparameter_root_power,a,0.3,nrd,root_power,a,0.3,0.5,3,3,3,1.0,82,True,900,0.9665049593431719,0.8518265612611566,-3.16240147456015e-05,True,200,0.9663058416295005,0.8521316858018202,-6.049789335094147e-05,2.220446049250313e-16,0.0
How do within-family activation hyperparameters tune the welfare-convergence tradeoff?,hyperparameter_root_power,a,0.3,nrd,root_power,a,0.3,0.5,3,3,3,1.0,83,True,1100,0.9867780034284724,0.9481821277660606,-2.6254113467738538e-05,True,200,0.9872783666618651,0.9475014138436308,-5.993791807146209e-05,1.1102230246251565e-16,2.220446049250313e-16
How do within-family activation hyperparameters tune the welfare-convergence tradeoff?,hyperparameter_root_power,a,0.3,nrd,root_power,a,0.3,0.5,3,3,3,1.0,84,True,1000,0.9887178892643298,0.953733021818853,-3.107390199125204e-05,True,200,0.9885982211794334,0.9538939423817565,-5.9777695214036086e-05,1.1102230246251565e-16,0.0
How do within-family activation hyperparameters tune the welfare-convergence tradeoff?,hyperparameter_root_power,a,0.3,nrd,root_power,a,0.3,0.5,3,3,3,1.0,86,True,900,0.9890241946122192,0.9083201490620368,-3.434985522798861e-05,True,200,0.9892317448610786,0.9080641986985848,-6.0149664013520177e-05,1.1102230246251565e-16,1.1102230246251565e-16
How do within-family activation hyperparameters tune the welfare-convergence tradeoff?,hyperparameter_root_power,a,0.3,nrd,root_power,a,0.3,0.5,3,3,3,1.0,85,True,1700,0.9909339807883177,0.8777390660074045,-7.764785668218366e-06,True,400,0.9910900183859859,0.8775517224586299,-6.041461620476252e-05,1.1102230246251565e-16,0.0
How do within-family activation hyperparameters tune the welfare-convergence tradeoff?,hyperparameter_root_power,a,0.3,nrd,root_power,a,0.3,0.5,3,3,3,1.0,87,True,1000,0.992695723247406,0.8751850463159957,-3.072423444355765e-05,True,200,0.9926858773170807,0.8752416253934578,-6.051617841384971e-05,1.1102230246251565e-16,0.0
How do within-family activation hyperparameters tune the welfare-convergence tradeoff?,hyperparameter_root_power,a,0.3,nrd,root_power,a,0.3,0.5,3,3,3,1.0,90,True,900,0.989752018793858,0.8927911091130148,-3.18196622505762e-05,True,200,0.9897085215035617,0.892866742342949,-6.0237514404426484e-05,2.220446049250313e-16,2.220446049250313e-16
How do within-family activation hyperparameters tune the welfare-convergence tradeoff?,hyperparameter_root_power,a,0.3,nrd,root_power,a,0.3,0.5,3,3,3,1.0,88,True,1200,0.9846596137774412,0.9069008143018872,-2.4967149273080746e-05,True,200,0.9849774427685883,0.9064961261868438,-6.0106961176309426e-05,2.220446049250313e-16,0.0
How do within-family activation hyperparameters tune the welfare-convergence tradeoff?,hyperparameter_root_power,a,0.3,nrd,root_power,a,0.3,0.5,3,3,3,1.0,89,True,1400,0.9883383755181081,0.8902483768568353,-1.9300076056272264e-05,True,300,0.9885054825949697,0.8900749593750215,-6.038119739226744e-05,1.1102230246251565e-16,2.220446049250313e-16
How do within-family activation hyperparameters tune the welfare-convergence tradeoff?,hyperparameter_root_power,a,0.3,nrd,root_power,a,0.3,0.5,3,3,3,1.0,91,True,700,0.9824681760715781,0.8728894721278485,-3.809800452825307e-05,True,100,0.9824553657400745,0.8729186905356933,-6.050860279760428e-05,1.1102230246251565e-16,1.1102230246251565e-16
How do within-family activation hyperparameters tune the welfare-convergence tradeoff?,hyperparameter_root_power,a,0.3,nrd,root_power,a,0.3,0.5,3,3,3,1.0,93,True,900,0.9765397473349888,0.8147711375347635,-3.345824348038873e-05,True,200,0.9766747057607216,0.8146035204321652,-6.093949849361735e-05,1.1102230246251565e-16,1.1102230246251565e-16
How do within-family activation hyperparameters tune the welfare-convergence tradeoff?,hyperparameter_root_power,a,0.3,nrd,root_power,a,0.3,0.5,3,3,3,1.0,92,True,2300,0.9821979713452944,0.9152191725968709,1.0765408646196128e-05,True,400,0.9828131383133591,0.9144688804836433,-6.0135960024687574e-05,1.1102230246251565e-16,1.1102230246251565e-16
How do within-family activation hyperparameters tune the welfare-convergence tradeoff?,hyperparameter_root_power,a,0.3,nrd,root_power,a,0.3,0.5,3,3,3,1.0,95,True,800,0.989822157362595,0.9381765792823806,-3.564639774861211e-05,True,100,0.9898819021103555,0.9381156187052927,-5.9967393337578834e-05,0.0,1.1102230246251565e-16
How do within-family activation hyperparameters tune the welfare-convergence tradeoff?,hyperparameter_root_power,a,0.3,nrd,root_power,a,0.3,0.5,3,3,3,1.0,94,True,1100,0.9762087139777997,0.8790356878102809,-2.7291083958380646e-05,True,200,0.9765340641293312,0.8786386338796189,-6.0344855256688756e-05,0.0,1.1102230246251565e-16
How do within-family activation hyperparameters tune the welfare-convergence tradeoff?,hyperparameter_root_power,a,0.3,nrd,root_power,a,0.3,0.5,3,3,3,1.0,96,True,1200,0.9866573001167299,0.8977408446916867,-2.44128754656181e-05,True,200,0.9865263006828743,0.8979713899292205,-6.0266692285981804e-05,0.0,1.1102230246251565e-16
How do within-family activation hyperparameters tune the welfare-convergence tradeoff?,hyperparameter_root_power,a,0.3,nrd,root_power,a,0.3,0.5,3,3,3,1.0,97,True,1400,0.9718616373164715,0.8522518980496973,-1.9065243901827955e-05,True,200,0.9721996960039595,0.8518831536158661,-6.039134553931236e-05,2.220446049250313e-16,1.1102230246251565e-16
How do within-family activation hyperparameters tune the welfare-convergence tradeoff?,hyperparameter_root_power,a,0.3,nrd,root_power,a,0.3,0.5,3,3,3,1.0,99,True,800,0.9901716963061357,0.9431189804559944,-3.5038182350899394e-05,True,100,0.9900861700080107,0.9432402230776464,-5.994417501081761e-05,1.1102230246251565e-16,2.220446049250313e-16
How do within-family activation hyperparameters tune the welfare-convergence tradeoff?,hyperparameter_root_power,a,0.3,nrd,root_power,a,0.3,0.5,3,3,3,1.0,98,True,1400,0.9850581167818431,0.9047043039393673,-1.801603880763336e-05,True,300,0.985585392161842,0.9040342311174716,-6.028422989906579e-05,2.220446049250313e-16,1.1102230246251565e-16
How do within-family activation hyperparameters tune the welfare-convergence tradeoff?,hyperparameter_root_power,a,0.4,nrd,root_power,a,0.4,0.5,3,3,3,1.0,1,True,1000,0.9828418321766117,0.8953432860503491,-2.8505287140101476e-05,True,200,0.9827873627339597,0.8954574288018365,-5.7667499187175064e-05,2.220446049250313e-16,1.1102230246251565e-16
How do within-family activation hyperparameters tune the welfare-convergence tradeoff?,hyperparameter_root_power,a,0.4,nrd,root_power,a,0.4,0.5,3,3,3,1.0,0,True,1300,0.9833123188960302,0.8381015526877847,-1.856929653071271e-05,True,300,0.983731130062943,0.8375868292174573,-5.792017802724869e-05,2.220446049250313e-16,2.220446049250313e-16
How do within-family activation hyperparameters tune the welfare-convergence tradeoff?,hyperparameter_root_power,a,0.4,nrd,root_power,a,0.4,0.5,3,3,3,1.0,2,True,1200,0.9784241980882895,0.8959460967614478,-2.2020880159290268e-05,True,200,0.9790525726070117,0.8950121761005237,-5.7581598979394855e-05,2.220446049250313e-16,2.220446049250313e-16
How do within-family activation hyperparameters tune the welfare-convergence tradeoff?,hyperparameter_root_power,a,0.4,nrd,root_power,a,0.4,0.5,3,3,3,1.0,3,True,1200,0.9927795258494386,0.9279657254292443,-2.215105821679053e-05,True,200,0.993233641989555,0.9272897659686694,-5.7443492063269375e-05,1.1102230246251565e-16,1.1102230246251565e-16
How do within-family activation hyperparameters tune the welfare-convergence tradeoff?,hyperparameter_root_power,a,0.4,nrd,root_power,a,0.4,0.5,3,3,3,1.0,4,True,1100,0.9786370028293156,0.9006939798293429,-2.4507021223918457e-05,True,200,0.9789936217235818,0.9001339070070236,-5.759663312498997e-05,2.220446049250313e-16,0.0
How do within-family activation hyperparameters tune the welfare-convergence tradeoff?,hyperparameter_root_power,a,0.4,nrd,root_power,a,0.4,0.5,3,3,3,1.0,5,True,1300,0.9771785748459894,0.8669324981999292,-1.9886275374414453e-05,True,200,0.9779945423505154,0.8658440220661127,-5.74061344491561e-05,1.1102230246251565e-16,1.1102230246251565e-16
How do within-family activation hyperparameters tune the welfare-convergence tradeoff?,hyperparameter_root_power,a,0.4,nrd,root_power,a,0.4,0.5,3,3,3,1.0,6,True,800,0.9894695846129923,0.838646448696295,-3.3132532620883115e-05,True,100,0.9893619920563895,0.8388673575720524,-5.812297360657803e-05,2.220446049250313e-16,1.1102230246251565e-16
How do within-family activation hyperparameters tune the welfare-convergence tradeoff?,hyperparameter_root_power,a,0.4,nrd,root_power,a,0.4,0.5,3,3,3,1.0,7,True,1600,0.9887797004927464,0.9106896132864097,-9.988119819337449e-06,True,300,0.9889966166970156,0.9103875895713975,-5.754625234244415e-05,1.1102230246251565e-16,0.0
How do within-family activation hyperparameters tune the welfare-convergence tradeoff?,hyperparameter_root_power,a,0.4,nrd,root_power,a,0.4,0.5,3,3,3,1.0,8,True,1100,0.9783118179477119,0.8971036556152336,-2.3396021929966704e-05,True,200,0.9783129622890069,0.8970969990591859,-5.742266590441636e-05,0.0,1.1102230246251565e-16
How do within-family activation hyperparameters tune the welfare-convergence tradeoff?,hyperparameter_root_power,a,0.4,nrd,root_power,a,0.4,0.5,3,3,3,1.0,9,True,1000,0.9804931362670358,0.8428018416358137,-3.0158053879625335e-05,True,200,0.9805489712242236,0.8428167381930375,-5.817832201460149e-05,1.1102230246251565e-16,1.1102230246251565e-16
How do within-family activation hyperparameters tune the welfare-convergence tradeoff?,hyperparameter_root_power,a,0.4,nrd,root_power,a,0.4,0.5,3,3,3,1.0,10,True,1000,0.9840195065455252,0.8923570915399884,-2.950011352642612e-05,True,100,0.9844243001976516,0.8918047174568032,-5.755402269030929e-05,2.220446049250313e-16,0.0
How do within-family activation hyperparameters tune the welfare-convergence tradeoff?,hyperparameter_root_power,a,0.4,nrd,root_power,a,0.4,0.5,3,3,3,1.0,11,True,1300,0.9698453942331047,0.8728340997469898,-2.1035163194238482e-05,True,200,0.9705109466153519,0.8718404840369303,-5.7611273557967024e-05,2.220446049250313e-16,2.220446049250313e-16
How do within-family activation hyperparameters tune the welfare-convergence tradeoff?,hyperparameter_root_power,a,0.4,nrd,root_power,a,0.4,0.5,3,3,3,1.0,12,True,1300,0.9825691302706482,0.8852020593081908,-1.7233821451134723e-05,True,300,0.9828490764762942,0.8848290486906331,-5.7596361989098455e-05,1.1102230246251565e-16,1.1102230246251565e-16
How do within-family activation hyperparameters tune the welfare-convergence tradeoff?,hyperparameter_root_power,a,0.4,nrd,root_power,a,0.4,0.5,3,3,3,1.0,14,True,600,0.9943620674325427,0.9384241212844454,-3.887059812990312e-05,True,100,0.9942115579285531,0.938679979814475,-5.732117172030371e-05,1.1102230246251565e-16,2.220446049250313e-16
How do within-family activation hyperparameters tune the welfare-convergence tradeoff?,hyperparameter_root_power,a,0.4,nrd,root_power,a,0.4,0.5,3,3,3,1.0,13,True,1600,0.9848473362967025,0.8634155827814345,-8.916946466153153e-06,True,300,0.9851487647407883,0.8629719451470247,-5.814796774961106e-05,0.0,2.220446049250313e-16
How do within-family activation hyperparameters tune the welfare-convergence tradeoff?,hyperparameter_root_power,a,0.4,nrd,root_power,a,0.4,0.5,3,3,3,1.0,15,True,1200,0.9869560685197195,0.8910409504155887,-2.3858277827859542e-05,True,200,0.9873634537048345,0.8905289028224338,-5.752460114671898e-05,1.1102230246251565e-16,1.1102230246251565e-16
How do within-family activation hyperparameters tune the welfare-convergence tradeoff?,hyperparameter_root_power,a,0.4,nrd,root_power,a,0.4,0.5,3,3,3,1.0,16,True,1100,0.9804770859646466,0.8414936192446397,-2.614696087643864e-05,True,200,0.9811252697173439,0.840535267441596,-5.833616659928209e-05,1.1102230246251565e-16,2.220446049250313e-16
How do within-family activation hyperparameters tune the welfare-convergence tradeoff?,hyperparameter_root_power,a,0.4,nrd,root_power,a,0.4,0.5,3,3,3,1.0,17,True,1000,0.9796816712196526,0.8948459493547903,-2.7052094102086865e-05,True,200,0.979678683156756,0.8949137494934011,-5.743527345847266e-05,1.1102230246251565e-16,1.1102230246251565e-16
How do within-family activation hyperparameters tune the welfare-convergence tradeoff?,hyperparameter_root_power,a,0.4,nrd,root_power,a,0.4,0.5,3,3,3,1.0,18,True,1200,0.9897747119269945,0.8879864157852563,-2.147236953442544e-05,True,200,0.9900147526231681,0.8876670425028731,-5.7892914637813764e-05,0.0,2.220446049250313e-16
How do within-family activation hyperparameters tune the welfare-convergence tradeoff?,hyperparameter_root_power,a,0.4,nrd,root_power,a,0.4,0.5,3,3,3,1.0,19,True,1000,0.9881529135694159,0.9275467931562433,-2.908290886877163e-05,True,200,0.9885358650979178,0.9270040843661308,-5.728979974434223e-05,2.220446049250313e-16,1.1102230246251565e-16
How do within-family activation hyperparameters tune the welfare-convergence tradeoff?,hyperparameter_root_power,a,0.4,nrd,root_power,a,0.4,0.5,3,3,3,1.0,20,True,2400,0.9872713929332069,0.9074664756457779,1.7726509386695177e-05,True,500,0.9874304939588886,0.9072829343639427,-5.731779558537653e-05,2.220446049250313e-16,2.220446049250313e-16
How do within-family activation hyperparameters tune the welfare-convergence tradeoff?,hyperparameter_root_power,a,0.4,nrd,root_power,a,0.4,0.5,3,3,3,1.0,21,True,1400,0.9804052392107918,0.8975164027892925,-1.350880454736858e-05,True,300,0.9804973102702019,0.8974172718284829,-5.749236556434889e-05,0.0,2.220446049250313e-16
How do within-family activation hyperparameters tune the welfare-convergence tradeoff?,hyperparameter_root_power,a,0.4,nrd,root_power,a,0.4,0.5,3,3,3,1.0,23,True,1200,0.9904131815058178,0.9428929378590732,-2.133690569805502e-05,True,200,0.9905642451363184,0.9426767575672909,-5.73652798154245e-05,1.1102230246251565e-16,1.1102230246251565e-16
How do within-family activation hyperparameters tune the welfare-convergence tradeoff?,hyperparameter_root_power,a,0.4,nrd,root_power,a,0.4,0.5,3,3,3,1.0,22,True,2700,0.9840831320394993,0.9305423254539577,2.8211557916546504e-05,True,600,0.9841910164768142,0.9304236320396172,-5.691958299347544e-05,2.220446049250313e-16,1.1102230246251565e-16
How do within-family activation hyperparameters tune the welfare-convergence tradeoff?,hyperparameter_root_power,a,0.4,nrd,root_power,a,0.4,0.5,3,3,3,1.0,24,True,1500,0.9926508235705744,0.9194031672869194,-1.3533751904659663e-05,True,300,0.9927513017454175,0.919294200006111,-5.7506597118617275e-05,1.1102230246251565e-16,0.0
How do within-family activation hyperparameters tune the welfare-convergence tradeoff?,hyperparameter_root_power,a,0.4,nrd,root_power,a,0.4,0.5,3,3,3,1.0,25,True,1400,0.96807292417377,0.8451473026442153,-1.576437774919448e-05,True,200,0.9690039620854741,0.843748849629883,-5.8131687565243784e-05,0.0,1.1102230246251565e-16
How do within-family activation hyperparameters tune the welfare-convergence tradeoff?,hyperparameter_root_power,a,0.4,nrd,root_power,a,0.4,0.5,3,3,3,1.0,26,True,1200,0.9916141743315989,0.902949860916765,-2.031466413882077e-05,True,200,0.9918646678812334,0.9025936778029383,-5.772382784791086e-05,1.1102230246251565e-16,1.1102230246251565e-16
How do within-family activation hyperparameters tune the welfare-convergence tradeoff?,hyperparameter_root_power,a,0.4,nrd,root_power,a,0.4,0.5,3,3,3,1.0,27,True,1300,0.9782704571265577,0.8898806951376628,-1.8355423369476043e-05,True,300,0.9787727419659674,0.8891718351106782,-5.7459597839759624e-05,2.220446049250313e-16,1.1102230246251565e-16
How do within-family activation hyperparameters tune the welfare-convergence tradeoff?,hyperparameter_root_power,a,0.4,nrd,root_power,a,0.4,0.5,3,3,3,1.0,28,True,2200,0.9729226324929034,0.8751330879695214,9.549542571651859e-06,True,500,0.9732081905659482,0.8747599123368207,-5.786741540453333e-05,2.220446049250313e-16,2.220446049250313e-16
How do within-family activation hyperparameters tune the welfare-convergence tradeoff?,hyperparameter_root_power,a,0.4,nrd,root_power,a,0.4,0.5,3,3,3,1.0,29,True,1400,0.974597485239839,0.8693572622422021,-1.8916087485221222e-05,True,200,0.9756604318836724,0.8678022997524434,-5.772652311131221e-05,2.220446049250313e-16,2.220446049250313e-16
How do within-family activation hyperparameters tune the welfare-convergence tradeoff?,hyperparameter_root_power,a,0.4,nrd,root_power,a,0.4,0.5,3,3,3,1.0,30,True,1100,0.9837159805672062,0.9245829350794166,-2.4338560280001698e-05,True,200,0.9842046858297285,0.9238544366959274,-5.7340538143713093e-05,1.1102230246251565e-16,0.0
How do within-family activation hyperparameters tune the welfare-convergence tradeoff?,hyperparameter_root_power,a,0.4,nrd,root_power,a,0.4,0.5,3,3,3,1.0,31,True,1600,0.9834708391810031,0.8859098684948409,-9.197814656303205e-06,True,300,0.9839406770930225,0.8852534861871618,-5.7947265719116015e-05,0.0,1.1102230246251565e-16
How do within-family activation hyperparameters tune the welfare-convergence tradeoff?,hyperparameter_root_power,a,0.4,nrd,root_power,a,0.4,0.5,3,3,3,1.0,32,True,1000,0.9856921767194248,0.9136367942991205,-2.8593745333815868e-05,True,200,0.9856654920326864,0.913671830656638,-5.747340055800576e-05,0.0,1.1102230246251565e-16
How do within-family activation hyperparameters tune the welfare-convergence tradeoff?,hyperparameter_root_power,a,0.4,nrd,root_power,a,0.4,0.5,3,3,3,1.0,33,True,1300,0.9842360705909995,0.8990497992142709,-1.73573720960718e-05,True,300,0.9839386096358319,0.8995506840725159,-5.747479630358043e-05,1.1102230246251565e-16,0.0
How do within-family activation hyperparameters tune the welfare-convergence tradeoff?,hyperparameter_root_power,a,0.4,nrd,root_power,a,0.4,0.5,3,3,3,1.0,34,True,1000,0.9812818935733263,0.8672351808895424,-3.1519728723561347e-05,True,100,0.9816243261771779,0.8668232552050225,-5.7653974509352945e-05,2.220446049250313e-16,0.0
How do within-family activation hyperparameters tune the welfare-convergence tradeoff?,hyperparameter_root_power,a,0.4,nrd,root_power,a,0.4,0.5,3,3,3,1.0,36,True,900,0.9915494333194975,0.9176071525289391,-3.0213328952533036e-05,True,200,0.9914927393315622,0.9177557660314083,-5.747004723966054e-05,0.0,2.220446049250313e-16
How do within-family activation hyperparameters tune the welfare-convergence tradeoff?,hyperparameter_root_power,a,0.4,nrd,root_power,a,0.4,0.5,3,3,3,1.0,35,True,2500,0.9770759791925434,0.817504862316274,2.0384018233510215e-05,True,600,0.9773517682839447,0.8171992559493065,-5.8237152853579666e-05,2.220446049250313e-16,2.220446049250313e-16
How do within-family activation hyperparameters tune the welfare-convergence tradeoff?,hyperparameter_root_power,a,0.4,nrd,root_power,a,0.4,0.5,3,3,3,1.0,37,True,1200,0.9674267765547329,0.8562610485135314,-2.220466401936516e-05,True,200,0.9677263462844329,0.8558952138333283,-5.7698994702481965e-05,0.0,1.1102230246251565e-16
How do within-family activation hyperparameters tune the welfare-convergence tradeoff?,hyperparameter_root_power,a,0.4,nrd,root_power,a,0.4,0.5,3,3,3,1.0,38,True,1800,0.9904684278383603,0.9361111345348702,-2.9585325002634555e-06,True,400,0.990531436008799,0.9360450673164612,-5.729083437661098e-05,1.1102230246251565e-16,1.1102230246251565e-16
How do within-family activation hyperparameters tune the welfare-convergence tradeoff?,hyperparameter_root_power,a,0.4,nrd,root_power,a,0.4,0.5,3,3,3,1.0,39,True,1100,0.9913305603382107,0.9116287678161705,-2.6353507213860983e-05,True,200,0.9916220714652676,0.9112015401299383,-5.749191478343629e-05,2.220446049250313e-16,0.0
How do within-family activation hyperparameters tune the welfare-convergence tradeoff?,hyperparameter_root_power,a,0.4,nrd,root_power,a,0.4,0.5,3,3,3,1.0,40,True,900,0.9712588549829775,0.8573494383661441,-3.043194015828199e-05,True,200,0.9710525472669406,0.8577175902914368,-5.746847244875175e-05,2.220446049250313e-16,2.220446049250313e-16
How do within-family activation hyperparameters tune the welfare-convergence tradeoff?,hyperparameter_root_power,a,0.4,nrd,root_power,a,0.4,0.5,3,3,3,1.0,41,True,900,0.994145991725083,0.9074525351943542,-3.2783308801631605e-05,True,200,0.9943088105180359,0.9072216464041211,-5.755906327931104e-05,2.220446049250313e-16,1.1102230246251565e-16
How do within-family activation hyperparameters tune the welfare-convergence tradeoff?,hyperparameter_root_power,a,0.4,nrd,root_power,a,0.4,0.5,3,3,3,1.0,42,True,900,0.9829959415527133,0.8842204592464897,-3.24074334600577e-05,True,200,0.983093018876376,0.8841370277685425,-5.780383998282845e-05,1.1102230246251565e-16,0.0
How do within-family activation hyperparameters tune the welfare-convergence tradeoff?,hyperparameter_root_power,a,0.4,nrd,root_power,a,0.4,0.5,3,3,3,1.0,43,True,1300,0.9680392306137627,0.8342522705038474,-1.984699989404648e-05,True,200,0.9685169709450892,0.8336436176057817,-5.812225823326189e-05,2.220446049250313e-16,1.1102230246251565e-16
How do within-family activation hyperparameters tune the welfare-convergence tradeoff?,hyperparameter_root_power,a,0.4,nrd,root_power,a,0.4,0.5,3,3,3,1.0,44,True,1000,0.97113848115611,0.8421186410259697,-2.949946799579717e-05,True,200,0.9717440082749639,0.8412267066025046,-5.81517510890861e-05,1.1102230246251565e-16,0.0
How do within-family activation hyperparameters tune the welfare-convergence tradeoff?,hyperparameter_root_power,a,0.4,nrd,root_power,a,0.4,0.5,3,3,3,1.0,45,True,600,0.9947056412647033,0.9702128701945342,-4.014909543437195e-05,True,100,0.9948193346257906,0.9700349799306256,-5.705745015732733e-05,1.1102230246251565e-16,2.220446049250313e-16
How do within-family activation hyperparameters tune the welfare-convergence tradeoff?,hyperparameter_root_power,a,0.4,nrd,root_power,a,0.4,0.5,3,3,3,1.0,46,True,1400,0.9866713403671511,0.8881707421185432,-1.690650057278864e-05,True,300,0.9869125428806403,0.8878973671685936,-5.766673476192974e-05,1.1102230246251565e-16,1.1102230246251565e-16
How do within-family activation hyperparameters tune the welfare-convergence tradeoff?,hyperparameter_root_power,a,0.4,nrd,root_power,a,0.4,0.5,3,3,3,1.0,47,True,1100,0.9901741554307221,0.9368537786833274,-2.4335531662256216e-05,True,200,0.9903903207506035,0.9365329487261169,-5.738494443202624e-05,1.1102230246251565e-16,0.0
How do within-family activation hyperparameters tune the welfare-convergence tradeoff?,hyperparameter_root_power,a,0.4,nrd,root_power,a,0.4,0.5,3,3,3,1.0,48,True,800,0.9875353737726734,0.9079158697624602,-3.5203141379447356e-05,True,100,0.9872174152445108,0.9084130275250247,-5.738890830797594e-05,1.1102230246251565e-16,2.220446049250313e-16
How do within-family activation hyperparameters tune the welfare-convergence tradeoff?,hyperparameter_root_power,a,0.4,nrd,root_power,a,0.4,0.5,3,3,3,1.0,49,True,1100,0.9874303765109064,0.8643347468148815,-2.5162633360498177e-05,True,200,0.9875691790437817,0.86415976817587,-5.772969498551994e-05,2.220446049250313e-16,2.220446049250313e-16
How do within-family activation hyperparameters tune the welfare-convergence tradeoff?,hyperparameter_root_power,a,0.4,nrd,root_power,a,0.4,0.5,3,3,3,1.0,50,True,1100,0.988641042008296,0.8581881449067827,-2.7585699230947558e-05,True,200,0.9887907862685461,0.8580378218931428,-5.804375848167398e-05,1.1102230246251565e-16,2.220446049250313e-16
How do within-family activation hyperparameters tune the welfare-convergence tradeoff?,hyperparameter_root_power,a,0.4,nrd,root_power,a,0.4,0.5,3,3,3,1.0,51,True,900,0.9896205699333501,0.8897453450750193,-3.0663500072136696e-05,True,100,0.9898487624666152,0.8894435894050116,-5.77909368540408e-05,1.1102230246251565e-16,1.1102230246251565e-16
How do within-family activation hyperparameters tune the welfare-convergence tradeoff?,hyperparameter_root_power,a,0.4,nrd,root_power,a,0.4,0.5,3,3,3,1.0,52,True,1600,0.9883690679463875,0.8537522151083241,-9.778573647090116e-06,True,300,0.9889003829226293,0.8531106092964338,-5.796910571287395e-05,0.0,1.1102230246251565e-16
How do within-family activation hyperparameters tune the welfare-convergence tradeoff?,hyperparameter_root_power,a,0.4,nrd,root_power,a,0.4,0.5,3,3,3,1.0,53,True,1100,0.9810501591626906,0.8941267595492025,-2.611275456460005e-05,True,200,0.9813499305460991,0.8937025533053194,-5.7758882763159214e-05,0.0,0.0
How do within-family activation hyperparameters tune the welfare-convergence tradeoff?,hyperparameter_root_power,a,0.4,nrd,root_power,a,0.4,0.5,3,3,3,1.0,54,True,1000,0.9833484717709605,0.8804837064560175,-2.8184951430754168e-05,True,200,0.9839214622061645,0.8796365504119018,-5.768979920567352e-05,2.220446049250313e-16,2.220446049250313e-16
How do within-family activation hyperparameters tune the welfare-convergence tradeoff?,hyperparameter_root_power,a,0.4,nrd,root_power,a,0.4,0.5,3,3,3,1.0,55,True,1200,0.9853915083833126,0.8792884007530487,-2.1117041295592998e-05,True,300,0.9854708890143837,0.8791850476605109,-5.7784052217235704e-05,2.220446049250313e-16,2.220446049250313e-16
How do within-family activation hyperparameters tune the welfare-convergence tradeoff?,hyperparameter_root_power,a,0.4,nrd,root_power,a,0.4,0.5,3,3,3,1.0,57,True,1100,0.9923621751949299,0.8951895479906216,-2.681117096109409e-05,True,200,0.9924973325897213,0.8950134682370235,-5.7842408225372566e-05,1.1102230246251565e-16,1.1102230246251565e-16
How do within-family activation hyperparameters tune the welfare-convergence tradeoff?,hyperparameter_root_power,a,0.4,nrd,root_power,a,0.4,0.5,3,3,3,1.0,56,True,3400,0.9921705680774368,0.9099229903530647,5.076118689317788e-05,True,800,0.9923059790203704,0.9098690981954544,-5.442688878398716e-05,2.220446049250313e-16,1.1102230246251565e-16
How do within-family activation hyperparameters tune the welfare-convergence tradeoff?,hyperparameter_root_power,a,0.4,nrd,root_power,a,0.4,0.5,3,3,3,1.0,58,True,1000,0.9789087985244087,0.8694440002569813,-2.9064877919982024e-05,True,200,0.9794934201753202,0.8685507069297116,-5.787212616942261e-05,1.1102230246251565e-16,2.220446049250313e-16
How do within-family activation hyperparameters tune the welfare-convergence tradeoff?,hyperparameter_root_power,a,0.4,nrd,root_power,a,0.4,0.5,3,3,3,1.0,59,True,1700,0.9797521540309212,0.8495741563915212,-7.426443363711677e-06,True,300,0.9803607364803467,0.8487815567157865,-5.7944112980601314e-05,1.1102230246251565e-16,0.0
How do within-family activation hyperparameters tune the welfare-convergence tradeoff?,hyperparameter_root_power,a,0.4,nrd,root_power,a,0.4,0.5,3,3,3,1.0,61,True,700,0.9862608979926886,0.9077161828430677,-3.8369844744201576e-05,True,100,0.9862146648365904,0.9078273894474286,-5.7590041387278745e-05,1.1102230246251565e-16,2.220446049250313e-16
How do within-family activation hyperparameters tune the welfare-convergence tradeoff?,hyperparameter_root_power,a,0.4,nrd,root_power,a,0.4,0.5,3,3,3,1.0,60,True,1800,0.9822109616392389,0.9083609919173009,-2.0213853682005123e-06,True,400,0.9824415398744808,0.9080952697192138,-5.76527687001227e-05,2.220446049250313e-16,2.220446049250313e-16
How do within-family activation hyperparameters tune the welfare-convergence tradeoff?,hyperparameter_root_power,a,0.4,nrd,root_power,a,0.4,0.5,3,3,3,1.0,62,True,700,0.9773065763642381,0.8854929357531404,-3.6787951180339284e-05,True,100,0.9769446209280206,0.8860674663767324,-5.782856753178134e-05,2.220446049250313e-16,2.220446049250313e-16
How do within-family activation hyperparameters tune the welfare-convergence tradeoff?,hyperparameter_root_power,a,0.4,nrd,root_power,a,0.4,0.5,3,3,3,1.0,63,True,1200,0.9934576672315658,0.9242724129168257,-2.1074316925995262e-05,True,200,0.9936175853426965,0.9240408344412953,-5.74676213897507e-05,2.220446049250313e-16,1.1102230246251565e-16
How do within-family activation hyperparameters tune the welfare-convergence tradeoff?,hyperparameter_root_power,a,0.4,nrd,root_power,a,0.4,0.5,3,3,3,1.0,64,True,900,0.9635261215650347,0.8276809676471256,-3.11954110608359e-05,True,100,0.9638612042940256,0.8271961046207554,-5.839496344256512e-05,2.220446049250313e-16,0.0
How do within-family activation hyperparameters tune the welfare-convergence tradeoff?,hyperparameter_root_power,a,0.4,nrd,root_power,a,0.4,0.5,3,3,3,1.0,65,True,1600,0.9831775358446767,0.8662941459167195,-1.0309842744138376e-05,True,300,0.9837146978084397,0.8655023991218201,-5.791929178217137e-05,2.220446049250313e-16,2.220446049250313e-16
How do within-family activation hyperparameters tune the welfare-convergence tradeoff?,hyperparameter_root_power,a,0.4,nrd,root_power,a,0.4,0.5,3,3,3,1.0,66,True,1300,0.9885649972022282,0.891304184922545,-1.697335678091383e-05,True,300,0.9887291220532594,0.8910880316904141,-5.7789143223963e-05,1.1102230246251565e-16,1.1102230246251565e-16
How do within-family activation hyperparameters tune the welfare-convergence tradeoff?,hyperparameter_root_power,a,0.4,nrd,root_power,a,0.4,0.5,3,3,3,1.0,67,True,1100,0.9846243583642342,0.8706995157002676,-2.5135414684185342e-05,True,200,0.9851659003254812,0.8699342697585966,-5.791351568024128e-05,1.1102230246251565e-16,1.1102230246251565e-16
How do within-family activation hyperparameters tune the welfare-convergence tradeoff?,hyperparameter_root_power,a,0.4,nrd,root_power,a,0.4,0.5,3,3,3,1.0,68,True,1000,0.9884084105735362,0.8845310519192487,-2.748996307688767e-05,True,200,0.9882827289053999,0.8847649868928252,-5.768597342803439e-05,0.0,2.220446049250313e-16
How do within-family activation hyperparameters tune the welfare-convergence tradeoff?,hyperparameter_root_power,a,0.4,nrd,root_power,a,0.4,0.5,3,3,3,1.0,69,True,1400,0.9855701584011963,0.9116123655786676,-1.5525833554241864e-05,True,300,0.9859720367559549,0.9110593312381536,-5.759637364960435e-05,1.1102230246251565e-16,0.0
How do within-family activation hyperparameters tune the welfare-convergence tradeoff?,hyperparameter_root_power,a,0.4,nrd,root_power,a,0.4,0.5,3,3,3,1.0,70,True,2400,0.9790229245635742,0.8913407838896767,1.676131676919823e-05,True,500,0.9789781294611777,0.8915674879659684,-5.75348754061622e-05,2.220446049250313e-16,2.220446049250313e-16
How do within-family activation hyperparameters tune the welfare-convergence tradeoff?,hyperparameter_root_power,a,0.4,nrd,root_power,a,0.4,0.5,3,3,3,1.0,71,True,1100,0.9805494577687117,0.9048678291078497,-2.700834722862977e-05,True,200,0.9808828226984271,0.9044296949840648,-5.721985831819154e-05,1.1102230246251565e-16,0.0
How do within-family activation hyperparameters tune the welfare-convergence tradeoff?,hyperparameter_root_power,a,0.4,nrd,root_power,a,0.4,0.5,3,3,3,1.0,72,True,1200,0.9778770296844559,0.8992679464226386,-2.3344732293872905e-05,True,200,0.9786966769024057,0.8980045286388627,-5.7680863994269416e-05,2.220446049250313e-16,1.1102230246251565e-16
How do within-family activation hyperparameters tune the welfare-convergence tradeoff?,hyperparameter_root_power,a,0.4,nrd,root_power,a,0.4,0.5,3,3,3,1.0,73,True,2600,0.9815608874183868,0.8842831867408788,2.2274911082587057e-05,True,600,0.9817737063156812,0.8840331232058446,-5.745558598124756e-05,0.0,2.220446049250313e-16
How do within-family activation hyperparameters tune the welfare-convergence tradeoff?,hyperparameter_root_power,a,0.4,nrd,root_power,a,0.4,0.5,3,3,3,1.0,74,True,1400,0.9899010196921443,0.8915328958846157,-1.525500705479299e-05,True,300,0.9901451695595339,0.8911968571212631,-5.7853675965058304e-05,0.0,1.1102230246251565e-16
How do within-family activation hyperparameters tune the welfare-convergence tradeoff?,hyperparameter_root_power,a,0.4,nrd,root_power,a,0.4,0.5,3,3,3,1.0,75,True,1100,0.9820076730317645,0.8549485097151165,-2.5327899248861474e-05,True,200,0.9820008593178312,0.8550484979527976,-5.8057392529953233e-05,1.1102230246251565e-16,1.1102230246251565e-16
How do within-family activation hyperparameters tune the welfare-convergence tradeoff?,hyperparameter_root_power,a,0.4,nrd,root_power,a,0.4,0.5,3,3,3,1.0,78,True,800,0.9901133979000417,0.9104285296564685,-3.548428563421302e-05,True,100,0.9902229580858342,0.9102675324622814,-5.733166540927703e-05,2.220446049250313e-16,0.0
How do within-family activation hyperparameters tune the welfare-convergence tradeoff?,hyperparameter_root_power,a,0.4,nrd,root_power,a,0.4,0.5,3,3,3,1.0,77,True,1000,0.9900110213278601,0.8847699625050286,-3.0134853257035576e-05,True,200,0.9904189806047394,0.8841557449606565,-5.7747347148917605e-05,1.1102230246251565e-16,2.220446049250313e-16
How do within-family activation hyperparameters tune the welfare-convergence tradeoff?,hyperparameter_root_power,a,0.4,nrd,root_power,a,0.4,0.5,3,3,3,1.0,76,True,1900,0.9655602301836334,0.8663369160303818,1.7306774354741705e-06,True,400,0.9652145661844036,0.8668660697551047,-5.743891738857476e-05,2.220446049250313e-16,2.220446049250313e-16
How do within-family activation hyperparameters tune the welfare-convergence tradeoff?,hyperparameter_root_power,a,0.4,nrd,root_power,a,0.4,0.5,3,3,3,1.0,80,True,1600,0.9852128249626283,0.9131563892310114,-9.412703948108447e-06,True,300,0.9855790278248552,0.9126849612586175,-5.73715392964691e-05,1.1102230246251565e-16,1.1102230246251565e-16
How do within-family activation hyperparameters tune the welfare-convergence tradeoff?,hyperparameter_root_power,a,0.4,nrd,root_power,a,0.4,0.5,3,3,3,1.0,79,True,2100,0.9712014050787439,0.837934081481697,5.100673218016993e-06,True,400,0.9719797924702539,0.8368298877451951,-5.837347395004633e-05,1.1102230246251565e-16,0.0
How do within-family activation hyperparameters tune the welfare-convergence tradeoff?,hyperparameter_root_power,a,0.4,nrd,root_power,a,0.4,0.5,3,3,3,1.0,81,True,1000,0.9755120600094086,0.8717191336229485,-2.8386070023644905e-05,True,100,0.9758240859682533,0.8712673880875722,-5.756312608101721e-05,2.220446049250313e-16,0.0
How do within-family activation hyperparameters tune the welfare-convergence tradeoff?,hyperparameter_root_power,a,0.4,nrd,root_power,a,0.4,0.5,3,3,3,1.0,82,True,1000,0.9719986117630374,0.8437297656685763,-2.9285056368621998e-05,True,200,0.9718239553522673,0.8440388033969243,-5.796384211842476e-05,2.220446049250313e-16,1.1102230246251565e-16
How do within-family activation hyperparameters tune the welfare-convergence tradeoff?,hyperparameter_root_power,a,0.4,nrd,root_power,a,0.4,0.5,3,3,3,1.0,84,True,1000,0.9907526424422606,0.950678158999259,-2.8314709848487052e-05,True,200,0.990645511317712,0.9508458878669893,-5.708320576186532e-05,1.1102230246251565e-16,1.1102230246251565e-16
How do within-family activation hyperparameters tune the welfare-convergence tradeoff?,hyperparameter_root_power,a,0.4,nrd,root_power,a,0.4,0.5,3,3,3,1.0,83,True,1200,0.9891068164493814,0.944775154977874,-2.161926343241527e-05,True,200,0.9896038014932783,0.9439950389979819,-5.7287872095135306e-05,1.1102230246251565e-16,1.1102230246251565e-16
How do within-family activation hyperparameters tune the welfare-convergence tradeoff?,hyperparameter_root_power,a,0.4,nrd,root_power,a,0.4,0.5,3,3,3,1.0,86,True,900,0.9908734989407558,0.9056335735685436,-3.114798485298609e-05,True,200,0.9910816181189561,0.9053402767881557,-5.749651941633349e-05,1.1102230246251565e-16,1.1102230246251565e-16
How do within-family activation hyperparameters tune the welfare-convergence tradeoff?,hyperparameter_root_power,a,0.4,nrd,root_power,a,0.4,0.5,3,3,3,1.0,85,True,1800,0.9923898576860488,0.8755071137650045,-1.935897701810241e-06,True,400,0.9925573207091708,0.8752765305849137,-5.7818935976672314e-05,1.1102230246251565e-16,2.220446049250313e-16
How do within-family activation hyperparameters tune the welfare-convergence tradeoff?,hyperparameter_root_power,a,0.4,nrd,root_power,a,0.4,0.5,3,3,3,1.0,87,True,1000,0.9937866206482715,0.8734854494606182,-2.8004522527713682e-05,True,200,0.9937848158724663,0.8735361957501736,-5.7934968500261697e-05,1.1102230246251565e-16,2.220446049250313e-16
How do within-family activation hyperparameters tune the welfare-convergence tradeoff?,hyperparameter_root_power,a,0.4,nrd,root_power,a,0.4,0.5,3,3,3,1.0,90,True,1000,0.9913518647525241,0.8904860144249822,-2.8916663800504505e-05,True,200,0.9913211088354593,0.8905518558813769,-5.7613430751890515e-05,1.1102230246251565e-16,1.1102230246251565e-16
How do within-family activation hyperparameters tune the welfare-convergence tradeoff?,hyperparameter_root_power,a,0.4,nrd,root_power,a,0.4,0.5,3,3,3,1.0,88,True,1200,0.98725400591648,0.9031370132941299,-2.1622287990130662e-05,True,200,0.9875742342750703,0.9026691888498335,-5.747129968769471e-05,1.1102230246251565e-16,2.220446049250313e-16
How do within-family activation hyperparameters tune the welfare-convergence tradeoff?,hyperparameter_root_power,a,0.4,nrd,root_power,a,0.4,0.5,3,3,3,1.0,89,True,1500,0.9902743824822899,0.8873582084862429,-1.354668934028247e-05,True,300,0.9904582935045424,0.8871359464296619,-5.779235452618714e-05,1.1102230246251565e-16,0.0
How do within-family activation hyperparameters tune the welfare-convergence tradeoff?,hyperparameter_root_power,a,0.4,nrd,root_power,a,0.4,0.5,3,3,3,1.0,91,True,800,0.9854557165029042,0.8684590964856654,-3.54480233425436e-05,True,100,0.9854521344845757,0.868478376173254,-5.79596185448783e-05,2.220446049250313e-16,1.1102230246251565e-16
How do within-family activation hyperparameters tune the welfare-convergence tradeoff?,hyperparameter_root_power,a,0.4,nrd,root_power,a,0.4,0.5,3,3,3,1.0,93,True,1000,0.9800606289111505,0.8098471324283754,-3.014829873926317e-05,True,200,0.9802084375074088,0.8096403088754246,-5.847058488372969e-05,1.1102230246251565e-16,1.1102230246251565e-16
How do within-family activation hyperparameters tune the welfare-convergence tradeoff?,hyperparameter_root_power,a,0.4,nrd,root_power,a,0.4,0.5,3,3,3,1.0,92,True,2500,0.9851332002706984,0.9109596707321117,1.9478716237475435e-05,True,500,0.985785713171887,0.9100487245873629,-5.750133180620898e-05,1.1102230246251565e-16,2.220446049250313e-16
How do within-family activation hyperparameters tune the welfare-convergence tradeoff?,hyperparameter_root_power,a,0.4,nrd,root_power,a,0.4,0.5,3,3,3,1.0,94,True,1200,0.980103542924196,0.8733919751562942,-2.374750859501784e-05,True,200,0.9804390322384585,0.8729254632259922,-5.7774308223568216e-05,1.1102230246251565e-16,1.1102230246251565e-16
How do within-family activation hyperparameters tune the welfare-convergence tradeoff?,hyperparameter_root_power,a,0.4,nrd,root_power,a,0.4,0.5,3,3,3,1.0,95,True,800,0.9916065219427239,0.9354971344765173,-3.297730865181592e-05,True,200,0.9916719487467452,0.9354184556526878,-5.7301038690504846e-05,1.1102230246251565e-16,2.220446049250313e-16
How do within-family activation hyperparameters tune the welfare-convergence tradeoff?,hyperparameter_root_power,a,0.4,nrd,root_power,a,0.4,0.5,3,3,3,1.0,96,True,1200,0.9889110603402992,0.8943255053621663,-2.0605175795052055e-05,True,300,0.9887988338159391,0.8945604428737816,-5.765566922782961e-05,2.220446049250313e-16,1.1102230246251565e-16
How do within-family activation hyperparameters tune the welfare-convergence tradeoff?,hyperparameter_root_power,a,0.4,nrd,root_power,a,0.4,0.5,3,3,3,1.0,97,True,1500,0.9762685615776504,0.8459489547096114,-1.4763379798887755e-05,True,200,0.9766331317011947,0.8454910895842,-5.781569505364237e-05,0.0,1.1102230246251565e-16
How do within-family activation hyperparameters tune the welfare-convergence tradeoff?,hyperparameter_root_power,a,0.4,nrd,root_power,a,0.4,0.5,3,3,3,1.0,98,True,1500,0.9874570072085954,0.9011100811611791,-1.396194381902971e-05,True,300,0.9879924176063034,0.9003335722731524,-5.769686006429353e-05,1.1102230246251565e-16,1.1102230246251565e-16
How do within-family activation hyperparameters tune the welfare-convergence tradeoff?,hyperparameter_root_power,a,0.4,nrd,root_power,a,0.4,0.5,3,3,3,1.0,99,True,800,0.9919499859342636,0.9404348743213342,-3.2399128482685224e-05,True,100,0.991874587052113,0.9405595849514051,-5.728308202451737e-05,0.0,2.220446049250313e-16
How do within-family activation hyperparameters tune the welfare-convergence tradeoff?,hyperparameter_root_power,a,0.5,nrd,root_power,a,0.5,0.5,3,3,3,1.0,1,True,1000,0.9864041060677715,0.8891135767777616,-2.5269764782898108e-05,True,200,0.9863661760282961,0.8892170863792147,-5.502974607091149e-05,2.220446049250313e-16,2.220446049250313e-16
How do within-family activation hyperparameters tune the welfare-convergence tradeoff?,hyperparameter_root_power,a,0.5,nrd,root_power,a,0.5,0.5,3,3,3,1.0,0,True,1400,0.986210981074672,0.8332774435789975,-1.3243016004083064e-05,True,300,0.9866466075420164,0.8326493876315016,-5.524826709307762e-05,1.1102230246251565e-16,1.1102230246251565e-16
How do within-family activation hyperparameters tune the welfare-convergence tradeoff?,hyperparameter_root_power,a,0.5,nrd,root_power,a,0.5,0.5,3,3,3,1.0,2,True,1300,0.9828009220053623,0.8885521971002334,-1.7603635065477352e-05,True,200,0.983429272317149,0.8874543943082532,-5.4924329221717194e-05,2.220446049250313e-16,2.220446049250313e-16
How do within-family activation hyperparameters tune the welfare-convergence tradeoff?,hyperparameter_root_power,a,0.5,nrd,root_power,a,0.5,0.5,3,3,3,1.0,3,True,1300,0.9942499709671944,0.9254600371724213,-1.777461838259331e-05,True,200,0.9946976225257755,0.9246729690674012,-5.47621243128793e-05,0.0,2.220446049250313e-16
How do within-family activation hyperparameters tune the welfare-convergence tradeoff?,hyperparameter_root_power,a,0.5,nrd,root_power,a,0.5,0.5,3,3,3,1.0,4,True,1200,0.9831126649333866,0.8930400996194909,-1.950407901846196e-05,True,200,0.9834693610630999,0.8923809147087794,-5.49655338716315e-05,0.0,1.1102230246251565e-16
How do within-family activation hyperparameters tune the welfare-convergence tradeoff?,hyperparameter_root_power,a,0.5,nrd,root_power,a,0.5,0.5,3,3,3,1.0,5,True,1500,0.9814234272214547,0.8601094620248438,-1.4546227933287526e-05,True,200,0.9822451593518071,0.8588315756475646,-5.471421550518052e-05,2.220446049250313e-16,1.1102230246251565e-16
How do within-family activation hyperparameters tune the welfare-convergence tradeoff?,hyperparameter_root_power,a,0.5,nrd,root_power,a,0.5,0.5,3,3,3,1.0,6,True,900,0.9914586155185738,0.8350189942394258,-3.0585733923060854e-05,True,100,0.9913657988332863,0.8352461112717343,-5.549021009804145e-05,2.220446049250313e-16,2.220446049250313e-16
How do within-family activation hyperparameters tune the welfare-convergence tradeoff?,hyperparameter_root_power,a,0.5,nrd,root_power,a,0.5,0.5,3,3,3,1.0,8,True,1200,0.982825851447184,0.8893951057198617,-1.9984037561260326e-05,True,200,0.9828470228198727,0.8893527227912962,-5.476183267799639e-05,2.220446049250313e-16,1.1102230246251565e-16
How do within-family activation hyperparameters tune the welfare-convergence tradeoff?,hyperparameter_root_power,a,0.5,nrd,root_power,a,0.5,0.5,3,3,3,1.0,7,True,1800,0.9911032640288359,0.9066508716448535,-1.474361428943638e-06,True,400,0.9913439814641544,0.9062532132806075,-5.489389590684901e-05,2.220446049250313e-16,2.220446049250313e-16
How do within-family activation hyperparameters tune the welfare-convergence tradeoff?,hyperparameter_root_power,a,0.5,nrd,root_power,a,0.5,0.5,3,3,3,1.0,9,True,1100,0.9841036083114227,0.8367487199527682,-2.5326784513779454e-05,True,200,0.9841839382776478,0.8367268678295735,-5.5608968676235104e-05,1.1102230246251565e-16,2.220446049250313e-16
How do within-family activation hyperparameters tune the welfare-convergence tradeoff?,hyperparameter_root_power,a,0.5,nrd,root_power,a,0.5,0.5,3,3,3,1.0,10,True,1100,0.9871834200538587,0.8869948533182456,-2.561078681989626e-05,True,200,0.9875841828912068,0.8863491290281895,-5.4885096288925794e-05,2.220446049250313e-16,2.220446049250313e-16
How do within-family activation hyperparameters tune the welfare-convergence tradeoff?,hyperparameter_root_power,a,0.5,nrd,root_power,a,0.5,0.5,3,3,3,1.0,11,True,1400,0.9758477753907009,0.8628660206407549,-1.5847262572865617e-05,True,200,0.9765301280829326,0.8616730220865776,-5.497976803242599e-05,2.220446049250313e-16,0.0
How do within-family activation hyperparameters tune the welfare-convergence tradeoff?,hyperparameter_root_power,a,0.5,nrd,root_power,a,0.5,0.5,3,3,3,1.0,12,True,1400,0.9859814912274568,0.8794283728349673,-1.3422848571753576e-05,True,300,0.9862626702299205,0.8789869960914644,-5.49359060186827e-05,2.220446049250313e-16,2.220446049250313e-16
How do within-family activation hyperparameters tune the welfare-convergence tradeoff?,hyperparameter_root_power,a,0.5,nrd,root_power,a,0.5,0.5,3,3,3,1.0,14,True,700,0.9956141889014868,0.9361472650394654,-3.630411283922497e-05,True,100,0.9954791123842306,0.9364212781285151,-5.4638060967060476e-05,1.1102230246251565e-16,1.1102230246251565e-16
How do within-family activation hyperparameters tune the welfare-convergence tradeoff?,hyperparameter_root_power,a,0.5,nrd,root_power,a,0.5,0.5,3,3,3,1.0,13,True,1800,0.9878368271819308,0.8584105900666045,-3.767682595912092e-07,True,400,0.9881655705993138,0.8578447527702434,-5.554340721158901e-05,1.1102230246251565e-16,1.1102230246251565e-16
How do within-family activation hyperparameters tune the welfare-convergence tradeoff?,hyperparameter_root_power,a,0.5,nrd,root_power,a,0.5,0.5,3,3,3,1.0,15,True,1300,0.9894352788831521,0.8869190349974777,-1.9427565142504655e-05,True,200,0.9898432599839065,0.8863181169060009,-5.4882771052588986e-05,2.220446049250313e-16,0.0
How do within-family activation hyperparameters tune the welfare-convergence tradeoff?,hyperparameter_root_power,a,0.5,nrd,root_power,a,0.5,0.5,3,3,3,1.0,16,True,1200,0.9841203255061292,0.83564215286306,-2.1567041698422607e-05,True,200,0.9847828240244509,0.8345030741318888,-5.574301734478926e-05,1.1102230246251565e-16,2.220446049250313e-16
How do within-family activation hyperparameters tune the welfare-convergence tradeoff?,hyperparameter_root_power,a,0.5,nrd,root_power,a,0.5,0.5,3,3,3,1.0,17,True,1100,0.9837607522259149,0.8879405520586129,-2.4439569859202592e-05,True,200,0.9837839938136856,0.8879742422453903,-5.4765985349702895e-05,1.1102230246251565e-16,1.1102230246251565e-16
How do within-family activation hyperparameters tune the welfare-convergence tradeoff?,hyperparameter_root_power,a,0.5,nrd,root_power,a,0.5,0.5,3,3,3,1.0,18,True,1300,0.9918862322215264,0.8843667677784378,-1.6911874806846416e-05,True,300,0.9921263591278638,0.8839925320899127,-5.5226432474242415e-05,2.220446049250313e-16,1.1102230246251565e-16
How do within-family activation hyperparameters tune the welfare-convergence tradeoff?,hyperparameter_root_power,a,0.5,nrd,root_power,a,0.5,0.5,3,3,3,1.0,19,True,1100,0.9905429846302111,0.9234324394421011,-2.5018138912979992e-05,True,200,0.9909223792747748,0.9227988637033008,-5.460569120113723e-05,1.1102230246251565e-16,2.220446049250313e-16
How do within-family activation hyperparameters tune the welfare-convergence tradeoff?,hyperparameter_root_power,a,0.5,nrd,root_power,a,0.5,0.5,3,3,3,1.0,20,True,2500,0.9897342975016907,0.9033840339575262,2.1561153443983017e-05,True,600,0.9899025684594313,0.9031557541219764,-5.45771549521068e-05,1.1102230246251565e-16,2.220446049250313e-16
How do within-family activation hyperparameters tune the welfare-convergence tradeoff?,hyperparameter_root_power,a,0.5,nrd,root_power,a,0.5,0.5,3,3,3,1.0,21,True,1500,0.9843845633500474,0.89080771353618,-9.828561273961256e-06,True,300,0.984494206351036,0.8906613741765147,-5.483365876229884e-05,2.220446049250313e-16,2.220446049250313e-16
How do within-family activation hyperparameters tune the welfare-convergence tradeoff?,hyperparameter_root_power,a,0.5,nrd,root_power,a,0.5,0.5,3,3,3,1.0,23,True,1300,0.9925010182836255,0.9392141854196175,-1.7239342856356643e-05,True,300,0.9926578834113534,0.9389478310606801,-5.469079955183753e-05,0.0,2.220446049250313e-16
How do within-family activation hyperparameters tune the welfare-convergence tradeoff?,hyperparameter_root_power,a,0.5,nrd,root_power,a,0.5,0.5,3,3,3,1.0,22,True,2900,0.987416993689414,0.924782221588173,3.376820628520072e-05,True,700,0.9875360251771693,0.9246327466072518,-5.3914666417353985e-05,1.1102230246251565e-16,0.0
How do within-family activation hyperparameters tune the welfare-convergence tradeoff?,hyperparameter_root_power,a,0.5,nrd,root_power,a,0.5,0.5,3,3,3,1.0,24,True,1500,0.9942115532061896,0.916630581317139,-8.990479728410161e-06,True,300,0.9943170497889455,0.9164913054509071,-5.4835053508228704e-05,2.220446049250313e-16,2.220446049250313e-16
How do within-family activation hyperparameters tune the welfare-convergence tradeoff?,hyperparameter_root_power,a,0.5,nrd,root_power,a,0.5,0.5,3,3,3,1.0,25,True,1600,0.9742518184695639,0.8350702332320532,-1.0369190752701485e-05,True,200,0.9752038305193108,0.8334021146573405,-5.557234157815838e-05,2.220446049250313e-16,1.1102230246251565e-16
How do within-family activation hyperparameters tune the welfare-convergence tradeoff?,hyperparameter_root_power,a,0.5,nrd,root_power,a,0.5,0.5,3,3,3,1.0,26,True,1300,0.9933573059598103,0.8999660481435959,-1.591105675602389e-05,True,200,0.9936130228547476,0.8995369837475286,-5.506692170420546e-05,0.0,0.0
How do within-family activation hyperparameters tune the welfare-convergence tradeoff?,hyperparameter_root_power,a,0.5,nrd,root_power,a,0.5,0.5,3,3,3,1.0,27,True,1400,0.9825617934563244,0.8826506076020045,-1.4568518514612716e-05,True,300,0.9830724153931955,0.881806495351082,-5.479117287982005e-05,0.0,2.220446049250313e-16
How do within-family activation hyperparameters tune the welfare-convergence tradeoff?,hyperparameter_root_power,a,0.5,nrd,root_power,a,0.5,0.5,3,3,3,1.0,28,True,2400,0.9783859950526832,0.8657630742768063,1.6710111408302364e-05,True,500,0.978695413595578,0.8652857798507668,-5.527287146078752e-05,0.0,1.1102230246251565e-16
How do within-family activation hyperparameters tune the welfare-convergence tradeoff?,hyperparameter_root_power,a,0.5,nrd,root_power,a,0.5,0.5,3,3,3,1.0,30,True,1200,0.9871342274992922,0.9187156368403054,-2.0363204259243872e-05,True,200,0.987617301312575,0.9178645731830161,-5.4675127832748416e-05,1.1102230246251565e-16,1.1102230246251565e-16
How do within-family activation hyperparameters tune the welfare-convergence tradeoff?,hyperparameter_root_power,a,0.5,nrd,root_power,a,0.5,0.5,3,3,3,1.0,29,True,1500,0.9794382889302006,0.8615550000863617,-1.3682628965783206e-05,True,300,0.9805116945703632,0.8597253112888698,-5.51029497926625e-05,1.1102230246251565e-16,1.1102230246251565e-16
How do within-family activation hyperparameters tune the welfare-convergence tradeoff?,hyperparameter_root_power,a,0.5,nrd,root_power,a,0.5,0.5,3,3,3,1.0,31,True,1700,0.9867860805572785,0.8801926263717794,-3.746178799890476e-06,True,300,0.9872753753007759,0.8793885236793976,-5.533191731582621e-05,0.0,2.220446049250313e-16
How do within-family activation hyperparameters tune the welfare-convergence tradeoff?,hyperparameter_root_power,a,0.5,nrd,root_power,a,0.5,0.5,3,3,3,1.0,32,True,1000,0.9887535415737455,0.9083116533091858,-2.530680445711475e-05,True,200,0.9887397451980746,0.9083299887208578,-5.480210803565644e-05,1.1102230246251565e-16,1.1102230246251565e-16
How do within-family activation hyperparameters tune the welfare-convergence tradeoff?,hyperparameter_root_power,a,0.5,nrd,root_power,a,0.5,0.5,3,3,3,1.0,33,True,1300,0.98749109455689,0.8934444587362825,-1.6418826133013376e-05,True,300,0.9872337375115243,0.8939603616683941,-5.480425376280795e-05,2.220446049250313e-16,2.220446049250313e-16
How do within-family activation hyperparameters tune the welfare-convergence tradeoff?,hyperparameter_root_power,a,0.5,nrd,root_power,a,0.5,0.5,3,3,3,1.0,34,True,1000,0.9847574357488023,0.8615434448915762,-2.7429829596359312e-05,True,200,0.9851091740602537,0.861044651243344,-5.49854160223906e-05,2.220446049250313e-16,1.1102230246251565e-16
How do within-family activation hyperparameters tune the welfare-convergence tradeoff?,hyperparameter_root_power,a,0.5,nrd,root_power,a,0.5,0.5,3,3,3,1.0,36,True,1000,0.9933170453095433,0.9143660035140607,-2.72134423729975e-05,True,200,0.9932727165264615,0.9145162974381617,-5.478639389533413e-05,0.0,1.1102230246251565e-16
How do within-family activation hyperparameters tune the welfare-convergence tradeoff?,hyperparameter_root_power,a,0.5,nrd,root_power,a,0.5,0.5,3,3,3,1.0,37,True,1300,0.973768170328775,0.845712027392095,-1.7796957060611795e-05,True,300,0.9740918794897532,0.8452447817521778,-5.507756012490539e-05,2.220446049250313e-16,2.220446049250313e-16
How do within-family activation hyperparameters tune the welfare-convergence tradeoff?,hyperparameter_root_power,a,0.5,nrd,root_power,a,0.5,0.5,3,3,3,1.0,35,True,2800,0.9813295569080325,0.8102442885201363,3.0204160637037347e-05,True,600,0.9816374774737581,0.8098376410597729,-5.537899781155042e-05,2.220446049250313e-16,2.220446049250313e-16
How do within-family activation hyperparameters tune the welfare-convergence tradeoff?,hyperparameter_root_power,a,0.5,nrd,root_power,a,0.5,0.5,3,3,3,1.0,38,True,2000,0.9925201249287734,0.9325203976707751,4.235772841698626e-06,True,400,0.9926007586925784,0.9324115290391023,-5.457432022237807e-05,1.1102230246251565e-16,1.1102230246251565e-16
How do within-family activation hyperparameters tune the welfare-convergence tradeoff?,hyperparameter_root_power,a,0.5,nrd,root_power,a,0.5,0.5,3,3,3,1.0,39,True,1100,0.9931175228166946,0.908520876770717,-2.2553033330596772e-05,True,200,0.9934049279893223,0.9080225395632002,-5.481039274146671e-05,1.1102230246251565e-16,2.220446049250313e-16
How do within-family activation hyperparameters tune the welfare-convergence tradeoff?,hyperparameter_root_power,a,0.5,nrd,root_power,a,0.5,0.5,3,3,3,1.0,40,True,1000,0.9766839926832698,0.8484291201575315,-2.6545963636437353e-05,True,200,0.976523124381449,0.8487807801547403,-5.47975510980514e-05,1.1102230246251565e-16,2.220446049250313e-16
How do within-family activation hyperparameters tune the welfare-convergence tradeoff?,hyperparameter_root_power,a,0.5,nrd,root_power,a,0.5,0.5,3,3,3,1.0,41,True,900,0.9953257273040259,0.9053968590104851,-2.8832289606428585e-05,True,200,0.9954864042357645,0.9051281890034661,-5.4876755566202196e-05,2.220446049250313e-16,2.220446049250313e-16
How do within-family activation hyperparameters tune the welfare-convergence tradeoff?,hyperparameter_root_power,a,0.5,nrd,root_power,a,0.5,0.5,3,3,3,1.0,42,True,900,0.9863350972081845,0.8783618725215243,-2.8559511890680067e-05,True,200,0.9864478348835231,0.8782296826378365,-5.518743986093755e-05,1.1102230246251565e-16,2.220446049250313e-16
How do within-family activation hyperparameters tune the welfare-convergence tradeoff?,hyperparameter_root_power,a,0.5,nrd,root_power,a,0.5,0.5,3,3,3,1.0,43,True,1500,0.9739915063587796,0.8245959745561877,-1.4812556404786292e-05,True,200,0.97449203328423,0.8238563469287569,-5.5552792052437905e-05,2.220446049250313e-16,2.220446049250313e-16
How do within-family activation hyperparameters tune the welfare-convergence tradeoff?,hyperparameter_root_power,a,0.5,nrd,root_power,a,0.5,0.5,3,3,3,1.0,45,True,600,0.9958784032596575,0.9681583811447979,-3.730584984740215e-05,True,100,0.995986809691526,0.9679566192704844,-5.434871146398068e-05,1.1102230246251565e-16,1.1102230246251565e-16
How do within-family activation hyperparameters tune the welfare-convergence tradeoff?,hyperparameter_root_power,a,0.5,nrd,root_power,a,0.5,0.5,3,3,3,1.0,44,True,1100,0.976728337834715,0.8327873364301527,-2.582202138307066e-05,True,200,0.9773265585608717,0.8317579427291637,-5.5566819980812365e-05,1.1102230246251565e-16,2.220446049250313e-16
How do within-family activation hyperparameters tune the welfare-convergence tradeoff?,hyperparameter_root_power,a,0.5,nrd,root_power,a,0.5,0.5,3,3,3,1.0,46,True,1400,0.9892543780326689,0.8836463184990003,-1.2521405297338806e-05,True,300,0.9895027806985872,0.8833061092574521,-5.501079654907093e-05,0.0,1.1102230246251565e-16
How do within-family activation hyperparameters tune the welfare-convergence tradeoff?,hyperparameter_root_power,a,0.5,nrd,root_power,a,0.5,0.5,3,3,3,1.0,47,True,1200,0.9922765757049343,0.9332119088474932,-2.012753079166929e-05,True,200,0.9924906180477933,0.9328357653606445,-5.4700990634704016e-05,2.220446049250313e-16,1.1102230246251565e-16
How do within-family activation hyperparameters tune the welfare-convergence tradeoff?,hyperparameter_root_power,a,0.5,nrd,root_power,a,0.5,0.5,3,3,3,1.0,48,True,800,0.990112615654511,0.9034900143378417,-3.3032442920910565e-05,True,100,0.9898276714829046,0.9040144110489722,-5.470334100354801e-05,1.1102230246251565e-16,2.220446049250313e-16
How do within-family activation hyperparameters tune the welfare-convergence tradeoff?,hyperparameter_root_power,a,0.5,nrd,root_power,a,0.5,0.5,3,3,3,1.0,49,True,1300,0.9899185172660683,0.8600758375659844,-1.898229979019339e-05,True,300,0.9900788311422731,0.8598329875914025,-5.50799387525891e-05,1.1102230246251565e-16,1.1102230246251565e-16
How do within-family activation hyperparameters tune the welfare-convergence tradeoff?,hyperparameter_root_power,a,0.5,nrd,root_power,a,0.5,0.5,3,3,3,1.0,50,True,1100,0.9907863245230067,0.8543290633706544,-2.3793380759751237e-05,True,200,0.9909461264599496,0.8541302880787107,-5.540419554150855e-05,1.1102230246251565e-16,2.220446049250313e-16
How do within-family activation hyperparameters tune the welfare-convergence tradeoff?,hyperparameter_root_power,a,0.5,nrd,root_power,a,0.5,0.5,3,3,3,1.0,51,True,1000,0.9916645560406491,0.8860614918682987,-2.7316561615309265e-05,True,200,0.9918892656125843,0.8857093619669524,-5.515524614863043e-05,1.1102230246251565e-16,0.0
How do within-family activation hyperparameters tune the welfare-convergence tradeoff?,hyperparameter_root_power,a,0.5,nrd,root_power,a,0.5,0.5,3,3,3,1.0,53,True,1200,0.9849513788318293,0.8873589808470994,-2.115312519612722e-05,True,200,0.9852737824884226,0.8868170454012364,-5.5140885955207164e-05,1.1102230246251565e-16,2.220446049250313e-16
How do within-family activation hyperparameters tune the welfare-convergence tradeoff?,hyperparameter_root_power,a,0.5,nrd,root_power,a,0.5,0.5,3,3,3,1.0,52,True,1800,0.9904951448164274,0.8501596810425752,-2.5095549609499557e-06,True,400,0.9910516506771763,0.849375188178897,-5.531916536577475e-05,2.220446049250313e-16,2.220446049250313e-16
How do within-family activation hyperparameters tune the welfare-convergence tradeoff?,hyperparameter_root_power,a,0.5,nrd,root_power,a,0.5,0.5,3,3,3,1.0,54,True,1100,0.9866689203897602,0.874998329907824,-2.3797829916405444e-05,True,200,0.9872409592486818,0.8740060954667213,-5.5038523769423975e-05,1.1102230246251565e-16,0.0
How do within-family activation hyperparameters tune the welfare-convergence tradeoff?,hyperparameter_root_power,a,0.5,nrd,root_power,a,0.5,0.5,3,3,3,1.0,55,True,1300,0.9883940837834074,0.874110596826906,-1.5933837102632964e-05,True,300,0.9884875984835984,0.8739606392879732,-5.5152227385668606e-05,0.0,2.220446049250313e-16
How do within-family activation hyperparameters tune the welfare-convergence tradeoff?,hyperparameter_root_power,a,0.5,nrd,root_power,a,0.5,0.5,3,3,3,1.0,57,True,1100,0.9939578789621353,0.8924003254872043,-2.3507034953851313e-05,True,200,0.9940937109141488,0.8921922507623495,-5.517874908017584e-05,2.220446049250313e-16,2.220446049250313e-16
How do within-family activation hyperparameters tune the welfare-convergence tradeoff?,hyperparameter_root_power,a,0.5,nrd,root_power,a,0.5,0.5,3,3,3,1.0,56,True,3700,0.9937602175343124,0.9070461287847857,6.119048747388334e-05,True,900,0.9939149881995257,0.9069579876311061,-4.901830587000777e-05,1.1102230246251565e-16,2.220446049250313e-16
How do within-family activation hyperparameters tune the welfare-convergence tradeoff?,hyperparameter_root_power,a,0.5,nrd,root_power,a,0.5,0.5,3,3,3,1.0,58,True,1100,0.9832152219546223,0.8622365421820715,-2.5089539013312123e-05,True,200,0.9837887241708778,0.8612078694671313,-5.526125657123737e-05,2.220446049250313e-16,0.0
How do within-family activation hyperparameters tune the welfare-convergence tradeoff?,hyperparameter_root_power,a,0.5,nrd,root_power,a,0.5,0.5,3,3,3,1.0,60,True,2000,0.9859163137796629,0.901889215356036,4.9953669876701134e-06,True,400,0.9861727886750004,0.901527769045642,-5.5045366699646436e-05,1.1102230246251565e-16,2.220446049250313e-16
How do within-family activation hyperparameters tune the welfare-convergence tradeoff?,hyperparameter_root_power,a,0.5,nrd,root_power,a,0.5,0.5,3,3,3,1.0,61,True,700,0.9890056255421696,0.9028866057974502,-3.5404584537490624e-05,True,100,0.9889707796940321,0.9029943901895446,-5.491684291286658e-05,1.1102230246251565e-16,1.1102230246251565e-16
How do within-family activation hyperparameters tune the welfare-convergence tradeoff?,hyperparameter_root_power,a,0.5,nrd,root_power,a,0.5,0.5,3,3,3,1.0,59,True,1900,0.9835813049967899,0.8433014021098205,-8.725263878073264e-07,True,400,0.984204941018743,0.8423619653214202,-5.53135253469339e-05,0.0,2.220446049250313e-16
How do within-family activation hyperparameters tune the welfare-convergence tradeoff?,hyperparameter_root_power,a,0.5,nrd,root_power,a,0.5,0.5,3,3,3,1.0,62,True,700,0.9820562468370846,0.8773272886445369,-3.445036492832898e-05,True,100,0.9817339679541001,0.8779291618659917,-5.523911689925276e-05,2.220446049250313e-16,0.0
How do within-family activation hyperparameters tune the welfare-convergence tradeoff?,hyperparameter_root_power,a,0.5,nrd,root_power,a,0.5,0.5,3,3,3,1.0,63,True,1300,0.9948477926074482,0.9218791760505366,-1.7480824422100305e-05,True,200,0.9950049970704703,0.9216130260529066,-5.4779082545919344e-05,0.0,1.1102230246251565e-16
How do within-family activation hyperparameters tune the welfare-convergence tradeoff?,hyperparameter_root_power,a,0.5,nrd,root_power,a,0.5,0.5,3,3,3,1.0,64,True,1000,0.9705299599974185,0.816112413754475,-2.777686752408748e-05,True,200,0.9708891018291774,0.8155046786917356,-5.588976183057426e-05,1.1102230246251565e-16,1.1102230246251565e-16
How do within-family activation hyperparameters tune the welfare-convergence tradeoff?,hyperparameter_root_power,a,0.5,nrd,root_power,a,0.5,0.5,3,3,3,1.0,67,True,1200,0.9876406387865817,0.8657056049153941,-2.135835145938847e-05,True,200,0.9881731911579893,0.8648289926523333,-5.5282430921288483e-05,2.220446049250313e-16,1.1102230246251565e-16
How do within-family activation hyperparameters tune the welfare-convergence tradeoff?,hyperparameter_root_power,a,0.5,nrd,root_power,a,0.5,0.5,3,3,3,1.0,65,True,1700,0.9864980946233916,0.8607521440721277,-4.916956432676756e-06,True,300,0.9870456400382841,0.8598085095666356,-5.529843289420189e-05,1.1102230246251565e-16,2.220446049250313e-16
How do within-family activation hyperparameters tune the welfare-convergence tradeoff?,hyperparameter_root_power,a,0.5,nrd,root_power,a,0.5,0.5,3,3,3,1.0,66,True,1500,0.9909079327846954,0.8871833376094896,-1.1773823242688941e-05,True,300,0.9910832983602487,0.8869081677672884,-5.5144184507305294e-05,0.0,0.0
How do within-family activation hyperparameters tune the welfare-convergence tradeoff?,hyperparameter_root_power,a,0.5,nrd,root_power,a,0.5,0.5,3,3,3,1.0,68,True,1000,0.9908149838134551,0.8802799872087755,-2.4333222616912398e-05,True,200,0.9907094615231703,0.8805183162883053,-5.503042911536582e-05,0.0,0.0
How do within-family activation hyperparameters tune the welfare-convergence tradeoff?,hyperparameter_root_power,a,0.5,nrd,root_power,a,0.5,0.5,3,3,3,1.0,69,True,1600,0.9885074632163687,0.9064848402271313,-7.993702740183295e-06,True,300,0.988915752335705,0.905818743725824,-5.495574158798089e-05,1.1102230246251565e-16,1.1102230246251565e-16
How do within-family activation hyperparameters tune the welfare-convergence tradeoff?,hyperparameter_root_power,a,0.5,nrd,root_power,a,0.5,0.5,3,3,3,1.0,70,True,2700,0.983230702547632,0.8839866564341256,2.752796517357936e-05,True,600,0.9832388805310094,0.8841624369886306,-5.487871298481828e-05,2.220446049250313e-16,0.0
How do within-family activation hyperparameters tune the welfare-convergence tradeoff?,hyperparameter_root_power,a,0.5,nrd,root_power,a,0.5,0.5,3,3,3,1.0,71,True,1100,0.984423982723262,0.898393580903722,-2.2919526328657458e-05,True,200,0.984769136147152,0.8978578738850347,-5.452453162602122e-05,0.0,1.1102230246251565e-16
How do within-family activation hyperparameters tune the welfare-convergence tradeoff?,hyperparameter_root_power,a,0.5,nrd,root_power,a,0.5,0.5,3,3,3,1.0,72,True,1300,0.9823558656428584,0.89176657953236,-1.7987620636372714e-05,True,200,0.9831839458478063,0.8902661601390389,-5.506018366974175e-05,0.0,2.220446049250313e-16
How do within-family activation hyperparameters tune the welfare-convergence tradeoff?,hyperparameter_root_power,a,0.5,nrd,root_power,a,0.5,0.5,3,3,3,1.0,74,True,1600,0.9919345850738454,0.8880130738340856,-7.392956381691018e-06,True,300,0.992196066781368,0.8875835257942818,-5.522195701557209e-05,1.1102230246251565e-16,1.1102230246251565e-16
How do within-family activation hyperparameters tune the welfare-convergence tradeoff?,hyperparameter_root_power,a,0.5,nrd,root_power,a,0.5,0.5,3,3,3,1.0,73,True,2800,0.9851854828019369,0.8782486382204864,3.0072712677964297e-05,True,600,0.985414090375315,0.8779392924624064,-5.4780279253763275e-05,2.220446049250313e-16,1.1102230246251565e-16
How do within-family activation hyperparameters tune the welfare-convergence tradeoff?,hyperparameter_root_power,a,0.5,nrd,root_power,a,0.5,0.5,3,3,3,1.0,75,True,1200,0.9852701839148839,0.8490485775217417,-2.195785300856956e-05,True,200,0.9852759766202013,0.849129859457111,-5.54314934307909e-05,1.1102230246251565e-16,2.220446049250313e-16
How do within-family activation hyperparameters tune the welfare-convergence tradeoff?,hyperparameter_root_power,a,0.5,nrd,root_power,a,0.5,0.5,3,3,3,1.0,78,True,800,0.992186703539302,0.9068574170611446,-3.2578457915044545e-05,True,100,0.9922953196042836,0.9066671226814412,-5.47285064259051e-05,1.1102230246251565e-16,2.220446049250313e-16
How do within-family activation hyperparameters tune the welfare-convergence tradeoff?,hyperparameter_root_power,a,0.5,nrd,root_power,a,0.5,0.5,3,3,3,1.0,77,True,1000,0.9920158008056135,0.8813439280135779,-2.6060396217164605e-05,True,200,0.9924137211454812,0.880636445492775,-5.510404039482664e-05,1.1102230246251565e-16,1.1102230246251565e-16
How do within-family activation hyperparameters tune the welfare-convergence tradeoff?,hyperparameter_root_power,a,0.5,nrd,root_power,a,0.5,0.5,3,3,3,1.0,76,True,2000,0.9722279187166827,0.855242977960617,6.072599375850363e-06,True,400,0.9719340345907761,0.8557738387090903,-5.478057327040764e-05,1.1102230246251565e-16,2.220446049250313e-16
How do within-family activation hyperparameters tune the welfare-convergence tradeoff?,hyperparameter_root_power,a,0.5,nrd,root_power,a,0.5,0.5,3,3,3,1.0,79,True,2200,0.9767008200158943,0.828966012866565,1.2282932350504705e-05,True,500,0.9774932439052669,0.8276551644670779,-5.583646836876399e-05,2.220446049250313e-16,1.1102230246251565e-16
How do within-family activation hyperparameters tune the welfare-convergence tradeoff?,hyperparameter_root_power,a,0.5,nrd,root_power,a,0.5,0.5,3,3,3,1.0,80,True,1800,0.9882022573081448,0.908102792477227,-1.944605431070112e-06,True,300,0.9885950039156528,0.9075023538412212,-5.46943169218439e-05,2.220446049250313e-16,2.220446049250313e-16
How do within-family activation hyperparameters tune the welfare-convergence tradeoff?,hyperparameter_root_power,a,0.5,nrd,root_power,a,0.5,0.5,3,3,3,1.0,81,True,1100,0.980459839258316,0.8633904983974069,-2.485756685655094e-05,True,100,0.9807781783427217,0.8628482985029692,-5.49237162432159e-05,2.220446049250313e-16,1.1102230246251565e-16
How do within-family activation hyperparameters tune the welfare-convergence tradeoff?,hyperparameter_root_power,a,0.5,nrd,root_power,a,0.5,0.5,3,3,3,1.0,82,True,1000,0.9775920659378569,0.8341969500016777,-2.6843205518989333e-05,True,200,0.9774443078679316,0.8345082224169014,-5.5358709774966375e-05,2.220446049250313e-16,1.1102230246251565e-16
How do within-family activation hyperparameters tune the welfare-convergence tradeoff?,hyperparameter_root_power,a,0.5,nrd,root_power,a,0.5,0.5,3,3,3,1.0,84,True,1000,0.9927743538907389,0.94710744580305,-2.548337791602462e-05,True,200,0.9926808445367004,0.9472832969984587,-5.437866685548132e-05,0.0,2.220446049250313e-16
How do within-family activation hyperparameters tune the welfare-convergence tradeoff?,hyperparameter_root_power,a,0.5,nrd,root_power,a,0.5,0.5,3,3,3,1.0,83,True,1300,0.9914204834460131,0.9408276292852026,-1.6311336899998974e-05,True,300,0.991909105271047,0.9399196639232192,-5.459715325456527e-05,2.220446049250313e-16,1.1102230246251565e-16
How do within-family activation hyperparameters tune the welfare-convergence tradeoff?,hyperparameter_root_power,a,0.5,nrd,root_power,a,0.5,0.5,3,3,3,1.0,86,True,1000,0.9927429157645102,0.9024684801303179,-2.7590852422099132e-05,True,200,0.9929494740016435,0.9021271339997522,-5.481791847694595e-05,2.220446049250313e-16,0.0
How do within-family activation hyperparameters tune the welfare-convergence tradeoff?,hyperparameter_root_power,a,0.5,nrd,root_power,a,0.5,0.5,3,3,3,1.0,85,True,2000,0.9938847710551265,0.8728573430149632,4.917972927342973e-06,True,400,0.9940631122037419,0.8725693507361444,-5.51588761191768e-05,2.220446049250313e-16,0.0
How do within-family activation hyperparameters tune the welfare-convergence tradeoff?,hyperparameter_root_power,a,0.5,nrd,root_power,a,0.5,0.5,3,3,3,1.0,87,True,1000,0.9949458748216288,0.8714196755549487,-2.5101148131090323e-05,True,200,0.9949527419241044,0.8714617042316046,-5.5281163208353856e-05,2.220446049250313e-16,1.1102230246251565e-16
How do within-family activation hyperparameters tune the welfare-convergence tradeoff?,hyperparameter_root_power,a,0.5,nrd,root_power,a,0.5,0.5,3,3,3,1.0,88,True,1300,0.9898701428348793,0.8987190963122411,-1.8003152544521228e-05,True,200,0.9901891993348098,0.8981703465271892,-5.478574532619129e-05,0.0,0.0
How do within-family activation hyperparameters tune the welfare-convergence tradeoff?,hyperparameter_root_power,a,0.5,nrd,root_power,a,0.5,0.5,3,3,3,1.0,89,True,1600,0.9922395968714552,0.8839496585415297,-6.4499608861123825e-06,True,300,0.9924416956375623,0.8836584029545017,-5.514261017230959e-05,1.1102230246251565e-16,1.1102230246251565e-16
How do within-family activation hyperparameters tune the welfare-convergence tradeoff?,hyperparameter_root_power,a,0.5,nrd,root_power,a,0.5,0.5,3,3,3,1.0,90,True,1000,0.9930209883473607,0.8877166879832977,-2.5657830414693716e-05,True,200,0.9930040994237618,0.8877683927023735,-5.494498099156697e-05,1.1102230246251565e-16,0.0
How do within-family activation hyperparameters tune the welfare-convergence tradeoff?,hyperparameter_root_power,a,0.5,nrd,root_power,a,0.5,0.5,3,3,3,1.0,91,True,800,0.9884795187841822,0.8632497477983248,-3.265157846388256e-05,True,100,0.9884855109275498,0.8632553241065825,-5.534868693074513e-05,2.220446049250313e-16,2.220446049250313e-16
How do within-family activation hyperparameters tune the welfare-convergence tradeoff?,hyperparameter_root_power,a,0.5,nrd,root_power,a,0.5,0.5,3,3,3,1.0,93,True,1000,0.9837408990525287,0.8039721254498104,-2.633248094408014e-05,True,200,0.9839018158549857,0.8037116916027016,-5.5899250345825546e-05,1.1102230246251565e-16,2.220446049250313e-16
How do within-family activation hyperparameters tune the welfare-convergence tradeoff?,hyperparameter_root_power,a,0.5,nrd,root_power,a,0.5,0.5,3,3,3,1.0,92,True,2800,0.9880840242179667,0.905990088078032,3.0605062635691294e-05,True,600,0.9887764202517362,0.9048599980059104,-5.482870026379816e-05,1.1102230246251565e-16,2.220446049250313e-16
How do within-family activation hyperparameters tune the welfare-convergence tradeoff?,hyperparameter_root_power,a,0.5,nrd,root_power,a,0.5,0.5,3,3,3,1.0,94,True,1200,0.9840666055262091,0.8667560002504512,-1.9671540328891624e-05,True,200,0.9844107553029522,0.8661966383092835,-5.512813931923821e-05,0.0,0.0
How do within-family activation hyperparameters tune the welfare-convergence tradeoff?,hyperparameter_root_power,a,0.5,nrd,root_power,a,0.5,0.5,3,3,3,1.0,95,True,800,0.9933945527637112,0.9323536689911974,-3.0234879231816336e-05,True,200,0.9934647421498367,0.9322522180044132,-5.460839829302122e-05,1.1102230246251565e-16,2.220446049250313e-16
How do within-family activation hyperparameters tune the welfare-convergence tradeoff?,hyperparameter_root_power,a,0.5,nrd,root_power,a,0.5,0.5,3,3,3,1.0,96,True,1300,0.9911975580616286,0.8902905498022378,-1.6345416667062906e-05,True,300,0.9911059085401824,0.8905290952522593,-5.498009179411012e-05,0.0,2.220446049250313e-16
How do within-family activation hyperparameters tune the welfare-convergence tradeoff?,hyperparameter_root_power,a,0.5,nrd,root_power,a,0.5,0.5,3,3,3,1.0,97,True,1600,0.9807884243750055,0.8385035434083501,-9.601378852364117e-06,True,200,0.9811806250728482,0.8379225657969421,-5.5154395006862256e-05,2.220446049250313e-16,0.0
How do within-family activation hyperparameters tune the welfare-convergence tradeoff?,hyperparameter_root_power,a,0.5,nrd,root_power,a,0.5,0.5,3,3,3,1.0,98,True,1600,0.9899084900734112,0.8968563511947284,-9.232061987052287e-06,True,300,0.9904484815702916,0.8959397429338796,-5.503994677857893e-05,2.220446049250313e-16,1.1102230246251565e-16
How do within-family activation hyperparameters tune the welfare-convergence tradeoff?,hyperparameter_root_power,a,0.5,nrd,root_power,a,0.5,0.5,3,3,3,1.0,99,True,900,0.9937177097334362,0.937300089202937,-2.9667397565991127e-05,True,100,0.9936533051554896,0.9374285011067665,-5.459268119972771e-05,1.1102230246251565e-16,1.1102230246251565e-16
How do within-family activation hyperparameters tune the welfare-convergence tradeoff?,hyperparameter_root_power,a,0.6,nrd,root_power,a,0.6,0.5,3,3,3,1.0,1,True,1100,0.9899395255360963,0.8816904737569594,-2.1756273552164807e-05,True,200,0.9899188775184284,0.8817777336623355,-5.233517635105933e-05,1.1102230246251565e-16,1.1102230246251565e-16
How do within-family activation hyperparameters tune the welfare-convergence tradeoff?,hyperparameter_root_power,a,0.6,nrd,root_power,a,0.6,0.5,3,3,3,1.0,0,True,1600,0.9892400684040601,0.8273507442812386,-5.761234107115598e-06,True,300,0.9896934281551866,0.8265571768350274,-5.253208203748194e-05,1.1102230246251565e-16,0.0
How do within-family activation hyperparameters tune the welfare-convergence tradeoff?,hyperparameter_root_power,a,0.6,nrd,root_power,a,0.6,0.5,3,3,3,1.0,2,True,1400,0.9871352520416017,0.8798051064108338,-1.2364285451427204e-05,True,200,0.9877548488197766,0.8784857114579997,-5.2262819627113544e-05,2.220446049250313e-16,2.220446049250313e-16
How do within-family activation hyperparameters tune the welfare-convergence tradeoff?,hyperparameter_root_power,a,0.6,nrd,root_power,a,0.6,0.5,3,3,3,1.0,3,True,1400,0.9957004328537391,0.9224991261192433,-1.2747829817194578e-05,True,300,0.9961341151889989,0.9215648167634226,-5.204759111487878e-05,0.0,2.220446049250313e-16
How do within-family activation hyperparameters tune the welfare-convergence tradeoff?,hyperparameter_root_power,a,0.6,nrd,root_power,a,0.6,0.5,3,3,3,1.0,4,True,1300,0.9875093365763425,0.8840201850965487,-1.3726804882374655e-05,True,300,0.9878599049438658,0.8832299828759723,-5.228977941890145e-05,2.220446049250313e-16,2.220446049250313e-16
How do within-family activation hyperparameters tune the welfare-convergence tradeoff?,hyperparameter_root_power,a,0.6,nrd,root_power,a,0.6,0.5,3,3,3,1.0,5,True,1600,0.9857337274646762,0.8518885575673932,-7.430055889379172e-06,True,300,0.9865551158533513,0.8503448750236334,-5.199335645400538e-05,1.1102230246251565e-16,1.1102230246251565e-16
How do within-family activation hyperparameters tune the welfare-convergence tradeoff?,hyperparameter_root_power,a,0.6,nrd,root_power,a,0.6,0.5,3,3,3,1.0,6,True,900,0.9935176046627547,0.8305739684687383,-2.7840728572758877e-05,True,100,0.9934406510847323,0.8308086041925536,-5.276430326489612e-05,0.0,0.0
How do within-family activation hyperparameters tune the welfare-convergence tradeoff?,hyperparameter_root_power,a,0.6,nrd,root_power,a,0.6,0.5,3,3,3,1.0,7,True,2100,0.9933900527809207,0.9018813136269558,9.92642799324539e-06,True,500,0.9936582205538835,0.9013387723890243,-5.219396953837219e-05,0.0,0.0
How do within-family activation hyperparameters tune the welfare-convergence tradeoff?,hyperparameter_root_power,a,0.6,nrd,root_power,a,0.6,0.5,3,3,3,1.0,8,True,1200,0.987283627130302,0.8802591218457109,-1.6191253863651056e-05,True,200,0.9873234349968302,0.8801690590939915,-5.2066543116902064e-05,1.1102230246251565e-16,0.0
How do within-family activation hyperparameters tune the welfare-convergence tradeoff?,hyperparameter_root_power,a,0.6,nrd,root_power,a,0.6,0.5,3,3,3,1.0,9,True,1200,0.987827870305773,0.8293688185958196,-1.912117280306047e-05,True,300,0.9879358266916849,0.8292885279899599,-5.2909281449353696e-05,1.1102230246251565e-16,1.1102230246251565e-16
How do within-family activation hyperparameters tune the welfare-convergence tradeoff?,hyperparameter_root_power,a,0.6,nrd,root_power,a,0.6,0.5,3,3,3,1.0,10,True,1100,0.9903545101413224,0.8805535779986199,-2.1130324456719585e-05,True,200,0.9907447104794106,0.8797829650266106,-5.217712678501352e-05,1.1102230246251565e-16,1.1102230246251565e-16
How do within-family activation hyperparameters tune the welfare-convergence tradeoff?,hyperparameter_root_power,a,0.6,nrd,root_power,a,0.6,0.5,3,3,3,1.0,11,True,1500,0.9818136099669695,0.8510736050901668,-9.478094091963651e-06,True,200,0.9825071348199212,0.8496035233527062,-5.2300689693141056e-05,1.1102230246251565e-16,0.0
How do within-family activation hyperparameters tune the welfare-convergence tradeoff?,hyperparameter_root_power,a,0.6,nrd,root_power,a,0.6,0.5,3,3,3,1.0,12,True,1500,0.9894192661359436,0.8724712875505546,-9.275150065213289e-06,True,300,0.9896964625436981,0.8719404473665006,-5.222283361155933e-05,1.1102230246251565e-16,2.220446049250313e-16
How do within-family activation hyperparameters tune the welfare-convergence tradeoff?,hyperparameter_root_power,a,0.6,nrd,root_power,a,0.6,0.5,3,3,3,1.0,14,True,700,0.9968341379190063,0.9334519023730886,-3.3636787622803865e-05,True,100,0.9967172770267482,0.9337470995348087,-5.191727127068502e-05,1.1102230246251565e-16,1.1102230246251565e-16
How do within-family activation hyperparameters tune the welfare-convergence tradeoff?,hyperparameter_root_power,a,0.6,nrd,root_power,a,0.6,0.5,3,3,3,1.0,13,True,2100,0.9908366940275523,0.8524345957584792,1.1141616187537728e-05,True,500,0.991197821468268,0.8516844725997789,-5.2846561214403565e-05,1.1102230246251565e-16,2.220446049250313e-16
How do within-family activation hyperparameters tune the welfare-convergence tradeoff?,hyperparameter_root_power,a,0.6,nrd,root_power,a,0.6,0.5,3,3,3,1.0,15,True,1400,0.9919465743016991,0.8819348435668483,-1.397590087809375e-05,True,200,0.9923516947739002,0.8812081453069255,-5.2125955975701466e-05,0.0,1.1102230246251565e-16
How do within-family activation hyperparameters tune the welfare-convergence tradeoff?,hyperparameter_root_power,a,0.6,nrd,root_power,a,0.6,0.5,3,3,3,1.0,16,True,1300,0.9878414337893286,0.8285984208338117,-1.5366442593423013e-05,True,300,0.9885153826466635,0.827202550542146,-5.304248109677667e-05,2.220446049250313e-16,2.220446049250313e-16
How do within-family activation hyperparameters tune the welfare-convergence tradeoff?,hyperparameter_root_power,a,0.6,nrd,root_power,a,0.6,0.5,3,3,3,1.0,17,True,1100,0.9878325282304965,0.8796789284589713,-2.157781725364849e-05,True,200,0.9878801037724293,0.8796664695048554,-5.20566403476308e-05,1.1102230246251565e-16,0.0
How do within-family activation hyperparameters tune the welfare-convergence tradeoff?,hyperparameter_root_power,a,0.6,nrd,root_power,a,0.6,0.5,3,3,3,1.0,18,True,1400,0.9939822830934281,0.8800598993996944,-1.1539957881889773e-05,True,300,0.9942178661867079,0.8796133675549237,-5.2552357432733565e-05,0.0,0.0
How do within-family activation hyperparameters tune the welfare-convergence tradeoff?,hyperparameter_root_power,a,0.6,nrd,root_power,a,0.6,0.5,3,3,3,1.0,19,True,1200,0.9929176849120769,0.9185230944320327,-2.030123251817173e-05,True,200,0.9932885893781761,0.9177656479633546,-5.188566403646622e-05,0.0,1.1102230246251565e-16
How do within-family activation hyperparameters tune the welfare-convergence tradeoff?,hyperparameter_root_power,a,0.6,nrd,root_power,a,0.6,0.5,3,3,3,1.0,21,True,1600,0.9883372115218167,0.882811027059356,-5.881332389490179e-06,True,300,0.9884638210566014,0.882598027639025,-5.2126456762557893e-05,2.220446049250313e-16,1.1102230246251565e-16
How do within-family activation hyperparameters tune the welfare-convergence tradeoff?,hyperparameter_root_power,a,0.6,nrd,root_power,a,0.6,0.5,3,3,3,1.0,20,True,2600,0.9922189753963898,0.8984279100143172,2.565181195096633e-05,True,600,0.9923941728348744,0.8981411336363759,-5.1749910326970294e-05,1.1102230246251565e-16,2.220446049250313e-16
How do within-family activation hyperparameters tune the welfare-convergence tradeoff?,hyperparameter_root_power,a,0.6,nrd,root_power,a,0.6,0.5,3,3,3,1.0,23,True,1300,0.9945288818342713,0.934894066055903,-1.2726039814725532e-05,True,300,0.9946883638717723,0.9345621324304002,-5.1980535839046826e-05,1.1102230246251565e-16,2.220446049250313e-16
How do within-family activation hyperparameters tune the welfare-convergence tradeoff?,hyperparameter_root_power,a,0.6,nrd,root_power,a,0.6,0.5,3,3,3,1.0,22,True,3000,0.9906916523413696,0.9179415610711716,3.995689252461743e-05,True,700,0.9908201802846087,0.917754678658017,-5.0624592537018565e-05,2.220446049250313e-16,2.220446049250313e-16
How do within-family activation hyperparameters tune the welfare-convergence tradeoff?,hyperparameter_root_power,a,0.6,nrd,root_power,a,0.6,0.5,3,3,3,1.0,24,True,1600,0.9957468110004494,0.9133383380921547,-3.823042410922017e-06,True,400,0.9958557101948409,0.9131579257401995,-5.212040845575805e-05,2.220446049250313e-16,1.1102230246251565e-16
How do within-family activation hyperparameters tune the welfare-convergence tradeoff?,hyperparameter_root_power,a,0.6,nrd,root_power,a,0.6,0.5,3,3,3,1.0,25,True,1700,0.9804437513033268,0.8231265522955559,-3.636800600392842e-06,True,300,0.9814155234270929,0.8210697911964534,-5.2931547573908944e-05,1.1102230246251565e-16,2.220446049250313e-16
How do within-family activation hyperparameters tune the welfare-convergence tradeoff?,hyperparameter_root_power,a,0.6,nrd,root_power,a,0.6,0.5,3,3,3,1.0,26,True,1400,0.9950757537410084,0.8964362850699041,-1.0694633386487684e-05,True,300,0.9953331156537241,0.8959077976863347,-5.235141889414763e-05,1.1102230246251565e-16,0.0
How do within-family activation hyperparameters tune the welfare-convergence tradeoff?,hyperparameter_root_power,a,0.6,nrd,root_power,a,0.6,0.5,3,3,3,1.0,27,True,1500,0.9868494351545342,0.874022906815331,-9.458659036343242e-06,True,300,0.9873642215233834,0.8729908024409161,-5.208979991622176e-05,1.1102230246251565e-16,2.220446049250313e-16
How do within-family activation hyperparameters tune the welfare-convergence tradeoff?,hyperparameter_root_power,a,0.6,nrd,root_power,a,0.6,0.5,3,3,3,1.0,28,True,2600,0.9838209253523326,0.8546376987295633,2.549732644763214e-05,True,600,0.9841509014521932,0.854019259606971,-5.262156400387408e-05,0.0,2.220446049250313e-16
How do within-family activation hyperparameters tune the welfare-convergence tradeoff?,hyperparameter_root_power,a,0.6,nrd,root_power,a,0.6,0.5,3,3,3,1.0,29,True,1600,0.9843068066684283,0.8522663354879847,-7.106340651763521e-06,True,300,0.9853838669852962,0.8500502920107974,-5.241676258999073e-05,0.0,0.0
How do within-family activation hyperparameters tune the welfare-convergence tradeoff?,hyperparameter_root_power,a,0.6,nrd,root_power,a,0.6,0.5,3,3,3,1.0,30,True,1300,0.9904828636764624,0.9118064646989122,-1.595699439033149e-05,True,200,0.9909519376936152,0.9107931967087207,-5.198118416271935e-05,2.220446049250313e-16,0.0
How do within-family activation hyperparameters tune the welfare-convergence tradeoff?,hyperparameter_root_power,a,0.6,nrd,root_power,a,0.6,0.5,3,3,3,1.0,31,True,1900,0.9900868807271722,0.8733918304569562,2.733989946934745e-06,True,400,0.9905926051246845,0.8723800585028645,-5.264143942673716e-05,1.1102230246251565e-16,0.0
How do within-family activation hyperparameters tune the welfare-convergence tradeoff?,hyperparameter_root_power,a,0.6,nrd,root_power,a,0.6,0.5,3,3,3,1.0,32,True,1100,0.9917563320807149,0.9020124250302936,-2.1771130338910094e-05,True,200,0.9917550694428884,0.9020083305303744,-5.209037441428199e-05,1.1102230246251565e-16,1.1102230246251565e-16
How do within-family activation hyperparameters tune the welfare-convergence tradeoff?,hyperparameter_root_power,a,0.6,nrd,root_power,a,0.6,0.5,3,3,3,1.0,33,True,1300,0.99072252122461,0.8867309069118918,-1.541752871031532e-05,True,300,0.9905075972564165,0.8872653210875724,-5.208873001710801e-05,2.220446049250313e-16,2.220446049250313e-16
How do within-family activation hyperparameters tune the welfare-convergence tradeoff?,hyperparameter_root_power,a,0.6,nrd,root_power,a,0.6,0.5,3,3,3,1.0,34,True,1200,0.9883013289664013,0.8546165662839029,-2.217576070023819e-05,True,200,0.9886625943289719,0.8539899108088843,-5.2260282899618815e-05,1.1102230246251565e-16,0.0
How do within-family activation hyperparameters tune the welfare-convergence tradeoff?,hyperparameter_root_power,a,0.6,nrd,root_power,a,0.6,0.5,3,3,3,1.0,36,True,1000,0.995072478841647,0.9104792287709019,-2.3916205913576682e-05,True,200,0.9950412047271218,0.9106298355338541,-5.207315717759009e-05,2.220446049250313e-16,0.0
How do within-family activation hyperparameters tune the welfare-convergence tradeoff?,hyperparameter_root_power,a,0.6,nrd,root_power,a,0.6,0.5,3,3,3,1.0,35,True,3200,0.9856943872294632,0.8014399706044579,4.4784170618150654e-05,True,700,0.9860352236117815,0.8008944760149738,-5.1589920784966825e-05,2.220446049250313e-16,1.1102230246251565e-16
How do within-family activation hyperparameters tune the welfare-convergence tradeoff?,hyperparameter_root_power,a,0.6,nrd,root_power,a,0.6,0.5,3,3,3,1.0,37,True,1400,0.9801285526236446,0.8331350296961357,-1.2502268410596873e-05,True,300,0.9804738402410974,0.8325262837017675,-5.23932434872143e-05,1.1102230246251565e-16,1.1102230246251565e-16
How do within-family activation hyperparameters tune the welfare-convergence tradeoff?,hyperparameter_root_power,a,0.6,nrd,root_power,a,0.6,0.5,3,3,3,1.0,38,True,2200,0.9945207349816159,0.9282894012970356,1.3050527422064917e-05,True,500,0.9946191441955775,0.9281208374501505,-5.189375719760747e-05,1.1102230246251565e-16,1.1102230246251565e-16
How do within-family activation hyperparameters tune the welfare-convergence tradeoff?,hyperparameter_root_power,a,0.6,nrd,root_power,a,0.6,0.5,3,3,3,1.0,39,True,1200,0.9948868554421888,0.904821288326351,-1.831998329793194e-05,True,200,0.9951651933361788,0.9042289673600039,-5.209518534615709e-05,0.0,0.0
How do within-family activation hyperparameters tune the welfare-convergence tradeoff?,hyperparameter_root_power,a,0.6,nrd,root_power,a,0.6,0.5,3,3,3,1.0,40,True,1100,0.98220468412486,0.8376669782927637,-2.117417433883384e-05,True,200,0.9820909938731366,0.8379946536139565,-5.208621542435177e-05,1.1102230246251565e-16,1.1102230246251565e-16
How do within-family activation hyperparameters tune the welfare-convergence tradeoff?,hyperparameter_root_power,a,0.6,nrd,root_power,a,0.6,0.5,3,3,3,1.0,41,True,1000,0.9965075866796943,0.9029303005431112,-2.433664604367669e-05,True,200,0.9966634664866532,0.9026114448945757,-5.215019400550691e-05,2.220446049250313e-16,2.220446049250313e-16
How do within-family activation hyperparameters tune the welfare-convergence tradeoff?,hyperparameter_root_power,a,0.6,nrd,root_power,a,0.6,0.5,3,3,3,1.0,42,True,1000,0.9897123310513847,0.8712913818180757,-2.408264840780827e-05,True,200,0.9898399061299,0.8710901230292283,-5.250244275395444e-05,1.1102230246251565e-16,2.220446049250313e-16
How do within-family activation hyperparameters tune the welfare-convergence tradeoff?,hyperparameter_root_power,a,0.6,nrd,root_power,a,0.6,0.5,3,3,3,1.0,43,True,1600,0.9800584933667761,0.8129866132513549,-7.77523104961153e-06,True,300,0.9805814831947303,0.8120586258778028,-5.2875427725029844e-05,1.1102230246251565e-16,1.1102230246251565e-16
How do within-family activation hyperparameters tune the welfare-convergence tradeoff?,hyperparameter_root_power,a,0.6,nrd,root_power,a,0.6,0.5,3,3,3,1.0,45,True,600,0.9970113829694448,0.9657475633168208,-3.4385423306915186e-05,True,100,0.9971116382226091,0.9655170506324673,-5.164517753480924e-05,1.1102230246251565e-16,1.1102230246251565e-16
How do within-family activation hyperparameters tune the welfare-convergence tradeoff?,hyperparameter_root_power,a,0.6,nrd,root_power,a,0.6,0.5,3,3,3,1.0,44,True,1100,0.9823695272938253,0.8216121390707473,-2.159908678683875e-05,True,200,0.9829503563070419,0.8204021037166932,-5.2892531686221655e-05,2.220446049250313e-16,2.220446049250313e-16
How do within-family activation hyperparameters tune the welfare-convergence tradeoff?,hyperparameter_root_power,a,0.6,nrd,root_power,a,0.6,0.5,3,3,3,1.0,46,True,1500,0.9918745374809086,0.8781688908873359,-7.442730872830872e-06,True,300,0.9921270626024965,0.8777369987598626,-5.2299453732751466e-05,2.220446049250313e-16,1.1102230246251565e-16
How do within-family activation hyperparameters tune the welfare-convergence tradeoff?,hyperparameter_root_power,a,0.6,nrd,root_power,a,0.6,0.5,3,3,3,1.0,47,True,1300,0.9943322672734463,0.9289165122438021,-1.5148630838790478e-05,True,300,0.9945394468056874,0.9284697429882455,-5.199285321316749e-05,1.1102230246251565e-16,2.220446049250313e-16
How do within-family activation hyperparameters tune the welfare-convergence tradeoff?,hyperparameter_root_power,a,0.6,nrd,root_power,a,0.6,0.5,3,3,3,1.0,48,True,800,0.9926864239777562,0.8981816252081387,-3.070426204321297e-05,True,100,0.9924376983558657,0.8987419627755765,-5.199429121477417e-05,2.220446049250313e-16,1.1102230246251565e-16
How do within-family activation hyperparameters tune the welfare-convergence tradeoff?,hyperparameter_root_power,a,0.6,nrd,root_power,a,0.6,0.5,3,3,3,1.0,49,True,1500,0.9924168281358009,0.8549665144643849,-1.0899722062474027e-05,True,300,0.9926009706507858,0.8546215096254369,-5.235062444230998e-05,2.220446049250313e-16,2.220446049250313e-16
How do within-family activation hyperparameters tune the welfare-convergence tradeoff?,hyperparameter_root_power,a,0.6,nrd,root_power,a,0.6,0.5,3,3,3,1.0,51,True,1000,0.9937337512906471,0.881605959125757,-2.3575211760273884e-05,True,200,0.9939497875100748,0.8811893564384424,-5.243276795968699e-05,2.220446049250313e-16,1.1102230246251565e-16
How do within-family activation hyperparameters tune the welfare-convergence tradeoff?,hyperparameter_root_power,a,0.6,nrd,root_power,a,0.6,0.5,3,3,3,1.0,50,True,1200,0.9929949915059142,0.8496071974116056,-1.879701547302659e-05,True,200,0.9931643078767883,0.8493382670373445,-5.268880780345819e-05,2.220446049250313e-16,2.220446049250313e-16
How do within-family activation hyperparameters tune the welfare-convergence tradeoff?,hyperparameter_root_power,a,0.6,nrd,root_power,a,0.6,0.5,3,3,3,1.0,52,True,2000,0.9926706486787189,0.8458170812345257,7.323780868428997e-06,True,400,0.9932561817356588,0.8448175184176631,-5.2578685032445005e-05,0.0,1.1102230246251565e-16
How do within-family activation hyperparameters tune the welfare-convergence tradeoff?,hyperparameter_root_power,a,0.6,nrd,root_power,a,0.6,0.5,3,3,3,1.0,53,True,1300,0.9888038677506865,0.879353219472211,-1.4963720686378412e-05,True,300,0.9891501636058041,0.878636694343146,-5.2457272147976575e-05,1.1102230246251565e-16,2.220446049250313e-16
How do within-family activation hyperparameters tune the welfare-convergence tradeoff?,hyperparameter_root_power,a,0.6,nrd,root_power,a,0.6,0.5,3,3,3,1.0,54,True,1200,0.9899805781648976,0.8684695895120824,-1.83822780135956e-05,True,200,0.9905439985121273,0.8672802326617148,-5.2330214509455075e-05,2.220446049250313e-16,1.1102230246251565e-16
How do within-family activation hyperparameters tune the welfare-convergence tradeoff?,hyperparameter_root_power,a,0.6,nrd,root_power,a,0.6,0.5,3,3,3,1.0,57,True,1200,0.9955391111428281,0.8890791352092817,-1.981923077470915e-05,True,200,0.9956721794890787,0.8888300275019819,-5.248564343646178e-05,0.0,1.1102230246251565e-16
How do within-family activation hyperparameters tune the welfare-convergence tradeoff?,hyperparameter_root_power,a,0.6,nrd,root_power,a,0.6,0.5,3,3,3,1.0,55,True,1500,0.9913833743537841,0.8679324502339515,-9.760116092050186e-06,True,300,0.9914896980356166,0.8677194321460258,-5.244501151768777e-05,0.0,1.1102230246251565e-16
How do within-family activation hyperparameters tune the welfare-convergence tradeoff?,hyperparameter_root_power,a,0.6,nrd,root_power,a,0.6,0.5,3,3,3,1.0,56,True,4100,0.9953384794687932,0.9036014255494004,7.372648096404255e-05,True,1000,0.9955124539138489,0.9034698491053952,-4.158318438340913e-05,1.1102230246251565e-16,1.1102230246251565e-16
How do within-family activation hyperparameters tune the welfare-convergence tradeoff?,hyperparameter_root_power,a,0.6,nrd,root_power,a,0.6,0.5,3,3,3,1.0,58,True,1100,0.9874850741361962,0.8537027365551642,-2.0575521950672027e-05,True,200,0.9880367856821194,0.8524974511602975,-5.2577058016922695e-05,1.1102230246251565e-16,0.0
How do within-family activation hyperparameters tune the welfare-convergence tradeoff?,hyperparameter_root_power,a,0.6,nrd,root_power,a,0.6,0.5,3,3,3,1.0,59,True,2100,0.9874638130971248,0.8357590419482839,7.784704918356589e-06,True,400,0.9881000291305894,0.8346126461884666,-5.2612526068918086e-05,2.220446049250313e-16,0.0
How do within-family activation hyperparameters tune the welfare-convergence tradeoff?,hyperparameter_root_power,a,0.6,nrd,root_power,a,0.6,0.5,3,3,3,1.0,61,True,800,0.9917657798345286,0.8970617527103678,-3.184403556100168e-05,True,200,0.9917439122379504,0.8971615332074051,-5.222931866460945e-05,0.0,2.220446049250313e-16
How do within-family activation hyperparameters tune the welfare-convergence tradeoff?,hyperparameter_root_power,a,0.6,nrd,root_power,a,0.6,0.5,3,3,3,1.0,60,True,2200,0.9895608436643848,0.8942460053359605,1.3795603726773908e-05,True,400,0.9898442811023358,0.8937431911139962,-5.2359314423822134e-05,1.1102230246251565e-16,1.1102230246251565e-16
How do within-family activation hyperparameters tune the welfare-convergence tradeoff?,hyperparameter_root_power,a,0.6,nrd,root_power,a,0.6,0.5,3,3,3,1.0,62,True,700,0.9867588875201475,0.8676377364790623,-3.180242238781661e-05,True,100,0.9864796597076628,0.8682752817135397,-5.25832949042071e-05,1.1102230246251565e-16,2.220446049250313e-16
How do within-family activation hyperparameters tune the welfare-convergence tradeoff?,hyperparameter_root_power,a,0.6,nrd,root_power,a,0.6,0.5,3,3,3,1.0,63,True,1300,0.9962125357101623,0.9190432450800531,-1.3605772845703967e-05,True,200,0.996363198230622,0.9187341028576163,-5.207173508237073e-05,2.220446049250313e-16,2.220446049250313e-16
How do within-family activation hyperparameters tune the welfare-convergence tradeoff?,hyperparameter_root_power,a,0.6,nrd,root_power,a,0.6,0.5,3,3,3,1.0,64,True,1000,0.9776050514334118,0.802291756616221,-2.38674695752783e-05,True,200,0.977986662464187,0.801510928318424,-5.328740732607473e-05,1.1102230246251565e-16,2.220446049250313e-16
How do within-family activation hyperparameters tune the welfare-convergence tradeoff?,hyperparameter_root_power,a,0.6,nrd,root_power,a,0.6,0.5,3,3,3,1.0,65,True,1800,0.9898221580753555,0.8541541141012993,1.630525355011958e-06,True,300,0.9903767824991206,0.8529962074019127,-5.2606596310511566e-05,2.220446049250313e-16,1.1102230246251565e-16
How do within-family activation hyperparameters tune the welfare-convergence tradeoff?,hyperparameter_root_power,a,0.6,nrd,root_power,a,0.6,0.5,3,3,3,1.0,68,True,1100,0.9932109395980074,0.8751884944083598,-2.0870952201434978e-05,True,200,0.9931269603858117,0.8754305375887664,-5.232649231995401e-05,2.220446049250313e-16,1.1102230246251565e-16
How do within-family activation hyperparameters tune the welfare-convergence tradeoff?,hyperparameter_root_power,a,0.6,nrd,root_power,a,0.6,0.5,3,3,3,1.0,67,True,1300,0.9906805197377682,0.8597231496306476,-1.692744041176253e-05,True,200,0.9911943855939901,0.8587005251762448,-5.25841566965668e-05,2.220446049250313e-16,0.0
How do within-family activation hyperparameters tune the welfare-convergence tradeoff?,hyperparameter_root_power,a,0.6,nrd,root_power,a,0.6,0.5,3,3,3,1.0,66,True,1600,0.9932406997738812,0.8822595753628294,-5.7036600428217454e-06,True,300,0.993424913159622,0.881903839106304,-5.243369225665928e-05,0.0,2.220446049250313e-16
How do within-family activation hyperparameters tune the welfare-convergence tradeoff?,hyperparameter_root_power,a,0.6,nrd,root_power,a,0.6,0.5,3,3,3,1.0,69,True,1900,0.9914193033384273,0.9003916499786125,1.9223381000910145e-06,True,400,0.9918329005820278,0.8995635502901608,-5.224723082314364e-05,2.220446049250313e-16,2.220446049250313e-16
How do within-family activation hyperparameters tune the welfare-convergence tradeoff?,hyperparameter_root_power,a,0.6,nrd,root_power,a,0.6,0.5,3,3,3,1.0,71,True,1200,0.9882794596128777,0.8906565498544028,-1.8066070161915082e-05,True,200,0.9886332877673929,0.8899843342550048,-5.1803061935085104e-05,1.1102230246251565e-16,2.220446049250313e-16
How do within-family activation hyperparameters tune the welfare-convergence tradeoff?,hyperparameter_root_power,a,0.6,nrd,root_power,a,0.6,0.5,3,3,3,1.0,70,True,3100,0.987422868653025,0.8752002714151788,4.216930812356301e-05,True,700,0.9874872483968005,0.8753027876591831,-5.143383084960096e-05,1.1102230246251565e-16,1.1102230246251565e-16
How do within-family activation hyperparameters tune the welfare-convergence tradeoff?,hyperparameter_root_power,a,0.6,nrd,root_power,a,0.6,0.5,3,3,3,1.0,72,True,1400,0.9867766696828719,0.8829413268009239,-1.1295701546898407e-05,True,300,0.9876077324929701,0.881106601613773,-5.2386533924086987e-05,2.220446049250313e-16,2.220446049250313e-16
How do within-family activation hyperparameters tune the welfare-convergence tradeoff?,hyperparameter_root_power,a,0.6,nrd,root_power,a,0.6,0.5,3,3,3,1.0,74,True,1900,0.9939591235663747,0.8838225102421712,3.1550054642170977e-06,True,400,0.9942412937196712,0.8832518508723659,-5.252122445142948e-05,2.220446049250313e-16,1.1102230246251565e-16
How do within-family activation hyperparameters tune the welfare-convergence tradeoff?,hyperparameter_root_power,a,0.6,nrd,root_power,a,0.6,0.5,3,3,3,1.0,73,True,3000,0.9888267134754921,0.8709985748935178,3.955774825531444e-05,True,700,0.9890689168451405,0.8706112271967948,-5.1471174293660216e-05,2.220446049250313e-16,1.1102230246251565e-16
How do within-family activation hyperparameters tune the welfare-convergence tradeoff?,hyperparameter_root_power,a,0.6,nrd,root_power,a,0.6,0.5,3,3,3,1.0,75,True,1200,0.9886750607567331,0.8418091646648707,-1.8048221383348828e-05,True,200,0.988692547413574,0.8418648345108372,-5.272744116652239e-05,2.220446049250313e-16,1.1102230246251565e-16
How do within-family activation hyperparameters tune the welfare-convergence tradeoff?,hyperparameter_root_power,a,0.6,nrd,root_power,a,0.6,0.5,3,3,3,1.0,77,True,1100,0.9940203735201607,0.8772495092700714,-2.137203488800088e-05,True,200,0.9944015560117349,0.8764187509143992,-5.239017050934214e-05,2.220446049250313e-16,2.220446049250313e-16
How do within-family activation hyperparameters tune the welfare-convergence tradeoff?,hyperparameter_root_power,a,0.6,nrd,root_power,a,0.6,0.5,3,3,3,1.0,78,True,800,0.9942359608085599,0.9026059316968847,-2.948766251748003e-05,True,100,0.9943412189084722,0.9023779419456869,-5.2004975696073874e-05,2.220446049250313e-16,2.220446049250313e-16
How do within-family activation hyperparameters tune the welfare-convergence tradeoff?,hyperparameter_root_power,a,0.6,nrd,root_power,a,0.6,0.5,3,3,3,1.0,76,True,2100,0.9789334797782772,0.8419668064962745,1.0870083184011392e-05,True,500,0.9786907262146665,0.8425063502027553,-5.208245772070352e-05,2.220446049250313e-16,1.1102230246251565e-16
How do within-family activation hyperparameters tune the welfare-convergence tradeoff?,hyperparameter_root_power,a,0.6,nrd,root_power,a,0.6,0.5,3,3,3,1.0,79,True,2500,0.9822614077334887,0.8182439375934951,2.115101910232786e-05,True,500,0.983060954668219,0.8166493774617886,-5.319825582694726e-05,1.1102230246251565e-16,0.0
How do within-family activation hyperparameters tune the welfare-convergence tradeoff?,hyperparameter_root_power,a,0.6,nrd,root_power,a,0.6,0.5,3,3,3,1.0,80,True,2100,0.9911533993621706,0.9021201418061976,7.721129814453054e-06,True,400,0.9915737520124486,0.901330283347496,-5.198619600177423e-05,0.0,2.220446049250313e-16
How do within-family activation hyperparameters tune the welfare-convergence tradeoff?,hyperparameter_root_power,a,0.6,nrd,root_power,a,0.6,0.5,3,3,3,1.0,81,True,1100,0.9853829870321111,0.8534894606739316,-2.08621387985386e-05,True,200,0.9857022298490107,0.8528263545109142,-5.221953306949745e-05,1.1102230246251565e-16,1.1102230246251565e-16
How do within-family activation hyperparameters tune the welfare-convergence tradeoff?,hyperparameter_root_power,a,0.6,nrd,root_power,a,0.6,0.5,3,3,3,1.0,82,True,1000,0.9832071829219159,0.8227861639507621,-2.428320654768168e-05,True,200,0.9830865899295914,0.8231020999663122,-5.267651058055156e-05,0.0,1.1102230246251565e-16
How do within-family activation hyperparameters tune the welfare-convergence tradeoff?,hyperparameter_root_power,a,0.6,nrd,root_power,a,0.6,0.5,3,3,3,1.0,84,True,1000,0.9947431459863308,0.9428782145102623,-2.2565640514893293e-05,True,200,0.9946649000265237,0.9430635257168398,-5.166331874278951e-05,1.1102230246251565e-16,1.1102230246251565e-16
How do within-family activation hyperparameters tune the welfare-convergence tradeoff?,hyperparameter_root_power,a,0.6,nrd,root_power,a,0.6,0.5,3,3,3,1.0,83,True,1500,0.9936723559982974,0.9362101248352888,-9.085509083628374e-06,True,300,0.9941451355083031,0.9351311602132067,-5.189927862198074e-05,1.1102230246251565e-16,1.1102230246251565e-16
How do within-family activation hyperparameters tune the welfare-convergence tradeoff?,hyperparameter_root_power,a,0.6,nrd,root_power,a,0.6,0.5,3,3,3,1.0,86,True,1000,0.9945996726391624,0.8986864142574391,-2.3569645107968107e-05,True,200,0.9948008792334384,0.8982818936664296,-5.210927468329851e-05,0.0,0.0
How do within-family activation hyperparameters tune the welfare-convergence tradeoff?,hyperparameter_root_power,a,0.6,nrd,root_power,a,0.6,0.5,3,3,3,1.0,85,True,2200,0.9953934990038663,0.8696639886283899,1.3251978833062061e-05,True,500,0.9955808737906346,0.8692981520477198,-5.243021200734832e-05,2.220446049250313e-16,2.220446049250313e-16
How do within-family activation hyperparameters tune the welfare-convergence tradeoff?,hyperparameter_root_power,a,0.6,nrd,root_power,a,0.6,0.5,3,3,3,1.0,87,True,1100,0.9961554912571081,0.8688693116628913,-2.1982734630054956e-05,True,200,0.9961710713233047,0.8688991652153549,-5.2558891260101603e-05,0.0,1.1102230246251565e-16
How do within-family activation hyperparameters tune the welfare-convergence tradeoff?,hyperparameter_root_power,a,0.6,nrd,root_power,a,0.6,0.5,3,3,3,1.0,88,True,1300,0.9924623421113953,0.8934623265429815,-1.4034889422032126e-05,True,200,0.9927745552659215,0.8928063358138751,-5.206800741708317e-05,1.1102230246251565e-16,2.220446049250313e-16
How do within-family activation hyperparameters tune the welfare-convergence tradeoff?,hyperparameter_root_power,a,0.6,nrd,root_power,a,0.6,0.5,3,3,3,1.0,89,True,1900,0.9941964753398537,0.8798809012601664,2.7888299017342355e-06,True,400,0.9944185512617018,0.8794859953772018,-5.242627976581593e-05,1.1102230246251565e-16,0.0
How do within-family activation hyperparameters tune the welfare-convergence tradeoff?,hyperparameter_root_power,a,0.6,nrd,root_power,a,0.6,0.5,3,3,3,1.0,90,True,1100,0.9947326968017408,0.8843384122800307,-2.188170179190374e-05,True,200,0.9947305050173408,0.8843693592019535,-5.2209197229535764e-05,1.1102230246251565e-16,1.1102230246251565e-16
How do within-family activation hyperparameters tune the welfare-convergence tradeoff?,hyperparameter_root_power,a,0.6,nrd,root_power,a,0.6,0.5,3,3,3,1.0,91,True,800,0.991484936896484,0.857038782318566,-2.9684228945892066e-05,True,100,0.9914997091761918,0.8570267543787383,-5.265360632922267e-05,1.1102230246251565e-16,1.1102230246251565e-16
How do within-family activation hyperparameters tune the welfare-convergence tradeoff?,hyperparameter_root_power,a,0.6,nrd,root_power,a,0.6,0.5,3,3,3,1.0,93,True,1100,0.9875425620760648,0.7968357222110383,-2.1563476710673157e-05,True,200,0.9877174698581735,0.7964960326499989,-5.321481939074557e-05,1.1102230246251565e-16,2.220446049250313e-16
How do within-family activation hyperparameters tune the welfare-convergence tradeoff?,hyperparameter_root_power,a,0.6,nrd,root_power,a,0.6,0.5,3,3,3,1.0,92,True,3300,0.9909957741125094,0.9001278876702773,4.5628909273787155e-05,True,700,0.991729420012855,0.8986871962170238,-5.190625165168994e-05,2.220446049250313e-16,0.0
How do within-family activation hyperparameters tune the welfare-convergence tradeoff?,hyperparameter_root_power,a,0.6,nrd,root_power,a,0.6,0.5,3,3,3,1.0,94,True,1300,0.9880362599970114,0.858839161970068,-1.4814677754326766e-05,True,200,0.9883856861211242,0.8581504074177269,-5.2427548006162006e-05,2.220446049250313e-16,0.0
How do within-family activation hyperparameters tune the welfare-convergence tradeoff?,hyperparameter_root_power,a,0.6,nrd,root_power,a,0.6,0.5,3,3,3,1.0,95,True,900,0.9951508730430468,0.9286194193147111,-2.7281165520531836e-05,True,200,0.9952244274832742,0.9284875362142638,-5.1888129764476876e-05,2.220446049250313e-16,2.220446049250313e-16
How do within-family activation hyperparameters tune the welfare-convergence tradeoff?,hyperparameter_root_power,a,0.6,nrd,root_power,a,0.6,0.5,3,3,3,1.0,96,True,1400,0.9934760062470934,0.8854533342630905,-1.1460997955348162e-05,True,300,0.9934072185101755,0.885692789867418,-5.225320171808878e-05,0.0,1.1102230246251565e-16
How do within-family activation hyperparameters tune the welfare-convergence tradeoff?,hyperparameter_root_power,a,0.6,nrd,root_power,a,0.6,0.5,3,3,3,1.0,97,True,1700,0.9853658670950705,0.8295579041692477,-3.1017527642451803e-06,True,300,0.9857857622228907,0.8287983756273434,-5.2439295075923376e-05,1.1102230246251565e-16,2.220446049250313e-16
How do within-family activation hyperparameters tune the welfare-convergence tradeoff?,hyperparameter_root_power,a,0.6,nrd,root_power,a,0.6,0.5,3,3,3,1.0,98,True,1700,0.9923717675769451,0.8917534920413747,-3.5315426163418095e-06,True,300,0.9929097299313109,0.890646096439844,-5.2330135134337485e-05,1.1102230246251565e-16,1.1102230246251565e-16
How do within-family activation hyperparameters tune the welfare-convergence tradeoff?,hyperparameter_root_power,a,0.6,nrd,root_power,a,0.6,0.5,3,3,3,1.0,99,True,900,0.9954383642535772,0.933593910143021,-2.6832723179159856e-05,True,100,0.9953860234264986,0.9337259578889897,-5.1888341941697114e-05,0.0,2.220446049250313e-16
How do within-family activation hyperparameters tune the welfare-convergence tradeoff?,hyperparameter_root_power,a,0.7,nrd,root_power,a,0.7,0.5,3,3,3,1.0,0,True,1900,0.9923413055535822,0.8198914800929762,4.178011217936817e-06,True,400,0.9928117110195649,0.818836777589716,-4.9699617149290276e-05,2.220446049250313e-16,0.0
How do within-family activation hyperparameters tune the welfare-convergence tradeoff?,hyperparameter_root_power,a,0.7,nrd,root_power,a,0.7,0.5,3,3,3,1.0,1,True,1100,0.9933437304166741,0.872684456834867,-1.774741782917255e-05,True,200,0.9933396840420241,0.8727487402913893,-4.958098389595822e-05,0.0,1.1102230246251565e-16
How do within-family activation hyperparameters tune the welfare-convergence tradeoff?,hyperparameter_root_power,a,0.7,nrd,root_power,a,0.7,0.5,3,3,3,1.0,2,True,1600,0.9913106161900208,0.8692811535631396,-5.813629336604009e-06,True,200,0.9919069703062114,0.86764258189629,-4.9519351596416517e-05,1.1102230246251565e-16,1.1102230246251565e-16
How do within-family activation hyperparameters tune the welfare-convergence tradeoff?,hyperparameter_root_power,a,0.7,nrd,root_power,a,0.7,0.5,3,3,3,1.0,3,True,1500,0.9970868886482348,0.9189574210518595,-6.752616899696751e-06,True,300,0.9974940496472117,0.9178198396488743,-4.928794674885495e-05,0.0,0.0
How do within-family activation hyperparameters tune the welfare-convergence tradeoff?,hyperparameter_root_power,a,0.7,nrd,root_power,a,0.7,0.5,3,3,3,1.0,4,True,1500,0.9917030343169044,0.8732111264784184,-6.764325681307692e-06,True,300,0.9920372486889895,0.8722390662729399,-4.955058806704882e-05,1.1102230246251565e-16,0.0
How do within-family activation hyperparameters tune the welfare-convergence tradeoff?,hyperparameter_root_power,a,0.7,nrd,root_power,a,0.7,0.5,3,3,3,1.0,5,True,1900,0.9900196937035043,0.8417606366279654,2.273059479085404e-06,True,300,0.9908292521090666,0.8398154837990743,-4.922978382820853e-05,1.1102230246251565e-16,2.220446049250313e-16
How do within-family activation hyperparameters tune the welfare-convergence tradeoff?,hyperparameter_root_power,a,0.7,nrd,root_power,a,0.7,0.5,3,3,3,1.0,6,True,900,0.9955916653546998,0.8249975135721334,-2.4862841992989715e-05,True,100,0.9955323253839798,0.8252406120628697,-4.993724615115491e-05,1.1102230246251565e-16,2.220446049250313e-16
How do within-family activation hyperparameters tune the welfare-convergence tradeoff?,hyperparameter_root_power,a,0.7,nrd,root_power,a,0.7,0.5,3,3,3,1.0,8,True,1300,0.9915620377418187,0.869225341185773,-1.1839693001503004e-05,True,200,0.9916179670460279,0.8690682533960207,-4.932892313386228e-05,2.220446049250313e-16,0.0
How do within-family activation hyperparameters tune the welfare-convergence tradeoff?,hyperparameter_root_power,a,0.7,nrd,root_power,a,0.7,0.5,3,3,3,1.0,7,True,2600,0.99556189979716,0.8961887475726525,2.6813787482649065e-05,True,600,0.9958623167002478,0.8954096624275615,-4.94415091213396e-05,2.220446049250313e-16,1.1102230246251565e-16
How do within-family activation hyperparameters tune the welfare-convergence tradeoff?,hyperparameter_root_power,a,0.7,nrd,root_power,a,0.7,0.5,3,3,3,1.0,9,True,1500,0.9915776388198271,0.8201709686924499,-1.0524192213701156e-05,True,300,0.991717093436733,0.8199892993625113,-5.01206052175851e-05,2.220446049250313e-16,1.1102230246251565e-16
How do within-family activation hyperparameters tune the welfare-convergence tradeoff?,hyperparameter_root_power,a,0.7,nrd,root_power,a,0.7,0.5,3,3,3,1.0,10,True,1200,0.9934508533981535,0.8726601616391875,-1.5768063861720805e-05,True,200,0.9938194639959212,0.8717138390107105,-4.939041458040805e-05,1.1102230246251565e-16,1.1102230246251565e-16
How do within-family activation hyperparameters tune the welfare-convergence tradeoff?,hyperparameter_root_power,a,0.7,nrd,root_power,a,0.7,0.5,3,3,3,1.0,11,True,1700,0.9876006822864558,0.8368505896467416,-1.0981831025658195e-06,True,300,0.9882946288135315,0.834967003136487,-4.956385176674294e-05,2.220446049250313e-16,1.1102230246251565e-16
How do within-family activation hyperparameters tune the welfare-convergence tradeoff?,hyperparameter_root_power,a,0.7,nrd,root_power,a,0.7,0.5,3,3,3,1.0,12,True,1600,0.9927978650603334,0.8639046579163691,-4.6943406568633606e-06,True,300,0.9930624613316099,0.8632518275486047,-4.945321520993806e-05,0.0,1.1102230246251565e-16
How do within-family activation hyperparameters tune the welfare-convergence tradeoff?,hyperparameter_root_power,a,0.7,nrd,root_power,a,0.7,0.5,3,3,3,1.0,14,True,700,0.997977919148246,0.9302181046819887,-3.0844466604507126e-05,True,100,0.997882963445553,0.9305379672756402,-4.916811687882827e-05,1.1102230246251565e-16,0.0
How do within-family activation hyperparameters tune the welfare-convergence tradeoff?,hyperparameter_root_power,a,0.7,nrd,root_power,a,0.7,0.5,3,3,3,1.0,13,True,2600,0.9937534569081389,0.8451976996406136,2.836405863793079e-05,True,600,0.9941494837702054,0.844158801327371,-4.984530106294516e-05,2.220446049250313e-16,2.220446049250313e-16
How do within-family activation hyperparameters tune the welfare-convergence tradeoff?,hyperparameter_root_power,a,0.7,nrd,root_power,a,0.7,0.5,3,3,3,1.0,15,True,1600,0.994430121835953,0.8757787306121573,-6.860674814368473e-06,True,300,0.9948254703291947,0.8748621514253435,-4.933967537090744e-05,0.0,2.220446049250313e-16
How do within-family activation hyperparameters tune the welfare-convergence tradeoff?,hyperparameter_root_power,a,0.7,nrd,root_power,a,0.7,0.5,3,3,3,1.0,16,True,1600,0.9915456687399665,0.8199699346348943,-5.222124687731533e-06,True,300,0.9922256605149431,0.8181778429142876,-5.0221217635648685e-05,1.1102230246251565e-16,2.220446049250313e-16
How do within-family activation hyperparameters tune the welfare-convergence tradeoff?,hyperparameter_root_power,a,0.7,nrd,root_power,a,0.7,0.5,3,3,3,1.0,17,True,1100,0.9917962698975865,0.8695775868439442,-1.8372346274442286e-05,True,200,0.9918647189108596,0.869498689138804,-4.930322751106608e-05,0.0,1.1102230246251565e-16
How do within-family activation hyperparameters tune the welfare-convergence tradeoff?,hyperparameter_root_power,a,0.7,nrd,root_power,a,0.7,0.5,3,3,3,1.0,18,True,1600,0.9959960990839395,0.8748597668380164,-4.9872768719816385e-06,True,300,0.9962204216571275,0.8743113782804238,-4.9742817837261644e-05,2.220446049250313e-16,0.0
How do within-family activation hyperparameters tune the welfare-convergence tradeoff?,hyperparameter_root_power,a,0.7,nrd,root_power,a,0.7,0.5,3,3,3,1.0,19,True,1300,0.9952107842488197,0.9125642447546397,-1.4030170315870727e-05,True,300,0.9955643027006728,0.9116289167037701,-4.91299914943677e-05,2.220446049250313e-16,1.1102230246251565e-16
How do within-family activation hyperparameters tune the welfare-convergence tradeoff?,hyperparameter_root_power,a,0.7,nrd,root_power,a,0.7,0.5,3,3,3,1.0,21,True,1700,0.9921606060188269,0.8730835570080205,-1.5929712533502283e-06,True,400,0.9923024359298395,0.8727691457834226,-4.937068558980018e-05,0.0,1.1102230246251565e-16
How do within-family activation hyperparameters tune the welfare-convergence tradeoff?,hyperparameter_root_power,a,0.7,nrd,root_power,a,0.7,0.5,3,3,3,1.0,20,True,2700,0.9946686593172142,0.892260146344897,3.0049977418622476e-05,True,600,0.9948470412703092,0.8918928952019516,-4.8814766305860235e-05,2.220446049250313e-16,1.1102230246251565e-16
How do within-family activation hyperparameters tune the welfare-convergence tradeoff?,hyperparameter_root_power,a,0.7,nrd,root_power,a,0.7,0.5,3,3,3,1.0,23,True,1500,0.9964299642207404,0.9297564652338633,-7.655289904984208e-06,True,300,0.9965863574534469,0.9293368941180674,-4.923835120457243e-05,1.1102230246251565e-16,2.220446049250313e-16
How do within-family activation hyperparameters tune the welfare-convergence tradeoff?,hyperparameter_root_power,a,0.7,nrd,root_power,a,0.7,0.5,3,3,3,1.0,22,True,3200,0.9938161150375843,0.9096588133481086,4.6951594018740384e-05,True,800,0.9939508945421508,0.9094278590421325,-4.6859332121285124e-05,2.220446049250313e-16,1.1102230246251565e-16
How do within-family activation hyperparameters tune the welfare-convergence tradeoff?,hyperparameter_root_power,a,0.7,nrd,root_power,a,0.7,0.5,3,3,3,1.0,24,True,1800,0.9972050735221734,0.9093750306241176,2.209498674965449e-06,True,400,0.9973134913094148,0.9091390528211151,-4.935774789577296e-05,2.220446049250313e-16,2.220446049250313e-16
How do within-family activation hyperparameters tune the welfare-convergence tradeoff?,hyperparameter_root_power,a,0.7,nrd,root_power,a,0.7,0.5,3,3,3,1.0,25,True,2000,0.9864999953228948,0.808717381692036,5.479907867977918e-06,True,300,0.9874879945975765,0.8060493434188003,-5.0184546973863764e-05,2.220446049250313e-16,1.1102230246251565e-16
How do within-family activation hyperparameters tune the welfare-convergence tradeoff?,hyperparameter_root_power,a,0.7,nrd,root_power,a,0.7,0.5,3,3,3,1.0,26,True,1600,0.9967146291230284,0.8922061239018356,-3.798397110565954e-06,True,300,0.9969669286434663,0.8915353901391166,-4.9565213199376235e-05,1.1102230246251565e-16,1.1102230246251565e-16
How do within-family activation hyperparameters tune the welfare-convergence tradeoff?,hyperparameter_root_power,a,0.7,nrd,root_power,a,0.7,0.5,3,3,3,1.0,27,True,1700,0.9910249978950008,0.8635280204961866,-1.801629803788174e-06,True,300,0.9915389605620167,0.8622080311962117,-4.9339610941778744e-05,2.220446049250313e-16,2.220446049250313e-16
How do within-family activation hyperparameters tune the welfare-convergence tradeoff?,hyperparameter_root_power,a,0.7,nrd,root_power,a,0.7,0.5,3,3,3,1.0,30,True,1400,0.9936645949445864,0.9035469042027993,-1.0948876762617576e-05,True,300,0.9941055041574771,0.9023097842086951,-4.9247582051770156e-05,1.1102230246251565e-16,0.0
How do within-family activation hyperparameters tune the welfare-convergence tradeoff?,hyperparameter_root_power,a,0.7,nrd,root_power,a,0.7,0.5,3,3,3,1.0,29,True,1900,0.9890871510054533,0.841009790786651,1.7508224376405757e-06,True,400,0.9901552130584612,0.8382078035059605,-4.9660619499292125e-05,0.0,2.220446049250313e-16
How do within-family activation hyperparameters tune the welfare-convergence tradeoff?,hyperparameter_root_power,a,0.7,nrd,root_power,a,0.7,0.5,3,3,3,1.0,28,True,2900,0.9890851804867642,0.8411761820763983,3.6938602489655636e-05,True,600,0.9894338017619907,0.8403421241927927,-4.965366362658097e-05,2.220446049250313e-16,2.220446049250313e-16
How do within-family activation hyperparameters tune the welfare-convergence tradeoff?,hyperparameter_root_power,a,0.7,nrd,root_power,a,0.7,0.5,3,3,3,1.0,31,True,2100,0.9932757712740942,0.8651801893431829,1.0817143074437485e-05,True,400,0.993791410785186,0.8638561472168075,-4.986141394747179e-05,2.220446049250313e-16,1.1102230246251565e-16
How do within-family activation hyperparameters tune the welfare-convergence tradeoff?,hyperparameter_root_power,a,0.7,nrd,root_power,a,0.7,0.5,3,3,3,1.0,32,True,1100,0.9946074847948756,0.8944384484577625,-1.7900928450331755e-05,True,200,0.994617635270331,0.8944037899154531,-4.9314262935362674e-05,0.0,1.1102230246251565e-16
How do within-family activation hyperparameters tune the welfare-convergence tradeoff?,hyperparameter_root_power,a,0.7,nrd,root_power,a,0.7,0.5,3,3,3,1.0,33,True,1200,0.9938425135616465,0.8785162021891001,-1.4320909513754199e-05,True,300,0.9936729826532339,0.8790751922761123,-4.93283434748748e-05,2.220446049250313e-16,1.1102230246251565e-16
How do within-family activation hyperparameters tune the welfare-convergence tradeoff?,hyperparameter_root_power,a,0.7,nrd,root_power,a,0.7,0.5,3,3,3,1.0,34,True,1300,0.9918405874225449,0.8459779570606107,-1.4799556657785207e-05,True,200,0.9922117028548143,0.8451434963096599,-4.947476431294007e-05,2.220446049250313e-16,1.1102230246251565e-16
How do within-family activation hyperparameters tune the welfare-convergence tradeoff?,hyperparameter_root_power,a,0.7,nrd,root_power,a,0.7,0.5,3,3,3,1.0,36,True,1100,0.9967593336630711,0.9057377727214634,-2.024262245520214e-05,True,200,0.996741594192361,0.9058865209933197,-4.930847377593306e-05,1.1102230246251565e-16,1.1102230246251565e-16
How do within-family activation hyperparameters tune the welfare-convergence tradeoff?,hyperparameter_root_power,a,0.7,nrd,root_power,a,0.7,0.5,3,3,3,1.0,37,True,1600,0.9863730206998271,0.8177941149223082,-5.815807585463073e-06,True,300,0.9867342443488644,0.8169742345140328,-4.965736782397423e-05,0.0,1.1102230246251565e-16
How do within-family activation hyperparameters tune the welfare-convergence tradeoff?,hyperparameter_root_power,a,0.7,nrd,root_power,a,0.7,0.5,3,3,3,1.0,35,True,3800,0.9900668755711776,0.7905175991266532,6.584376857876606e-05,True,900,0.9904383329322223,0.7897783287270737,-4.32730690461125e-05,2.220446049250313e-16,2.220446049250313e-16
How do within-family activation hyperparameters tune the welfare-convergence tradeoff?,hyperparameter_root_power,a,0.7,nrd,root_power,a,0.7,0.5,3,3,3,1.0,38,True,2500,0.9964034748128934,0.9232375089391548,2.443847192584725e-05,True,600,0.9965195014510534,0.9229806258797937,-4.915417104983666e-05,2.220446049250313e-16,1.1102230246251565e-16
How do within-family activation hyperparameters tune the welfare-convergence tradeoff?,hyperparameter_root_power,a,0.7,nrd,root_power,a,0.7,0.5,3,3,3,1.0,39,True,1300,0.9965840514247394,0.900351159272526,-1.351171104668758e-05,True,200,0.9968444145740855,0.899630633479128,-4.934464284683804e-05,1.1102230246251565e-16,2.220446049250313e-16
How do within-family activation hyperparameters tune the welfare-convergence tradeoff?,hyperparameter_root_power,a,0.7,nrd,root_power,a,0.7,0.5,3,3,3,1.0,40,True,1300,0.9877149346470955,0.8243392506787054,-1.4231718272750271e-05,True,300,0.9876516646851415,0.8246257660462613,-4.932977493676827e-05,1.1102230246251565e-16,2.220446049250313e-16
How do within-family activation hyperparameters tune the welfare-convergence tradeoff?,hyperparameter_root_power,a,0.7,nrd,root_power,a,0.7,0.5,3,3,3,1.0,41,True,1100,0.9976556246154084,0.8999206667920068,-1.9062919554724278e-05,True,200,0.997801922284033,0.8995330720296059,-4.937202000038221e-05,2.220446049250313e-16,2.220446049250313e-16
How do within-family activation hyperparameters tune the welfare-convergence tradeoff?,hyperparameter_root_power,a,0.7,nrd,root_power,a,0.7,0.5,3,3,3,1.0,42,True,1200,0.993036109247711,0.862587166255879,-1.7998219733250664e-05,True,200,0.9931758237968926,0.8622828105255325,-4.973569452193516e-05,1.1102230246251565e-16,0.0
How do within-family activation hyperparameters tune the welfare-convergence tradeoff?,hyperparameter_root_power,a,0.7,nrd,root_power,a,0.7,0.5,3,3,3,1.0,43,True,1900,0.9861170475986484,0.7987038621276232,2.407165703044445e-06,True,300,0.986658322261342,0.797487413739168,-5.010674961930528e-05,0.0,1.1102230246251565e-16
How do within-family activation hyperparameters tune the welfare-convergence tradeoff?,hyperparameter_root_power,a,0.7,nrd,root_power,a,0.7,0.5,3,3,3,1.0,45,True,700,0.9980667812579265,0.9628833094883248,-3.1364722744453566e-05,True,100,0.9981551943181485,0.9626166937610132,-4.8920554416020945e-05,1.1102230246251565e-16,0.0
How do within-family activation hyperparameters tune the welfare-convergence tradeoff?,hyperparameter_root_power,a,0.7,nrd,root_power,a,0.7,0.5,3,3,3,1.0,44,True,1200,0.9879332041375981,0.8079339374324229,-1.658651193509053e-05,True,200,0.9884798616543449,0.8064749593595257,-5.0102329539725154e-05,2.220446049250313e-16,0.0
How do within-family activation hyperparameters tune the welfare-convergence tradeoff?,hyperparameter_root_power,a,0.7,nrd,root_power,a,0.7,0.5,3,3,3,1.0,47,True,1400,0.996275327602063,0.9237801733504781,-9.387053526987987e-06,True,300,0.996468869121304,0.9232389305224412,-4.9249583933375085e-05,2.220446049250313e-16,2.220446049250313e-16
How do within-family activation hyperparameters tune the welfare-convergence tradeoff?,hyperparameter_root_power,a,0.7,nrd,root_power,a,0.7,0.5,3,3,3,1.0,46,True,1700,0.9944614191277932,0.8714038619141066,-1.3674139627273263e-06,True,400,0.9947118580286665,0.8708405466799389,-4.95258087449546e-05,2.220446049250313e-16,1.1102230246251565e-16
How do within-family activation hyperparameters tune the welfare-convergence tradeoff?,hyperparameter_root_power,a,0.7,nrd,root_power,a,0.7,0.5,3,3,3,1.0,48,True,800,0.995179465741389,0.8916887525336318,-2.8194210497156647e-05,True,100,0.9949722496222628,0.8922974202758874,-4.923818012636527e-05,2.220446049250313e-16,2.220446049250313e-16
How do within-family activation hyperparameters tune the welfare-convergence tradeoff?,hyperparameter_root_power,a,0.7,nrd,root_power,a,0.7,0.5,3,3,3,1.0,49,True,1800,0.9948518501684135,0.8487303019987261,6.49590919443721e-07,True,400,0.9950646680699424,0.8482121338475729,-4.953703757137884e-05,2.220446049250313e-16,2.220446049250313e-16
How do within-family activation hyperparameters tune the welfare-convergence tradeoff?,hyperparameter_root_power,a,0.7,nrd,root_power,a,0.7,0.5,3,3,3,1.0,50,True,1400,0.9952054232602637,0.8437133217516272,-1.1350952444033613e-05,True,300,0.9953814272600686,0.8433375710391487,-4.987730034777815e-05,2.220446049250313e-16,2.220446049250313e-16
How do within-family activation hyperparameters tune the welfare-convergence tradeoff?,hyperparameter_root_power,a,0.7,nrd,root_power,a,0.7,0.5,3,3,3,1.0,51,True,1100,0.9957684512569673,0.8761140466419467,-1.9229930902309178e-05,True,200,0.9959686264915143,0.8756102795047015,-4.961213240062268e-05,1.1102230246251565e-16,0.0
How do within-family activation hyperparameters tune the welfare-convergence tradeoff?,hyperparameter_root_power,a,0.7,nrd,root_power,a,0.7,0.5,3,3,3,1.0,53,True,1500,0.9924922589591236,0.8697456254756415,-6.514257424650172e-06,True,300,0.9928628605861352,0.8687475876029968,-4.97022412546122e-05,0.0,1.1102230246251565e-16
How do within-family activation hyperparameters tune the welfare-convergence tradeoff?,hyperparameter_root_power,a,0.7,nrd,root_power,a,0.7,0.5,3,3,3,1.0,52,True,2500,0.9948313395891926,0.8404919700332449,2.1909174542922294e-05,True,600,0.9954503826376009,0.8391408019786258,-4.975100958698464e-05,1.1102230246251565e-16,1.1102230246251565e-16
How do within-family activation hyperparameters tune the welfare-convergence tradeoff?,hyperparameter_root_power,a,0.7,nrd,root_power,a,0.7,0.5,3,3,3,1.0,54,True,1300,0.9931934807716107,0.8605646605413639,-1.1765934776197806e-05,True,300,0.9937350111902462,0.8590911272154802,-4.955723048671867e-05,0.0,0.0
How do within-family activation hyperparameters tune the welfare-convergence tradeoff?,hyperparameter_root_power,a,0.7,nrd,root_power,a,0.7,0.5,3,3,3,1.0,55,True,1700,0.9942687035839619,0.8604345215690836,-2.0566244816055956e-06,True,400,0.9943849530646763,0.8601320735916288,-4.966326349098438e-05,2.220446049250313e-16,2.220446049250313e-16
How do within-family activation hyperparameters tune the welfare-convergence tradeoff?,hyperparameter_root_power,a,0.7,nrd,root_power,a,0.7,0.5,3,3,3,1.0,57,True,1200,0.9970540572920841,0.885065906009742,-1.564289849809164e-05,True,200,0.997179571247697,0.8847613109066469,-4.968975073893489e-05,1.1102230246251565e-16,0.0
How do within-family activation hyperparameters tune the welfare-convergence tradeoff?,hyperparameter_root_power,a,0.7,nrd,root_power,a,0.7,0.5,3,3,3,1.0,56,True,4600,0.996852875691014,0.8994120554506669,8.896488549309245e-05,True,1100,0.997044543117909,0.8992265497362236,-3.1060424917295215e-05,1.1102230246251565e-16,2.220446049250313e-16
How do within-family activation hyperparameters tune the welfare-convergence tradeoff?,hyperparameter_root_power,a,0.7,nrd,root_power,a,0.7,0.5,3,3,3,1.0,58,True,1200,0.9916009206239981,0.8434226158910644,-1.5292660800636515e-05,True,200,0.9921126482398437,0.8419795536011877,-4.981853760310795e-05,1.1102230246251565e-16,1.1102230246251565e-16
How do within-family activation hyperparameters tune the welfare-convergence tradeoff?,hyperparameter_root_power,a,0.7,nrd,root_power,a,0.7,0.5,3,3,3,1.0,59,True,2400,0.9913037288141355,0.8265101969361739,2.0171595676354848e-05,True,500,0.9919473443112742,0.825050451887099,-4.981791232644417e-05,2.220446049250313e-16,2.220446049250313e-16
How do within-family activation hyperparameters tune the welfare-convergence tradeoff?,hyperparameter_root_power,a,0.7,nrd,root_power,a,0.7,0.5,3,3,3,1.0,60,True,2600,0.9930338125283993,0.8850877547359776,2.5610212309512548e-05,True,500,0.9933439039248968,0.8843609340666791,-4.956325274380058e-05,2.220446049250313e-16,2.220446049250313e-16
How do within-family activation hyperparameters tune the welfare-convergence tradeoff?,hyperparameter_root_power,a,0.7,nrd,root_power,a,0.7,0.5,3,3,3,1.0,61,True,800,0.9944663450251182,0.8898905977604769,-2.779895021098877e-05,True,200,0.9944575676248095,0.889977623656642,-4.945351752561056e-05,1.1102230246251565e-16,1.1102230246251565e-16
How do within-family activation hyperparameters tune the welfare-convergence tradeoff?,hyperparameter_root_power,a,0.7,nrd,root_power,a,0.7,0.5,3,3,3,1.0,62,True,800,0.9912792224083057,0.8559215968983661,-2.899661303662482e-05,True,200,0.9910479983807359,0.8566081873667651,-4.9843126020188144e-05,0.0,0.0
How do within-family activation hyperparameters tune the welfare-convergence tradeoff?,hyperparameter_root_power,a,0.7,nrd,root_power,a,0.7,0.5,3,3,3,1.0,63,True,1400,0.9975073657280352,0.9156344576930108,-9.367728895370853e-06,True,200,0.9976460712080761,0.9152702380452297,-4.9298097894889814e-05,2.220446049250313e-16,2.220446049250313e-16
How do within-family activation hyperparameters tune the welfare-convergence tradeoff?,hyperparameter_root_power,a,0.7,nrd,root_power,a,0.7,0.5,3,3,3,1.0,64,True,1100,0.9846025259462201,0.7854005600701753,-1.918844138298903e-05,True,200,0.9850017082073815,0.7843584040960218,-5.054889496247661e-05,1.1102230246251565e-16,2.220446049250313e-16
How do within-family activation hyperparameters tune the welfare-convergence tradeoff?,hyperparameter_root_power,a,0.7,nrd,root_power,a,0.7,0.5,3,3,3,1.0,68,True,1200,0.9955220519797614,0.8689783451739387,-1.6113161979747215e-05,True,200,0.9954613939161328,0.8692223273023026,-4.95492057096536e-05,1.1102230246251565e-16,2.220446049250313e-16
How do within-family activation hyperparameters tune the welfare-convergence tradeoff?,hyperparameter_root_power,a,0.7,nrd,root_power,a,0.7,0.5,3,3,3,1.0,66,True,1800,0.9954904860854155,0.8762818109973463,1.6541222548904777e-06,True,400,0.9956786431429232,0.8758114707188852,-4.9649873852530835e-05,2.220446049250313e-16,1.1102230246251565e-16
How do within-family activation hyperparameters tune the welfare-convergence tradeoff?,hyperparameter_root_power,a,0.7,nrd,root_power,a,0.7,0.5,3,3,3,1.0,65,True,2100,0.993057197792288,0.8461709379943735,1.0086890645577551e-05,True,400,0.9936110736522306,0.8446905472620522,-4.982850369061875e-05,1.1102230246251565e-16,0.0
How do within-family activation hyperparameters tune the welfare-convergence tradeoff?,hyperparameter_root_power,a,0.7,nrd,root_power,a,0.7,0.5,3,3,3,1.0,67,True,1400,0.9936597160560491,0.8524307040022142,-1.1548057534171985e-05,True,300,0.9941402754075381,0.8512052687782713,-4.981889539246165e-05,2.220446049250313e-16,2.220446049250313e-16
How do within-family activation hyperparameters tune the welfare-convergence tradeoff?,hyperparameter_root_power,a,0.7,nrd,root_power,a,0.7,0.5,3,3,3,1.0,69,True,2300,0.994214795769441,0.8930509013743725,1.630088635201643e-05,True,500,0.9946319831868339,0.8919710374015786,-4.94959543578255e-05,1.1102230246251565e-16,2.220446049250313e-16
How do within-family activation hyperparameters tune the welfare-convergence tradeoff?,hyperparameter_root_power,a,0.7,nrd,root_power,a,0.7,0.5,3,3,3,1.0,70,True,3700,0.9914859144710323,0.8644911773243905,6.317177861414613e-05,True,900,0.9916088815695537,0.8644889781663404,-4.369608042320561e-05,2.220446049250313e-16,1.1102230246251565e-16
How do within-family activation hyperparameters tune the welfare-convergence tradeoff?,hyperparameter_root_power,a,0.7,nrd,root_power,a,0.7,0.5,3,3,3,1.0,71,True,1400,0.9920240498584294,0.8812095695400805,-1.1948714714549169e-05,True,200,0.9923805638955956,0.8803322502362755,-4.905605789767842e-05,1.1102230246251565e-16,0.0
How do within-family activation hyperparameters tune the welfare-convergence tradeoff?,hyperparameter_root_power,a,0.7,nrd,root_power,a,0.7,0.5,3,3,3,1.0,72,True,1700,0.9910152813071884,0.8724162940054626,-2.142497266488519e-06,True,300,0.9918397905767177,0.8700702910503746,-4.964510382199361e-05,0.0,1.1102230246251565e-16
How do within-family activation hyperparameters tune the welfare-convergence tradeoff?,hyperparameter_root_power,a,0.7,nrd,root_power,a,0.7,0.5,3,3,3,1.0,74,True,2300,0.9959052656505019,0.8787796644558515,1.8825083586360147e-05,True,500,0.9962135118515012,0.8779743084368903,-4.972699716898621e-05,0.0,0.0
How do within-family activation hyperparameters tune the welfare-convergence tradeoff?,hyperparameter_root_power,a,0.7,nrd,root_power,a,0.7,0.5,3,3,3,1.0,73,True,3400,0.992394218218327,0.8620931249629352,5.1493033434546476e-05,True,800,0.9926454031730472,0.861600361130621,-4.669429689463378e-05,2.220446049250313e-16,1.1102230246251565e-16
How do within-family activation hyperparameters tune the welfare-convergence tradeoff?,hyperparameter_root_power,a,0.7,nrd,root_power,a,0.7,0.5,3,3,3,1.0,75,True,1300,0.9921503131621837,0.8326928704558142,-1.3438739373372588e-05,True,200,0.99217925784628,0.8327091538010786,-4.99104951239282e-05,2.220446049250313e-16,1.1102230246251565e-16
How do within-family activation hyperparameters tune the welfare-convergence tradeoff?,hyperparameter_root_power,a,0.7,nrd,root_power,a,0.7,0.5,3,3,3,1.0,77,True,1200,0.9959651100580997,0.8722782688416606,-1.57549054344841e-05,True,200,0.996318169748113,0.8712780905547666,-4.9598449749221896e-05,1.1102230246251565e-16,1.1102230246251565e-16
How do within-family activation hyperparameters tune the welfare-convergence tradeoff?,hyperparameter_root_power,a,0.7,nrd,root_power,a,0.7,0.5,3,3,3,1.0,78,True,800,0.9961976978227933,0.8974595375382363,-2.616713785669189e-05,True,100,0.9962957676427766,0.8971815063759602,-4.9244673783199744e-05,2.220446049250313e-16,2.220446049250313e-16
How do within-family activation hyperparameters tune the welfare-convergence tradeoff?,hyperparameter_root_power,a,0.7,nrd,root_power,a,0.7,0.5,3,3,3,1.0,76,True,2200,0.9855511991511777,0.8256590698984955,1.6262216282147968e-05,True,500,0.9853610565239492,0.826217551508745,-4.9329191850133736e-05,2.220446049250313e-16,0.0
How do within-family activation hyperparameters tune the welfare-convergence tradeoff?,hyperparameter_root_power,a,0.7,nrd,root_power,a,0.7,0.5,3,3,3,1.0,79,True,2800,0.9877538057970658,0.805162716886293,3.2669689084441345e-05,True,600,0.9885470993146055,0.8031538787095417,-5.0434185007219856e-05,1.1102230246251565e-16,1.1102230246251565e-16
How do within-family activation hyperparameters tune the welfare-convergence tradeoff?,hyperparameter_root_power,a,0.7,nrd,root_power,a,0.7,0.5,3,3,3,1.0,80,True,2500,0.993982198866264,0.8949292646431943,2.1281460760302906e-05,True,500,0.9944310801111521,0.8938352396299588,-4.923857711919277e-05,1.1102230246251565e-16,0.0
How do within-family activation hyperparameters tune the welfare-convergence tradeoff?,hyperparameter_root_power,a,0.7,nrd,root_power,a,0.7,0.5,3,3,3,1.0,81,True,1200,0.990155255142125,0.8414849376850171,-1.6138258718545462e-05,True,200,0.9904685784730292,0.8406443113300749,-4.947064313759464e-05,1.1102230246251565e-16,1.1102230246251565e-16
How do within-family activation hyperparameters tune the welfare-convergence tradeoff?,hyperparameter_root_power,a,0.7,nrd,root_power,a,0.7,0.5,3,3,3,1.0,82,True,1000,0.988703753813459,0.8088269546181422,-2.15776043732685e-05,True,200,0.9886114966980515,0.8091499971220483,-4.9909858635566184e-05,2.220446049250313e-16,1.1102230246251565e-16
How do within-family activation hyperparameters tune the welfare-convergence tradeoff?,hyperparameter_root_power,a,0.7,nrd,root_power,a,0.7,0.5,3,3,3,1.0,84,True,1000,0.9965963803333637,0.9377849522614209,-1.951298170638216e-05,True,200,0.9965346429725249,0.9379839169544083,-4.893855009879822e-05,0.0,0.0
How do within-family activation hyperparameters tune the welfare-convergence tradeoff?,hyperparameter_root_power,a,0.7,nrd,root_power,a,0.7,0.5,3,3,3,1.0,83,True,1700,0.995791359531532,0.9307501678313684,5.873702325631669e-07,True,400,0.9962355203834597,0.9294324745833245,-4.918503410433761e-05,2.220446049250313e-16,0.0
How do within-family activation hyperparameters tune the welfare-convergence tradeoff?,hyperparameter_root_power,a,0.7,nrd,root_power,a,0.7,0.5,3,3,3,1.0,86,True,1100,0.9963893249313834,0.8940862855156695,-1.8805230127483252e-05,True,200,0.9965786763350385,0.8935958813532777,-4.932915324229459e-05,0.0,1.1102230246251565e-16
How do within-family activation hyperparameters tune the welfare-convergence tradeoff?,hyperparameter_root_power,a,0.7,nrd,root_power,a,0.7,0.5,3,3,3,1.0,85,True,2500,0.9968708563955423,0.8657450552106926,2.3863758752462605e-05,True,600,0.9970633314905768,0.8652701890312237,-4.955058312333671e-05,0.0,0.0
How do within-family activation hyperparameters tune the welfare-convergence tradeoff?,hyperparameter_root_power,a,0.7,nrd,root_power,a,0.7,0.5,3,3,3,1.0,87,True,1100,0.9973792270194052,0.8656582458077281,-1.8595254869469002e-05,True,200,0.9974031418523103,0.8656699893244045,-4.974443147814922e-05,2.220446049250313e-16,2.220446049250313e-16
How do within-family activation hyperparameters tune the welfare-convergence tradeoff?,hyperparameter_root_power,a,0.7,nrd,root_power,a,0.7,0.5,3,3,3,1.0,88,True,1400,0.9949553585373865,0.8871004854815308,-9.60140613232019e-06,True,200,0.9952510157756952,0.886296471635053,-4.9301291074166365e-05,2.220446049250313e-16,1.1102230246251565e-16
How do within-family activation hyperparameters tune the welfare-convergence tradeoff?,hyperparameter_root_power,a,0.7,nrd,root_power,a,0.7,0.5,3,3,3,1.0,90,True,1100,0.9964367802137135,0.8801365524080067,-1.7515585970018233e-05,True,200,0.9964497430367515,0.8801351589854978,-4.9423351053456965e-05,2.220446049250313e-16,0.0
How do within-family activation hyperparameters tune the welfare-convergence tradeoff?,hyperparameter_root_power,a,0.7,nrd,root_power,a,0.7,0.5,3,3,3,1.0,89,True,2200,0.996081628973655,0.8749570828110462,1.5844293960121103e-05,True,500,0.996325346756416,0.8743945644637826,-4.9636511089967694e-05,2.220446049250313e-16,1.1102230246251565e-16
How do within-family activation hyperparameters tune the welfare-convergence tradeoff?,hyperparameter_root_power,a,0.7,nrd,root_power,a,0.7,0.5,3,3,3,1.0,91,True,800,0.9943795062530285,0.8495049536226901,-2.6507607289449897e-05,True,100,0.9944019664933014,0.8494682982520091,-4.988599428240592e-05,1.1102230246251565e-16,1.1102230246251565e-16
How do within-family activation hyperparameters tune the welfare-convergence tradeoff?,hyperparameter_root_power,a,0.7,nrd,root_power,a,0.7,0.5,3,3,3,1.0,93,True,1200,0.9913825805358956,0.7879671083670464,-1.5582673933089985e-05,True,200,0.9915700449210948,0.7875040575840181,-5.039137217838219e-05,2.220446049250313e-16,2.220446049250313e-16
How do within-family activation hyperparameters tune the welfare-convergence tradeoff?,hyperparameter_root_power,a,0.7,nrd,root_power,a,0.7,0.5,3,3,3,1.0,94,True,1500,0.9919049510560056,0.8492208678871238,-8.684971577965772e-06,True,200,0.99225475076932,0.8483344604376294,-4.96777529765402e-05,2.220446049250313e-16,2.220446049250313e-16
How do within-family activation hyperparameters tune the welfare-convergence tradeoff?,hyperparameter_root_power,a,0.7,nrd,root_power,a,0.7,0.5,3,3,3,1.0,95,True,1000,0.9968190427402058,0.9241146388707192,-2.279226859264183e-05,True,200,0.9968932607317168,0.9239408616529078,-4.913928116179189e-05,2.220446049250313e-16,1.1102230246251565e-16
How do within-family activation hyperparameters tune the welfare-convergence tradeoff?,hyperparameter_root_power,a,0.7,nrd,root_power,a,0.7,0.5,3,3,3,1.0,92,True,3900,0.993779318441363,0.8931253509786486,6.729382678355433e-05,True,800,0.9945490220180279,0.8912331165215308,-4.517840586065747e-05,0.0,2.220446049250313e-16
How do within-family activation hyperparameters tune the welfare-convergence tradeoff?,hyperparameter_root_power,a,0.7,nrd,root_power,a,0.7,0.5,3,3,3,1.0,96,True,1500,0.9956771937616984,0.879546415257315,-5.672254270117083e-06,True,300,0.9956335926473397,0.8797821624316674,-4.9477848649504e-05,2.220446049250313e-16,0.0
How do within-family activation hyperparameters tune the welfare-convergence tradeoff?,hyperparameter_root_power,a,0.7,nrd,root_power,a,0.7,0.5,3,3,3,1.0,97,True,1900,0.9898967858699012,0.8185736466289925,5.688773796364011e-06,True,300,0.9903426229381912,0.8175328219519504,-4.965124380795771e-05,2.220446049250313e-16,1.1102230246251565e-16
How do within-family activation hyperparameters tune the welfare-convergence tradeoff?,hyperparameter_root_power,a,0.7,nrd,root_power,a,0.7,0.5,3,3,3,1.0,98,True,1900,0.9947766786984467,0.8855305097684757,5.03559260939257e-06,True,400,0.995300657805876,0.8841500482105399,-4.95577823391713e-05,1.1102230246251565e-16,1.1102230246251565e-16
How do within-family activation hyperparameters tune the welfare-convergence tradeoff?,hyperparameter_root_power,a,0.7,nrd,root_power,a,0.7,0.5,3,3,3,1.0,99,True,900,0.9970549915317171,0.9291455050831937,-2.3874104628118786e-05,True,100,0.997015942539428,0.9292809608919875,-4.9141403836883146e-05,0.0,1.1102230246251565e-16
How do within-family activation hyperparameters tune the welfare-convergence tradeoff?,hyperparameter_root_power,a,0.8,nrd,root_power,a,0.8,0.5,3,3,3,1.0,1,True,1300,0.9964352495817692,0.8614937599586489,-1.2366376475669849e-05,True,300,0.996446259254032,0.861522828966478,-4.6743429249429536e-05,2.220446049250313e-16,0.0
How do within-family activation hyperparameters tune the welfare-convergence tradeoff?,hyperparameter_root_power,a,0.8,nrd,root_power,a,0.8,0.5,3,3,3,1.0,0,True,2300,0.9953879418746512,0.8101952127546425,1.8777049007212554e-05,True,500,0.9958721702111976,0.8086700580725902,-4.679269664842334e-05,2.220446049250313e-16,0.0
How do within-family activation hyperparameters tune the welfare-convergence tradeoff?,hyperparameter_root_power,a,0.8,nrd,root_power,a,0.8,0.5,3,3,3,1.0,2,True,1800,0.9951270935655248,0.8563425777861756,3.138608339281479e-06,True,300,0.9956721785124919,0.8542014569655764,-4.670184942856537e-05,2.220446049250313e-16,2.220446049250313e-16
How do within-family activation hyperparameters tune the welfare-convergence tradeoff?,hyperparameter_root_power,a,0.8,nrd,root_power,a,0.8,0.5,3,3,3,1.0,3,True,1700,0.998339395139243,0.9146615382543629,8.363007785727739e-07,True,400,0.9986978749582995,0.9132264547180126,-4.6480795478864856e-05,2.220446049250313e-16,1.1102230246251565e-16
How do within-family activation hyperparameters tune the welfare-convergence tradeoff?,hyperparameter_root_power,a,0.8,nrd,root_power,a,0.8,0.5,3,3,3,1.0,4,True,1800,0.9954851554657135,0.8599691680465353,2.180424170827866e-06,True,400,0.9957841269968705,0.8587275263061779,-4.6730386427218384e-05,0.0,1.1102230246251565e-16
How do within-family activation hyperparameters tune the welfare-convergence tradeoff?,hyperparameter_root_power,a,0.8,nrd,root_power,a,0.8,0.5,3,3,3,1.0,6,True,900,0.9975697623672491,0.8177821051114723,-2.1584508902272592e-05,True,100,0.9975300262838023,0.8180354205006918,-4.699735970692398e-05,1.1102230246251565e-16,1.1102230246251565e-16
How do within-family activation hyperparameters tune the welfare-convergence tradeoff?,hyperparameter_root_power,a,0.8,nrd,root_power,a,0.8,0.5,3,3,3,1.0,5,True,2300,0.9941063026022344,0.828911994786718,1.707479371521048e-05,True,400,0.9948800255705169,0.8262827707306322,-4.6420072343678065e-05,1.1102230246251565e-16,2.220446049250313e-16
How do within-family activation hyperparameters tune the welfare-convergence tradeoff?,hyperparameter_root_power,a,0.8,nrd,root_power,a,0.8,0.5,3,3,3,1.0,8,True,1400,0.9954468624944508,0.855555112782216,-6.568046788613113e-06,True,300,0.9955143998237401,0.8552943714550253,-4.653462656628582e-05,1.1102230246251565e-16,2.220446049250313e-16
How do within-family activation hyperparameters tune the welfare-convergence tradeoff?,hyperparameter_root_power,a,0.8,nrd,root_power,a,0.8,0.5,3,3,3,1.0,7,True,3500,0.9974877887559261,0.8893374315369381,5.5564643052896656e-05,True,800,0.997820092510342,0.888160985286348,-4.321096932374813e-05,1.1102230246251565e-16,1.1102230246251565e-16
How do within-family activation hyperparameters tune the welfare-convergence tradeoff?,hyperparameter_root_power,a,0.8,nrd,root_power,a,0.8,0.5,3,3,3,1.0,9,True,1800,0.9951748187385003,0.8083623140101553,3.0736141785059345e-06,True,400,0.9953505579014762,0.8079760833950417,-4.720243084732623e-05,2.220446049250313e-16,1.1102230246251565e-16
How do within-family activation hyperparameters tune the welfare-convergence tradeoff?,hyperparameter_root_power,a,0.8,nrd,root_power,a,0.8,0.5,3,3,3,1.0,10,True,1400,0.9963255972782337,0.8627259643925612,-8.962039935223043e-06,True,200,0.9966523235336484,0.861512938299445,-4.6589638204419526e-05,0.0,0.0
How do within-family activation hyperparameters tune the welfare-convergence tradeoff?,hyperparameter_root_power,a,0.8,nrd,root_power,a,0.8,0.5,3,3,3,1.0,11,True,2100,0.9929523516835951,0.8192542493167224,1.1332380136619413e-05,True,400,0.9936240634094857,0.8166786995937508,-4.674296943435463e-05,2.220446049250313e-16,1.1102230246251565e-16
How do within-family activation hyperparameters tune the welfare-convergence tradeoff?,hyperparameter_root_power,a,0.8,nrd,root_power,a,0.8,0.5,3,3,3,1.0,12,True,1700,0.9959609229973502,0.8530350069946194,4.6153355104383564e-07,True,400,0.9961969771559223,0.8522080957120286,-4.6617589013309146e-05,1.1102230246251565e-16,0.0
How do within-family activation hyperparameters tune the welfare-convergence tradeoff?,hyperparameter_root_power,a,0.8,nrd,root_power,a,0.8,0.5,3,3,3,1.0,14,True,700,0.998975680148338,0.9262740083091371,-2.7886463208115497e-05,True,100,0.9989067690644723,0.9266257340372205,-4.6387544748283105e-05,1.1102230246251565e-16,2.220446049250313e-16
How do within-family activation hyperparameters tune the welfare-convergence tradeoff?,hyperparameter_root_power,a,0.8,nrd,root_power,a,0.8,0.5,3,3,3,1.0,13,True,3600,0.9964193546653207,0.8363044596915695,5.801050380604966e-05,True,900,0.9968491451519126,0.8347819588738593,-4.2744066137689884e-05,1.1102230246251565e-16,2.220446049250313e-16
How do within-family activation hyperparameters tune the welfare-convergence tradeoff?,hyperparameter_root_power,a,0.8,nrd,root_power,a,0.8,0.5,3,3,3,1.0,15,True,1800,0.9967738326404489,0.8679622255074645,3.4283831454318126e-06,True,300,0.9971466338214203,0.8667187455000912,-4.653589787056989e-05,2.220446049250313e-16,2.220446049250313e-16
How do within-family activation hyperparameters tune the welfare-convergence tradeoff?,hyperparameter_root_power,a,0.8,nrd,root_power,a,0.8,0.5,3,3,3,1.0,16,True,2100,0.9950517880416277,0.8091824444349099,1.1088031820039035e-05,True,500,0.9957237920994947,0.8066985486840151,-4.725290259383064e-05,1.1102230246251565e-16,1.1102230246251565e-16
How do within-family activation hyperparameters tune the welfare-convergence tradeoff?,hyperparameter_root_power,a,0.8,nrd,root_power,a,0.8,0.5,3,3,3,1.0,17,True,1200,0.9954690480009414,0.8568451822485846,-1.4704393794195969e-05,True,200,0.9955507031689924,0.8566653703341242,-4.650098378167211e-05,1.1102230246251565e-16,2.220446049250313e-16
How do within-family activation hyperparameters tune the welfare-convergence tradeoff?,hyperparameter_root_power,a,0.8,nrd,root_power,a,0.8,0.5,3,3,3,1.0,18,True,1800,0.9978163867425743,0.8684664466239777,3.4511507118195617e-06,True,400,0.9980159397406241,0.867771094035699,-4.6871208115029095e-05,2.220446049250313e-16,2.220446049250313e-16
How do within-family activation hyperparameters tune the welfare-convergence tradeoff?,hyperparameter_root_power,a,0.8,nrd,root_power,a,0.8,0.5,3,3,3,1.0,19,True,1600,0.9973093497500078,0.9051724619733297,-3.981910459971427e-06,True,300,0.9976294353757975,0.9039560368130308,-4.6348832877074475e-05,1.1102230246251565e-16,1.1102230246251565e-16
How do within-family activation hyperparameters tune the welfare-convergence tradeoff?,hyperparameter_root_power,a,0.8,nrd,root_power,a,0.8,0.5,3,3,3,1.0,21,True,1800,0.9956730716926662,0.8609173740717467,3.152441589104882e-06,True,400,0.9958239880107022,0.860434568211954,-4.6556846774292726e-05,1.1102230246251565e-16,0.0
How do within-family activation hyperparameters tune the welfare-convergence tradeoff?,hyperparameter_root_power,a,0.8,nrd,root_power,a,0.8,0.5,3,3,3,1.0,20,True,2800,0.9969748364266113,0.8843151720839414,3.483839068801897e-05,True,700,0.9971496411852825,0.8838281902985391,-4.572688957465987e-05,0.0,1.1102230246251565e-16
How do within-family activation hyperparameters tune the welfare-convergence tradeoff?,hyperparameter_root_power,a,0.8,nrd,root_power,a,0.8,0.5,3,3,3,1.0,23,True,1600,0.9980999075406086,0.9235509849258051,-1.7945546100239795e-06,True,300,0.9982433716939811,0.9230097343990332,-4.6456344006740036e-05,2.220446049250313e-16,2.220446049250313e-16
How do within-family activation hyperparameters tune the welfare-convergence tradeoff?,hyperparameter_root_power,a,0.8,nrd,root_power,a,0.8,0.5,3,3,3,1.0,24,True,2000,0.99850306135613,0.9045231185169761,9.502605985867163e-06,True,400,0.9986048219719855,0.9042071065136321,-4.654007095145074e-05,0.0,2.220446049250313e-16
How do within-family activation hyperparameters tune the welfare-convergence tradeoff?,hyperparameter_root_power,a,0.8,nrd,root_power,a,0.8,0.5,3,3,3,1.0,22,True,3500,0.9966350797483235,0.8993600988571098,5.499915130779964e-05,True,800,0.9967718751465502,0.8990771674742278,-4.2319332461959736e-05,0.0,2.220446049250313e-16
How do within-family activation hyperparameters tune the welfare-convergence tradeoff?,hyperparameter_root_power,a,0.8,nrd,root_power,a,0.8,0.5,3,3,3,1.0,25,True,2400,0.9921375402583721,0.7909920182787888,1.989669722413101e-05,True,500,0.9931388984652124,0.7871897872780967,-4.729086744303945e-05,1.1102230246251565e-16,0.0
How do within-family activation hyperparameters tune the welfare-convergence tradeoff?,hyperparameter_root_power,a,0.8,nrd,root_power,a,0.8,0.5,3,3,3,1.0,26,True,1900,0.9981849897282982,0.8870596390889318,5.254703311585729e-06,True,400,0.9984191044484488,0.8861709103015883,-4.6702737260650995e-05,1.1102230246251565e-16,2.220446049250313e-16
How do within-family activation hyperparameters tune the welfare-convergence tradeoff?,hyperparameter_root_power,a,0.8,nrd,root_power,a,0.8,0.5,3,3,3,1.0,27,True,2000,0.9948903427220254,0.8504517569369375,1.0006970624421019e-05,True,400,0.9953933204560111,0.8486281197175766,-4.653686001704349e-05,1.1102230246251565e-16,2.220446049250313e-16
How do within-family activation hyperparameters tune the welfare-convergence tradeoff?,hyperparameter_root_power,a,0.8,nrd,root_power,a,0.8,0.5,3,3,3,1.0,30,True,1500,0.9965207185421273,0.893481422208319,-4.862455926291087e-06,True,300,0.9969083199092926,0.8919149476199978,-4.6463872934221495e-05,0.0,2.220446049250313e-16
How do within-family activation hyperparameters tune the welfare-convergence tradeoff?,hyperparameter_root_power,a,0.8,nrd,root_power,a,0.8,0.5,3,3,3,1.0,28,True,3500,0.9939229530401388,0.8244790717348943,5.334436972720402e-05,True,700,0.9942829418457582,0.8232799338701872,-4.576174507020525e-05,1.1102230246251565e-16,1.1102230246251565e-16
How do within-family activation hyperparameters tune the welfare-convergence tradeoff?,hyperparameter_root_power,a,0.8,nrd,root_power,a,0.8,0.5,3,3,3,1.0,29,True,2300,0.9935647861586577,0.8270759892046181,1.7976144577880326e-05,True,500,0.9945985817679435,0.8232689795368433,-4.681456917698945e-05,2.220446049250313e-16,2.220446049250313e-16
How do within-family activation hyperparameters tune the welfare-convergence tradeoff?,hyperparameter_root_power,a,0.8,nrd,root_power,a,0.8,0.5,3,3,3,1.0,32,True,1200,0.9971524026881131,0.885135607244622,-1.3565002778159752e-05,True,200,0.9971714062518339,0.8850583516819507,-4.6521918685704655e-05,1.1102230246251565e-16,1.1102230246251565e-16
How do within-family activation hyperparameters tune the welfare-convergence tradeoff?,hyperparameter_root_power,a,0.8,nrd,root_power,a,0.8,0.5,3,3,3,1.0,31,True,2400,0.9961855951057925,0.8550906080891504,2.1663775554459086e-05,True,500,0.9966956466013407,0.8532491202798301,-4.69701881529172e-05,0.0,2.220446049250313e-16
How do within-family activation hyperparameters tune the welfare-convergence tradeoff?,hyperparameter_root_power,a,0.8,nrd,root_power,a,0.8,0.5,3,3,3,1.0,33,True,1200,0.9966945550233262,0.8681625962200203,-1.3078013836320679e-05,True,300,0.9965750371844998,0.8687564832161844,-4.6520479419775995e-05,1.1102230246251565e-16,0.0
How do within-family activation hyperparameters tune the welfare-convergence tradeoff?,hyperparameter_root_power,a,0.8,nrd,root_power,a,0.8,0.5,3,3,3,1.0,34,True,1600,0.9952258366421354,0.8348561278344659,-3.1032868106906086e-06,True,300,0.9956076673333557,0.8336208855594753,-4.662461917520622e-05,1.1102230246251565e-16,1.1102230246251565e-16
How do within-family activation hyperparameters tune the welfare-convergence tradeoff?,hyperparameter_root_power,a,0.8,nrd,root_power,a,0.8,0.5,3,3,3,1.0,36,True,1100,0.9982812271503606,0.899825910229017,-1.6058410685249047e-05,True,200,0.9982772354501397,0.8999683260609572,-4.649755007712919e-05,0.0,0.0
How do within-family activation hyperparameters tune the welfare-convergence tradeoff?,hyperparameter_root_power,a,0.8,nrd,root_power,a,0.8,0.5,3,3,3,1.0,37,True,1800,0.9922458844615591,0.7984675915263861,3.3387490825376176e-06,True,400,0.9926098402462924,0.7972964895431538,-4.679909396010373e-05,1.1102230246251565e-16,0.0
How do within-family activation hyperparameters tune the welfare-convergence tradeoff?,hyperparameter_root_power,a,0.8,nrd,root_power,a,0.8,0.5,3,3,3,1.0,35,True,5000,0.9942406071557709,0.7765352518865715,9.91623676912523e-05,True,1200,0.9946280230622215,0.7755444583636691,-2.4215274886163485e-05,2.220446049250313e-16,1.1102230246251565e-16
How do within-family activation hyperparameters tune the welfare-convergence tradeoff?,hyperparameter_root_power,a,0.8,nrd,root_power,a,0.8,0.5,3,3,3,1.0,39,True,1400,0.9981189362433506,0.8948498812165658,-7.889803741834012e-06,True,200,0.9983461860091523,0.8939430239233297,-4.6496222643632734e-05,1.1102230246251565e-16,2.220446049250313e-16
How do within-family activation hyperparameters tune the welfare-convergence tradeoff?,hyperparameter_root_power,a,0.8,nrd,root_power,a,0.8,0.5,3,3,3,1.0,38,True,3000,0.9980616672636314,0.9171071464323045,4.0206915289942025e-05,True,700,0.9981925856435511,0.9167161163727456,-4.574551694153106e-05,2.220446049250313e-16,2.220446049250313e-16
How do within-family activation hyperparameters tune the welfare-convergence tradeoff?,hyperparameter_root_power,a,0.8,nrd,root_power,a,0.8,0.5,3,3,3,1.0,40,True,1600,0.9929968623993719,0.807201480961492,-4.301068626089144e-06,True,300,0.9929888816220983,0.8074032357617792,-4.652017457518198e-05,2.220446049250313e-16,0.0
How do within-family activation hyperparameters tune the welfare-convergence tradeoff?,hyperparameter_root_power,a,0.8,nrd,root_power,a,0.8,0.5,3,3,3,1.0,41,True,1300,0.9987072958244125,0.8961718307283763,-1.2582974843189376e-05,True,300,0.9988354538015197,0.895685286312221,-4.654486615329745e-05,1.1102230246251565e-16,1.1102230246251565e-16
How do within-family activation hyperparameters tune the welfare-convergence tradeoff?,hyperparameter_root_power,a,0.8,nrd,root_power,a,0.8,0.5,3,3,3,1.0,42,True,1400,0.9961375440390442,0.8515845303178139,-9.959023642536202e-06,True,300,0.996282348995631,0.8511128208808455,-4.6859967004264647e-05,0.0,1.1102230246251565e-16
How do within-family activation hyperparameters tune the welfare-convergence tradeoff?,hyperparameter_root_power,a,0.8,nrd,root_power,a,0.8,0.5,3,3,3,1.0,44,True,1400,0.9931743689963178,0.7906811806033535,-1.0333434922793483e-05,True,200,0.9936561909373091,0.7888532588326861,-4.718560350502887e-05,1.1102230246251565e-16,2.220446049250313e-16
How do within-family activation hyperparameters tune the welfare-convergence tradeoff?,hyperparameter_root_power,a,0.8,nrd,root_power,a,0.8,0.5,3,3,3,1.0,43,True,2400,0.9919190047804584,0.7805666754226048,1.8661016088383775e-05,True,400,0.9924705387285673,0.778837346380528,-4.718623910421327e-05,2.220446049250313e-16,1.1102230246251565e-16
How do within-family activation hyperparameters tune the welfare-convergence tradeoff?,hyperparameter_root_power,a,0.8,nrd,root_power,a,0.8,0.5,3,3,3,1.0,45,True,700,0.9989867351947449,0.9594278797082444,-2.821039930112068e-05,True,100,0.9990578644209255,0.9591148114545108,-4.619093330965329e-05,1.1102230246251565e-16,2.220446049250313e-16
How do within-family activation hyperparameters tune the welfare-convergence tradeoff?,hyperparameter_root_power,a,0.8,nrd,root_power,a,0.8,0.5,3,3,3,1.0,47,True,1600,0.9980005163683927,0.9175315754333327,-2.4223992867722366e-06,True,300,0.9981687646614701,0.9168589889743668,-4.6457222003915e-05,0.0,1.1102230246251565e-16
How do within-family activation hyperparameters tune the welfare-convergence tradeoff?,hyperparameter_root_power,a,0.8,nrd,root_power,a,0.8,0.5,3,3,3,1.0,46,True,1900,0.9968846312144736,0.8628255231973899,7.405019552542136e-06,True,400,0.9971209541636179,0.862059505440632,-4.667923894519088e-05,1.1102230246251565e-16,1.1102230246251565e-16
How do within-family activation hyperparameters tune the welfare-convergence tradeoff?,hyperparameter_root_power,a,0.8,nrd,root_power,a,0.8,0.5,3,3,3,1.0,48,True,800,0.9974537684321015,0.8835352237457023,-2.5396133956023803e-05,True,100,0.9972965940443921,0.8842124933821038,-4.644058707847787e-05,2.220446049250313e-16,2.220446049250313e-16
How do within-family activation hyperparameters tune the welfare-convergence tradeoff?,hyperparameter_root_power,a,0.8,nrd,root_power,a,0.8,0.5,3,3,3,1.0,51,True,1200,0.9976603957420838,0.8691773278742922,-1.420623091696882e-05,True,200,0.9978317216892844,0.8685522185738588,-4.6731110083186866e-05,1.1102230246251565e-16,2.220446049250313e-16
How do within-family activation hyperparameters tune the welfare-convergence tradeoff?,hyperparameter_root_power,a,0.8,nrd,root_power,a,0.8,0.5,3,3,3,1.0,50,True,1700,0.9972990363756673,0.8361686472054267,-9.059315590476125e-07,True,400,0.9974748753589407,0.8356135992664121,-4.6965714919966484e-05,2.220446049250313e-16,1.1102230246251565e-16
How do within-family activation hyperparameters tune the welfare-convergence tradeoff?,hyperparameter_root_power,a,0.8,nrd,root_power,a,0.8,0.5,3,3,3,1.0,49,True,2400,0.997089063276927,0.8409737079679891,1.9901550164957982e-05,True,500,0.9973373124022081,0.8401154838639394,-4.667365349214636e-05,2.220446049250313e-16,1.1102230246251565e-16
How do within-family activation hyperparameters tune the welfare-convergence tradeoff?,hyperparameter_root_power,a,0.8,nrd,root_power,a,0.8,0.5,3,3,3,1.0,53,True,2100,0.9958187941072111,0.8580380377278681,1.1014074758175507e-05,True,500,0.9962126798141464,0.8565152718899863,-4.6849359271849966e-05,1.1102230246251565e-16,2.220446049250313e-16
How do within-family activation hyperparameters tune the welfare-convergence tradeoff?,hyperparameter_root_power,a,0.8,nrd,root_power,a,0.8,0.5,3,3,3,1.0,54,True,1600,0.9961514861806963,0.8507835865404686,-3.1326399000941585e-06,True,300,0.9966445521347471,0.8488661788637591,-4.6706092037496205e-05,1.1102230246251565e-16,0.0
How do within-family activation hyperparameters tune the welfare-convergence tradeoff?,hyperparameter_root_power,a,0.8,nrd,root_power,a,0.8,0.5,3,3,3,1.0,52,True,3200,0.9968528297184001,0.8338884383133444,4.695616581651407e-05,True,800,0.9975082202855446,0.831893613864105,-4.5985211225119116e-05,1.1102230246251565e-16,0.0
How do within-family activation hyperparameters tune the welfare-convergence tradeoff?,hyperparameter_root_power,a,0.8,nrd,root_power,a,0.8,0.5,3,3,3,1.0,57,True,1300,0.9984166619703237,0.8801278146401991,-1.0813041954327307e-05,True,200,0.9985257939565569,0.8797483691568302,-4.681334888234634e-05,1.1102230246251565e-16,2.220446049250313e-16
How do within-family activation hyperparameters tune the welfare-convergence tradeoff?,hyperparameter_root_power,a,0.8,nrd,root_power,a,0.8,0.5,3,3,3,1.0,55,True,2000,0.9968930425215475,0.8511338618165164,8.21775724185736e-06,True,400,0.9970131725841128,0.8506956368170885,-4.6792467331968624e-05,1.1102230246251565e-16,2.220446049250313e-16
How do within-family activation hyperparameters tune the welfare-convergence tradeoff?,hyperparameter_root_power,a,0.8,nrd,root_power,a,0.8,0.5,3,3,3,1.0,56,False,,0.998215500328789,0.8942159936821389,0.00012157590675904162,True,1400,0.9984223232352236,0.8939634855565274,-1.6089678950004238e-05,1.1102230246251565e-16,1.1102230246251565e-16
How do within-family activation hyperparameters tune the welfare-convergence tradeoff?,hyperparameter_root_power,a,0.8,nrd,root_power,a,0.8,0.5,3,3,3,1.0,58,True,1400,0.9953603200397466,0.8307556524026992,-8.836258848066159e-06,True,200,0.9958013268878959,0.8289716757134459,-4.693511969711128e-05,0.0,1.1102230246251565e-16
How do within-family activation hyperparameters tune the welfare-convergence tradeoff?,hyperparameter_root_power,a,0.8,nrd,root_power,a,0.8,0.5,3,3,3,1.0,61,True,900,0.996971470703735,0.8808081217706025,-2.3013037337260567e-05,True,200,0.9969758535555935,0.8808710184442815,-4.661803719657742e-05,1.1102230246251565e-16,2.220446049250313e-16
How do within-family activation hyperparameters tune the welfare-convergence tradeoff?,hyperparameter_root_power,a,0.8,nrd,root_power,a,0.8,0.5,3,3,3,1.0,62,True,800,0.9953789459038861,0.8413913910443743,-2.5992501086591346e-05,True,200,0.9952047171351793,0.8421469131124647,-4.6978519160245646e-05,1.1102230246251565e-16,1.1102230246251565e-16
How do within-family activation hyperparameters tune the welfare-convergence tradeoff?,hyperparameter_root_power,a,0.8,nrd,root_power,a,0.8,0.5,3,3,3,1.0,60,True,3200,0.9961494885116648,0.8739302964457658,4.331845772798104e-05,True,600,0.9964840019190828,0.8727970809150611,-4.6729034578807394e-05,2.220446049250313e-16,1.1102230246251565e-16
How do within-family activation hyperparameters tune the welfare-convergence tradeoff?,hyperparameter_root_power,a,0.8,nrd,root_power,a,0.8,0.5,3,3,3,1.0,59,True,3100,0.9949182922041956,0.8148816291993551,4.176127647359529e-05,True,700,0.9955565790280783,0.8128954398662271,-4.691789944955005e-05,1.1102230246251565e-16,2.220446049250313e-16
How do within-family activation hyperparameters tune the welfare-convergence tradeoff?,hyperparameter_root_power,a,0.8,nrd,root_power,a,0.8,0.5,3,3,3,1.0,63,True,1500,0.9986606042418461,0.9114631620534986,-4.655351068749702e-06,True,300,0.9987788708935472,0.9110271806756719,-4.648240558274841e-05,2.220446049250313e-16,0.0
How do within-family activation hyperparameters tune the welfare-convergence tradeoff?,hyperparameter_root_power,a,0.8,nrd,root_power,a,0.8,0.5,3,3,3,1.0,64,True,1300,0.9912304432869461,0.7640921881291861,-1.1354655617912268e-05,True,300,0.9916337807256316,0.762608986011816,-4.7617771569474776e-05,2.220446049250313e-16,1.1102230246251565e-16
How do within-family activation hyperparameters tune the welfare-convergence tradeoff?,hyperparameter_root_power,a,0.8,nrd,root_power,a,0.8,0.5,3,3,3,1.0,68,True,1300,0.9976188839075403,0.8612226593411858,-1.0235166801264572e-05,True,300,0.9975832078724852,0.8614658663696294,-4.669673856966261e-05,2.220446049250313e-16,0.0
How do within-family activation hyperparameters tune the welfare-convergence tradeoff?,hyperparameter_root_power,a,0.8,nrd,root_power,a,0.8,0.5,3,3,3,1.0,67,True,1600,0.9964288617611147,0.8433375453868722,-4.656547205439399e-06,True,300,0.9968486591419573,0.8418158437679804,-4.6934963226719084e-05,1.1102230246251565e-16,2.220446049250313e-16
How do within-family activation hyperparameters tune the welfare-convergence tradeoff?,hyperparameter_root_power,a,0.8,nrd,root_power,a,0.8,0.5,3,3,3,1.0,66,True,2100,0.9975332256430072,0.8688782462803096,1.1059638998001109e-05,True,500,0.9977153992149336,0.8682349107714867,-4.677990061385806e-05,1.1102230246251565e-16,0.0
How do within-family activation hyperparameters tune the welfare-convergence tradeoff?,hyperparameter_root_power,a,0.8,nrd,root_power,a,0.8,0.5,3,3,3,1.0,65,True,2400,0.996039464424636,0.8363273469070992,2.2024063213277323e-05,True,500,0.9965740526384647,0.8343113288355758,-4.694437905000681e-05,1.1102230246251565e-16,2.220446049250313e-16
How do within-family activation hyperparameters tune the welfare-convergence tradeoff?,hyperparameter_root_power,a,0.8,nrd,root_power,a,0.8,0.5,3,3,3,1.0,69,True,3000,0.9967369494650142,0.884083057021232,4.070345818613097e-05,True,700,0.9971540551390685,0.8825639480518066,-4.6216052529857166e-05,0.0,2.220446049250313e-16
How do within-family activation hyperparameters tune the welfare-convergence tradeoff?,hyperparameter_root_power,a,0.8,nrd,root_power,a,0.8,0.5,3,3,3,1.0,71,True,1600,0.995491729160654,0.8693362078143085,-2.458657977322254e-06,True,300,0.9958379716558414,0.86811423422414,-4.6297215952950665e-05,0.0,1.1102230246251565e-16
How do within-family activation hyperparameters tune the welfare-convergence tradeoff?,hyperparameter_root_power,a,0.8,nrd,root_power,a,0.8,0.5,3,3,3,1.0,70,True,4900,0.9952175937762276,0.8510726752941592,9.426345730340069e-05,True,1200,0.9953953437554622,0.8509451359327894,-2.547911215816656e-05,1.1102230246251565e-16,2.220446049250313e-16
How do within-family activation hyperparameters tune the welfare-convergence tradeoff?,hyperparameter_root_power,a,0.8,nrd,root_power,a,0.8,0.5,3,3,3,1.0,72,True,2100,0.9948589701999859,0.8596953206690897,1.3282249209212171e-05,True,500,0.995659462646632,0.8564526102290517,-4.68123941569365e-05,2.220446049250313e-16,1.1102230246251565e-16
How do within-family activation hyperparameters tune the welfare-convergence tradeoff?,hyperparameter_root_power,a,0.8,nrd,root_power,a,0.8,0.5,3,3,3,1.0,74,True,3200,0.997651826299788,0.8726717741390889,4.616752909525346e-05,True,700,0.9979915919342909,0.8714368101111564,-4.585166986037503e-05,1.1102230246251565e-16,0.0
How do within-family activation hyperparameters tune the welfare-convergence tradeoff?,hyperparameter_root_power,a,0.8,nrd,root_power,a,0.8,0.5,3,3,3,1.0,73,True,3900,0.995719489910462,0.8508163430985428,6.707137159239762e-05,True,900,0.9959702874876444,0.8501765927970156,-3.906123729630062e-05,1.1102230246251565e-16,2.220446049250313e-16
How do within-family activation hyperparameters tune the welfare-convergence tradeoff?,hyperparameter_root_power,a,0.8,nrd,root_power,a,0.8,0.5,3,3,3,1.0,75,True,1400,0.9955385200830649,0.8207990039318706,-7.840937404579584e-06,True,200,0.9955733922455723,0.8207619646884502,-4.700620460634797e-05,1.1102230246251565e-16,2.220446049250313e-16
How do within-family activation hyperparameters tune the welfare-convergence tradeoff?,hyperparameter_root_power,a,0.8,nrd,root_power,a,0.8,0.5,3,3,3,1.0,77,True,1400,0.9977477595685336,0.8661250651285947,-8.213207218055185e-06,True,300,0.9980527949684997,0.8648770583062412,-4.6740854116822383e-05,1.1102230246251565e-16,2.220446049250313e-16
How do within-family activation hyperparameters tune the welfare-convergence tradeoff?,hyperparameter_root_power,a,0.8,nrd,root_power,a,0.8,0.5,3,3,3,1.0,78,True,900,0.9979650474326908,0.8910951773007567,-2.2543730171353804e-05,True,100,0.9980490626230051,0.8907493830657227,-4.637251694739053e-05,2.220446049250313e-16,1.1102230246251565e-16
How do within-family activation hyperparameters tune the welfare-convergence tradeoff?,hyperparameter_root_power,a,0.8,nrd,root_power,a,0.8,0.5,3,3,3,1.0,76,True,2400,0.991831221525516,0.8048406842527501,2.245873175732438e-05,True,600,0.9916967394451174,0.8054427800295682,-4.646236998323561e-05,1.1102230246251565e-16,2.220446049250313e-16
How do within-family activation hyperparameters tune the welfare-convergence tradeoff?,hyperparameter_root_power,a,0.8,nrd,root_power,a,0.8,0.5,3,3,3,1.0,81,True,1300,0.994550826319839,0.8265382770376845,-1.013000331812064e-05,True,200,0.9948423237615543,0.82541652147269,-4.6654207684238e-05,2.220446049250313e-16,1.1102230246251565e-16
How do within-family activation hyperparameters tune the welfare-convergence tradeoff?,hyperparameter_root_power,a,0.8,nrd,root_power,a,0.8,0.5,3,3,3,1.0,80,True,3200,0.9965444913198666,0.8861432360737633,4.301877708995372e-05,True,600,0.9970203634627565,0.8844933195447263,-4.6448859006120724e-05,2.220446049250313e-16,2.220446049250313e-16
How do within-family activation hyperparameters tune the welfare-convergence tradeoff?,hyperparameter_root_power,a,0.8,nrd,root_power,a,0.8,0.5,3,3,3,1.0,79,True,3300,0.9929335509940492,0.7887636676299138,4.871846597204188e-05,True,700,0.9936894336559906,0.786101438851922,-4.595091168935195e-05,2.220446049250313e-16,1.1102230246251565e-16
How do within-family activation hyperparameters tune the welfare-convergence tradeoff?,hyperparameter_root_power,a,0.8,nrd,root_power,a,0.8,0.5,3,3,3,1.0,82,True,1100,0.9938185573614768,0.7912263106561349,-1.7984425496941903e-05,True,200,0.9937570792154367,0.7915590925339061,-4.7020231786210065e-05,2.220446049250313e-16,0.0
How do within-family activation hyperparameters tune the welfare-convergence tradeoff?,hyperparameter_root_power,a,0.8,nrd,root_power,a,0.8,0.5,3,3,3,1.0,84,True,1100,0.9982319535055825,0.9315161710069976,-1.6331434495031605e-05,True,200,0.9981891582597601,0.931735091746677,-4.620202223809544e-05,1.1102230246251565e-16,2.220446049250313e-16
How do within-family activation hyperparameters tune the welfare-convergence tradeoff?,hyperparameter_root_power,a,0.8,nrd,root_power,a,0.8,0.5,3,3,3,1.0,83,True,2200,0.9976669917593305,0.924218286230181,1.459129306763396e-05,True,500,0.998061470516091,0.9225385182184365,-4.642493579781748e-05,2.220446049250313e-16,2.220446049250313e-16
How do within-family activation hyperparameters tune the welfare-convergence tradeoff?,hyperparameter_root_power,a,0.8,nrd,root_power,a,0.8,0.5,3,3,3,1.0,86,True,1300,0.9980189770147251,0.8883607097901475,-1.2692159932214953e-05,True,300,0.9981851841824977,0.8877469581264048,-4.650684276324979e-05,1.1102230246251565e-16,1.1102230246251565e-16
How do within-family activation hyperparameters tune the welfare-convergence tradeoff?,hyperparameter_root_power,a,0.8,nrd,root_power,a,0.8,0.5,3,3,3,1.0,87,True,1200,0.9985461979914486,0.8615106599289551,-1.484604338580775e-05,True,200,0.9985768539670227,0.8614937272086389,-4.682221348850657e-05,2.220446049250313e-16,1.1102230246251565e-16
How do within-family activation hyperparameters tune the welfare-convergence tradeoff?,hyperparameter_root_power,a,0.8,nrd,root_power,a,0.8,0.5,3,3,3,1.0,85,True,3000,0.9982358566778097,0.8608241899209151,3.8208536486505906e-05,True,700,0.9984258049211241,0.8601903790752887,-4.597007206508241e-05,1.1102230246251565e-16,2.220446049250313e-16
How do within-family activation hyperparameters tune the welfare-convergence tradeoff?,hyperparameter_root_power,a,0.8,nrd,root_power,a,0.8,0.5,3,3,3,1.0,88,True,1500,0.9972217910816522,0.8792311901929377,-4.5188264315987325e-06,True,200,0.9974838667850384,0.8782084021687845,-4.648698101972215e-05,0.0,1.1102230246251565e-16
How do within-family activation hyperparameters tune the welfare-convergence tradeoff?,hyperparameter_root_power,a,0.8,nrd,root_power,a,0.8,0.5,3,3,3,1.0,90,True,1300,0.9980384667734608,0.874775182581688,-1.2230044275751695e-05,True,300,0.9980655158788517,0.8747199833192819,-4.6577092029653766e-05,0.0,2.220446049250313e-16
How do within-family activation hyperparameters tune the welfare-convergence tradeoff?,hyperparameter_root_power,a,0.8,nrd,root_power,a,0.8,0.5,3,3,3,1.0,89,True,2900,0.9977860189393128,0.8689130020746075,3.68359359200765e-05,True,700,0.9980509583464942,0.8680523961066373,-4.6520393329752e-05,1.1102230246251565e-16,2.220446049250313e-16
How do within-family activation hyperparameters tune the welfare-convergence tradeoff?,hyperparameter_root_power,a,0.8,nrd,root_power,a,0.8,0.5,3,3,3,1.0,91,True,900,0.9970029556646082,0.8401618622695041,-2.305640092592487e-05,True,100,0.9970302706089155,0.8400903769693103,-4.6949994900846725e-05,2.220446049250313e-16,1.1102230246251565e-16
How do within-family activation hyperparameters tune the welfare-convergence tradeoff?,hyperparameter_root_power,a,0.8,nrd,root_power,a,0.8,0.5,3,3,3,1.0,93,True,1500,0.9950843867038696,0.7766068707995121,-6.664422585345164e-06,True,300,0.9952793566457576,0.7759280660948212,-4.7414182804905725e-05,1.1102230246251565e-16,2.220446049250313e-16
How do within-family activation hyperparameters tune the welfare-convergence tradeoff?,hyperparameter_root_power,a,0.8,nrd,root_power,a,0.8,0.5,3,3,3,1.0,94,True,1700,0.9954793060985575,0.8372608540141595,-1.2591372106074417e-07,True,300,0.9958151502891573,0.8360483471646191,-4.6822184037176307e-05,0.0,0.0
How do within-family activation hyperparameters tune the welfare-convergence tradeoff?,hyperparameter_root_power,a,0.8,nrd,root_power,a,0.8,0.5,3,3,3,1.0,95,True,1100,0.9983067700470576,0.918573142634992,-1.749661773875477e-05,True,200,0.9983764733347873,0.9183398210994703,-4.6358961066861326e-05,2.220446049250313e-16,1.1102230246251565e-16
How do within-family activation hyperparameters tune the welfare-convergence tradeoff?,hyperparameter_root_power,a,0.8,nrd,root_power,a,0.8,0.5,3,3,3,1.0,96,True,1700,0.997680246170601,0.8721563422543225,1.5470374638559825e-06,True,400,0.9976642232731986,0.8723774674356847,-4.662583847281354e-05,0.0,1.1102230246251565e-16
How do within-family activation hyperparameters tune the welfare-convergence tradeoff?,hyperparameter_root_power,a,0.8,nrd,root_power,a,0.8,0.5,3,3,3,1.0,92,False,,0.9962881896990188,0.8846375797003496,0.00010528380222335487,True,1200,0.9970708941010324,0.8820879254221504,-2.790501864580186e-05,2.220446049250313e-16,1.1102230246251565e-16
How do within-family activation hyperparameters tune the welfare-convergence tradeoff?,hyperparameter_root_power,a,0.8,nrd,root_power,a,0.8,0.5,3,3,3,1.0,97,True,2400,0.9941790865615427,0.8046965254941055,1.946946312775255e-05,True,400,0.9946426021282012,0.8031536913261933,-4.676776522527515e-05,1.1102230246251565e-16,1.1102230246251565e-16
How do within-family activation hyperparameters tune the welfare-convergence tradeoff?,hyperparameter_root_power,a,0.8,nrd,root_power,a,0.8,0.5,3,3,3,1.0,98,True,2300,0.9970005951708433,0.8777860245850504,1.8750064903760855e-05,True,500,0.9974875946029479,0.8759857810923174,-4.6706805973906196e-05,2.220446049250313e-16,2.220446049250313e-16
How do within-family activation hyperparameters tune the welfare-convergence tradeoff?,hyperparameter_root_power,a,0.8,nrd,root_power,a,0.8,0.5,3,3,3,1.0,99,True,1000,0.9984760647502754,0.9237022692029823,-2.076053980920589e-05,True,200,0.9984503159195408,0.9238463149164745,-4.63657598290812e-05,1.1102230246251565e-16,2.220446049250313e-16
How do within-family activation hyperparameters tune the welfare-convergence tradeoff?,hyperparameter_root_power,a,0.9,nrd,root_power,a,0.9,0.5,3,3,3,1.0,1,True,1400,0.9988783998944986,0.84711081303717,-5.840711587656866e-06,True,300,0.9988994158241697,0.8470868532472658,-4.379375883833969e-05,2.220446049250313e-16,2.220446049250313e-16
How do within-family activation hyperparameters tune the welfare-convergence tradeoff?,hyperparameter_root_power,a,0.9,nrd,root_power,a,0.9,0.5,3,3,3,1.0,0,True,3200,0.9980816508491273,0.7970657940915974,4.411453704555868e-05,True,700,0.9985670454228469,0.7944515747679044,-4.2922379410392786e-05,1.1102230246251565e-16,0.0
How do within-family activation hyperparameters tune the welfare-convergence tradeoff?,hyperparameter_root_power,a,0.9,nrd,root_power,a,0.9,0.5,3,3,3,1.0,2,True,2300,0.9982202919256036,0.8400003605363259,1.773482725336839e-05,True,500,0.9986522146038657,0.8369220809133049,-4.37750234910661e-05,1.1102230246251565e-16,0.0
How do within-family activation hyperparameters tune the welfare-convergence tradeoff?,hyperparameter_root_power,a,0.9,nrd,root_power,a,0.9,0.5,3,3,3,1.0,3,True,2100,0.9993452341083482,0.9093725919776926,1.1466009534610855e-05,True,400,0.9996122159348321,0.9074603242055943,-4.3618640749587545e-05,1.1102230246251565e-16,2.220446049250313e-16
How do within-family activation hyperparameters tune the welfare-convergence tradeoff?,hyperparameter_root_power,a,0.9,nrd,root_power,a,0.9,0.5,3,3,3,1.0,4,True,2200,0.9984814826664756,0.8432438200923569,1.4905622514604921e-05,True,500,0.9987054745547398,0.8415632883281737,-4.3794780913708475e-05,1.1102230246251565e-16,1.1102230246251565e-16
How do within-family activation hyperparameters tune the welfare-convergence tradeoff?,hyperparameter_root_power,a,0.9,nrd,root_power,a,0.9,0.5,3,3,3,1.0,6,True,1000,0.9992183494597119,0.8080294267162972,-1.7919794352783125e-05,True,100,0.9992012925587449,0.808294999042848,-4.392581989814959e-05,1.1102230246251565e-16,1.1102230246251565e-16
How do within-family activation hyperparameters tune the welfare-convergence tradeoff?,hyperparameter_root_power,a,0.9,nrd,root_power,a,0.9,0.5,3,3,3,1.0,5,True,3200,0.9976242556230478,0.8120041453736108,4.521384210132151e-05,True,600,0.99829917273851,0.807911559084086,-4.357107219998824e-05,0.0,2.220446049250313e-16
How do within-family activation hyperparameters tune the welfare-convergence tradeoff?,hyperparameter_root_power,a,0.9,nrd,root_power,a,0.9,0.5,3,3,3,1.0,8,True,1700,0.9985356272890564,0.8379826579672826,1.0373227660176454e-06,True,400,0.9986011414704424,0.8375589709620721,-4.366590755361388e-05,0.0,1.1102230246251565e-16
How do within-family activation hyperparameters tune the welfare-convergence tradeoff?,hyperparameter_root_power,a,0.9,nrd,root_power,a,0.9,0.5,3,3,3,1.0,9,True,2700,0.9982335475749978,0.7925843271474108,3.145888068228908e-05,True,600,0.9984480597242141,0.7916578178984878,-4.4057044781831145e-05,0.0,1.1102230246251565e-16
How do within-family activation hyperparameters tune the welfare-convergence tradeoff?,hyperparameter_root_power,a,0.9,nrd,root_power,a,0.9,0.5,3,3,3,1.0,7,False,,0.9989560857812435,0.8810435436988916,0.00012893983908590645,True,1400,0.9992863814743332,0.8793616417511526,-1.2644630179192706e-05,1.1102230246251565e-16,0.0
How do within-family activation hyperparameters tune the welfare-convergence tradeoff?,hyperparameter_root_power,a,0.9,nrd,root_power,a,0.9,0.5,3,3,3,1.0,10,True,1700,0.9986979944305417,0.8497404734352353,1.7151943431104044e-06,True,300,0.9989392673304268,0.8480712230839806,-4.368510604768616e-05,2.220446049250313e-16,1.1102230246251565e-16
How do within-family activation hyperparameters tune the welfare-convergence tradeoff?,hyperparameter_root_power,a,0.9,nrd,root_power,a,0.9,0.5,3,3,3,1.0,12,True,1900,0.9985949568837931,0.8386018037440999,6.430344871855009e-06,True,400,0.99877136567425,0.8375055164439923,-4.3704573562119986e-05,2.220446049250313e-16,0.0
How do within-family activation hyperparameters tune the welfare-convergence tradeoff?,hyperparameter_root_power,a,0.9,nrd,root_power,a,0.9,0.5,3,3,3,1.0,11,True,2900,0.9973632357755725,0.7967836892414079,3.501038721676064e-05,True,600,0.9979544762365763,0.7927744625600172,-4.3799476067640786e-05,0.0,1.1102230246251565e-16
How do within-family activation hyperparameters tune the welfare-convergence tradeoff?,hyperparameter_root_power,a,0.9,nrd,root_power,a,0.9,0.5,3,3,3,1.0,14,True,700,0.9997131074423424,0.9213616415754383,-2.4708697744846297e-05,True,100,0.9996772408561284,0.9217503960051993,-4.35553063821148e-05,0.0,2.220446049250313e-16
How do within-family activation hyperparameters tune the welfare-convergence tradeoff?,hyperparameter_root_power,a,0.9,nrd,root_power,a,0.9,0.5,3,3,3,1.0,13,False,,0.9985378190266695,0.8251887710419402,0.00013777422699934316,True,1500,0.9989568113005506,0.8230232227091413,-9.516404184339855e-06,2.220446049250313e-16,1.1102230246251565e-16
How do within-family activation hyperparameters tune the welfare-convergence tradeoff?,hyperparameter_root_power,a,0.9,nrd,root_power,a,0.9,0.5,3,3,3,1.0,15,True,2400,0.9987525691573055,0.8576966303154493,2.1836808310193856e-05,True,500,0.9990710458957872,0.8557395799139601,-4.361960940146847e-05,2.220446049250313e-16,1.1102230246251565e-16
How do within-family activation hyperparameters tune the welfare-convergence tradeoff?,hyperparameter_root_power,a,0.9,nrd,root_power,a,0.9,0.5,3,3,3,1.0,17,True,1300,0.9984861668401032,0.8400310279303481,-1.0323668485634485e-05,True,200,0.9985637194739068,0.8396772934255514,-4.360457936769535e-05,2.220446049250313e-16,2.220446049250313e-16
How do within-family activation hyperparameters tune the welfare-convergence tradeoff?,hyperparameter_root_power,a,0.9,nrd,root_power,a,0.9,0.5,3,3,3,1.0,16,True,3200,0.997994438459083,0.7954906884388393,4.580399301290505e-05,True,700,0.9986154669376225,0.7915064016286301,-4.3319347969361655e-05,0.0,0.0
How do within-family activation hyperparameters tune the welfare-convergence tradeoff?,hyperparameter_root_power,a,0.9,nrd,root_power,a,0.9,0.5,3,3,3,1.0,18,True,2200,0.9992517684018061,0.860423723059931,1.5315843115537575e-05,True,500,0.9994016675834545,0.8594932165117125,-4.3851091947821885e-05,1.1102230246251565e-16,2.220446049250313e-16
How do within-family activation hyperparameters tune the welfare-convergence tradeoff?,hyperparameter_root_power,a,0.9,nrd,root_power,a,0.9,0.5,3,3,3,1.0,19,True,2200,0.9990099984660341,0.895752625177534,1.419918170375567e-05,True,500,0.9992627869638023,0.8940032968216137,-4.355245037490629e-05,1.1102230246251565e-16,2.220446049250313e-16
How do within-family activation hyperparameters tune the welfare-convergence tradeoff?,hyperparameter_root_power,a,0.9,nrd,root_power,a,0.9,0.5,3,3,3,1.0,21,True,1900,0.9985252709136702,0.8450719950121681,8.54525677707052e-06,True,400,0.9986681754406656,0.8442474925649259,-4.367074544381344e-05,1.1102230246251565e-16,1.1102230246251565e-16
How do within-family activation hyperparameters tune the welfare-convergence tradeoff?,hyperparameter_root_power,a,0.9,nrd,root_power,a,0.9,0.5,3,3,3,1.0,20,True,3000,0.9989101285076468,0.8735340097874764,4.013379773648573e-05,True,700,0.9990666295223258,0.8728442881466153,-4.24108283956226e-05,1.1102230246251565e-16,1.1102230246251565e-16
How do within-family activation hyperparameters tune the welfare-convergence tradeoff?,hyperparameter_root_power,a,0.9,nrd,root_power,a,0.9,0.5,3,3,3,1.0,23,True,1800,0.9993700375277794,0.9159057592808549,5.260697501563438e-06,True,400,0.9994827426523039,0.9151859323228271,-4.36086989745732e-05,1.1102230246251565e-16,1.1102230246251565e-16
How do within-family activation hyperparameters tune the welfare-convergence tradeoff?,hyperparameter_root_power,a,0.9,nrd,root_power,a,0.9,0.5,3,3,3,1.0,24,True,2300,0.9995021132011567,0.8984562842524916,1.8791007944551907e-05,True,500,0.9995851076553823,0.8980199271387708,-4.36498890119541e-05,2.220446049250313e-16,1.1102230246251565e-16
How do within-family activation hyperparameters tune the welfare-convergence tradeoff?,hyperparameter_root_power,a,0.9,nrd,root_power,a,0.9,0.5,3,3,3,1.0,22,True,3900,0.9988606932968821,0.8860411793769442,6.441407266088994e-05,True,900,0.9989938664236152,0.8856985289573305,-3.6539740010721466e-05,1.1102230246251565e-16,2.220446049250313e-16
How do within-family activation hyperparameters tune the welfare-convergence tradeoff?,hyperparameter_root_power,a,0.9,nrd,root_power,a,0.9,0.5,3,3,3,1.0,26,True,2400,0.9993396168880726,0.8806948007408044,2.0165117551318446e-05,True,500,0.9995273794279985,0.8794331844839874,-4.3741284130704994e-05,1.1102230246251565e-16,1.1102230246251565e-16
How do within-family activation hyperparameters tune the welfare-convergence tradeoff?,hyperparameter_root_power,a,0.9,nrd,root_power,a,0.9,0.5,3,3,3,1.0,25,True,3800,0.9967509703275277,0.7691698675264417,6.272223953118772e-05,True,900,0.997747701417346,0.7626806236414195,-3.954866876687557e-05,0.0,2.220446049250313e-16
How do within-family activation hyperparameters tune the welfare-convergence tradeoff?,hyperparameter_root_power,a,0.9,nrd,root_power,a,0.9,0.5,3,3,3,1.0,27,True,3200,0.9980466232882778,0.8337896741074685,4.552897703169467e-05,True,700,0.9985208820113809,0.8307864851573488,-4.329778316375377e-05,1.1102230246251565e-16,1.1102230246251565e-16
How do within-family activation hyperparameters tune the welfare-convergence tradeoff?,hyperparameter_root_power,a,0.9,nrd,root_power,a,0.9,0.5,3,3,3,1.0,30,True,1800,0.9987791323454638,0.8809032317208082,5.380554285006056e-06,True,400,0.9990638785459641,0.8787961418029507,-4.361577979516973e-05,0.0,0.0
How do within-family activation hyperparameters tune the welfare-convergence tradeoff?,hyperparameter_root_power,a,0.9,nrd,root_power,a,0.9,0.5,3,3,3,1.0,28,True,4600,0.9978361546270338,0.8031010016244365,8.195100182123438e-05,True,1000,0.9981870727359878,0.8011317586323866,-3.963551988106495e-05,0.0,2.220446049250313e-16
How do within-family activation hyperparameters tune the welfare-convergence tradeoff?,hyperparameter_root_power,a,0.9,nrd,root_power,a,0.9,0.5,3,3,3,1.0,29,True,3500,0.997310717220838,0.8095185088139454,5.305609556827129e-05,True,800,0.9982379664240878,0.8036463681286409,-4.1326769079363945e-05,0.0,0.0
How do within-family activation hyperparameters tune the welfare-convergence tradeoff?,hyperparameter_root_power,a,0.9,nrd,root_power,a,0.9,0.5,3,3,3,1.0,32,True,1300,0.9991192173246471,0.873368773228712,-8.253455856588321e-06,True,300,0.9991420475850659,0.8732289695225237,-4.364693158365185e-05,0.0,1.1102230246251565e-16
How do within-family activation hyperparameters tune the welfare-convergence tradeoff?,hyperparameter_root_power,a,0.9,nrd,root_power,a,0.9,0.5,3,3,3,1.0,33,True,1200,0.9989739131056193,0.8545210886724517,-1.1617597817759062e-05,True,300,0.9989127500131849,0.8551693002996462,-4.364562692255047e-05,0.0,0.0
How do within-family activation hyperparameters tune the welfare-convergence tradeoff?,hyperparameter_root_power,a,0.9,nrd,root_power,a,0.9,0.5,3,3,3,1.0,31,True,3000,0.9985177914727842,0.8424853450096892,3.9046076821869224e-05,True,700,0.9989799246742292,0.839643995667863,-4.324458255328123e-05,1.1102230246251565e-16,2.220446049250313e-16
How do within-family activation hyperparameters tune the welfare-convergence tradeoff?,hyperparameter_root_power,a,0.9,nrd,root_power,a,0.9,0.5,3,3,3,1.0,34,True,2700,0.9981149606665962,0.8200547506605224,2.8972595385368116e-05,True,600,0.9985158015653238,0.8176898119041814,-4.369632937334389e-05,1.1102230246251565e-16,2.220446049250313e-16
How do within-family activation hyperparameters tune the welfare-convergence tradeoff?,hyperparameter_root_power,a,0.9,nrd,root_power,a,0.9,0.5,3,3,3,1.0,36,True,1200,0.9994661280921414,0.8922355293597395,-1.115506014603973e-05,True,200,0.9994747984917711,0.8923639421612256,-4.362043535960369e-05,2.220446049250313e-16,1.1102230246251565e-16
How do within-family activation hyperparameters tune the welfare-convergence tradeoff?,hyperparameter_root_power,a,0.9,nrd,root_power,a,0.9,0.5,3,3,3,1.0,35,False,,0.9977775194805242,0.757757125641061,0.00019938948111442034,True,1900,0.9981540317121698,0.7564628105830216,1.5267622475556575e-05,0.0,1.1102230246251565e-16
How do within-family activation hyperparameters tune the welfare-convergence tradeoff?,hyperparameter_root_power,a,0.9,nrd,root_power,a,0.9,0.5,3,3,3,1.0,37,True,2300,0.9972092835012123,0.772877571774492,1.7902444834128062e-05,True,500,0.9975380990357218,0.7709974673121227,-4.3841345649220376e-05,2.220446049250313e-16,2.220446049250313e-16
How do within-family activation hyperparameters tune the welfare-convergence tradeoff?,hyperparameter_root_power,a,0.9,nrd,root_power,a,0.9,0.5,3,3,3,1.0,39,True,1600,0.9993378104092315,0.887920457285702,-1.0436165829852406e-06,True,300,0.9995018929444707,0.8867226761259716,-4.3643834283735305e-05,2.220446049250313e-16,2.220446049250313e-16
How do within-family activation hyperparameters tune the welfare-convergence tradeoff?,hyperparameter_root_power,a,0.9,nrd,root_power,a,0.9,0.5,3,3,3,1.0,38,True,3900,0.9993193027928792,0.9095125780121713,6.365359393345482e-05,True,900,0.9994554933850532,0.9089294080662093,-3.7183775975446753e-05,2.220446049250313e-16,1.1102230246251565e-16
How do within-family activation hyperparameters tune the welfare-convergence tradeoff?,hyperparameter_root_power,a,0.9,nrd,root_power,a,0.9,0.5,3,3,3,1.0,40,True,2100,0.9975505320014573,0.7838090443146651,1.2963592406434188e-05,True,500,0.9976012346148884,0.7837902851695757,-4.363884607155866e-05,2.220446049250313e-16,0.0
How do within-family activation hyperparameters tune the welfare-convergence tradeoff?,hyperparameter_root_power,a,0.9,nrd,root_power,a,0.9,0.5,3,3,3,1.0,41,True,1500,0.9995509879717127,0.8913781196038971,-4.011266475645314e-06,True,300,0.9996447961624957,0.8907348505152188,-4.3639134872042185e-05,2.220446049250313e-16,0.0
How do within-family activation hyperparameters tune the welfare-convergence tradeoff?,hyperparameter_root_power,a,0.9,nrd,root_power,a,0.9,0.5,3,3,3,1.0,42,True,1700,0.998685782041822,0.8371454371336058,2.0958613299315587e-06,True,400,0.9988158453104706,0.8363649213107648,-4.38443518063214e-05,2.220446049250313e-16,1.1102230246251565e-16
How do within-family activation hyperparameters tune the welfare-convergence tradeoff?,hyperparameter_root_power,a,0.9,nrd,root_power,a,0.9,0.5,3,3,3,1.0,44,True,1600,0.9975875568078443,0.7679237260084836,-1.8690916370189825e-06,True,300,0.9979398360712434,0.7654819956075811,-4.408044784631748e-05,2.220446049250313e-16,1.1102230246251565e-16
How do within-family activation hyperparameters tune the welfare-convergence tradeoff?,hyperparameter_root_power,a,0.9,nrd,root_power,a,0.9,0.5,3,3,3,1.0,43,True,3500,0.9969123617166806,0.756516133858603,5.265065691212323e-05,True,700,0.9974508366889391,0.7535696751893118,-4.407832665892508e-05,2.220446049250313e-16,1.1102230246251565e-16
How do within-family activation hyperparameters tune the welfare-convergence tradeoff?,hyperparameter_root_power,a,0.9,nrd,root_power,a,0.9,0.5,3,3,3,1.0,45,True,700,0.999679745018204,0.9551769803552878,-2.4870541395605184e-05,True,100,0.9997251822953888,0.9548024563322891,-4.3446120459922355e-05,2.220446049250313e-16,1.1102230246251565e-16
How do within-family activation hyperparameters tune the welfare-convergence tradeoff?,hyperparameter_root_power,a,0.9,nrd,root_power,a,0.9,0.5,3,3,3,1.0,47,True,1900,0.9993331783945221,0.909757949475427,6.57774166495928e-06,True,400,0.9994551925479951,0.908891651128464,-4.361240338335293e-05,1.1102230246251565e-16,1.1102230246251565e-16
How do within-family activation hyperparameters tune the welfare-convergence tradeoff?,hyperparameter_root_power,a,0.9,nrd,root_power,a,0.9,0.5,3,3,3,1.0,46,True,2300,0.9988892508256855,0.851538758756547,1.989498786214572e-05,True,500,0.9990845104215446,0.8504241918434547,-4.374323870054431e-05,0.0,1.1102230246251565e-16
How do within-family activation hyperparameters tune the welfare-convergence tradeoff?,hyperparameter_root_power,a,0.9,nrd,root_power,a,0.9,0.5,3,3,3,1.0,48,True,800,0.9992463459532507,0.8729028119382445,-2.2199808922596098e-05,True,100,0.9991543081727475,0.873687211418169,-4.359072060228231e-05,1.1102230246251565e-16,2.220446049250313e-16
How do within-family activation hyperparameters tune the welfare-convergence tradeoff?,hyperparameter_root_power,a,0.9,nrd,root_power,a,0.9,0.5,3,3,3,1.0,51,True,1400,0.999204930237251,0.860118584024102,-8.165584021668781e-06,True,200,0.9993245460478544,0.8593093885841427,-4.3769011405847547e-05,0.0,0.0
How do within-family activation hyperparameters tune the welfare-convergence tradeoff?,hyperparameter_root_power,a,0.9,nrd,root_power,a,0.9,0.5,3,3,3,1.0,50,True,2200,0.999040831341635,0.8261916343357404,1.6191028138823338e-05,True,500,0.9991968200707266,0.8252864117101945,-4.390167095019715e-05,2.220446049250313e-16,2.220446049250313e-16
How do within-family activation hyperparameters tune the welfare-convergence tradeoff?,hyperparameter_root_power,a,0.9,nrd,root_power,a,0.9,0.5,3,3,3,1.0,49,True,3800,0.998867478897853,0.8312309217332311,6.232500041486455e-05,True,900,0.99914930855046,0.8296040284786251,-3.899351712183252e-05,2.220446049250313e-16,1.1102230246251565e-16
How do within-family activation hyperparameters tune the welfare-convergence tradeoff?,hyperparameter_root_power,a,0.9,nrd,root_power,a,0.9,0.5,3,3,3,1.0,54,True,2000,0.9985704171424781,0.8383495268526239,9.432321227187401e-06,True,400,0.9989554201544559,0.8356302032818593,-4.376039687015165e-05,1.1102230246251565e-16,1.1102230246251565e-16
How do within-family activation hyperparameters tune the welfare-convergence tradeoff?,hyperparameter_root_power,a,0.9,nrd,root_power,a,0.9,0.5,3,3,3,1.0,53,True,3500,0.9984204974456029,0.8437273022005437,5.2350340850604304e-05,True,800,0.9988266623808625,0.840969601109796,-4.192242778167099e-05,1.1102230246251565e-16,2.220446049250313e-16
How do within-family activation hyperparameters tune the welfare-convergence tradeoff?,hyperparameter_root_power,a,0.9,nrd,root_power,a,0.9,0.5,3,3,3,1.0,52,False,,0.998496148846554,0.8257610650797419,0.00010353625521847265,True,1200,0.9991448746447669,0.8226022397887397,-2.185118085751281e-05,2.220446049250313e-16,2.220446049250313e-16
How do within-family activation hyperparameters tune the welfare-convergence tradeoff?,hyperparameter_root_power,a,0.9,nrd,root_power,a,0.9,0.5,3,3,3,1.0,55,True,2500,0.9989705199927033,0.8392538012537214,2.350293745229104e-05,True,600,0.9990809339416531,0.8385857908303556,-4.381286933413664e-05,1.1102230246251565e-16,1.1102230246251565e-16
How do within-family activation hyperparameters tune the welfare-convergence tradeoff?,hyperparameter_root_power,a,0.9,nrd,root_power,a,0.9,0.5,3,3,3,1.0,57,True,1500,0.9994799429302438,0.8739095618093721,-5.055391589903202e-06,True,300,0.999558205411351,0.873421902556501,-4.3818966084629984e-05,2.220446049250313e-16,1.1102230246251565e-16
How do within-family activation hyperparameters tune the welfare-convergence tradeoff?,hyperparameter_root_power,a,0.9,nrd,root_power,a,0.9,0.5,3,3,3,1.0,56,False,,0.9992735926688164,0.8876027652257109,0.0001737092879557922,True,1700,0.9994914790036727,0.8872649365756602,4.950717406804195e-06,0.0,0.0
How do within-family activation hyperparameters tune the welfare-convergence tradeoff?,hyperparameter_root_power,a,0.9,nrd,root_power,a,0.9,0.5,3,3,3,1.0,58,True,1600,0.9983934731634929,0.8146543687388713,-4.047449271293857e-07,True,300,0.9987039030339547,0.812338388993406,-4.3912342355623135e-05,1.1102230246251565e-16,1.1102230246251565e-16
How do within-family activation hyperparameters tune the welfare-convergence tradeoff?,hyperparameter_root_power,a,0.9,nrd,root_power,a,0.9,0.5,3,3,3,1.0,61,True,1000,0.9990154167967785,0.8688023862042541,-1.6950839564711107e-05,True,200,0.9990300660009531,0.8688179585369861,-4.370554054622389e-05,1.1102230246251565e-16,0.0
How do within-family activation hyperparameters tune the welfare-convergence tradeoff?,hyperparameter_root_power,a,0.9,nrd,root_power,a,0.9,0.5,3,3,3,1.0,62,True,800,0.9986065619951728,0.8227018133655403,-2.269989198089295e-05,True,200,0.9985052981607337,0.823563814690444,-4.3956739819439594e-05,1.1102230246251565e-16,1.1102230246251565e-16
How do within-family activation hyperparameters tune the welfare-convergence tradeoff?,hyperparameter_root_power,a,0.9,nrd,root_power,a,0.9,0.5,3,3,3,1.0,60,True,4400,0.9985786483550765,0.8601623768841483,7.616349162792302e-05,True,900,0.9989224159511818,0.8581279568566419,-4.294134447252462e-05,1.1102230246251565e-16,2.220446049250313e-16
How do within-family activation hyperparameters tune the welfare-convergence tradeoff?,hyperparameter_root_power,a,0.9,nrd,root_power,a,0.9,0.5,3,3,3,1.0,59,True,4800,0.9979400180229299,0.7997932415863799,8.96412198453933e-05,True,1200,0.9985162995381691,0.7968771664456146,-2.7221679611832972e-05,0.0,2.220446049250313e-16
How do within-family activation hyperparameters tune the welfare-convergence tradeoff?,hyperparameter_root_power,a,0.9,nrd,root_power,a,0.9,0.5,3,3,3,1.0,63,True,1700,0.9995525753304205,0.9062385365171725,7.085516642302281e-07,True,300,0.9996369845208154,0.9057063377818811,-4.361467776869965e-05,1.1102230246251565e-16,0.0
How do within-family activation hyperparameters tune the welfare-convergence tradeoff?,hyperparameter_root_power,a,0.9,nrd,root_power,a,0.9,0.5,3,3,3,1.0,64,True,1900,0.996859668864374,0.7359242541976819,5.52456339825147e-06,True,400,0.9972234599101207,0.733534930505774,-4.442866791570799e-05,0.0,0.0
How do within-family activation hyperparameters tune the welfare-convergence tradeoff?,hyperparameter_root_power,a,0.9,nrd,root_power,a,0.9,0.5,3,3,3,1.0,66,True,2500,0.9991495086273633,0.8594701939439133,2.410961564375258e-05,True,600,0.9993039955696296,0.8585424023756073,-4.38042260964e-05,1.1102230246251565e-16,1.1102230246251565e-16
How do within-family activation hyperparameters tune the welfare-convergence tradeoff?,hyperparameter_root_power,a,0.9,nrd,root_power,a,0.9,0.5,3,3,3,1.0,68,True,1500,0.9992640678378443,0.8512174381906638,-2.8218597922791133e-06,True,300,0.9992556488099493,0.8514497341422227,-4.375276669610351e-05,2.220446049250313e-16,2.220446049250313e-16
How do within-family activation hyperparameters tune the welfare-convergence tradeoff?,hyperparameter_root_power,a,0.9,nrd,root_power,a,0.9,0.5,3,3,3,1.0,65,True,3100,0.9984664114978633,0.8239704549788769,4.191267796105347e-05,True,700,0.9989327897206101,0.8209050820304927,-4.3404455838780276e-05,2.220446049250313e-16,2.220446049250313e-16
How do within-family activation hyperparameters tune the welfare-convergence tradeoff?,hyperparameter_root_power,a,0.9,nrd,root_power,a,0.9,0.5,3,3,3,1.0,67,True,1900,0.9987103098101178,0.831642637310936,7.01039797973424e-06,True,400,0.9990155698929799,0.8296384745399088,-4.390856477171079e-05,2.220446049250313e-16,1.1102230246251565e-16
How do within-family activation hyperparameters tune the welfare-convergence tradeoff?,hyperparameter_root_power,a,0.9,nrd,root_power,a,0.9,0.5,3,3,3,1.0,69,True,4900,0.9987093148535421,0.8730241846610264,9.129468515384209e-05,True,1200,0.9990905739888296,0.8707945160612279,-2.5423284846837202e-05,1.1102230246251565e-16,1.1102230246251565e-16
How do within-family activation hyperparameters tune the welfare-convergence tradeoff?,hyperparameter_root_power,a,0.9,nrd,root_power,a,0.9,0.5,3,3,3,1.0,71,True,2200,0.9983547106495403,0.8538139909653104,1.5690353469155482e-05,True,500,0.9986581700444569,0.8518684524545281,-4.350435312855394e-05,2.220446049250313e-16,2.220446049250313e-16
How do within-family activation hyperparameters tune the welfare-convergence tradeoff?,hyperparameter_root_power,a,0.9,nrd,root_power,a,0.9,0.5,3,3,3,1.0,70,False,,0.998227793123478,0.833524813176393,0.00019126959747500782,True,1900,0.9984562613907775,0.8332922032686684,1.2221895030584129e-05,1.1102230246251565e-16,0.0
How do within-family activation hyperparameters tune the welfare-convergence tradeoff?,hyperparameter_root_power,a,0.9,nrd,root_power,a,0.9,0.5,3,3,3,1.0,74,False,,0.9989934955662743,0.8653167226055535,0.00011356744713814093,True,1300,0.9993342561843667,0.8634466768103257,-1.8185577433993405e-05,1.1102230246251565e-16,2.220446049250313e-16
How do within-family activation hyperparameters tune the welfare-convergence tradeoff?,hyperparameter_root_power,a,0.9,nrd,root_power,a,0.9,0.5,3,3,3,1.0,72,True,3700,0.9979157127835069,0.844391054007467,5.821033145259058e-05,True,900,0.9986455498369752,0.839186407056463,-4.0534964650784655e-05,2.220446049250313e-16,2.220446049250313e-16
How do within-family activation hyperparameters tune the welfare-convergence tradeoff?,hyperparameter_root_power,a,0.9,nrd,root_power,a,0.9,0.5,3,3,3,1.0,73,True,4800,0.9984625825357554,0.8358754401299685,8.818036104796256e-05,True,1200,0.9986930725215462,0.8350240898531037,-2.5683150981392622e-05,2.220446049250313e-16,1.1102230246251565e-16
How do within-family activation hyperparameters tune the welfare-convergence tradeoff?,hyperparameter_root_power,a,0.9,nrd,root_power,a,0.9,0.5,3,3,3,1.0,75,True,1600,0.9984776688581792,0.8044300675309589,-7.639073865695067e-07,True,300,0.9985104280620263,0.8043151634560678,-4.394303492072371e-05,0.0,1.1102230246251565e-16
How do within-family activation hyperparameters tune the welfare-convergence tradeoff?,hyperparameter_root_power,a,0.9,nrd,root_power,a,0.9,0.5,3,3,3,1.0,77,True,1800,0.9991881773075032,0.8583285639580152,4.471921053517125e-06,True,400,0.9994070652013946,0.8566775385558604,-4.377575611513862e-05,2.220446049250313e-16,1.1102230246251565e-16
How do within-family activation hyperparameters tune the welfare-convergence tradeoff?,hyperparameter_root_power,a,0.9,nrd,root_power,a,0.9,0.5,3,3,3,1.0,76,True,2700,0.9972078846837562,0.7764942903524394,2.9855503149933682e-05,True,600,0.9971404020218719,0.777199624435546,-4.336555327116853e-05,0.0,1.1102230246251565e-16
How do within-family activation hyperparameters tune the welfare-convergence tradeoff?,hyperparameter_root_power,a,0.9,nrd,root_power,a,0.9,0.5,3,3,3,1.0,78,True,1000,0.9993493254016509,0.8829940294858453,-1.8505709569849316e-05,True,100,0.9994077166528079,0.8825501045232572,-4.350937286479173e-05,1.1102230246251565e-16,1.1102230246251565e-16
How do within-family activation hyperparameters tune the welfare-convergence tradeoff?,hyperparameter_root_power,a,0.9,nrd,root_power,a,0.9,0.5,3,3,3,1.0,81,True,1600,0.9981341521332392,0.8072145292935008,-1.3262685676362906e-06,True,300,0.9983658978034743,0.8055697464161221,-4.373420734815614e-05,0.0,1.1102230246251565e-16
How do within-family activation hyperparameters tune the welfare-convergence tradeoff?,hyperparameter_root_power,a,0.9,nrd,root_power,a,0.9,0.5,3,3,3,1.0,80,True,4800,0.9985751619085554,0.8753410926705104,8.750336049906382e-05,True,1000,0.9990583532506837,0.8724760033215854,-4.1253158217791075e-05,2.220446049250313e-16,1.1102230246251565e-16
How do within-family activation hyperparameters tune the welfare-convergence tradeoff?,hyperparameter_root_power,a,0.9,nrd,root_power,a,0.9,0.5,3,3,3,1.0,79,True,4200,0.9973054925434736,0.7674048365237146,7.317696859931999e-05,True,1000,0.9979440565852755,0.7635719444261259,-3.5608973243173025e-05,2.220446049250313e-16,2.220446049250313e-16
How do within-family activation hyperparameters tune the welfare-convergence tradeoff?,hyperparameter_root_power,a,0.9,nrd,root_power,a,0.9,0.5,3,3,3,1.0,82,True,1200,0.9980122245399601,0.7680032476045233,-1.295289923303189e-05,True,200,0.9979863767688235,0.7683433293262788,-4.3975504662729925e-05,1.1102230246251565e-16,0.0
How do within-family activation hyperparameters tune the welfare-convergence tradeoff?,hyperparameter_root_power,a,0.9,nrd,root_power,a,0.9,0.5,3,3,3,1.0,84,True,1200,0.9994735190420858,0.9235652411795989,-1.2989458132606213e-05,True,200,0.9994544483210541,0.9238124963665992,-4.3449378212045975e-05,0.0,2.220446049250313e-16
How do within-family activation hyperparameters tune the welfare-convergence tradeoff?,hyperparameter_root_power,a,0.9,nrd,root_power,a,0.9,0.5,3,3,3,1.0,83,True,3000,0.9991230962254708,0.9163309780429421,3.8617019688325094e-05,True,700,0.9994269089850564,0.9140352449214868,-4.310077972413673e-05,2.220446049250313e-16,1.1102230246251565e-16
How do within-family activation hyperparameters tune the welfare-convergence tradeoff?,hyperparameter_root_power,a,0.9,nrd,root_power,a,0.9,0.5,3,3,3,1.0,86,True,1500,0.9993218923381166,0.8810054270849665,-4.766738001038551e-06,True,300,0.9994431904269868,0.8802013718174116,-4.362523258855111e-05,2.220446049250313e-16,1.1102230246251565e-16
How do within-family activation hyperparameters tune the welfare-convergence tradeoff?,hyperparameter_root_power,a,0.9,nrd,root_power,a,0.9,0.5,3,3,3,1.0,85,True,3700,0.9993385554950724,0.8544509799488758,5.882939462298342e-05,True,900,0.9995081038297899,0.8535933714721676,-3.875620856591544e-05,2.220446049250313e-16,1.1102230246251565e-16
How do within-family activation hyperparameters tune the welfare-convergence tradeoff?,hyperparameter_root_power,a,0.9,nrd,root_power,a,0.9,0.5,3,3,3,1.0,87,True,1300,0.9995147117350143,0.855962231738487,-1.0605455967038768e-05,True,200,0.9995472939040555,0.8558968024290646,-4.382163356481117e-05,2.220446049250313e-16,2.220446049250313e-16
How do within-family activation hyperparameters tune the welfare-convergence tradeoff?,hyperparameter_root_power,a,0.9,nrd,root_power,a,0.9,0.5,3,3,3,1.0,88,True,1700,0.9990349827163614,0.8692081149483929,1.5272772949659341e-06,True,300,0.999228881042,0.8678285342696084,-4.360166334604898e-05,0.0,2.220446049250313e-16
How do within-family activation hyperparameters tune the welfare-convergence tradeoff?,hyperparameter_root_power,a,0.9,nrd,root_power,a,0.9,0.5,3,3,3,1.0,90,True,1500,0.9993517307550658,0.867686835384133,-4.834194318237284e-06,True,300,0.9993872967320648,0.8675331370337916,-4.366676290445959e-05,1.1102230246251565e-16,2.220446049250313e-16
How do within-family activation hyperparameters tune the welfare-convergence tradeoff?,hyperparameter_root_power,a,0.9,nrd,root_power,a,0.9,0.5,3,3,3,1.0,89,True,4300,0.9991196831145523,0.8614079256808483,7.63582170585364e-05,True,1000,0.9993836414917224,0.8600484357423692,-3.2606004490121077e-05,2.220446049250313e-16,1.1102230246251565e-16
How do within-family activation hyperparameters tune the welfare-convergence tradeoff?,hyperparameter_root_power,a,0.9,nrd,root_power,a,0.9,0.5,3,3,3,1.0,91,True,1000,0.9990639725432262,0.8282230712957656,-1.9090429335066883e-05,True,200,0.9990903900952743,0.8280979467086608,-4.391438473283493e-05,2.220446049250313e-16,2.220446049250313e-16
How do within-family activation hyperparameters tune the welfare-convergence tradeoff?,hyperparameter_root_power,a,0.9,nrd,root_power,a,0.9,0.5,3,3,3,1.0,93,True,2100,0.9982558216399262,0.7614324257769515,1.2509136869287563e-05,True,500,0.9984390007793673,0.7602951656646327,-4.4215088146726256e-05,0.0,1.1102230246251565e-16
How do within-family activation hyperparameters tune the welfare-convergence tradeoff?,hyperparameter_root_power,a,0.9,nrd,root_power,a,0.9,0.5,3,3,3,1.0,94,True,2200,0.9983905136520175,0.8219622447531618,1.6843904835195378e-05,True,500,0.9986812652049203,0.8200625045345015,-4.3839900654318864e-05,2.220446049250313e-16,1.1102230246251565e-16
How do within-family activation hyperparameters tune the welfare-convergence tradeoff?,hyperparameter_root_power,a,0.9,nrd,root_power,a,0.9,0.5,3,3,3,1.0,95,True,1300,0.9994565105901991,0.9115771626219246,-1.0940098552070232e-05,True,300,0.9995122311528939,0.9112501050744234,-4.354418095231516e-05,2.220446049250313e-16,1.1102230246251565e-16
How do within-family activation hyperparameters tune the welfare-convergence tradeoff?,hyperparameter_root_power,a,0.9,nrd,root_power,a,0.9,0.5,3,3,3,1.0,96,True,2000,0.9992622015936977,0.8625911663276469,1.1326131703681686e-05,True,400,0.9992746257812493,0.8627702327920205,-4.3703790770899253e-05,0.0,1.1102230246251565e-16
How do within-family activation hyperparameters tune the welfare-convergence tradeoff?,hyperparameter_root_power,a,0.9,nrd,root_power,a,0.9,0.5,3,3,3,1.0,92,False,,0.9982767402477348,0.8741665738867509,0.00021766040746917792,True,1800,0.9990158587174297,0.8706698770134068,1.0585411698016411e-05,1.1102230246251565e-16,2.220446049250313e-16
How do within-family activation hyperparameters tune the welfare-convergence tradeoff?,hyperparameter_root_power,a,0.9,nrd,root_power,a,0.9,0.5,3,3,3,1.0,97,True,3500,0.9977891482702608,0.7865309327012447,5.15150535009834e-05,True,700,0.9982407398185865,0.7838432598505665,-4.379027804496394e-05,0.0,2.220446049250313e-16
How do within-family activation hyperparameters tune the welfare-convergence tradeoff?,hyperparameter_root_power,a,0.9,nrd,root_power,a,0.9,0.5,3,3,3,1.0,99,True,1000,0.9995476503659676,0.9168671917268353,-1.7450821452269505e-05,True,200,0.9995380438204278,0.9170178189493642,-4.355032462338704e-05,0.0,1.1102230246251565e-16
How do within-family activation hyperparameters tune the welfare-convergence tradeoff?,hyperparameter_shifted_linear,b,1.00001,nrd,shifted_linear,b,1.00001,0.5,3,3,3,1.0,0,True,1100,0.973346497239586,0.8508046591980983,-3.376095710039273e-05,True,200,0.973707273664257,0.8505210901175996,-6.77807864650215e-05,1.1102230246251565e-16,2.220446049250313e-16
How do within-family activation hyperparameters tune the welfare-convergence tradeoff?,hyperparameter_root_power,a,0.9,nrd,root_power,a,0.9,0.5,3,3,3,1.0,98,True,3100,0.9988207356992961,0.8679058512492209,4.155038372577469e-05,True,700,0.9992204377084676,0.8653965848156168,-4.2911221929398113e-05,1.1102230246251565e-16,2.220446049250313e-16
How do within-family activation hyperparameters tune the welfare-convergence tradeoff?,hyperparameter_shifted_linear,b,1.00001,nrd,shifted_linear,b,1.00001,0.5,3,3,3,1.0,1,True,900,0.9692525326784326,0.9126618864517532,-3.9664422040175396e-05,True,200,0.969132022801837,0.9128004733085285,-6.778696839848664e-05,2.220446049250313e-16,0.0
How do within-family activation hyperparameters tune the welfare-convergence tradeoff?,hyperparameter_shifted_linear,b,1.00001,nrd,shifted_linear,b,1.00001,0.5,3,3,3,1.0,2,True,1000,0.961560580789222,0.9167863596110518,-3.53675223686567e-05,True,100,0.9621559075984922,0.9162233562344028,-6.779583260091426e-05,1.1102230246251565e-16,1.1102230246251565e-16
How do within-family activation hyperparameters tune the welfare-convergence tradeoff?,hyperparameter_shifted_linear,b,1.00001,nrd,shifted_linear,b,1.00001,0.5,3,3,3,1.0,3,True,1000,0.9871246764295174,0.9349772562399199,-3.6003260829031714e-05,True,200,0.987572554479505,0.934558808557017,-6.780203932704731e-05,0.0,1.1102230246251565e-16
How do within-family activation hyperparameters tune the welfare-convergence tradeoff?,hyperparameter_shifted_linear,b,1.00001,nrd,shifted_linear,b,1.00001,0.5,3,3,3,1.0,4,True,900,0.9611194905124728,0.9224370274801701,-4.029461403709522e-05,True,200,0.9614487771596838,0.9221103722860193,-6.775519287149923e-05,1.1102230246251565e-16,2.220446049250313e-16
How do within-family activation hyperparameters tune the welfare-convergence tradeoff?,hyperparameter_shifted_linear,b,1.00001,nrd,shifted_linear,b,1.00001,0.5,3,3,3,1.0,5,True,1000,0.9615260028392766,0.8856241024508829,-3.439473829586204e-05,True,200,0.962297072080086,0.8849479791623064,-6.777338941449385e-05,1.1102230246251565e-16,0.0
How do within-family activation hyperparameters tune the welfare-convergence tradeoff?,hyperparameter_shifted_linear,b,1.00001,nrd,shifted_linear,b,1.00001,0.5,3,3,3,1.0,6,True,800,0.9825591086410664,0.8482790503098306,-4.1761187861921734e-05,True,100,0.982401962942988,0.848480275177402,-6.779713882976157e-05,1.1102230246251565e-16,2.220446049250313e-16
How do within-family activation hyperparameters tune the welfare-convergence tradeoff?,hyperparameter_shifted_linear,b,1.00001,nrd,shifted_linear,b,1.00001,0.5,3,3,3,1.0,7,True,1100,0.9798340309623089,0.9220058541886506,-3.1758506646328843e-05,True,200,0.9799753770354256,0.9218879086786277,-6.777919100708907e-05,0.0,1.1102230246251565e-16
How do within-family activation hyperparameters tune the welfare-convergence tradeoff?,hyperparameter_shifted_linear,b,1.00001,nrd,shifted_linear,b,1.00001,0.5,3,3,3,1.0,8,True,1000,0.960812206191206,0.9188278471509589,-3.491003799699355e-05,True,100,0.9607327756176169,0.9189001148043229,-6.778775656418601e-05,2.220446049250313e-16,0.0
How do within-family activation hyperparameters tune the welfare-convergence tradeoff?,hyperparameter_shifted_linear,b,1.00001,nrd,shifted_linear,b,1.00001,0.5,3,3,3,1.0,9,True,800,0.9677792451746065,0.8589214601135685,-4.279554547703679e-05,True,200,0.9677598347840041,0.8589975769165127,-6.775355555244111e-05,1.1102230246251565e-16,1.1102230246251565e-16
How do within-family activation hyperparameters tune the welfare-convergence tradeoff?,hyperparameter_shifted_linear,b,1.00001,nrd,shifted_linear,b,1.00001,0.5,3,3,3,1.0,10,True,800,0.9721269562905269,0.9070691618543728,-4.1749821432124357e-05,True,100,0.9725213886676219,0.9067306270682353,-6.778618214026144e-05,2.220446049250313e-16,2.220446049250313e-16
How do within-family activation hyperparameters tune the welfare-convergence tradeoff?,hyperparameter_shifted_linear,b,1.00001,nrd,shifted_linear,b,1.00001,0.5,3,3,3,1.0,11,True,1000,0.9467136731916231,0.9010885296131536,-3.602558440302106e-05,True,200,0.9472992699199249,0.9005291148108213,-6.77998978635963e-05,1.1102230246251565e-16,1.1102230246251565e-16
How do within-family activation hyperparameters tune the welfare-convergence tradeoff?,hyperparameter_shifted_linear,b,1.00001,nrd,shifted_linear,b,1.00001,0.5,3,3,3,1.0,12,True,1200,0.9698610458508381,0.9009792237345712,-3.021972573274967e-05,True,200,0.9701142072850095,0.9007677137652959,-6.7801140614554e-05,2.220446049250313e-16,1.1102230246251565e-16
How do within-family activation hyperparameters tune the welfare-convergence tradeoff?,hyperparameter_shifted_linear,b,1.00001,nrd,shifted_linear,b,1.00001,0.5,3,3,3,1.0,14,True,600,0.9894659992358862,0.9447822909316632,-4.84204671423738e-05,True,100,0.9892715539397465,0.9449858820130116,-6.778591629957864e-05,2.220446049250313e-16,0.0
How do within-family activation hyperparameters tune the welfare-convergence tradeoff?,hyperparameter_shifted_linear,b,1.00001,nrd,shifted_linear,b,1.00001,0.5,3,3,3,1.0,13,True,1200,0.9737599635553476,0.8771946879493563,-3.0440909904672075e-05,True,200,0.973970169732156,0.8769986545389362,-6.775120491531172e-05,1.1102230246251565e-16,2.220446049250313e-16
How do within-family activation hyperparameters tune the welfare-convergence tradeoff?,hyperparameter_shifted_linear,b,1.00001,nrd,shifted_linear,b,1.00001,0.5,3,3,3,1.0,15,True,1000,0.9778295811911725,0.9022212757182434,-3.625610169710747e-05,True,200,0.9782202542105972,0.9019009041671097,-6.775597894348451e-05,1.1102230246251565e-16,2.220446049250313e-16
How do within-family activation hyperparameters tune the welfare-convergence tradeoff?,hyperparameter_shifted_linear,b,1.00001,nrd,shifted_linear,b,1.00001,0.5,3,3,3,1.0,16,True,900,0.9673769280014252,0.8573986490969431,-3.9732460038188755e-05,True,100,0.9679663273043859,0.8568224345969213,-6.780095561154109e-05,1.1102230246251565e-16,2.220446049250313e-16
How do within-family activation hyperparameters tune the welfare-convergence tradeoff?,hyperparameter_shifted_linear,b,1.00001,nrd,shifted_linear,b,1.00001,0.5,3,3,3,1.0,17,True,1000,0.9641539262308271,0.9140165099699616,-3.584800166700486e-05,True,200,0.9640450003992216,0.9141558785932601,-6.780256587934907e-05,0.0,1.1102230246251565e-16
How do within-family activation hyperparameters tune the welfare-convergence tradeoff?,hyperparameter_shifted_linear,b,1.00001,nrd,shifted_linear,b,1.00001,0.5,3,3,3,1.0,18,True,1000,0.9817814746661137,0.8980103545393755,-3.497826186754649e-05,True,200,0.9820034006582739,0.8978147104778357,-6.777943412633602e-05,0.0,0.0
How do within-family activation hyperparameters tune the welfare-convergence tradeoff?,hyperparameter_shifted_linear,b,1.00001,nrd,shifted_linear,b,1.00001,0.5,3,3,3,1.0,19,True,800,0.9790411101068073,0.938928533298164,-4.1969117179296855e-05,True,100,0.9794137498157022,0.9385939571732514,-6.779630858450014e-05,0.0,1.1102230246251565e-16
How do within-family activation hyperparameters tune the welfare-convergence tradeoff?,hyperparameter_shifted_linear,b,1.00001,nrd,shifted_linear,b,1.00001,0.5,3,3,3,1.0,20,True,2200,0.9780831515551863,0.9185211438107302,4.2511506451181624e-06,True,500,0.9781989804894164,0.9184436507095847,-6.780674792655761e-05,2.220446049250313e-16,0.0
How do within-family activation hyperparameters tune the welfare-convergence tradeoff?,hyperparameter_shifted_linear,b,1.00001,nrd,shifted_linear,b,1.00001,0.5,3,3,3,1.0,21,True,1300,0.9651309501168955,0.9162408277537907,-2.648667112381542e-05,True,300,0.9651559272675129,0.9162399996761578,-6.775280407639306e-05,1.1102230246251565e-16,0.0
How do within-family activation hyperparameters tune the welfare-convergence tradeoff?,hyperparameter_shifted_linear,b,1.00001,nrd,shifted_linear,b,1.00001,0.5,3,3,3,1.0,22,True,2400,0.9710125527330846,0.946715376551714,1.0137856613301466e-05,True,500,0.9710646274318019,0.9466808094808868,-6.778235551785361e-05,1.1102230246251565e-16,1.1102230246251565e-16
How do within-family activation hyperparameters tune the welfare-convergence tradeoff?,hyperparameter_shifted_linear,b,1.00001,nrd,shifted_linear,b,1.00001,0.5,3,3,3,1.0,23,True,1000,0.9821435021249059,0.9533284585379493,-3.5158070867402635e-05,True,200,0.9822570808033341,0.9532315976672397,-6.779932003797562e-05,2.220446049250313e-16,1.1102230246251565e-16
How do within-family activation hyperparameters tune the welfare-convergence tradeoff?,hyperparameter_shifted_linear,b,1.00001,nrd,shifted_linear,b,1.00001,0.5,3,3,3,1.0,24,True,1200,0.9866445100329322,0.9271016696546948,-2.7860769587106926e-05,True,200,0.9867187780230807,0.9270599502571789,-6.779150091290598e-05,1.1102230246251565e-16,1.1102230246251565e-16
How do within-family activation hyperparameters tune the welfare-convergence tradeoff?,hyperparameter_shifted_linear,b,1.00001,nrd,shifted_linear,b,1.00001,0.5,3,3,3,1.0,25,True,1100,0.9446920092428978,0.8735555552528913,-3.0992345449953884e-05,True,200,0.9455361561422422,0.8727308865762765,-6.780626350361141e-05,2.220446049250313e-16,2.220446049250313e-16
How do within-family activation hyperparameters tune the welfare-convergence tradeoff?,hyperparameter_shifted_linear,b,1.00001,nrd,shifted_linear,b,1.00001,0.5,3,3,3,1.0,26,True,1100,0.9849125774090721,0.9112986599675944,-3.40814159490721e-05,True,200,0.9851306825748551,0.9111030101177193,-6.778352983866087e-05,0.0,2.220446049250313e-16
How do within-family activation hyperparameters tune the welfare-convergence tradeoff?,hyperparameter_shifted_linear,b,1.00001,nrd,shifted_linear,b,1.00001,0.5,3,3,3,1.0,27,True,1100,0.9619857741741238,0.9099894627919235,-3.168357884353323e-05,True,200,0.9624416010295446,0.9095772805588348,-6.778571892041008e-05,2.220446049250313e-16,1.1102230246251565e-16
How do within-family activation hyperparameters tune the welfare-convergence tradeoff?,hyperparameter_shifted_linear,b,1.00001,nrd,shifted_linear,b,1.00001,0.5,3,3,3,1.0,28,True,1800,0.9520163445165504,0.9014479868481114,-9.619382417114242e-06,True,400,0.9522118697379078,0.9012951835435076,-6.776299079536141e-05,2.220446049250313e-16,1.1102230246251565e-16
How do within-family activation hyperparameters tune the welfare-convergence tradeoff?,hyperparameter_shifted_linear,b,1.00001,nrd,shifted_linear,b,1.00001,0.5,3,3,3,1.0,30,True,900,0.9702971814584493,0.94122048037342,-3.766424388768064e-05,True,200,0.9707697157288802,0.9407804284288132,-6.775761540162017e-05,2.220446049250313e-16,0.0
How do within-family activation hyperparameters tune the welfare-convergence tradeoff?,hyperparameter_shifted_linear,b,1.00001,nrd,shifted_linear,b,1.00001,0.5,3,3,3,1.0,29,True,1100,0.9564603409204615,0.8911115542448421,-3.325747321203387e-05,True,200,0.9574584050590521,0.8901521436484492,-6.780770977443673e-05,1.1102230246251565e-16,2.220446049250313e-16
How do within-family activation hyperparameters tune the welfare-convergence tradeoff?,hyperparameter_shifted_linear,b,1.00001,nrd,shifted_linear,b,1.00001,0.5,3,3,3,1.0,31,True,1300,0.970930767824445,0.9017799686305956,-2.547261889151997e-05,True,200,0.9713213298001602,0.9014356570613876,-6.780470491624113e-05,0.0,1.1102230246251565e-16
How do within-family activation hyperparameters tune the welfare-convergence tradeoff?,hyperparameter_shifted_linear,b,1.00001,nrd,shifted_linear,b,1.00001,0.5,3,3,3,1.0,32,True,900,0.9737465052673178,0.92862573670386,-4.013263374408327e-05,True,100,0.9736694310905518,0.9286973596470304,-6.775542997033979e-05,2.220446049250313e-16,2.220446049250313e-16
How do within-family activation hyperparameters tune the welfare-convergence tradeoff?,hyperparameter_shifted_linear,b,1.00001,nrd,shifted_linear,b,1.00001,0.5,3,3,3,1.0,33,True,1500,0.9717490076924477,0.9145707841412823,-2.0705513443020074e-05,True,300,0.9713060500538232,0.9150308311786008,-6.778782398447758e-05,2.220446049250313e-16,2.220446049250313e-16
How do within-family activation hyperparameters tune the welfare-convergence tradeoff?,hyperparameter_shifted_linear,b,1.00001,nrd,shifted_linear,b,1.00001,0.5,3,3,3,1.0,34,True,800,0.9685671913517269,0.8825789608034453,-4.355929428229155e-05,True,100,0.9688768560663708,0.8823441136537081,-6.77782896056911e-05,1.1102230246251565e-16,2.220446049250313e-16
How do within-family activation hyperparameters tune the welfare-convergence tradeoff?,hyperparameter_shifted_linear,b,1.00001,nrd,shifted_linear,b,1.00001,0.5,3,3,3,1.0,36,True,900,0.9848562947936726,0.9264827636439308,-3.991968838029658e-05,True,200,0.9847556932949123,0.9266206422321686,-6.779162665043748e-05,1.1102230246251565e-16,1.1102230246251565e-16
How do within-family activation hyperparameters tune the welfare-convergence tradeoff?,hyperparameter_shifted_linear,b,1.00001,nrd,shifted_linear,b,1.00001,0.5,3,3,3,1.0,35,True,2000,0.9618636723465033,0.8371531474901257,-3.300660085969742e-06,True,400,0.962035839584826,0.8370584209599498,-6.777740099822571e-05,2.220446049250313e-16,1.1102230246251565e-16
How do within-family activation hyperparameters tune the welfare-convergence tradeoff?,hyperparameter_shifted_linear,b,1.00001,nrd,shifted_linear,b,1.00001,0.5,3,3,3,1.0,37,True,1000,0.9433503836341506,0.8858415162539517,-3.5163937041338134e-05,True,200,0.9435491501325651,0.8856957393991779,-6.780200703893069e-05,0.0,2.220446049250313e-16
How do within-family activation hyperparameters tune the welfare-convergence tradeoff?,hyperparameter_shifted_linear,b,1.00001,nrd,shifted_linear,b,1.00001,0.5,3,3,3,1.0,38,True,1400,0.9824113550563103,0.9462411705904962,-2.346175252909699e-05,True,300,0.9824115158353849,0.9462628743533325,-6.779778021992477e-05,0.0,1.1102230246251565e-16
How do within-family activation hyperparameters tune the welfare-convergence tradeoff?,hyperparameter_shifted_linear,b,1.00001,nrd,shifted_linear,b,1.00001,0.5,3,3,3,1.0,39,True,900,0.9845094242715674,0.9202371596854105,-3.877625540049667e-05,True,100,0.9847968040241382,0.9199756385200301,-6.776579604822475e-05,1.1102230246251565e-16,1.1102230246251565e-16
How do within-family activation hyperparameters tune the welfare-convergence tradeoff?,hyperparameter_shifted_linear,b,1.00001,nrd,shifted_linear,b,1.00001,0.5,3,3,3,1.0,40,True,900,0.9512501886330338,0.8818939938500874,-3.8983344878895654e-05,True,200,0.9508818121500513,0.8822898621487004,-6.778873953061648e-05,2.220446049250313e-16,2.220446049250313e-16
How do within-family activation hyperparameters tune the welfare-convergence tradeoff?,hyperparameter_shifted_linear,b,1.00001,nrd,shifted_linear,b,1.00001,0.5,3,3,3,1.0,41,True,700,0.9897482708622611,0.9130804565848236,-4.528714970863934e-05,True,100,0.989908005336401,0.912937996087202,-6.779413963325931e-05,2.220446049250313e-16,2.220446049250313e-16
How do within-family activation hyperparameters tune the welfare-convergence tradeoff?,hyperparameter_shifted_linear,b,1.00001,nrd,shifted_linear,b,1.00001,0.5,3,3,3,1.0,42,True,800,0.9707464739135946,0.900118709709652,-4.3533688424968187e-05,True,100,0.9707841326461819,0.9001360548044479,-6.778103081361841e-05,2.220446049250313e-16,0.0
How do within-family activation hyperparameters tune the welfare-convergence tradeoff?,hyperparameter_shifted_linear,b,1.00001,nrd,shifted_linear,b,1.00001,0.5,3,3,3,1.0,43,True,1100,0.9462551826218901,0.860851060080647,-3.339671528479471e-05,True,200,0.9466438489875816,0.8605209050893441,-6.77858718057811e-05,0.0,1.1102230246251565e-16
How do within-family activation hyperparameters tune the welfare-convergence tradeoff?,hyperparameter_shifted_linear,b,1.00001,nrd,shifted_linear,b,1.00001,0.5,3,3,3,1.0,44,True,800,0.950300037460352,0.8679832401838737,-4.102457081039956e-05,True,100,0.95089480486102,0.867415303771056,-6.775043465545583e-05,2.220446049250313e-16,0.0
How do within-family activation hyperparameters tune the welfare-convergence tradeoff?,hyperparameter_shifted_linear,b,1.00001,nrd,shifted_linear,b,1.00001,0.5,3,3,3,1.0,45,True,600,0.990013643062289,0.9760481691459707,-5.101682163016763e-05,True,100,0.9901355249679081,0.9759310964272933,-6.776329400587366e-05,1.1102230246251565e-16,1.1102230246251565e-16
How do within-family activation hyperparameters tune the welfare-convergence tradeoff?,hyperparameter_shifted_linear,b,1.00001,nrd,shifted_linear,b,1.00001,0.5,3,3,3,1.0,46,True,1200,0.9772558943922717,0.9003779226682602,-3.0316131425789372e-05,True,200,0.9774577365309257,0.9002513730744877,-6.778008288599313e-05,2.220446049250313e-16,2.220446049250313e-16
How do within-family activation hyperparameters tune the welfare-convergence tradeoff?,hyperparameter_shifted_linear,b,1.00001,nrd,shifted_linear,b,1.00001,0.5,3,3,3,1.0,47,True,900,0.9819485166146891,0.9471134220653615,-3.821921906244086e-05,True,200,0.9821534142635974,0.9469258066689098,-6.776790331364246e-05,2.220446049250313e-16,0.0
How do within-family activation hyperparameters tune the welfare-convergence tradeoff?,hyperparameter_shifted_linear,b,1.00001,nrd,shifted_linear,b,1.00001,0.5,3,3,3,1.0,48,True,800,0.9778452595974993,0.9200890192753531,-4.278404486052212e-05,True,100,0.977419254593849,0.920516541647897,-6.777381440009611e-05,0.0,0.0
How do within-family activation hyperparameters tune the welfare-convergence tradeoff?,hyperparameter_shifted_linear,b,1.00001,nrd,shifted_linear,b,1.00001,0.5,3,3,3,1.0,49,True,900,0.9781729767242902,0.8760199597135979,-3.95354031075823e-05,True,200,0.9782492062422543,0.8759721245522111,-6.777954489101123e-05,2.220446049250313e-16,1.1102230246251565e-16
How do within-family activation hyperparameters tune the welfare-convergence tradeoff?,hyperparameter_shifted_linear,b,1.00001,nrd,shifted_linear,b,1.00001,0.5,3,3,3,1.0,50,True,900,0.9811219083162674,0.8683664558541935,-3.847193811962191e-05,True,200,0.9812326002103458,0.8683146380470484,-6.777999131413193e-05,2.220446049250313e-16,1.1102230246251565e-16
How do within-family activation hyperparameters tune the welfare-convergence tradeoff?,hyperparameter_shifted_linear,b,1.00001,nrd,shifted_linear,b,1.00001,0.5,3,3,3,1.0,51,True,800,0.982169297100617,0.8996898509886689,-4.2065094288668003e-05,True,100,0.9823951714317931,0.8995050377053674,-6.778946017843568e-05,1.1102230246251565e-16,0.0
How do within-family activation hyperparameters tune the welfare-convergence tradeoff?,hyperparameter_shifted_linear,b,1.00001,nrd,shifted_linear,b,1.00001,0.5,3,3,3,1.0,53,True,900,0.9660110714628046,0.9131375583823771,-4.005012334007407e-05,True,100,0.9662319286762368,0.9129475427289723,-6.77525407473123e-05,1.1102230246251565e-16,1.1102230246251565e-16
How do within-family activation hyperparameters tune the welfare-convergence tradeoff?,hyperparameter_shifted_linear,b,1.00001,nrd,shifted_linear,b,1.00001,0.5,3,3,3,1.0,52,True,1300,0.980817268331015,0.8634039932244999,-2.7295619458467257e-05,True,300,0.9812700049075599,0.8630385861920411,-6.777519992579029e-05,0.0,2.220446049250313e-16
How do within-family activation hyperparameters tune the welfare-convergence tradeoff?,hyperparameter_shifted_linear,b,1.00001,nrd,shifted_linear,b,1.00001,0.5,3,3,3,1.0,54,True,900,0.970768451394672,0.8957576883044851,-3.998762325063687e-05,True,200,0.9713165756985225,0.8952365278460036,-6.778967041720652e-05,1.1102230246251565e-16,0.0
How do within-family activation hyperparameters tune the welfare-convergence tradeoff?,hyperparameter_shifted_linear,b,1.00001,nrd,shifted_linear,b,1.00001,0.5,3,3,3,1.0,55,True,1000,0.9740435810414536,0.8936123096932295,-3.648974430603413e-05,True,200,0.9740659000876445,0.8936125167557485,-6.780530082273195e-05,0.0,2.220446049250313e-16
How do within-family activation hyperparameters tune the welfare-convergence tradeoff?,hyperparameter_shifted_linear,b,1.00001,nrd,shifted_linear,b,1.00001,0.5,3,3,3,1.0,56,True,2700,0.9861730467561474,0.9177949724061302,2.213673194001453e-05,True,600,0.9862376126656303,0.9178195082975185,-6.75407050662602e-05,1.1102230246251565e-16,2.220446049250313e-16
How do within-family activation hyperparameters tune the welfare-convergence tradeoff?,hyperparameter_shifted_linear,b,1.00001,nrd,shifted_linear,b,1.00001,0.5,3,3,3,1.0,57,True,1000,0.9863061325911361,0.9029065078599808,-3.733972292541132e-05,True,100,0.9864238241554409,0.9028049752962085,-6.778838408194598e-05,2.220446049250313e-16,2.220446049250313e-16
How do within-family activation hyperparameters tune the welfare-convergence tradeoff?,hyperparameter_shifted_linear,b,1.00001,nrd,shifted_linear,b,1.00001,0.5,3,3,3,1.0,58,True,800,0.9623734453408638,0.8897400602522091,-4.1807472854760164e-05,True,100,0.9629527358815829,0.8891718693150178,-6.779825615027546e-05,0.0,2.220446049250313e-16
How do within-family activation hyperparameters tune the welfare-convergence tradeoff?,hyperparameter_shifted_linear,b,1.00001,nrd,shifted_linear,b,1.00001,0.5,3,3,3,1.0,59,True,1400,0.9657059760481702,0.8667416289853649,-2.367814579312677e-05,True,200,0.9662519709158871,0.8662612469018113,-6.77990700193587e-05,0.0,1.1102230246251565e-16
How do within-family activation hyperparameters tune the welfare-convergence tradeoff?,hyperparameter_shifted_linear,b,1.00001,nrd,shifted_linear,b,1.00001,0.5,3,3,3,1.0,61,True,600,0.9760614511746958,0.9208462121969937,-4.8064434748140705e-05,True,100,0.9759748639990712,0.9209615384081818,-6.778622430808623e-05,1.1102230246251565e-16,1.1102230246251565e-16
How do within-family activation hyperparameters tune the welfare-convergence tradeoff?,hyperparameter_shifted_linear,b,1.00001,nrd,shifted_linear,b,1.00001,0.5,3,3,3,1.0,60,True,1500,0.9678198097939394,0.926593564535132,-2.0619382903597216e-05,True,300,0.9679589167564032,0.9265173666008746,-6.779304226722793e-05,0.0,1.1102230246251565e-16
How do within-family activation hyperparameters tune the welfare-convergence tradeoff?,hyperparameter_shifted_linear,b,1.00001,nrd,shifted_linear,b,1.00001,0.5,3,3,3,1.0,62,True,800,0.9590432304195063,0.9084368216426123,-4.4186297197990054e-05,True,100,0.958542827300595,0.9089436202147239,-6.778545205510245e-05,2.220446049250313e-16,2.220446049250313e-16
How do within-family activation hyperparameters tune the welfare-convergence tradeoff?,hyperparameter_shifted_linear,b,1.00001,nrd,shifted_linear,b,1.00001,0.5,3,3,3,1.0,63,True,1100,0.9880735646034469,0.9309540453920223,-3.260910055047361e-05,True,200,0.9882265888221436,0.9308078862639366,-6.780339206419184e-05,2.220446049250313e-16,1.1102230246251565e-16
How do within-family activation hyperparameters tune the welfare-convergence tradeoff?,hyperparameter_shifted_linear,b,1.00001,nrd,shifted_linear,b,1.00001,0.5,3,3,3,1.0,64,True,800,0.9373566145011193,0.8599815717229667,-4.217086381186341e-05,True,100,0.9375992241742687,0.8597590832567553,-6.779105721299583e-05,0.0,2.220446049250313e-16
How do within-family activation hyperparameters tune the welfare-convergence tradeoff?,hyperparameter_shifted_linear,b,1.00001,nrd,shifted_linear,b,1.00001,0.5,3,3,3,1.0,65,True,1300,0.9706956024980917,0.8817186189100817,-2.4783201259093168e-05,True,200,0.9711869762872227,0.8812501829152865,-6.779529977152254e-05,2.220446049250313e-16,2.220446049250313e-16
How do within-family activation hyperparameters tune the welfare-convergence tradeoff?,hyperparameter_shifted_linear,b,1.00001,nrd,shifted_linear,b,1.00001,0.5,3,3,3,1.0,66,True,1100,0.9797362463168918,0.9026505753690087,-3.286725236611998e-05,True,200,0.9798494327145839,0.9025633543498465,-6.77779419959168e-05,1.1102230246251565e-16,2.220446049250313e-16
How do within-family activation hyperparameters tune the welfare-convergence tradeoff?,hyperparameter_shifted_linear,b,1.00001,nrd,shifted_linear,b,1.00001,0.5,3,3,3,1.0,67,True,1000,0.9734994466232898,0.8843950141976755,-3.636997023725996e-05,True,200,0.9740384900715331,0.883887571618152,-6.778827242276408e-05,1.1102230246251565e-16,1.1102230246251565e-16
How do within-family activation hyperparameters tune the welfare-convergence tradeoff?,hyperparameter_shifted_linear,b,1.00001,nrd,shifted_linear,b,1.00001,0.5,3,3,3,1.0,68,True,900,0.9793177483172919,0.8962345116269645,-3.810368602846781e-05,True,200,0.9791236914599932,0.8964488180137605,-6.778377302180116e-05,1.1102230246251565e-16,0.0
How do within-family activation hyperparameters tune the welfare-convergence tradeoff?,hyperparameter_shifted_linear,b,1.00001,nrd,shifted_linear,b,1.00001,0.5,3,3,3,1.0,69,True,1000,0.974381091314047,0.9258515935053543,-3.519856224237783e-05,True,200,0.9747517968528523,0.925539674555104,-6.776092654575683e-05,1.1102230246251565e-16,0.0
How do within-family activation hyperparameters tune the welfare-convergence tradeoff?,hyperparameter_shifted_linear,b,1.00001,nrd,shifted_linear,b,1.00001,0.5,3,3,3,1.0,70,True,1900,0.9630082733200183,0.9117509776204251,-6.024855887576397e-06,True,400,0.9627885525365041,0.9120642814953493,-6.779701698078622e-05,1.1102230246251565e-16,2.220446049250313e-16
How do within-family activation hyperparameters tune the welfare-convergence tradeoff?,hyperparameter_shifted_linear,b,1.00001,nrd,shifted_linear,b,1.00001,0.5,3,3,3,1.0,71,True,900,0.9656592868619296,0.9228977145257145,-3.948038264184328e-05,True,200,0.9659379635580324,0.9226698642162344,-6.77989000859025e-05,1.1102230246251565e-16,1.1102230246251565e-16
How do within-family activation hyperparameters tune the welfare-convergence tradeoff?,hyperparameter_shifted_linear,b,1.00001,nrd,shifted_linear,b,1.00001,0.5,3,3,3,1.0,72,True,900,0.9605269572950819,0.9205687707308686,-3.8776850280586306e-05,True,100,0.9612933547189235,0.9198185189193068,-6.779656900379738e-05,2.220446049250313e-16,2.220446049250313e-16
How do within-family activation hyperparameters tune the welfare-convergence tradeoff?,hyperparameter_shifted_linear,b,1.00001,nrd,shifted_linear,b,1.00001,0.5,3,3,3,1.0,73,True,2100,0.9679561052681614,0.9009125748890593,2.873551132598351e-07,True,400,0.9681034986256254,0.9007977889827625,-6.780850858340015e-05,1.1102230246251565e-16,1.1102230246251565e-16
How do within-family activation hyperparameters tune the welfare-convergence tradeoff?,hyperparameter_shifted_linear,b,1.00001,nrd,shifted_linear,b,1.00001,0.5,3,3,3,1.0,74,True,1000,0.9822773859700463,0.9012246322479719,-3.5094000611135545e-05,True,200,0.9824707374388102,0.9010709152720103,-6.777266716889718e-05,1.1102230246251565e-16,1.1102230246251565e-16
How do within-family activation hyperparameters tune the welfare-convergence tradeoff?,hyperparameter_shifted_linear,b,1.00001,nrd,shifted_linear,b,1.00001,0.5,3,3,3,1.0,75,True,1000,0.9707636463264412,0.8706386753456599,-3.508264713109055e-05,True,200,0.9707025590729856,0.8707801899202323,-6.775516786389213e-05,2.220446049250313e-16,1.1102230246251565e-16
How do within-family activation hyperparameters tune the welfare-convergence tradeoff?,hyperparameter_shifted_linear,b,1.00001,nrd,shifted_linear,b,1.00001,0.5,3,3,3,1.0,77,True,800,0.982504757605698,0.8942038722899439,-4.2629677312000513e-05,True,100,0.9829199341629938,0.893811482730583,-6.778261598744395e-05,2.220446049250313e-16,1.1102230246251565e-16
How do within-family activation hyperparameters tune the welfare-convergence tradeoff?,hyperparameter_shifted_linear,b,1.00001,nrd,shifted_linear,b,1.00001,0.5,3,3,3,1.0,78,True,700,0.9821612659169892,0.9203519487709727,-4.5789805849349996e-05,True,100,0.9822616414168387,0.9202636804333478,-6.778154983894114e-05,2.220446049250313e-16,1.1102230246251565e-16
How do within-family activation hyperparameters tune the welfare-convergence tradeoff?,hyperparameter_shifted_linear,b,1.00001,nrd,shifted_linear,b,1.00001,0.5,3,3,3,1.0,76,True,1700,0.9402532597957376,0.897377707291852,-1.2160350904177886e-05,True,400,0.9396916524289671,0.897924274849382,-6.778330767875929e-05,0.0,2.220446049250313e-16
How do within-family activation hyperparameters tune the welfare-convergence tradeoff?,hyperparameter_shifted_linear,b,1.00001,nrd,shifted_linear,b,1.00001,0.5,3,3,3,1.0,79,True,1600,0.9508257521889594,0.8628033794897633,-1.4756833045248552e-05,True,300,0.9515303812182285,0.8621558639694253,-6.7793430917229e-05,0.0,1.1102230246251565e-16
How do within-family activation hyperparameters tune the welfare-convergence tradeoff?,hyperparameter_shifted_linear,b,1.00001,nrd,shifted_linear,b,1.00001,0.5,3,3,3,1.0,80,True,1200,0.9736465567296548,0.9273556816247067,-2.9158018137132036e-05,True,200,0.9739216217401846,0.9271417602420283,-6.777412705172292e-05,2.220446049250313e-16,1.1102230246251565e-16
How do within-family activation hyperparameters tune the welfare-convergence tradeoff?,hyperparameter_shifted_linear,b,1.00001,nrd,shifted_linear,b,1.00001,0.5,3,3,3,1.0,81,True,900,0.9565721126188802,0.8950833985124249,-3.996939251127429e-05,True,100,0.9568475720348107,0.894831201724358,-6.778699704318436e-05,1.1102230246251565e-16,2.220446049250313e-16
How do within-family activation hyperparameters tune the welfare-convergence tradeoff?,hyperparameter_shifted_linear,b,1.00001,nrd,shifted_linear,b,1.00001,0.5,3,3,3,1.0,82,True,900,0.9509738209479658,0.8701721034545661,-3.8178055810578204e-05,True,200,0.950704660106158,0.8704697820071661,-6.778109985555725e-05,2.220446049250313e-16,1.1102230246251565e-16
How do within-family activation hyperparameters tune the welfare-convergence tradeoff?,hyperparameter_shifted_linear,b,1.00001,nrd,shifted_linear,b,1.00001,0.5,3,3,3,1.0,83,True,900,0.9799617447075333,0.9560388475082418,-3.768925358127451e-05,True,200,0.9804553236388225,0.9555570207017037,-6.779024089392793e-05,2.220446049250313e-16,2.220446049250313e-16
How do within-family activation hyperparameters tune the welfare-convergence tradeoff?,hyperparameter_shifted_linear,b,1.00001,nrd,shifted_linear,b,1.00001,0.5,3,3,3,1.0,84,True,900,0.9827536137643348,0.9607082742560298,-3.900805241979777e-05,True,200,0.9826010183161982,0.9608538143383368,-6.776577570283271e-05,0.0,1.1102230246251565e-16
How do within-family activation hyperparameters tune the welfare-convergence tradeoff?,hyperparameter_shifted_linear,b,1.00001,nrd,shifted_linear,b,1.00001,0.5,3,3,3,1.0,86,True,800,0.9837585399192121,0.914378129817427,-4.2283263973263985e-05,True,100,0.9839577496935027,0.9141966522169035,-6.779952367180764e-05,1.1102230246251565e-16,1.1102230246251565e-16
How do within-family activation hyperparameters tune the welfare-convergence tradeoff?,hyperparameter_shifted_linear,b,1.00001,nrd,shifted_linear,b,1.00001,0.5,3,3,3,1.0,85,True,1400,0.9869070632194374,0.8827145784618061,-2.143094548145985e-05,True,300,0.9870278110921472,0.8826094800607557,-6.776112080841834e-05,2.220446049250313e-16,2.220446049250313e-16
How do within-family activation hyperparameters tune the welfare-convergence tradeoff?,hyperparameter_shifted_linear,b,1.00001,nrd,shifted_linear,b,1.00001,0.5,3,3,3,1.0,87,True,900,0.9898871737270243,0.8788057592699783,-3.802117003376404e-05,True,200,0.9898562421819537,0.8788723961811762,-6.779025696329599e-05,1.1102230246251565e-16,1.1102230246251565e-16
How do within-family activation hyperparameters tune the welfare-convergence tradeoff?,hyperparameter_shifted_linear,b,1.00001,nrd,shifted_linear,b,1.00001,0.5,3,3,3,1.0,89,True,1100,0.9828845366332495,0.8967322219704811,-3.200864112468116e-05,True,200,0.9830098363459374,0.8966418052898412,-6.778207581376039e-05,0.0,2.220446049250313e-16
How do within-family activation hyperparameters tune the welfare-convergence tradeoff?,hyperparameter_shifted_linear,b,1.00001,nrd,shifted_linear,b,1.00001,0.5,3,3,3,1.0,90,True,900,0.9854685644273423,0.8978080639296372,-3.940773632099548e-05,True,100,0.9853922407356484,0.8979003834618045,-6.778874465074303e-05,2.220446049250313e-16,2.220446049250313e-16
How do within-family activation hyperparameters tune the welfare-convergence tradeoff?,hyperparameter_shifted_linear,b,1.00001,nrd,shifted_linear,b,1.00001,0.5,3,3,3,1.0,88,True,1100,0.9772370579940876,0.9154357177608246,-3.381209435504573e-05,True,200,0.9775384924914252,0.9151554540757969,-6.779979141735559e-05,2.220446049250313e-16,2.220446049250313e-16
How do within-family activation hyperparameters tune the welfare-convergence tradeoff?,hyperparameter_shifted_linear,b,1.00001,nrd,shifted_linear,b,1.00001,0.5,3,3,3,1.0,91,True,700,0.9739844072985252,0.8829131454450984,-4.535519116483089e-05,True,100,0.9739454691877443,0.8829610733592652,-6.779377670013131e-05,2.220446049250313e-16,0.0
How do within-family activation hyperparameters tune the welfare-convergence tradeoff?,hyperparameter_shifted_linear,b,1.00001,nrd,shifted_linear,b,1.00001,0.5,3,3,3,1.0,93,True,800,0.9670266213010218,0.8256986922499793,-4.171048003204225e-05,True,100,0.9671279443274248,0.8256012666787044,-6.777031573745873e-05,2.220446049250313e-16,1.1102230246251565e-16
How do within-family activation hyperparameters tune the welfare-convergence tradeoff?,hyperparameter_shifted_linear,b,1.00001,nrd,shifted_linear,b,1.00001,0.5,3,3,3,1.0,92,True,1800,0.9737632857544529,0.9249501458775068,-7.543951629718215e-06,True,300,0.9742806852064081,0.9244929829266807,-6.781246814002717e-05,2.220446049250313e-16,0.0
How do within-family activation hyperparameters tune the welfare-convergence tradeoff?,hyperparameter_shifted_linear,b,1.00001,nrd,shifted_linear,b,1.00001,0.5,3,3,3,1.0,94,True,1000,0.9652172411010658,0.8918149738986765,-3.593406810548094e-05,True,100,0.9655110017176578,0.8915477077882263,-6.776610498182567e-05,2.220446049250313e-16,0.0
How do within-family activation hyperparameters tune the welfare-convergence tradeoff?,hyperparameter_shifted_linear,b,1.00001,nrd,shifted_linear,b,1.00001,0.5,3,3,3,1.0,95,True,800,0.9846769212814023,0.9442460228259512,-4.3285737814868774e-05,True,100,0.984718229562192,0.944219059337104,-6.777621282189061e-05,2.220446049250313e-16,2.220446049250313e-16
How do within-family activation hyperparameters tune the welfare-convergence tradeoff?,hyperparameter_shifted_linear,b,1.00001,nrd,shifted_linear,b,1.00001,0.5,3,3,3,1.0,96,True,1100,0.9802860469482515,0.905408793088533,-3.4032185286803074e-05,True,200,0.9801075219166199,0.9056242339833925,-6.77845806693611e-05,0.0,2.220446049250313e-16
How do within-family activation hyperparameters tune the welfare-convergence tradeoff?,hyperparameter_shifted_linear,b,1.00001,nrd,shifted_linear,b,1.00001,0.5,3,3,3,1.0,97,True,1200,0.9595412668597707,0.8664696989589507,-2.896197703339265e-05,True,200,0.9598085185425942,0.8662618980067748,-6.779556914204843e-05,1.1102230246251565e-16,2.220446049250313e-16
How do within-family activation hyperparameters tune the welfare-convergence tradeoff?,hyperparameter_shifted_linear,b,1.00001,nrd,shifted_linear,b,1.00001,0.5,3,3,3,1.0,98,True,1200,0.978364225885319,0.9127326321818178,-2.758992601847865e-05,True,200,0.9788581890369381,0.9122663871849891,-6.781234324121366e-05,2.220446049250313e-16,2.220446049250313e-16
How do within-family activation hyperparameters tune the welfare-convergence tradeoff?,hyperparameter_shifted_linear,b,1.00001,nrd,shifted_linear,b,1.00001,0.5,3,3,3,1.0,99,True,800,0.984972483721379,0.9492470806095916,-4.252390718201271e-05,True,100,0.984859743450062,0.9493599050512271,-6.77867096522955e-05,2.220446049250313e-16,1.1102230246251565e-16
How do within-family activation hyperparameters tune the welfare-convergence tradeoff?,hyperparameter_shifted_linear,b,1.1,nrd,shifted_linear,b,1.1,0.5,3,3,3,1.0,1,True,900,0.9726360555192834,0.9090550784131007,-3.690145595769412e-05,True,200,0.9725274863431796,0.9091936662890454,-6.530703222618062e-05,1.1102230246251565e-16,2.220446049250313e-16
How do within-family activation hyperparameters tune the welfare-convergence tradeoff?,hyperparameter_shifted_linear,b,1.1,nrd,shifted_linear,b,1.1,0.5,3,3,3,1.0,0,True,1100,0.9762213389880761,0.847764814873971,-3.003117046113113e-05,True,200,0.9765996551093443,0.8474333888143607,-6.531717729391096e-05,0.0,1.1102230246251565e-16
How do within-family activation hyperparameters tune the welfare-convergence tradeoff?,hyperparameter_shifted_linear,b,1.1,nrd,shifted_linear,b,1.1,0.5,3,3,3,1.0,2,True,1100,0.9657110862927706,0.9124726658075897,-3.197242748004259e-05,True,100,0.9663182314258851,0.9118403046502741,-6.533164263855529e-05,0.0,2.220446049250313e-16
How do within-family activation hyperparameters tune the welfare-convergence tradeoff?,hyperparameter_shifted_linear,b,1.1,nrd,shifted_linear,b,1.1,0.5,3,3,3,1.0,3,True,1000,0.9884859770458301,0.9335681098114242,-3.266246703076403e-05,True,200,0.9889394599833214,0.9331019912543738,-6.533524052199091e-05,1.1102230246251565e-16,1.1102230246251565e-16
How do within-family activation hyperparameters tune the welfare-convergence tradeoff?,hyperparameter_shifted_linear,b,1.1,nrd,shifted_linear,b,1.1,0.5,3,3,3,1.0,4,True,900,0.9653512193204985,0.9180374466454732,-3.68650551245131e-05,True,200,0.9656894114841174,0.9176690689332926,-6.529090371498736e-05,2.220446049250313e-16,1.1102230246251565e-16
How do within-family activation hyperparameters tune the welfare-convergence tradeoff?,hyperparameter_shifted_linear,b,1.1,nrd,shifted_linear,b,1.1,0.5,3,3,3,1.0,5,True,1100,0.9656565769875104,0.8814445615724118,-3.0521672067518324e-05,True,200,0.9664443103627922,0.8806827850091,-6.531498115314172e-05,0.0,2.220446049250313e-16
How do within-family activation hyperparameters tune the welfare-convergence tradeoff?,hyperparameter_shifted_linear,b,1.1,nrd,shifted_linear,b,1.1,0.5,3,3,3,1.0,6,True,800,0.9844872281361151,0.8461126590423852,-3.928319901652655e-05,True,100,0.984337613255863,0.8463219348033718,-6.533536821257124e-05,0.0,0.0
How do within-family activation hyperparameters tune the welfare-convergence tradeoff?,hyperparameter_shifted_linear,b,1.1,nrd,shifted_linear,b,1.1,0.5,3,3,3,1.0,7,True,1200,0.9820215302943979,0.9196922648089405,-2.7199047315684677e-05,True,200,0.9821776905632054,0.9195466458971682,-6.531300196765955e-05,2.220446049250313e-16,2.220446049250313e-16
How do within-family activation hyperparameters tune the welfare-convergence tradeoff?,hyperparameter_shifted_linear,b,1.1,nrd,shifted_linear,b,1.1,0.5,3,3,3,1.0,8,True,1100,0.9651164620944174,0.9143454226933105,-3.2133124055422346e-05,True,100,0.9650517805778352,0.914409554629403,-6.532360806649207e-05,1.1102230246251565e-16,0.0
How do within-family activation hyperparameters tune the welfare-convergence tradeoff?,hyperparameter_shifted_linear,b,1.1,nrd,shifted_linear,b,1.1,0.5,3,3,3,1.0,9,True,800,0.9713087960575161,0.855144971307405,-3.8997035077092956e-05,True,200,0.9713060169871048,0.8552096502915131,-6.529524568454903e-05,1.1102230246251565e-16,1.1102230246251565e-16
How do within-family activation hyperparameters tune the welfare-convergence tradeoff?,hyperparameter_shifted_linear,b,1.1,nrd,shifted_linear,b,1.1,0.5,3,3,3,1.0,10,True,900,0.9751433948775508,0.9039579699276197,-3.856627905196586e-05,True,100,0.9755440554283455,0.9035778919297638,-6.531523533798156e-05,1.1102230246251565e-16,1.1102230246251565e-16
How do within-family activation hyperparameters tune the welfare-convergence tradeoff?,hyperparameter_shifted_linear,b,1.1,nrd,shifted_linear,b,1.1,0.5,3,3,3,1.0,11,True,1000,0.9524875188644558,0.8951374734364318,-3.232239291001138e-05,True,200,0.9530957306653215,0.8944985688152988,-6.53324362548946e-05,2.220446049250313e-16,1.1102230246251565e-16
How do within-family activation hyperparameters tune the welfare-convergence tradeoff?,hyperparameter_shifted_linear,b,1.1,nrd,shifted_linear,b,1.1,0.5,3,3,3,1.0,14,True,600,0.9906392842802054,0.9435206082571673,-4.5988605146540795e-05,True,100,0.9904517716331787,0.9437367265567306,-6.53229358774654e-05,1.1102230246251565e-16,2.220446049250313e-16
How do within-family activation hyperparameters tune the welfare-convergence tradeoff?,hyperparameter_shifted_linear,b,1.1,nrd,shifted_linear,b,1.1,0.5,3,3,3,1.0,12,True,1200,0.9731397821806539,0.897574395074526,-2.708771302606383e-05,True,200,0.9734014870509639,0.8973315896255994,-6.532993951907651e-05,0.0,1.1102230246251565e-16
How do within-family activation hyperparameters tune the welfare-convergence tradeoff?,hyperparameter_shifted_linear,b,1.1,nrd,shifted_linear,b,1.1,0.5,3,3,3,1.0,13,True,1200,0.9766034954373103,0.8742008564675897,-2.5770173754768866e-05,True,300,0.9768340358302033,0.8739637149818913,-6.53008178738701e-05,2.220446049250313e-16,1.1102230246251565e-16
How do within-family activation hyperparameters tune the welfare-convergence tradeoff?,hyperparameter_shifted_linear,b,1.1,nrd,shifted_linear,b,1.1,0.5,3,3,3,1.0,15,True,1000,0.9802187477013043,0.8997772487799307,-3.2725031145985906e-05,True,200,0.9806160400655007,0.8994167948943611,-6.532644788498354e-05,0.0,1.1102230246251565e-16
How do within-family activation hyperparameters tune the welfare-convergence tradeoff?,hyperparameter_shifted_linear,b,1.1,nrd,shifted_linear,b,1.1,0.5,3,3,3,1.0,16,True,900,0.9708821768407951,0.8537599967679639,-3.640779362723556e-05,True,200,0.9714901181645997,0.8531065629662361,-6.533558811261386e-05,1.1102230246251565e-16,1.1102230246251565e-16
How do within-family activation hyperparameters tune the welfare-convergence tradeoff?,hyperparameter_shifted_linear,b,1.1,nrd,shifted_linear,b,1.1,0.5,3,3,3,1.0,17,True,1000,0.9680864341929966,0.9099582534627472,-3.349659609458433e-05,True,200,0.967999630770905,0.9100869177915735,-6.533836053845832e-05,2.220446049250313e-16,1.1102230246251565e-16
How do within-family activation hyperparameters tune the welfare-convergence tradeoff?,hyperparameter_shifted_linear,b,1.1,nrd,shifted_linear,b,1.1,0.5,3,3,3,1.0,19,True,900,0.9812999671996308,0.936574537267607,-3.8820380119819475e-05,True,100,0.9816782541776252,0.9362001719515526,-6.533192354013506e-05,2.220446049250313e-16,1.1102230246251565e-16
How do within-family activation hyperparameters tune the welfare-convergence tradeoff?,hyperparameter_shifted_linear,b,1.1,nrd,shifted_linear,b,1.1,0.5,3,3,3,1.0,18,True,1100,0.9837563312651629,0.8959366918318975,-3.14269787956567e-05,True,200,0.9839832546263273,0.8957155418727827,-6.530836156037889e-05,1.1102230246251565e-16,1.1102230246251565e-16
How do within-family activation hyperparameters tune the welfare-convergence tradeoff?,hyperparameter_shifted_linear,b,1.1,nrd,shifted_linear,b,1.1,0.5,3,3,3,1.0,20,True,2200,0.9804701575260498,0.9161249935208211,7.4328140565183e-06,True,500,0.9805968027441487,0.9160302552615768,-6.533785083828736e-05,2.220446049250313e-16,1.1102230246251565e-16
How do within-family activation hyperparameters tune the welfare-convergence tradeoff?,hyperparameter_shifted_linear,b,1.1,nrd,shifted_linear,b,1.1,0.5,3,3,3,1.0,21,True,1300,0.9689490851904843,0.9123274519096122,-2.3411451765376068e-05,True,300,0.9689886212962182,0.9123118768911821,-6.532552004162584e-05,2.220446049250313e-16,2.220446049250313e-16
How do within-family activation hyperparameters tune the welfare-convergence tradeoff?,hyperparameter_shifted_linear,b,1.1,nrd,shifted_linear,b,1.1,0.5,3,3,3,1.0,22,True,2400,0.9741844322331219,0.9434649133861784,1.4213851251720921e-05,True,500,0.9742472725226095,0.9434189568746779,-6.528811778255816e-05,1.1102230246251565e-16,2.220446049250313e-16
How do within-family activation hyperparameters tune the welfare-convergence tradeoff?,hyperparameter_shifted_linear,b,1.1,nrd,shifted_linear,b,1.1,0.5,3,3,3,1.0,23,True,1100,0.9840865373107807,0.9512910175162349,-3.192456913125863e-05,True,200,0.9842086228313301,0.9511757066094934,-6.533785777362855e-05,1.1102230246251565e-16,2.220446049250313e-16
How do within-family activation hyperparameters tune the welfare-convergence tradeoff?,hyperparameter_shifted_linear,b,1.1,nrd,shifted_linear,b,1.1,0.5,3,3,3,1.0,24,True,1300,0.9880995456930546,0.9255531050582513,-2.4356749436349467e-05,True,300,0.9881795164670206,0.9254999860111658,-6.532488325411423e-05,1.1102230246251565e-16,2.220446049250313e-16
How do within-family activation hyperparameters tune the welfare-convergence tradeoff?,hyperparameter_shifted_linear,b,1.1,nrd,shifted_linear,b,1.1,0.5,3,3,3,1.0,25,True,1200,0.9506574363300744,0.8673784503114588,-2.7242841123653605e-05,True,200,0.9515269251503959,0.8664444953564884,-6.534125137358515e-05,1.1102230246251565e-16,2.220446049250313e-16
How do within-family activation hyperparameters tune the welfare-convergence tradeoff?,hyperparameter_shifted_linear,b,1.1,nrd,shifted_linear,b,1.1,0.5,3,3,3,1.0,26,True,1100,0.9865398040753013,0.9095989327250072,-3.0768922915092034e-05,True,200,0.9867661229548501,0.9093749102159546,-6.531426258227224e-05,0.0,2.220446049250313e-16
How do within-family activation hyperparameters tune the welfare-convergence tradeoff?,hyperparameter_shifted_linear,b,1.1,nrd,shifted_linear,b,1.1,0.5,3,3,3,1.0,27,True,1200,0.9661028822540755,0.9057221958263589,-2.859508996055915e-05,True,200,0.9665727136816697,0.9052541848373684,-6.53189109668939e-05,1.1102230246251565e-16,2.220446049250313e-16
How do within-family activation hyperparameters tune the welfare-convergence tradeoff?,hyperparameter_shifted_linear,b,1.1,nrd,shifted_linear,b,1.1,0.5,3,3,3,1.0,28,True,1900,0.9572526404368794,0.8959057816963636,-5.344748746860528e-06,True,400,0.9574679834181057,0.8957162561434792,-6.529727048443235e-05,2.220446049250313e-16,1.1102230246251565e-16
How do within-family activation hyperparameters tune the welfare-convergence tradeoff?,hyperparameter_shifted_linear,b,1.1,nrd,shifted_linear,b,1.1,0.5,3,3,3,1.0,29,True,1100,0.9611186706336817,0.8863713663274023,-2.9461177717404752e-05,True,200,0.9621374588017971,0.8852947946894923,-6.534411450959121e-05,2.220446049250313e-16,0.0
How do within-family activation hyperparameters tune the welfare-convergence tradeoff?,hyperparameter_shifted_linear,b,1.1,nrd,shifted_linear,b,1.1,0.5,3,3,3,1.0,30,True,1000,0.9735048726398313,0.9379038954245921,-3.4498416161321543e-05,True,200,0.973985307260453,0.9374111465135737,-6.528942844535868e-05,2.220446049250313e-16,1.1102230246251565e-16
How do within-family activation hyperparameters tune the welfare-convergence tradeoff?,hyperparameter_shifted_linear,b,1.1,nrd,shifted_linear,b,1.1,0.5,3,3,3,1.0,31,True,1400,0.9740655432506393,0.8984532662685275,-2.1666634515082883e-05,True,200,0.9744755710224244,0.8980533467867984,-6.533738055791716e-05,2.220446049250313e-16,2.220446049250313e-16
How do within-family activation hyperparameters tune the welfare-convergence tradeoff?,hyperparameter_shifted_linear,b,1.1,nrd,shifted_linear,b,1.1,0.5,3,3,3,1.0,32,True,900,0.9766336023144419,0.925600524087848,-3.735151631689693e-05,True,100,0.9765656258967248,0.925669869463122,-6.529881897482381e-05,1.1102230246251565e-16,2.220446049250313e-16
How do within-family activation hyperparameters tune the welfare-convergence tradeoff?,hyperparameter_shifted_linear,b,1.1,nrd,shifted_linear,b,1.1,0.5,3,3,3,1.0,33,True,1400,0.9748807768654645,0.9113355616867281,-1.9594745117645918e-05,True,300,0.9744621682251574,0.9118145889548906,-6.5321950798225e-05,1.1102230246251565e-16,1.1102230246251565e-16
How do within-family activation hyperparameters tune the welfare-convergence tradeoff?,hyperparameter_shifted_linear,b,1.1,nrd,shifted_linear,b,1.1,0.5,3,3,3,1.0,34,True,800,0.9719802763488119,0.8791542199819404,-4.0283158340537195e-05,True,100,0.9722997851953457,0.8788849675078363,-6.530665877124697e-05,2.220446049250313e-16,2.220446049250313e-16
How do within-family activation hyperparameters tune the welfare-convergence tradeoff?,hyperparameter_shifted_linear,b,1.1,nrd,shifted_linear,b,1.1,0.5,3,3,3,1.0,35,True,2100,0.9660157303374916,0.832677739123259,2.453083945475054e-06,True,400,0.9662116388229811,0.8325457889391871,-6.531283280536426e-05,1.1102230246251565e-16,2.220446049250313e-16
How do within-family activation hyperparameters tune the welfare-convergence tradeoff?,hyperparameter_shifted_linear,b,1.1,nrd,shifted_linear,b,1.1,0.5,3,3,3,1.0,36,True,900,0.9865262822223694,0.9246577380675235,-3.727142049975152e-05,True,200,0.9864324375077167,0.9248001275768214,-6.533012128945304e-05,1.1102230246251565e-16,1.1102230246251565e-16
How do within-family activation hyperparameters tune the welfare-convergence tradeoff?,hyperparameter_shifted_linear,b,1.1,nrd,shifted_linear,b,1.1,0.5,3,3,3,1.0,37,True,1100,0.9495352383087547,0.8794317008439042,-3.1481946481670686e-05,True,200,0.9497585968633273,0.879244368014383,-6.533758789545319e-05,1.1102230246251565e-16,2.220446049250313e-16
How do within-family activation hyperparameters tune the welfare-convergence tradeoff?,hyperparameter_shifted_linear,b,1.1,nrd,shifted_linear,b,1.1,0.5,3,3,3,1.0,38,True,1400,0.984334003153771,0.9442271689614432,-1.9113172160301062e-05,True,300,0.9843462157012719,0.9442388252386902,-6.532792612051752e-05,2.220446049250313e-16,2.220446049250313e-16
How do within-family activation hyperparameters tune the welfare-convergence tradeoff?,hyperparameter_shifted_linear,b,1.1,nrd,shifted_linear,b,1.1,0.5,3,3,3,1.0,39,True,900,0.9861772329119453,0.9184836889203017,-3.5642609385266866e-05,True,100,0.9864694999930724,0.918190591565411,-6.53346534918442e-05,0.0,2.220446049250313e-16
How do within-family activation hyperparameters tune the welfare-convergence tradeoff?,hyperparameter_shifted_linear,b,1.1,nrd,shifted_linear,b,1.1,0.5,3,3,3,1.0,40,True,900,0.9566242067600851,0.8763258982673054,-3.6863296081879326e-05,True,200,0.9562838032364139,0.8767311260797278,-6.53200268657117e-05,0.0,2.220446049250313e-16
How do within-family activation hyperparameters tune the welfare-convergence tradeoff?,hyperparameter_shifted_linear,b,1.1,nrd,shifted_linear,b,1.1,0.5,3,3,3,1.0,41,True,800,0.9908558307970237,0.9119047296485455,-4.210299362222836e-05,True,100,0.9910181217968369,0.9117451722469948,-6.532822107679914e-05,0.0,1.1102230246251565e-16
How do within-family activation hyperparameters tune the welfare-convergence tradeoff?,hyperparameter_shifted_linear,b,1.1,nrd,shifted_linear,b,1.1,0.5,3,3,3,1.0,42,True,800,0.9739469152960945,0.8966524332454426,-4.07559159198434e-05,True,100,0.9739978365742208,0.8966546983746495,-6.532272144971207e-05,2.220446049250313e-16,0.0
How do within-family activation hyperparameters tune the welfare-convergence tradeoff?,hyperparameter_shifted_linear,b,1.1,nrd,shifted_linear,b,1.1,0.5,3,3,3,1.0,43,True,1100,0.9520994970137832,0.8547602372239039,-2.9676020221414134e-05,True,200,0.9525132706659519,0.8543701327647252,-6.532374910461769e-05,2.220446049250313e-16,1.1102230246251565e-16
How do within-family activation hyperparameters tune the welfare-convergence tradeoff?,hyperparameter_shifted_linear,b,1.1,nrd,shifted_linear,b,1.1,0.5,3,3,3,1.0,44,True,900,0.9556930597476934,0.8623181200452223,-3.7848219499758695e-05,True,100,0.9562971021293785,0.8616825746336092,-6.53243563365491e-05,2.220446049250313e-16,1.1102230246251565e-16
How do within-family activation hyperparameters tune the welfare-convergence tradeoff?,hyperparameter_shifted_linear,b,1.1,nrd,shifted_linear,b,1.1,0.5,3,3,3,1.0,45,True,600,0.9910990452847735,0.9749326111405106,-4.8454137715869816e-05,True,100,0.9912200367503866,0.9748049096660707,-6.530412572142152e-05,2.220446049250313e-16,2.220446049250313e-16
How do within-family activation hyperparameters tune the welfare-convergence tradeoff?,hyperparameter_shifted_linear,b,1.1,nrd,shifted_linear,b,1.1,0.5,3,3,3,1.0,46,True,1200,0.9797252014012816,0.8977216167600842,-2.688075457868422e-05,True,200,0.9799372955962167,0.8975679953768672,-6.531840762863395e-05,1.1102230246251565e-16,2.220446049250313e-16
How do within-family activation hyperparameters tune the welfare-convergence tradeoff?,hyperparameter_shifted_linear,b,1.1,nrd,shifted_linear,b,1.1,0.5,3,3,3,1.0,47,True,1000,0.983907061996752,0.9450767103840109,-3.4959572814130535e-05,True,200,0.9841163618645143,0.9448657210066272,-6.530789792991154e-05,0.0,1.1102230246251565e-16
How do within-family activation hyperparameters tune the welfare-convergence tradeoff?,hyperparameter_shifted_linear,b,1.1,nrd,shifted_linear,b,1.1,0.5,3,3,3,1.0,48,True,800,0.9803143359425476,0.9174772656257092,-4.048890847047071e-05,True,100,0.9799025509189139,0.9179320746964986,-6.531546111832043e-05,1.1102230246251565e-16,1.1102230246251565e-16
How do within-family activation hyperparameters tune the welfare-convergence tradeoff?,hyperparameter_shifted_linear,b,1.1,nrd,shifted_linear,b,1.1,0.5,3,3,3,1.0,49,True,900,0.9805512712094682,0.8735087494020664,-3.6312124089665776e-05,True,200,0.9806415490275833,0.8734413004388603,-6.531185335539869e-05,1.1102230246251565e-16,1.1102230246251565e-16
How do within-family activation hyperparameters tune the welfare-convergence tradeoff?,hyperparameter_shifted_linear,b,1.1,nrd,shifted_linear,b,1.1,0.5,3,3,3,1.0,50,True,1000,0.9831770863433605,0.866069929526419,-3.534355355505614e-05,True,200,0.9832971211337679,0.8660002045728405,-6.531649342178536e-05,2.220446049250313e-16,2.220446049250313e-16
How do within-family activation hyperparameters tune the welfare-convergence tradeoff?,hyperparameter_shifted_linear,b,1.1,nrd,shifted_linear,b,1.1,0.5,3,3,3,1.0,51,True,800,0.9841027739375559,0.8975734963453755,-3.918269327868318e-05,True,100,0.9843315636241082,0.8973651226840169,-6.533221803672884e-05,1.1102230246251565e-16,2.220446049250313e-16
How do within-family activation hyperparameters tune the welfare-convergence tradeoff?,hyperparameter_shifted_linear,b,1.1,nrd,shifted_linear,b,1.1,0.5,3,3,3,1.0,52,True,1300,0.9828575969056444,0.8612303444033814,-2.250535336129067e-05,True,300,0.9833301427421771,0.860806039733275,-6.530932343423723e-05,2.220446049250313e-16,2.220446049250313e-16
How do within-family activation hyperparameters tune the welfare-convergence tradeoff?,hyperparameter_shifted_linear,b,1.1,nrd,shifted_linear,b,1.1,0.5,3,3,3,1.0,53,True,900,0.969708262049769,0.9092261005080863,-3.685420584831345e-05,True,100,0.969946404965168,0.9089975156810678,-6.529505431274174e-05,0.0,1.1102230246251565e-16
How do within-family activation hyperparameters tune the welfare-convergence tradeoff?,hyperparameter_shifted_linear,b,1.1,nrd,shifted_linear,b,1.1,0.5,3,3,3,1.0,54,True,900,0.9739133551668937,0.8925377155618017,-3.68741325163513e-05,True,200,0.9744715341444019,0.8919537987363092,-6.533627520816099e-05,0.0,1.1102230246251565e-16
How do within-family activation hyperparameters tune the welfare-convergence tradeoff?,hyperparameter_shifted_linear,b,1.1,nrd,shifted_linear,b,1.1,0.5,3,3,3,1.0,55,True,1000,0.9768842497269922,0.89060223168315,-3.280802319971521e-05,True,200,0.9769185082441264,0.8905893127567945,-6.533836940014748e-05,0.0,1.1102230246251565e-16
How do within-family activation hyperparameters tune the welfare-convergence tradeoff?,hyperparameter_shifted_linear,b,1.1,nrd,shifted_linear,b,1.1,0.5,3,3,3,1.0,57,True,1000,0.9877960260903618,0.9013250411449674,-3.442607104303663e-05,True,200,0.9879171538938357,0.901209296257571,-6.533163172417478e-05,1.1102230246251565e-16,0.0
How do within-family activation hyperparameters tune the welfare-convergence tradeoff?,hyperparameter_shifted_linear,b,1.1,nrd,shifted_linear,b,1.1,0.5,3,3,3,1.0,56,True,2900,0.9876707636100605,0.9161684578185373,2.8575684774712062e-05,True,600,0.9877507920352674,0.9161794070703989,-6.47921457417322e-05,2.220446049250313e-16,2.220446049250313e-16
How do within-family activation hyperparameters tune the welfare-convergence tradeoff?,hyperparameter_shifted_linear,b,1.1,nrd,shifted_linear,b,1.1,0.5,3,3,3,1.0,58,True,900,0.9664422939787634,0.885528814735105,-3.857688703617912e-05,True,100,0.9670274697922769,0.8848980088780035,-6.533453044588189e-05,2.220446049250313e-16,1.1102230246251565e-16
How do within-family activation hyperparameters tune the welfare-convergence tradeoff?,hyperparameter_shifted_linear,b,1.1,nrd,shifted_linear,b,1.1,0.5,3,3,3,1.0,59,True,1500,0.9693975511152231,0.862916780515922,-1.8999185707802013e-05,True,300,0.9699638600647682,0.8623673480966237,-6.53381143793097e-05,2.220446049250313e-16,2.220446049250313e-16
How do within-family activation hyperparameters tune the welfare-convergence tradeoff?,hyperparameter_shifted_linear,b,1.1,nrd,shifted_linear,b,1.1,0.5,3,3,3,1.0,60,True,1500,0.9713255834715008,0.9228787082356081,-1.6460945818919104e-05,True,300,0.9714832554866943,0.9227734067758736,-6.532590877178501e-05,2.220446049250313e-16,1.1102230246251565e-16
How do within-family activation hyperparameters tune the welfare-convergence tradeoff?,hyperparameter_shifted_linear,b,1.1,nrd,shifted_linear,b,1.1,0.5,3,3,3,1.0,61,True,700,0.9786963188593757,0.9180124036873724,-4.544892520585986e-05,True,100,0.9786175166052845,0.9181293225279149,-6.532184438351463e-05,2.220446049250313e-16,1.1102230246251565e-16
How do within-family activation hyperparameters tune the welfare-convergence tradeoff?,hyperparameter_shifted_linear,b,1.1,nrd,shifted_linear,b,1.1,0.5,3,3,3,1.0,62,True,800,0.9635827947897256,0.9036268409386142,-4.1878411327744836e-05,True,100,0.9631029792105522,0.9041616910110427,-6.531896290440375e-05,2.220446049250313e-16,2.220446049250313e-16
How do within-family activation hyperparameters tune the welfare-convergence tradeoff?,hyperparameter_shifted_linear,b,1.1,nrd,shifted_linear,b,1.1,0.5,3,3,3,1.0,63,True,1100,0.9893663723994166,0.9296188260808731,-2.970038374439099e-05,True,200,0.9895216635269739,0.9294563776644957,-6.532893788757654e-05,2.220446049250313e-16,0.0
How do within-family activation hyperparameters tune the welfare-convergence tradeoff?,hyperparameter_shifted_linear,b,1.1,nrd,shifted_linear,b,1.1,0.5,3,3,3,1.0,64,True,800,0.9441973286355501,0.8527774560261937,-3.928341585279771e-05,True,100,0.9444627763031511,0.8525068957633702,-6.533026925192864e-05,1.1102230246251565e-16,1.1102230246251565e-16
How do within-family activation hyperparameters tune the welfare-convergence tradeoff?,hyperparameter_shifted_linear,b,1.1,nrd,shifted_linear,b,1.1,0.5,3,3,3,1.0,66,True,1100,0.9819418746216915,0.9002875966039209,-2.918950912239593e-05,True,200,0.9820659269317275,0.9001794007717897,-6.531476734988884e-05,1.1102230246251565e-16,1.1102230246251565e-16
How do within-family activation hyperparameters tune the welfare-convergence tradeoff?,hyperparameter_shifted_linear,b,1.1,nrd,shifted_linear,b,1.1,0.5,3,3,3,1.0,65,True,1400,0.9738490958811088,0.8784273643755438,-2.1069062309919673e-05,True,200,0.9743560553515216,0.8778952874676552,-6.533552558568578e-05,1.1102230246251565e-16,1.1102230246251565e-16
How do within-family activation hyperparameters tune the welfare-convergence tradeoff?,hyperparameter_shifted_linear,b,1.1,nrd,shifted_linear,b,1.1,0.5,3,3,3,1.0,67,True,1000,0.9763506966302642,0.8814261690104942,-3.3120301218825254e-05,True,200,0.9768940297202828,0.8808629553261871,-6.53231807635768e-05,2.220446049250313e-16,1.1102230246251565e-16
How do within-family activation hyperparameters tune the welfare-convergence tradeoff?,hyperparameter_shifted_linear,b,1.1,nrd,shifted_linear,b,1.1,0.5,3,3,3,1.0,68,True,1000,0.9816034437981999,0.893791567652572,-3.531620081359543e-05,True,200,0.9814201462544706,0.8940145364096254,-6.531038798496258e-05,1.1102230246251565e-16,2.220446049250313e-16
How do within-family activation hyperparameters tune the welfare-convergence tradeoff?,hyperparameter_shifted_linear,b,1.1,nrd,shifted_linear,b,1.1,0.5,3,3,3,1.0,69,True,1100,0.9771487143243445,0.9229119457259657,-3.086727282985979e-05,True,200,0.9775293690285471,0.9225570872489867,-6.529646260755584e-05,2.220446049250313e-16,1.1102230246251565e-16
How do within-family activation hyperparameters tune the welfare-convergence tradeoff?,hyperparameter_shifted_linear,b,1.1,nrd,shifted_linear,b,1.1,0.5,3,3,3,1.0,70,True,2000,0.9670725360559844,0.9074393704034932,-1.0654375144913963e-06,True,400,0.966881545359301,0.9077509280510183,-6.533222666482708e-05,1.1102230246251565e-16,1.1102230246251565e-16
How do within-family activation hyperparameters tune the welfare-convergence tradeoff?,hyperparameter_shifted_linear,b,1.1,nrd,shifted_linear,b,1.1,0.5,3,3,3,1.0,71,True,900,0.9693905209161626,0.9191423825354631,-3.635873758328634e-05,True,200,0.9696845505483125,0.918876351773941,-6.53325273080041e-05,1.1102230246251565e-16,2.220446049250313e-16
How do within-family activation hyperparameters tune the welfare-convergence tradeoff?,hyperparameter_shifted_linear,b,1.1,nrd,shifted_linear,b,1.1,0.5,3,3,3,1.0,72,True,1000,0.964767950438655,0.9161839888940584,-3.5191755685948234e-05,True,100,0.9655501954766582,0.9153421938159986,-6.533193660623882e-05,1.1102230246251565e-16,1.1102230246251565e-16
How do within-family activation hyperparameters tune the welfare-convergence tradeoff?,hyperparameter_shifted_linear,b,1.1,nrd,shifted_linear,b,1.1,0.5,3,3,3,1.0,73,True,2200,0.9714492732929156,0.8973244766926225,5.358818457534831e-06,True,500,0.9716118544793033,0.8971841632445097,-6.533172137201948e-05,1.1102230246251565e-16,1.1102230246251565e-16
How do within-family activation hyperparameters tune the welfare-convergence tradeoff?,hyperparameter_shifted_linear,b,1.1,nrd,shifted_linear,b,1.1,0.5,3,3,3,1.0,74,True,1100,0.9841933993141364,0.8991824354513853,-3.070830683543635e-05,True,200,0.9843987920759327,0.8989999521074378,-6.530172664026557e-05,0.0,0.0
How do within-family activation hyperparameters tune the welfare-convergence tradeoff?,hyperparameter_shifted_linear,b,1.1,nrd,shifted_linear,b,1.1,0.5,3,3,3,1.0,75,True,1100,0.9739770456656169,0.8670321371179727,-3.2016740020179846e-05,True,200,0.9739235671582223,0.8671719590747599,-6.527838205716563e-05,2.220446049250313e-16,1.1102230246251565e-16
How do within-family activation hyperparameters tune the welfare-convergence tradeoff?,hyperparameter_shifted_linear,b,1.1,nrd,shifted_linear,b,1.1,0.5,3,3,3,1.0,77,True,800,0.9843807599824868,0.8922355547360291,-3.962070510599158e-05,True,100,0.9847984041174317,0.8918009677358473,-6.533043242812342e-05,0.0,0.0
How do within-family activation hyperparameters tune the welfare-convergence tradeoff?,hyperparameter_shifted_linear,b,1.1,nrd,shifted_linear,b,1.1,0.5,3,3,3,1.0,78,True,700,0.9841093429338236,0.9183194872935919,-4.315723608294686e-05,True,100,0.984212867793925,0.9182188646825661,-6.532199465786315e-05,1.1102230246251565e-16,2.220446049250313e-16
How do within-family activation hyperparameters tune the welfare-convergence tradeoff?,hyperparameter_shifted_linear,b,1.1,nrd,shifted_linear,b,1.1,0.5,3,3,3,1.0,76,True,1700,0.9468582385684429,0.8905706471809715,-9.151262271633875e-06,True,400,0.9463251260107263,0.8911434177707976,-6.531865085029898e-05,1.1102230246251565e-16,0.0
How do within-family activation hyperparameters tune the welfare-convergence tradeoff?,hyperparameter_shifted_linear,b,1.1,nrd,shifted_linear,b,1.1,0.5,3,3,3,1.0,80,True,1300,0.9764941341616076,0.9244389096317907,-2.467149811274938e-05,True,200,0.9767903579214098,0.9241815793338768,-6.5313328239891e-05,2.220446049250313e-16,1.1102230246251565e-16
How do within-family activation hyperparameters tune the welfare-convergence tradeoff?,hyperparameter_shifted_linear,b,1.1,nrd,shifted_linear,b,1.1,0.5,3,3,3,1.0,79,True,1700,0.9561337814928446,0.8572698397859696,-1.0130327399937578e-05,True,300,0.9568615100670794,0.856532597168972,-6.534222357373887e-05,1.1102230246251565e-16,1.1102230246251565e-16
How do within-family activation hyperparameters tune the welfare-convergence tradeoff?,hyperparameter_shifted_linear,b,1.1,nrd,shifted_linear,b,1.1,0.5,3,3,3,1.0,81,True,900,0.9613083947455897,0.8901680223717805,-3.7041871185306e-05,True,100,0.9615935421768618,0.8898797725113518,-6.529964723478443e-05,0.0,2.220446049250313e-16
How do within-family activation hyperparameters tune the welfare-convergence tradeoff?,hyperparameter_shifted_linear,b,1.1,nrd,shifted_linear,b,1.1,0.5,3,3,3,1.0,82,True,900,0.9563802173029486,0.864434450046429,-3.5766291996031097e-05,True,200,0.9561262977373731,0.8647437350998469,-6.531181789720675e-05,0.0,2.220446049250313e-16
How do within-family activation hyperparameters tune the welfare-convergence tradeoff?,hyperparameter_shifted_linear,b,1.1,nrd,shifted_linear,b,1.1,0.5,3,3,3,1.0,84,True,900,0.9846601444156758,0.9587327021569063,-3.6434069184410056e-05,True,200,0.9845148065346069,0.9588859045990636,-6.52993611975905e-05,1.1102230246251565e-16,2.220446049250313e-16
How do within-family activation hyperparameters tune the welfare-convergence tradeoff?,hyperparameter_shifted_linear,b,1.1,nrd,shifted_linear,b,1.1,0.5,3,3,3,1.0,83,True,1000,0.9821067433897733,0.9538344045669955,-3.426283987845169e-05,True,200,0.9826051553270982,0.9532997554293532,-6.532184009294673e-05,0.0,1.1102230246251565e-16
How do within-family activation hyperparameters tune the welfare-convergence tradeoff?,hyperparameter_shifted_linear,b,1.1,nrd,shifted_linear,b,1.1,0.5,3,3,3,1.0,86,True,800,0.9855190026662909,0.9125731992390859,-3.938108456164047e-05,True,200,0.9857221157174816,0.9123696550298236,-6.528916208831115e-05,1.1102230246251565e-16,1.1102230246251565e-16
How do within-family activation hyperparameters tune the welfare-convergence tradeoff?,hyperparameter_shifted_linear,b,1.1,nrd,shifted_linear,b,1.1,0.5,3,3,3,1.0,85,True,1500,0.9883244917188339,0.881179514951544,-1.713380288215216e-05,True,300,0.9884545951943974,0.8810542570994189,-6.529908364855119e-05,1.1102230246251565e-16,1.1102230246251565e-16
How do within-family activation hyperparameters tune the welfare-convergence tradeoff?,hyperparameter_shifted_linear,b,1.1,nrd,shifted_linear,b,1.1,0.5,3,3,3,1.0,87,True,1000,0.9909970475945689,0.8775602635677492,-3.535137761279117e-05,True,200,0.9909720164004329,0.877625210282528,-6.53224997299029e-05,1.1102230246251565e-16,1.1102230246251565e-16
How do within-family activation hyperparameters tune the welfare-convergence tradeoff?,hyperparameter_shifted_linear,b,1.1,nrd,shifted_linear,b,1.1,0.5,3,3,3,1.0,90,True,900,0.9870660373766994,0.8961135093766242,-3.665978509626022e-05,True,100,0.9869988972423235,0.8962047708200528,-6.532597827724196e-05,2.220446049250313e-16,2.220446049250313e-16
How do within-family activation hyperparameters tune the welfare-convergence tradeoff?,hyperparameter_shifted_linear,b,1.1,nrd,shifted_linear,b,1.1,0.5,3,3,3,1.0,88,True,1100,0.9797010464663761,0.9129028216591836,-3.0767982079737966e-05,True,200,0.9800089632810756,0.9125878321246561,-6.532257391583807e-05,1.1102230246251565e-16,1.1102230246251565e-16
How do within-family activation hyperparameters tune the welfare-convergence tradeoff?,hyperparameter_shifted_linear,b,1.1,nrd,shifted_linear,b,1.1,0.5,3,3,3,1.0,89,True,1200,0.9847406830901598,0.8947639477977618,-2.7649382002670198e-05,True,200,0.9848784630568638,0.8946504735439259,-6.531335496873236e-05,0.0,1.1102230246251565e-16
How do within-family activation hyperparameters tune the welfare-convergence tradeoff?,hyperparameter_shifted_linear,b,1.1,nrd,shifted_linear,b,1.1,0.5,3,3,3,1.0,91,True,700,0.9768429162602343,0.8798874080400436,-4.276698684713143e-05,True,100,0.9768114979418947,0.8799316462105561,-6.532543827153514e-05,1.1102230246251565e-16,1.1102230246251565e-16
How do within-family activation hyperparameters tune the welfare-convergence tradeoff?,hyperparameter_shifted_linear,b,1.1,nrd,shifted_linear,b,1.1,0.5,3,3,3,1.0,93,True,900,0.9706311598343451,0.8219180434937227,-3.871080369360902e-05,True,100,0.9707434053284715,0.8217988550924454,-6.530408742899674e-05,0.0,0.0
How do within-family activation hyperparameters tune the welfare-convergence tradeoff?,hyperparameter_shifted_linear,b,1.1,nrd,shifted_linear,b,1.1,0.5,3,3,3,1.0,92,True,2000,0.9765611093452832,0.9220596596420413,-1.801583250915506e-06,True,400,0.9771095964089094,0.9215260429178409,-6.534735045021778e-05,1.1102230246251565e-16,1.1102230246251565e-16
How do within-family activation hyperparameters tune the welfare-convergence tradeoff?,hyperparameter_shifted_linear,b,1.1,nrd,shifted_linear,b,1.1,0.5,3,3,3,1.0,94,True,1000,0.9689995657373178,0.8878546221164424,-3.270837096702728e-05,True,100,0.9693038349335982,0.8875489982772278,-6.532043189244607e-05,2.220446049250313e-16,2.220446049250313e-16
How do within-family activation hyperparameters tune the welfare-convergence tradeoff?,hyperparameter_shifted_linear,b,1.1,nrd,shifted_linear,b,1.1,0.5,3,3,3,1.0,95,True,800,0.9863524843141467,0.9424874036705377,-4.0760977220721806e-05,True,100,0.9863987560856253,0.9424523729592303,-6.532375177342731e-05,0.0,0.0
How do within-family activation hyperparameters tune the welfare-convergence tradeoff?,hyperparameter_shifted_linear,b,1.1,nrd,shifted_linear,b,1.1,0.5,3,3,3,1.0,96,True,1100,0.982462787010602,0.9030780336660765,-3.0584671417255294e-05,True,200,0.9822956706118762,0.9033012506970964,-6.53177280274253e-05,0.0,2.220446049250313e-16
How do within-family activation hyperparameters tune the welfare-convergence tradeoff?,hyperparameter_shifted_linear,b,1.1,nrd,shifted_linear,b,1.1,0.5,3,3,3,1.0,97,True,1300,0.963937527943874,0.8619112240108047,-2.5386449986397608e-05,True,200,0.9642288263581164,0.8616563302213098,-6.53317764310879e-05,0.0,2.220446049250313e-16
How do within-family activation hyperparameters tune the welfare-convergence tradeoff?,hyperparameter_shifted_linear,b,1.1,nrd,shifted_linear,b,1.1,0.5,3,3,3,1.0,99,True,800,0.986631478394215,0.9475119501609099,-4.000688635302785e-05,True,100,0.9865253862336988,0.9476291864143725,-6.532071938913919e-05,2.220446049250313e-16,2.220446049250313e-16
How do within-family activation hyperparameters tune the welfare-convergence tradeoff?,hyperparameter_shifted_linear,b,1.1,nrd,shifted_linear,b,1.1,0.5,3,3,3,1.0,98,True,1300,0.9806773987426324,0.9102760727818472,-2.4089169466168237e-05,True,200,0.9811836095769223,0.9097501824494459,-6.534642687494596e-05,2.220446049250313e-16,2.220446049250313e-16
How do within-family activation hyperparameters tune the welfare-convergence tradeoff?,hyperparameter_shifted_linear,b,1.5,nrd,shifted_linear,b,1.5,0.5,3,3,3,1.0,1,True,1000,0.9818073037389871,0.8970535451485447,-2.9241687956760298e-05,True,200,0.9817346717208406,0.8971859089490168,-5.875371905511573e-05,1.1102230246251565e-16,1.1102230246251565e-16
How do within-family activation hyperparameters tune the welfare-convergence tradeoff?,hyperparameter_shifted_linear,b,1.5,nrd,shifted_linear,b,1.5,0.5,3,3,3,1.0,0,True,1300,0.9840137147953804,0.8375053326255131,-1.8788717456585946e-05,True,300,0.9844421442503656,0.8369758412521194,-5.8740900007292485e-05,0.0,2.220446049250313e-16
How do within-family activation hyperparameters tune the welfare-convergence tradeoff?,hyperparameter_shifted_linear,b,1.5,nrd,shifted_linear,b,1.5,0.5,3,3,3,1.0,2,True,1200,0.9769752343033895,0.8981805178581858,-2.2025645416035022e-05,True,200,0.9776066782622698,0.8972813533533398,-5.8756800802250986e-05,0.0,1.1102230246251565e-16
How do within-family activation hyperparameters tune the welfare-convergence tradeoff?,hyperparameter_shifted_linear,b,1.5,nrd,shifted_linear,b,1.5,0.5,3,3,3,1.0,3,True,1200,0.99218625448082,0.9288905682486321,-2.298309148246469e-05,True,200,0.9926463131302964,0.9282465529700298,-5.875997024940016e-05,1.1102230246251565e-16,1.1102230246251565e-16
How do within-family activation hyperparameters tune the welfare-convergence tradeoff?,hyperparameter_shifted_linear,b,1.5,nrd,shifted_linear,b,1.5,0.5,3,3,3,1.0,4,True,1100,0.9768324888378941,0.9034729264118618,-2.652925435492337e-05,True,200,0.9771884963144502,0.9029476485874594,-5.872666964601425e-05,1.1102230246251565e-16,2.220446049250313e-16
How do within-family activation hyperparameters tune the welfare-convergence tradeoff?,hyperparameter_shifted_linear,b,1.5,nrd,shifted_linear,b,1.5,0.5,3,3,3,1.0,5,True,1300,0.9768642762987872,0.8675093509218215,-1.8189880691854565e-05,True,200,0.9776902564921612,0.8664097632662046,-5.87421885815953e-05,0.0,1.1102230246251565e-16
How do within-family activation hyperparameters tune the welfare-convergence tradeoff?,hyperparameter_shifted_linear,b,1.5,nrd,shifted_linear,b,1.5,0.5,3,3,3,1.0,6,True,900,0.9897108050862147,0.8387745315487227,-3.264060065355512e-05,True,100,0.9895866763635093,0.8390070230804217,-5.8745057648246224e-05,1.1102230246251565e-16,2.220446049250313e-16
How do within-family activation hyperparameters tune the welfare-convergence tradeoff?,hyperparameter_shifted_linear,b,1.5,nrd,shifted_linear,b,1.5,0.5,3,3,3,1.0,8,True,1100,0.9767845802884757,0.8994793019816836,-2.4342541087407632e-05,True,200,0.9767645079232316,0.8995045953330644,-5.875034950741931e-05,0.0,1.1102230246251565e-16
How do within-family activation hyperparameters tune the welfare-convergence tradeoff?,hyperparameter_shifted_linear,b,1.5,nrd,shifted_linear,b,1.5,0.5,3,3,3,1.0,7,True,1500,0.9879463821103397,0.9120270212497243,-1.2322686358701151e-05,True,300,0.9881509150408632,0.9117591624432245,-5.873937038791688e-05,1.1102230246251565e-16,1.1102230246251565e-16
How do within-family activation hyperparameters tune the welfare-convergence tradeoff?,hyperparameter_shifted_linear,b,1.5,nrd,shifted_linear,b,1.5,0.5,3,3,3,1.0,9,True,1000,0.9808714762410191,0.8425233336803432,-2.7254017896827243e-05,True,200,0.9809231431357305,0.8425252394893415,-5.8717797411400596e-05,2.220446049250313e-16,1.1102230246251565e-16
How do within-family activation hyperparameters tune the welfare-convergence tradeoff?,hyperparameter_shifted_linear,b,1.5,nrd,shifted_linear,b,1.5,0.5,3,3,3,1.0,10,True,1000,0.9833311122223263,0.8935425363314108,-2.942219561852255e-05,True,100,0.9837401446599696,0.8930052122077634,-5.8742364668240565e-05,2.220446049250313e-16,1.1102230246251565e-16
How do within-family activation hyperparameters tune the welfare-convergence tradeoff?,hyperparameter_shifted_linear,b,1.5,nrd,shifted_linear,b,1.5,0.5,3,3,3,1.0,11,True,1200,0.968146812200572,0.8754438082351964,-2.113477589121837e-05,True,200,0.9688157004463286,0.8744872255861221,-5.876346587069259e-05,1.1102230246251565e-16,1.1102230246251565e-16
How do within-family activation hyperparameters tune the welfare-convergence tradeoff?,hyperparameter_shifted_linear,b,1.5,nrd,shifted_linear,b,1.5,0.5,3,3,3,1.0,12,True,1300,0.9820369141348475,0.8861691775462619,-1.8303718787637813e-05,True,300,0.982316052998742,0.8858083222546105,-5.8753314161941184e-05,2.220446049250313e-16,1.1102230246251565e-16
How do within-family activation hyperparameters tune the welfare-convergence tradeoff?,hyperparameter_shifted_linear,b,1.5,nrd,shifted_linear,b,1.5,0.5,3,3,3,1.0,14,True,700,0.9938143628658819,0.9393251596641249,-3.9487879626820543e-05,True,100,0.9936518785934895,0.9395812065254434,-5.874395892208062e-05,2.220446049250313e-16,2.220446049250313e-16
How do within-family activation hyperparameters tune the welfare-convergence tradeoff?,hyperparameter_shifted_linear,b,1.5,nrd,shifted_linear,b,1.5,0.5,3,3,3,1.0,13,True,1600,0.9843064242396293,0.8642930182977722,-1.0414695758520498e-05,True,300,0.9845981501208967,0.8638843153109802,-5.8722702159452744e-05,1.1102230246251565e-16,1.1102230246251565e-16
How do within-family activation hyperparameters tune the welfare-convergence tradeoff?,hyperparameter_shifted_linear,b,1.5,nrd,shifted_linear,b,1.5,0.5,3,3,3,1.0,15,True,1200,0.9867025268847758,0.8915726009872907,-2.2243688464873568e-05,True,200,0.9871125633111839,0.8910557014043802,-5.874883223977445e-05,1.1102230246251565e-16,1.1102230246251565e-16
How do within-family activation hyperparameters tune the welfare-convergence tradeoff?,hyperparameter_shifted_linear,b,1.5,nrd,shifted_linear,b,1.5,0.5,3,3,3,1.0,16,True,1100,0.9803884213556092,0.8417281069797489,-2.6529130701946624e-05,True,200,0.9810452335947376,0.8407688687191436,-5.875820681328081e-05,2.220446049250313e-16,2.220446049250313e-16
How do within-family activation hyperparameters tune the welfare-convergence tradeoff?,hyperparameter_shifted_linear,b,1.5,nrd,shifted_linear,b,1.5,0.5,3,3,3,1.0,17,True,1000,0.9787486269911081,0.8964150461007506,-2.7023752981192306e-05,True,200,0.978724697652163,0.8964937826624316,-5.8758305592376825e-05,1.1102230246251565e-16,0.0
How do within-family activation hyperparameters tune the welfare-convergence tradeoff?,hyperparameter_shifted_linear,b,1.5,nrd,shifted_linear,b,1.5,0.5,3,3,3,1.0,18,True,1200,0.9891163030778007,0.8890584885375223,-2.1009416060202568e-05,True,300,0.9893512547301381,0.8887427753173744,-5.87378412649775e-05,1.1102230246251565e-16,2.220446049250313e-16
How do within-family activation hyperparameters tune the welfare-convergence tradeoff?,hyperparameter_shifted_linear,b,1.5,nrd,shifted_linear,b,1.5,0.5,3,3,3,1.0,19,True,1000,0.9874318831854539,0.9287079446774321,-2.9706319314537488e-05,True,200,0.9878188986138419,0.9281825701236603,-5.875745403999266e-05,0.0,1.1102230246251565e-16
How do within-family activation hyperparameters tune the welfare-convergence tradeoff?,hyperparameter_shifted_linear,b,1.5,nrd,shifted_linear,b,1.5,0.5,3,3,3,1.0,20,True,2400,0.9869435014168146,0.9080452887217518,1.6300717622597105e-05,True,500,0.9870997710118479,0.9078827566704472,-5.871746068042416e-05,1.1102230246251565e-16,1.1102230246251565e-16
How do within-family activation hyperparameters tune the welfare-convergence tradeoff?,hyperparameter_shifted_linear,b,1.5,nrd,shifted_linear,b,1.5,0.5,3,3,3,1.0,21,True,1400,0.9792993269913778,0.8992935238463272,-1.4842206771337185e-05,True,300,0.9793817582687665,0.8992127336315495,-5.8746570682888244e-05,1.1102230246251565e-16,2.220446049250313e-16
How do within-family activation hyperparameters tune the welfare-convergence tradeoff?,hyperparameter_shifted_linear,b,1.5,nrd,shifted_linear,b,1.5,0.5,3,3,3,1.0,23,True,1200,0.989356923925194,0.9445417137159136,-2.274164206150786e-05,True,200,0.9895011514065781,0.9443543419383577,-5.8768625464999946e-05,0.0,1.1102230246251565e-16
How do within-family activation hyperparameters tune the welfare-convergence tradeoff?,hyperparameter_shifted_linear,b,1.5,nrd,shifted_linear,b,1.5,0.5,3,3,3,1.0,22,True,2700,0.9827850678453934,0.9326112108830049,2.6165365660357764e-05,True,600,0.9828779888597248,0.9325230287484721,-5.846846705481745e-05,0.0,0.0
How do within-family activation hyperparameters tune the welfare-convergence tradeoff?,hyperparameter_shifted_linear,b,1.5,nrd,shifted_linear,b,1.5,0.5,3,3,3,1.0,24,True,1500,0.9920460153118338,0.9203979314444904,-1.421802342965739e-05,True,300,0.9921413667217536,0.920298718316667,-5.874917750608999e-05,1.1102230246251565e-16,0.0
How do within-family activation hyperparameters tune the welfare-convergence tradeoff?,hyperparameter_shifted_linear,b,1.5,nrd,shifted_linear,b,1.5,0.5,3,3,3,1.0,25,True,1400,0.9668350700165004,0.8470013397789304,-1.586365087630215e-05,True,200,0.9677725983609979,0.845631641496076,-5.876042017488592e-05,2.220446049250313e-16,1.1102230246251565e-16
How do within-family activation hyperparameters tune the welfare-convergence tradeoff?,hyperparameter_shifted_linear,b,1.5,nrd,shifted_linear,b,1.5,0.5,3,3,3,1.0,26,True,1200,0.9909545219556776,0.9039730752647818,-2.1145370878439262e-05,True,200,0.9912014385503871,0.9036375358095837,-5.8740810562174506e-05,1.1102230246251565e-16,0.0
How do within-family activation hyperparameters tune the welfare-convergence tradeoff?,hyperparameter_shifted_linear,b,1.5,nrd,shifted_linear,b,1.5,0.5,3,3,3,1.0,27,True,1300,0.9772704772729084,0.8915071385310597,-1.9761728717981875e-05,True,300,0.9777758474916922,0.8908185291483198,-5.875573290575753e-05,2.220446049250313e-16,2.220446049250313e-16
How do within-family activation hyperparameters tune the welfare-convergence tradeoff?,hyperparameter_shifted_linear,b,1.5,nrd,shifted_linear,b,1.5,0.5,3,3,3,1.0,28,True,2100,0.9714491754812009,0.8775133337459285,8.064601627721935e-06,True,500,0.9717218222858808,0.8771717845649777,-5.8717130933527706e-05,1.1102230246251565e-16,1.1102230246251565e-16
How do within-family activation hyperparameters tune the welfare-convergence tradeoff?,hyperparameter_shifted_linear,b,1.5,nrd,shifted_linear,b,1.5,0.5,3,3,3,1.0,29,True,1300,0.9737581399652728,0.8706894808685112,-1.7876062405719484e-05,True,200,0.9748271071782006,0.8691537304025575,-5.8769266680469556e-05,1.1102230246251565e-16,1.1102230246251565e-16
How do within-family activation hyperparameters tune the welfare-convergence tradeoff?,hyperparameter_shifted_linear,b,1.5,nrd,shifted_linear,b,1.5,0.5,3,3,3,1.0,30,True,1100,0.9822128651838506,0.9269090856973574,-2.551463466943238e-05,True,200,0.9827040716660124,0.9262202624243622,-5.87243621237854e-05,1.1102230246251565e-16,0.0
How do within-family activation hyperparameters tune the welfare-convergence tradeoff?,hyperparameter_shifted_linear,b,1.5,nrd,shifted_linear,b,1.5,0.5,3,3,3,1.0,31,True,1600,0.9825650448681722,0.8874020953154856,-1.026800825504326e-05,True,300,0.9830301449735532,0.8867766819793327,-5.877013889321603e-05,1.1102230246251565e-16,0.0
How do within-family activation hyperparameters tune the welfare-convergence tradeoff?,hyperparameter_shifted_linear,b,1.5,nrd,shifted_linear,b,1.5,0.5,3,3,3,1.0,32,True,1000,0.9844593896694951,0.9155634185923064,-2.967804612602487e-05,True,100,0.9844193990678184,0.9156194512448712,-5.8725099854439744e-05,1.1102230246251565e-16,2.220446049250313e-16
How do within-family activation hyperparameters tune the welfare-convergence tradeoff?,hyperparameter_shifted_linear,b,1.5,nrd,shifted_linear,b,1.5,0.5,3,3,3,1.0,33,True,1400,0.9833624103094236,0.9005160438702157,-1.673929136736252e-05,True,300,0.9830211293168938,0.9010522607975536,-5.8753367518149524e-05,1.1102230246251565e-16,1.1102230246251565e-16
How do within-family activation hyperparameters tune the welfare-convergence tradeoff?,hyperparameter_shifted_linear,b,1.5,nrd,shifted_linear,b,1.5,0.5,3,3,3,1.0,34,True,1000,0.9812347007251698,0.8676032388369409,-3.0063721308870583e-05,True,100,0.9815836811826689,0.867188243432334,-5.873869792238917e-05,0.0,0.0
How do within-family activation hyperparameters tune the welfare-convergence tradeoff?,hyperparameter_shifted_linear,b,1.5,nrd,shifted_linear,b,1.5,0.5,3,3,3,1.0,35,True,2600,0.9772647974056864,0.8177012870423218,2.232976266847153e-05,True,600,0.9775352467416202,0.8174095053472493,-5.860410165076102e-05,0.0,1.1102230246251565e-16
How do within-family activation hyperparameters tune the welfare-convergence tradeoff?,hyperparameter_shifted_linear,b,1.5,nrd,shifted_linear,b,1.5,0.5,3,3,3,1.0,36,True,1000,0.9910512702400256,0.9185316033929333,-2.9642139097618703e-05,True,200,0.990979591879352,0.9186844940104312,-5.8754791817994256e-05,2.220446049250313e-16,0.0
How do within-family activation hyperparameters tune the welfare-convergence tradeoff?,hyperparameter_shifted_linear,b,1.5,nrd,shifted_linear,b,1.5,0.5,3,3,3,1.0,37,True,1300,0.9663053949388138,0.8581279878973008,-2.0509174921856665e-05,True,200,0.9665969011102954,0.8577689772537265,-5.876230669815685e-05,0.0,1.1102230246251565e-16
How do within-family activation hyperparameters tune the welfare-convergence tradeoff?,hyperparameter_shifted_linear,b,1.5,nrd,shifted_linear,b,1.5,0.5,3,3,3,1.0,38,True,1700,0.9895429218332567,0.9375545030789686,-5.589253440629882e-06,True,400,0.9895925497318347,0.9375195351369605,-5.876113113856274e-05,1.1102230246251565e-16,0.0
How do within-family activation hyperparameters tune the welfare-convergence tradeoff?,hyperparameter_shifted_linear,b,1.5,nrd,shifted_linear,b,1.5,0.5,3,3,3,1.0,39,True,1100,0.9907061486064002,0.9126388875491488,-2.6799146460032564e-05,True,200,0.9910040228644165,0.9122296877104379,-5.875869331722905e-05,1.1102230246251565e-16,2.220446049250313e-16
How do within-family activation hyperparameters tune the welfare-convergence tradeoff?,hyperparameter_shifted_linear,b,1.5,nrd,shifted_linear,b,1.5,0.5,3,3,3,1.0,40,True,1000,0.9711826856412875,0.8577466984800037,-2.9583998753801577e-05,True,200,0.9709358182035859,0.8581605910561082,-5.874150347179308e-05,1.1102230246251565e-16,1.1102230246251565e-16
How do within-family activation hyperparameters tune the welfare-convergence tradeoff?,hyperparameter_shifted_linear,b,1.5,nrd,shifted_linear,b,1.5,0.5,3,3,3,1.0,41,True,900,0.993862809971543,0.9079740054183244,-3.299795731226407e-05,True,200,0.9940281371622703,0.9077510895326034,-5.875307257652285e-05,1.1102230246251565e-16,1.1102230246251565e-16
How do within-family activation hyperparameters tune the welfare-convergence tradeoff?,hyperparameter_shifted_linear,b,1.5,nrd,shifted_linear,b,1.5,0.5,3,3,3,1.0,42,True,900,0.9826225930685694,0.885041444650129,-3.226590567761978e-05,True,200,0.9827121936877208,0.8849762360224537,-5.8755154566547674e-05,1.1102230246251565e-16,0.0
How do within-family activation hyperparameters tune the welfare-convergence tradeoff?,hyperparameter_shifted_linear,b,1.5,nrd,shifted_linear,b,1.5,0.5,3,3,3,1.0,43,True,1400,0.9679453536117325,0.8345570319515733,-1.738678560186946e-05,True,200,0.968427983365209,0.8339233166120126,-5.875992569492894e-05,1.1102230246251565e-16,0.0
How do within-family activation hyperparameters tune the welfare-convergence tradeoff?,hyperparameter_shifted_linear,b,1.5,nrd,shifted_linear,b,1.5,0.5,3,3,3,1.0,45,True,600,0.9940462221696241,0.9712298744806956,-4.155015267803819e-05,True,100,0.9941630725146957,0.9710624512423,-5.8736472417830754e-05,1.1102230246251565e-16,0.0
How do within-family activation hyperparameters tune the welfare-convergence tradeoff?,hyperparameter_shifted_linear,b,1.5,nrd,shifted_linear,b,1.5,0.5,3,3,3,1.0,44,True,1000,0.9703307405525275,0.8434833819764842,-2.8795136603809723e-05,True,200,0.9709438318319416,0.8426002688850227,-5.8723471841770625e-05,2.220446049250313e-16,0.0
How do within-family activation hyperparameters tune the welfare-convergence tradeoff?,hyperparameter_shifted_linear,b,1.5,nrd,shifted_linear,b,1.5,0.5,3,3,3,1.0,46,True,1400,0.9864234460428404,0.888795162603533,-1.6915960217744885e-05,True,300,0.9866612640248247,0.8885334893047373,-5.8745982226215965e-05,1.1102230246251565e-16,2.220446049250313e-16
How do within-family activation hyperparameters tune the welfare-convergence tradeoff?,hyperparameter_shifted_linear,b,1.5,nrd,shifted_linear,b,1.5,0.5,3,3,3,1.0,48,True,800,0.986996154813337,0.9087934838242763,-3.442011313620208e-05,True,100,0.9866380958672835,0.9093344243975564,-5.8736603857856284e-05,1.1102230246251565e-16,0.0
How do within-family activation hyperparameters tune the welfare-convergence tradeoff?,hyperparameter_shifted_linear,b,1.5,nrd,shifted_linear,b,1.5,0.5,3,3,3,1.0,47,True,1100,0.9892229326855401,0.9383241402173231,-2.5634234237126297e-05,True,200,0.9894397108322851,0.9380261528591594,-5.87387356316138e-05,2.220446049250313e-16,1.1102230246251565e-16
How do within-family activation hyperparameters tune the welfare-convergence tradeoff?,hyperparameter_shifted_linear,b,1.5,nrd,shifted_linear,b,1.5,0.5,3,3,3,1.0,49,True,1100,0.9869934330339988,0.8651328249097526,-2.477772716535931e-05,True,200,0.9871294361465109,0.8649744753763836,-5.874033757563568e-05,1.1102230246251565e-16,2.220446049250313e-16
How do within-family activation hyperparameters tune the welfare-convergence tradeoff?,hyperparameter_shifted_linear,b,1.5,nrd,shifted_linear,b,1.5,0.5,3,3,3,1.0,51,True,900,0.9893521254835442,0.8904408871896873,-3.100246532666828e-05,True,100,0.9895827601710253,0.8901453547180611,-5.875126017956811e-05,1.1102230246251565e-16,1.1102230246251565e-16
How do within-family activation hyperparameters tune the welfare-convergence tradeoff?,hyperparameter_shifted_linear,b,1.5,nrd,shifted_linear,b,1.5,0.5,3,3,3,1.0,50,True,1100,0.9887490956675298,0.8583156407890301,-2.6327355922950435e-05,True,200,0.988894970284078,0.8581700206370694,-5.874146336048991e-05,1.1102230246251565e-16,2.220446049250313e-16
How do within-family activation hyperparameters tune the welfare-convergence tradeoff?,hyperparameter_shifted_linear,b,1.5,nrd,shifted_linear,b,1.5,0.5,3,3,3,1.0,52,True,1700,0.9883841165371039,0.8539785760923123,-6.744219226417769e-06,True,400,0.9889168139734696,0.8533078140029046,-5.8734145348238176e-05,0.0,0.0
How do within-family activation hyperparameters tune the welfare-convergence tradeoff?,hyperparameter_shifted_linear,b,1.5,nrd,shifted_linear,b,1.5,0.5,3,3,3,1.0,53,True,1100,0.9797285409791168,0.8962499006749022,-2.6815102520560963e-05,True,200,0.9800186861372696,0.8958582811483998,-5.871964578180178e-05,0.0,1.1102230246251565e-16
How do within-family activation hyperparameters tune the welfare-convergence tradeoff?,hyperparameter_shifted_linear,b,1.5,nrd,shifted_linear,b,1.5,0.5,3,3,3,1.0,54,True,1000,0.9824498464063006,0.881864358871162,-2.7946230351072465e-05,True,200,0.9830275510060452,0.8810405176144135,-5.876416183148159e-05,0.0,0.0
How do within-family activation hyperparameters tune the welfare-convergence tradeoff?,hyperparameter_shifted_linear,b,1.5,nrd,shifted_linear,b,1.5,0.5,3,3,3,1.0,55,True,1200,0.9845847338262809,0.8806013788000797,-2.1816802960428205e-05,True,200,0.9846541236227697,0.8805313704934701,-5.876333842630421e-05,1.1102230246251565e-16,1.1102230246251565e-16
How do within-family activation hyperparameters tune the welfare-convergence tradeoff?,hyperparameter_shifted_linear,b,1.5,nrd,shifted_linear,b,1.5,0.5,3,3,3,1.0,57,True,1100,0.9918393078464524,0.8960655379934899,-2.6344565587643753e-05,True,200,0.9919666533038698,0.8958972662059862,-5.874949500389581e-05,0.0,1.1102230246251565e-16
How do within-family activation hyperparameters tune the welfare-convergence tradeoff?,hyperparameter_shifted_linear,b,1.5,nrd,shifted_linear,b,1.5,0.5,3,3,3,1.0,56,True,3400,0.9917255667495908,0.910728632811267,4.947914954844812e-05,True,800,0.9918513330707311,0.9106830963527416,-5.567700280773025e-05,1.1102230246251565e-16,0.0
How do within-family activation hyperparameters tune the welfare-convergence tradeoff?,hyperparameter_shifted_linear,b,1.5,nrd,shifted_linear,b,1.5,0.5,3,3,3,1.0,58,True,1000,0.9774896928799408,0.8716021082297979,-2.933619932438125e-05,True,200,0.978078093386609,0.8707402111663956,-5.875892810730532e-05,2.220446049250313e-16,0.0
How do within-family activation hyperparameters tune the welfare-convergence tradeoff?,hyperparameter_shifted_linear,b,1.5,nrd,shifted_linear,b,1.5,0.5,3,3,3,1.0,60,True,1800,0.9808256042941056,0.9105592870487689,-3.053137882680357e-06,True,300,0.9810412594107125,0.9103238460441089,-5.86880326447492e-05,2.220446049250313e-16,2.220446049250313e-16
How do within-family activation hyperparameters tune the welfare-convergence tradeoff?,hyperparameter_shifted_linear,b,1.5,nrd,shifted_linear,b,1.5,0.5,3,3,3,1.0,59,True,1800,0.9794090813518598,0.8502115250763057,-3.877083522674241e-06,True,400,0.9800305306811978,0.8493859641370826,-5.876414066580127e-05,0.0,1.1102230246251565e-16
How do within-family activation hyperparameters tune the welfare-convergence tradeoff?,hyperparameter_shifted_linear,b,1.5,nrd,shifted_linear,b,1.5,0.5,3,3,3,1.0,61,True,700,0.9858379881293227,0.9085032183890371,-3.830150047362535e-05,True,100,0.9857838582369215,0.9086195965360345,-5.874964482532885e-05,2.220446049250313e-16,0.0
How do within-family activation hyperparameters tune the welfare-convergence tradeoff?,hyperparameter_shifted_linear,b,1.5,nrd,shifted_linear,b,1.5,0.5,3,3,3,1.0,62,True,800,0.9758783927289575,0.8877091296792102,-3.57435611647583e-05,True,100,0.9754689903333337,0.8883328949347103,-5.8744096203156015e-05,1.1102230246251565e-16,2.220446049250313e-16
How do within-family activation hyperparameters tune the welfare-convergence tradeoff?,hyperparameter_shifted_linear,b,1.5,nrd,shifted_linear,b,1.5,0.5,3,3,3,1.0,63,True,1200,0.9928764162754199,0.9251830978130106,-2.1663681926131773e-05,True,200,0.9930333961311381,0.924963118634578,-5.875761234780397e-05,2.220446049250313e-16,1.1102230246251565e-16
How do within-family activation hyperparameters tune the welfare-convergence tradeoff?,hyperparameter_shifted_linear,b,1.5,nrd,shifted_linear,b,1.5,0.5,3,3,3,1.0,64,True,900,0.9627439285382465,0.8289176208941776,-3.108098653725744e-05,True,100,0.963076038045863,0.8284464815145646,-5.876091900225422e-05,1.1102230246251565e-16,0.0
How do within-family activation hyperparameters tune the welfare-convergence tradeoff?,hyperparameter_shifted_linear,b,1.5,nrd,shifted_linear,b,1.5,0.5,3,3,3,1.0,65,True,1600,0.9824037257059169,0.8675321492035675,-9.994533402557515e-06,True,300,0.9829505662826173,0.8667500092891863,-5.875945261668569e-05,1.1102230246251565e-16,1.1102230246251565e-16
How do within-family activation hyperparameters tune the welfare-convergence tradeoff?,hyperparameter_shifted_linear,b,1.5,nrd,shifted_linear,b,1.5,0.5,3,3,3,1.0,66,True,1300,0.9879223608278876,0.8924097344911864,-1.829355758653506e-05,True,300,0.9880764866620672,0.8922167533000658,-5.8744837404867134e-05,1.1102230246251565e-16,1.1102230246251565e-16
How do within-family activation hyperparameters tune the welfare-convergence tradeoff?,hyperparameter_shifted_linear,b,1.5,nrd,shifted_linear,b,1.5,0.5,3,3,3,1.0,68,True,1000,0.9877946396592012,0.8856344421790823,-2.761099181791682e-05,True,200,0.9876469961640506,0.8858810592392778,-5.8736213035148754e-05,2.220446049250313e-16,0.0
How do within-family activation hyperparameters tune the welfare-convergence tradeoff?,hyperparameter_shifted_linear,b,1.5,nrd,shifted_linear,b,1.5,0.5,3,3,3,1.0,67,True,1200,0.9840952766191805,0.8715820222548843,-2.3786746864262742e-05,True,200,0.9846379150844217,0.8708139071433535,-5.874990184051576e-05,1.1102230246251565e-16,0.0
How do within-family activation hyperparameters tune the welfare-convergence tradeoff?,hyperparameter_shifted_linear,b,1.5,nrd,shifted_linear,b,1.5,0.5,3,3,3,1.0,69,True,1400,0.9846555401050358,0.9131234002369837,-1.6925353627572637e-05,True,300,0.9850600475887278,0.9125998485294776,-5.8731064149719625e-05,2.220446049250313e-16,0.0
How do within-family activation hyperparameters tune the welfare-convergence tradeoff?,hyperparameter_shifted_linear,b,1.5,nrd,shifted_linear,b,1.5,0.5,3,3,3,1.0,70,True,2400,0.9780739965177462,0.893039195279082,1.7259373649436416e-05,True,500,0.9779809756637087,0.8933148910282546,-5.870544132852151e-05,1.1102230246251565e-16,0.0
How do within-family activation hyperparameters tune the welfare-convergence tradeoff?,hyperparameter_shifted_linear,b,1.5,nrd,shifted_linear,b,1.5,0.5,3,3,3,1.0,71,True,1000,0.9795097138360936,0.906580219105389,-2.7188423802504413e-05,True,200,0.9798447166463298,0.9061589316663237,-5.876128939352743e-05,1.1102230246251565e-16,2.220446049250313e-16
How do within-family activation hyperparameters tune the welfare-convergence tradeoff?,hyperparameter_shifted_linear,b,1.5,nrd,shifted_linear,b,1.5,0.5,3,3,3,1.0,72,True,1100,0.9762733303559292,0.9017062239223831,-2.4320474268146874e-05,True,200,0.9770964705122,0.9005018746073095,-5.876425100775906e-05,2.220446049250313e-16,1.1102230246251565e-16
How do within-family activation hyperparameters tune the welfare-convergence tradeoff?,hyperparameter_shifted_linear,b,1.5,nrd,shifted_linear,b,1.5,0.5,3,3,3,1.0,74,True,1400,0.9893839914122865,0.8923969464007335,-1.6499430177951968e-05,True,300,0.98962749449536,0.8920907565197685,-5.8720302227199817e-05,2.220446049250313e-16,1.1102230246251565e-16
How do within-family activation hyperparameters tune the welfare-convergence tradeoff?,hyperparameter_shifted_linear,b,1.5,nrd,shifted_linear,b,1.5,0.5,3,3,3,1.0,73,True,2500,0.9809208098335547,0.8853583735225015,2.135422635990425e-05,True,600,0.9811257955811764,0.885117187596634,-5.862942099299495e-05,2.220446049250313e-16,0.0
How do within-family activation hyperparameters tune the welfare-convergence tradeoff?,hyperparameter_shifted_linear,b,1.5,nrd,shifted_linear,b,1.5,0.5,3,3,3,1.0,75,True,1200,0.9826885966688446,0.8547948963901483,-2.342168250918375e-05,True,200,0.9826633320794342,0.8549159607326863,-5.872719641475399e-05,0.0,1.1102230246251565e-16
How do within-family activation hyperparameters tune the welfare-convergence tradeoff?,hyperparameter_shifted_linear,b,1.5,nrd,shifted_linear,b,1.5,0.5,3,3,3,1.0,76,True,1900,0.9647527702929881,0.8678560862651926,6.043095208130289e-07,True,400,0.9643144838988252,0.8685095125126446,-5.8746758427208334e-05,0.0,1.1102230246251565e-16
How do within-family activation hyperparameters tune the welfare-convergence tradeoff?,hyperparameter_shifted_linear,b,1.5,nrd,shifted_linear,b,1.5,0.5,3,3,3,1.0,78,True,800,0.9893946628607035,0.9115578848317197,-3.601035920403062e-05,True,100,0.989503548093181,0.9114117580029384,-5.87409981253062e-05,0.0,0.0
How do within-family activation hyperparameters tune the welfare-convergence tradeoff?,hyperparameter_shifted_linear,b,1.5,nrd,shifted_linear,b,1.5,0.5,3,3,3,1.0,77,True,900,0.9894777159398753,0.8856768887362247,-3.0741012449653216e-05,True,200,0.9898932142185908,0.8850862841756316,-5.875245470243762e-05,0.0,2.220446049250313e-16
How do within-family activation hyperparameters tune the welfare-convergence tradeoff?,hyperparameter_shifted_linear,b,1.5,nrd,shifted_linear,b,1.5,0.5,3,3,3,1.0,79,True,2000,0.9705329430562871,0.8389710969024877,4.3616981013627765e-06,True,400,0.9713192058186917,0.837881459965511,-5.876436374641081e-05,0.0,1.1102230246251565e-16
How do within-family activation hyperparameters tune the welfare-convergence tradeoff?,hyperparameter_shifted_linear,b,1.5,nrd,shifted_linear,b,1.5,0.5,3,3,3,1.0,80,True,1600,0.9842091413194837,0.9147500899470336,-1.0291842545195884e-05,True,300,0.9845688725309846,0.9143077571181483,-5.8731944389378565e-05,1.1102230246251565e-16,1.1102230246251565e-16
How do within-family activation hyperparameters tune the welfare-convergence tradeoff?,hyperparameter_shifted_linear,b,1.5,nrd,shifted_linear,b,1.5,0.5,3,3,3,1.0,81,True,1000,0.9741549894214153,0.8738543802170007,-2.876998552625576e-05,True,100,0.9744656320327301,0.8734220569813395,-5.8747391718461106e-05,1.1102230246251565e-16,1.1102230246251565e-16
How do within-family activation hyperparameters tune the welfare-convergence tradeoff?,hyperparameter_shifted_linear,b,1.5,nrd,shifted_linear,b,1.5,0.5,3,3,3,1.0,82,True,1000,0.9710334160201841,0.8453531068455694,-2.935548670657262e-05,True,200,0.970830622993555,0.8456924686988322,-5.8751097684384135e-05,2.220446049250313e-16,1.1102230246251565e-16
How do within-family activation hyperparameters tune the welfare-convergence tradeoff?,hyperparameter_shifted_linear,b,1.5,nrd,shifted_linear,b,1.5,0.5,3,3,3,1.0,84,True,1000,0.9898252852211489,0.9521453825734426,-2.951176513038556e-05,True,200,0.9897046970559517,0.9523225727997838,-5.872291798048046e-05,2.220446049250313e-16,1.1102230246251565e-16
How do within-family activation hyperparameters tune the welfare-convergence tradeoff?,hyperparameter_shifted_linear,b,1.5,nrd,shifted_linear,b,1.5,0.5,3,3,3,1.0,83,True,1200,0.9879331282479897,0.9465537914886314,-2.370181033262142e-05,True,200,0.9884352045062954,0.9458226967805897,-5.8713544890898195e-05,1.1102230246251565e-16,1.1102230246251565e-16
How do within-family activation hyperparameters tune the welfare-convergence tradeoff?,hyperparameter_shifted_linear,b,1.5,nrd,shifted_linear,b,1.5,0.5,3,3,3,1.0,86,True,900,0.9902976744260577,0.9065552887565552,-3.077472075779797e-05,True,200,0.9905073368784765,0.9062692021211723,-5.8757672232734315e-05,0.0,1.1102230246251565e-16
How do within-family activation hyperparameters tune the welfare-convergence tradeoff?,hyperparameter_shifted_linear,b,1.5,nrd,shifted_linear,b,1.5,0.5,3,3,3,1.0,85,True,1800,0.99216715940357,0.8760288807533243,-3.889830349657064e-06,True,400,0.9923242015606243,0.875822830775638,-5.8751465786821555e-05,0.0,1.1102230246251565e-16
How do within-family activation hyperparameters tune the welfare-convergence tradeoff?,hyperparameter_shifted_linear,b,1.5,nrd,shifted_linear,b,1.5,0.5,3,3,3,1.0,87,True,1000,0.9940050104937451,0.8733579003846783,-2.8091263570728664e-05,True,200,0.9939976617721367,0.8734122321459782,-5.874828953650324e-05,1.1102230246251565e-16,1.1102230246251565e-16
How do within-family activation hyperparameters tune the welfare-convergence tradeoff?,hyperparameter_shifted_linear,b,1.5,nrd,shifted_linear,b,1.5,0.5,3,3,3,1.0,88,True,1200,0.9863886762478288,0.9044835980506217,-2.2257667291358807e-05,True,200,0.9867089827922604,0.9040372134237556,-5.875985628300828e-05,0.0,1.1102230246251565e-16
How do within-family activation hyperparameters tune the welfare-convergence tradeoff?,hyperparameter_shifted_linear,b,1.5,nrd,shifted_linear,b,1.5,0.5,3,3,3,1.0,90,True,1000,0.9913937564237113,0.8904718530177268,-2.9010790264683006e-05,True,200,0.9913565160523903,0.8905506466583594,-5.874748819717501e-05,1.1102230246251565e-16,1.1102230246251565e-16
How do within-family activation hyperparameters tune the welfare-convergence tradeoff?,hyperparameter_shifted_linear,b,1.5,nrd,shifted_linear,b,1.5,0.5,3,3,3,1.0,89,True,1500,0.989769222727896,0.8882144774526273,-1.3746194903518916e-05,True,300,0.9899466496325351,0.8879996551317847,-5.8742805803979614e-05,2.220446049250313e-16,0.0
How do within-family activation hyperparameters tune the welfare-convergence tradeoff?,hyperparameter_shifted_linear,b,1.5,nrd,shifted_linear,b,1.5,0.5,3,3,3,1.0,91,True,800,0.9845930233801854,0.8698459221844762,-3.577217675027056e-05,True,100,0.9845829486497059,0.8698737782251541,-5.875534091759338e-05,2.220446049250313e-16,1.1102230246251565e-16
How do within-family activation hyperparameters tune the welfare-convergence tradeoff?,hyperparameter_shifted_linear,b,1.5,nrd,shifted_linear,b,1.5,0.5,3,3,3,1.0,93,True,1000,0.9804038195338739,0.8094117063464973,-3.008510840007972e-05,True,200,0.9805492236487402,0.8092002539381561,-5.8739086582104694e-05,2.220446049250313e-16,2.220446049250313e-16
How do within-family activation hyperparameters tune the welfare-convergence tradeoff?,hyperparameter_shifted_linear,b,1.5,nrd,shifted_linear,b,1.5,0.5,3,3,3,1.0,92,True,2500,0.9841390214231965,0.9124954814850533,1.7575562009763956e-05,True,500,0.9847812474006614,0.9116474517685976,-5.876778636831892e-05,1.1102230246251565e-16,2.220446049250313e-16
How do within-family activation hyperparameters tune the welfare-convergence tradeoff?,hyperparameter_shifted_linear,b,1.5,nrd,shifted_linear,b,1.5,0.5,3,3,3,1.0,95,True,800,0.9908965453258214,0.9366281470732893,-3.39925367942584e-05,True,200,0.9909572425788092,0.9365590878780884,-5.876299094215165e-05,0.0,0.0
How do within-family activation hyperparameters tune the welfare-convergence tradeoff?,hyperparameter_shifted_linear,b,1.5,nrd,shifted_linear,b,1.5,0.5,3,3,3,1.0,94,True,1200,0.9792585288732408,0.8747320379285491,-2.3327809938133992e-05,True,200,0.9795917363290829,0.8742711908578755,-5.875426617951707e-05,1.1102230246251565e-16,1.1102230246251565e-16
How do within-family activation hyperparameters tune the welfare-convergence tradeoff?,hyperparameter_shifted_linear,b,1.5,nrd,shifted_linear,b,1.5,0.5,3,3,3,1.0,96,True,1300,0.9883583228475108,0.8952927513576325,-2.0594191942280293e-05,True,300,0.9882292198560156,0.8955345646557723,-5.874378516862455e-05,2.220446049250313e-16,1.1102230246251565e-16
How do within-family activation hyperparameters tune the welfare-convergence tradeoff?,hyperparameter_shifted_linear,b,1.5,nrd,shifted_linear,b,1.5,0.5,3,3,3,1.0,97,True,1400,0.9758542249173013,0.8467462288497579,-1.4378063444342448e-05,True,200,0.9762176642385494,0.8462893551415194,-5.875548185974022e-05,1.1102230246251565e-16,1.1102230246251565e-16
How do within-family activation hyperparameters tune the welfare-convergence tradeoff?,hyperparameter_shifted_linear,b,1.5,nrd,shifted_linear,b,1.5,0.5,3,3,3,1.0,98,True,1500,0.9869562875656416,0.9020560173977121,-1.374197277470568e-05,True,300,0.9874898796498509,0.9013024501251273,-5.8770774058025665e-05,0.0,2.220446049250313e-16
How do within-family activation hyperparameters tune the welfare-convergence tradeoff?,hyperparameter_shifted_linear,b,1.5,nrd,shifted_linear,b,1.5,0.5,3,3,3,1.0,99,True,900,0.991126673965393,0.9417390053408589,-3.324803020593459e-05,True,100,0.9910413979447851,0.9418698710981402,-5.8748055833945934e-05,0.0,2.220446049250313e-16
How do within-family activation hyperparameters tune the welfare-convergence tradeoff?,hyperparameter_shifted_linear,b,2.0,nrd,shifted_linear,b,2.0,0.5,3,3,3,1.0,1,True,1000,0.9879860334049754,0.8860807269564948,-2.3600085517438973e-05,True,200,0.9879421258803843,0.8861976617120049,-5.42342768737325e-05,0.0,2.220446049250313e-16
How do within-family activation hyperparameters tune the welfare-convergence tradeoff?,hyperparameter_shifted_linear,b,2.0,nrd,shifted_linear,b,2.0,0.5,3,3,3,1.0,0,True,1500,0.9892640678572618,0.8279691201573889,-8.594469665335058e-06,True,300,0.9897293492762251,0.8271865283547686,-5.42249528703298e-05,2.220446049250313e-16,0.0
How do within-family activation hyperparameters tune the welfare-convergence tradeoff?,hyperparameter_shifted_linear,b,2.0,nrd,shifted_linear,b,2.0,0.5,3,3,3,1.0,2,True,1400,0.9845845120048117,0.8851962592125407,-1.3899068430689443e-05,True,200,0.9852169166952998,0.8839955530066966,-5.424525621877674e-05,2.220446049250313e-16,2.220446049250313e-16
How do within-family activation hyperparameters tune the welfare-convergence tradeoff?,hyperparameter_shifted_linear,b,2.0,nrd,shifted_linear,b,2.0,0.5,3,3,3,1.0,3,True,1300,0.9946949997718451,0.9246350901930597,-1.5277585111828085e-05,True,200,0.9951454335711148,0.9237981559851951,-5.425174731404914e-05,0.0,0.0
How do within-family activation hyperparameters tune the welfare-convergence tradeoff?,hyperparameter_shifted_linear,b,2.0,nrd,shifted_linear,b,2.0,0.5,3,3,3,1.0,4,True,1200,0.9845829576818012,0.8902433366080512,-1.8051094200166595e-05,True,200,0.9849410574031047,0.889544435430659,-5.421319446519135e-05,0.0,2.220446049250313e-16
How do within-family activation hyperparameters tune the welfare-convergence tradeoff?,hyperparameter_shifted_linear,b,2.0,nrd,shifted_linear,b,2.0,0.5,3,3,3,1.0,5,True,1600,0.9844324018934948,0.8547321027808703,-6.7031453110377726e-06,True,300,0.9852720636249288,0.8532296170115607,-5.4222817347682195e-05,1.1102230246251565e-16,2.220446049250313e-16
How do within-family activation hyperparameters tune the welfare-convergence tradeoff?,hyperparameter_shifted_linear,b,2.0,nrd,shifted_linear,b,2.0,0.5,3,3,3,1.0,6,True,900,0.9932262099692304,0.8319232303478218,-2.8030460967942705e-05,True,100,0.9931256870807501,0.8321718971662064,-5.423625637368534e-05,2.220446049250313e-16,2.220446049250313e-16
How do within-family activation hyperparameters tune the welfare-convergence tradeoff?,hyperparameter_shifted_linear,b,2.0,nrd,shifted_linear,b,2.0,0.5,3,3,3,1.0,8,True,1200,0.9846471579609987,0.8859309414088353,-1.8439123471103436e-05,True,200,0.9846610568472516,0.8859039412211325,-5.423439919116646e-05,2.220446049250313e-16,2.220446049250313e-16
How do within-family activation hyperparameters tune the welfare-convergence tradeoff?,hyperparameter_shifted_linear,b,2.0,nrd,shifted_linear,b,2.0,0.5,3,3,3,1.0,7,True,1900,0.9919313168165464,0.9050771847726772,2.4064269044665743e-06,True,400,0.9921777670243839,0.9046445579340455,-5.421437942532137e-05,1.1102230246251565e-16,1.1102230246251565e-16
How do within-family activation hyperparameters tune the welfare-convergence tradeoff?,hyperparameter_shifted_linear,b,2.0,nrd,shifted_linear,b,2.0,0.5,3,3,3,1.0,9,True,1300,0.9873081893469762,0.8309299922240502,-1.6623341759003374e-05,True,300,0.9874062654147828,0.8308330849870761,-5.4202356177979194e-05,2.220446049250313e-16,2.220446049250313e-16
How do within-family activation hyperparameters tune the welfare-convergence tradeoff?,hyperparameter_shifted_linear,b,2.0,nrd,shifted_linear,b,2.0,0.5,3,3,3,1.0,10,True,1100,0.9888639407044068,0.8839357076184081,-2.2240438731446766e-05,True,200,0.9892659104895223,0.8832225125150676,-5.422910582197904e-05,1.1102230246251565e-16,1.1102230246251565e-16
How do within-family activation hyperparameters tune the welfare-convergence tradeoff?,hyperparameter_shifted_linear,b,2.0,nrd,shifted_linear,b,2.0,0.5,3,3,3,1.0,11,True,1400,0.9787106983344022,0.8575713097478302,-1.1459217341580619e-05,True,200,0.9794134367002316,0.8562359922968247,-5.424403570214453e-05,1.1102230246251565e-16,2.220446049250313e-16
How do within-family activation hyperparameters tune the welfare-convergence tradeoff?,hyperparameter_shifted_linear,b,2.0,nrd,shifted_linear,b,2.0,0.5,3,3,3,1.0,12,True,1400,0.9880451349903061,0.8756375838226694,-1.1751983199193017e-05,True,300,0.9883257400335769,0.8751494950986548,-5.4244718190210595e-05,1.1102230246251565e-16,1.1102230246251565e-16
How do within-family activation hyperparameters tune the welfare-convergence tradeoff?,hyperparameter_shifted_linear,b,2.0,nrd,shifted_linear,b,2.0,0.5,3,3,3,1.0,14,True,700,0.995946651915707,0.9354916935660568,-3.499649942356742e-05,True,100,0.9958092403557615,0.9357816845045916,-5.422617377198735e-05,1.1102230246251565e-16,2.220446049250313e-16
How do within-family activation hyperparameters tune the welfare-convergence tradeoff?,hyperparameter_shifted_linear,b,2.0,nrd,shifted_linear,b,2.0,0.5,3,3,3,1.0,13,True,2000,0.9894893594324112,0.8553207181240664,4.9880619865105835e-06,True,400,0.9898318237161078,0.8546891473274073,-5.4191411565984726e-05,2.220446049250313e-16,0.0
How do within-family activation hyperparameters tune the welfare-convergence tradeoff?,hyperparameter_shifted_linear,b,2.0,nrd,shifted_linear,b,2.0,0.5,3,3,3,1.0,15,True,1400,0.991081626070075,0.8839803683248647,-1.3467809856670954e-05,True,200,0.9914922786619841,0.8832787867621096,-5.420597458694054e-05,0.0,1.1102230246251565e-16
How do within-family activation hyperparameters tune the welfare-convergence tradeoff?,hyperparameter_shifted_linear,b,2.0,nrd,shifted_linear,b,2.0,0.5,3,3,3,1.0,16,True,1300,0.986801132498861,0.830842173884418,-1.699087637258012e-05,True,300,0.9874868356402224,0.8295151635638799,-5.42498464873864e-05,2.220446049250313e-16,1.1102230246251565e-16
How do within-family activation hyperparameters tune the welfare-convergence tradeoff?,hyperparameter_shifted_linear,b,2.0,nrd,shifted_linear,b,2.0,0.5,3,3,3,1.0,17,True,1100,0.9859360293915357,0.8839581290511024,-2.2314839941472986e-05,True,200,0.9859549828156129,0.8839728461521726,-5.4242175236141055e-05,2.220446049250313e-16,0.0
How do within-family activation hyperparameters tune the welfare-convergence tradeoff?,hyperparameter_shifted_linear,b,2.0,nrd,shifted_linear,b,2.0,0.5,3,3,3,1.0,18,True,1400,0.9927374542244708,0.8827987063544231,-1.2580231660508367e-05,True,300,0.9929701837675475,0.8823805474891592,-5.421892923407334e-05,2.220446049250313e-16,2.220446049250313e-16
How do within-family activation hyperparameters tune the welfare-convergence tradeoff?,hyperparameter_shifted_linear,b,2.0,nrd,shifted_linear,b,2.0,0.5,3,3,3,1.0,19,True,1100,0.9915760601988794,0.9214789392425571,-2.180602360257744e-05,True,200,0.9919584957187098,0.9207840024495453,-5.423400067999795e-05,2.220446049250313e-16,2.220446049250313e-16
How do within-family activation hyperparameters tune the welfare-convergence tradeoff?,hyperparameter_shifted_linear,b,2.0,nrd,shifted_linear,b,2.0,0.5,3,3,3,1.0,20,True,2500,0.9913095057073811,0.9005005319170699,2.282404429043705e-05,True,600,0.9914837884573622,0.9002608429846873,-5.411238512537109e-05,1.1102230246251565e-16,0.0
How do within-family activation hyperparameters tune the welfare-convergence tradeoff?,hyperparameter_shifted_linear,b,2.0,nrd,shifted_linear,b,2.0,0.5,3,3,3,1.0,21,True,1500,0.986274254912576,0.8873385180721222,-8.521356815449632e-06,True,300,0.9863888174220024,0.8871701733452199,-5.42234768932115e-05,1.1102230246251565e-16,2.220446049250313e-16
How do within-family activation hyperparameters tune the welfare-convergence tradeoff?,hyperparameter_shifted_linear,b,2.0,nrd,shifted_linear,b,2.0,0.5,3,3,3,1.0,23,True,1300,0.9929136413343377,0.938406790410836,-1.5732782725652594e-05,True,300,0.9930691423256174,0.9381390092732076,-5.4245167888211654e-05,1.1102230246251565e-16,1.1102230246251565e-16
How do within-family activation hyperparameters tune the welfare-convergence tradeoff?,hyperparameter_shifted_linear,b,2.0,nrd,shifted_linear,b,2.0,0.5,3,3,3,1.0,22,True,2900,0.9885830486744298,0.9226161217303462,3.5649982689012205e-05,True,700,0.9886962611407086,0.922484475334655,-5.340322173702505e-05,2.220446049250313e-16,1.1102230246251565e-16
How do within-family activation hyperparameters tune the welfare-convergence tradeoff?,hyperparameter_shifted_linear,b,2.0,nrd,shifted_linear,b,2.0,0.5,3,3,3,1.0,24,True,1600,0.9947087571204946,0.915684205595822,-6.2414554416467816e-06,True,300,0.9948118799115611,0.9155331459041144,-5.4215462346796084e-05,2.220446049250313e-16,0.0
How do within-family activation hyperparameters tune the welfare-convergence tradeoff?,hyperparameter_shifted_linear,b,2.0,nrd,shifted_linear,b,2.0,0.5,3,3,3,1.0,25,True,1600,0.9777441450462335,0.8286189924086513,-5.8843722020029965e-06,True,300,0.9787248260687189,0.8267176170564497,-5.4247168524867995e-05,2.220446049250313e-16,0.0
How do within-family activation hyperparameters tune the welfare-convergence tradeoff?,hyperparameter_shifted_linear,b,2.0,nrd,shifted_linear,b,2.0,0.5,3,3,3,1.0,26,True,1400,0.9939356758684569,0.8988703006700337,-1.3364784778036043e-05,True,300,0.9941916869238567,0.8984062919604856,-5.4217597951100593e-05,2.220446049250313e-16,1.1102230246251565e-16
How do within-family activation hyperparameters tune the welfare-convergence tradeoff?,hyperparameter_shifted_linear,b,2.0,nrd,shifted_linear,b,2.0,0.5,3,3,3,1.0,27,True,1500,0.9848048019918347,0.8784956318572829,-1.0993801330461128e-05,True,300,0.9853285322209163,0.877543800767485,-5.422979725877575e-05,0.0,2.220446049250313e-16
How do within-family activation hyperparameters tune the welfare-convergence tradeoff?,hyperparameter_shifted_linear,b,2.0,nrd,shifted_linear,b,2.0,0.5,3,3,3,1.0,28,True,2500,0.9810177320562498,0.8607700301510826,2.088674464845175e-05,True,500,0.9813316553706994,0.8602391082981681,-5.419286798935552e-05,2.220446049250313e-16,0.0
How do within-family activation hyperparameters tune the welfare-convergence tradeoff?,hyperparameter_shifted_linear,b,2.0,nrd,shifted_linear,b,2.0,0.5,3,3,3,1.0,30,True,1200,0.9880990028247696,0.9169054928354026,-1.8644814874013704e-05,True,200,0.988581847263613,0.9160024855681935,-5.421021374540924e-05,1.1102230246251565e-16,2.220446049250313e-16
How do within-family activation hyperparameters tune the welfare-convergence tradeoff?,hyperparameter_shifted_linear,b,2.0,nrd,shifted_linear,b,2.0,0.5,3,3,3,1.0,29,True,1600,0.9822922108960742,0.8564782654289358,-7.671645861517806e-06,True,300,0.9833819504043596,0.8544015022331898,-5.425142394366311e-05,1.1102230246251565e-16,2.220446049250313e-16
How do within-family activation hyperparameters tune the welfare-convergence tradeoff?,hyperparameter_shifted_linear,b,2.0,nrd,shifted_linear,b,2.0,0.5,3,3,3,1.0,31,True,1800,0.9882968091874441,0.8773437212720321,-6.81770936705739e-07,True,300,0.9887972290969261,0.876446259995716,-5.4250369987352e-05,1.1102230246251565e-16,1.1102230246251565e-16
How do within-family activation hyperparameters tune the welfare-convergence tradeoff?,hyperparameter_shifted_linear,b,2.0,nrd,shifted_linear,b,2.0,0.5,3,3,3,1.0,32,True,1000,0.9897319780347541,0.9064137102840301,-2.4070900966843833e-05,True,200,0.989714552644016,0.9064485909976189,-5.420890218571506e-05,0.0,2.220446049250313e-16
How do within-family activation hyperparameters tune the welfare-convergence tradeoff?,hyperparameter_shifted_linear,b,2.0,nrd,shifted_linear,b,2.0,0.5,3,3,3,1.0,33,True,1300,0.9890665543189289,0.8905273801127814,-1.4870295158342373e-05,True,300,0.9887912450811729,0.8911094382394223,-5.422684745454154e-05,1.1102230246251565e-16,2.220446049250313e-16
How do within-family activation hyperparameters tune the welfare-convergence tradeoff?,hyperparameter_shifted_linear,b,2.0,nrd,shifted_linear,b,2.0,0.5,3,3,3,1.0,34,True,1100,0.9874724719793743,0.8568314801815063,-2.1260638687681244e-05,True,200,0.9878423567450708,0.8562270847996182,-5.4221438326451654e-05,1.1102230246251565e-16,1.1102230246251565e-16
How do within-family activation hyperparameters tune the welfare-convergence tradeoff?,hyperparameter_shifted_linear,b,2.0,nrd,shifted_linear,b,2.0,0.5,3,3,3,1.0,36,True,1000,0.9940977229836228,0.9128715320565087,-2.413520496225008e-05,True,200,0.994045084753771,0.9130284649022812,-5.4217904656872484e-05,2.220446049250313e-16,2.220446049250313e-16
How do within-family activation hyperparameters tune the welfare-convergence tradeoff?,hyperparameter_shifted_linear,b,2.0,nrd,shifted_linear,b,2.0,0.5,3,3,3,1.0,37,True,1400,0.9776125134955542,0.8386641799555554,-1.1356914018489928e-05,True,300,0.97794866403779,0.8380928555467886,-5.424295685035885e-05,1.1102230246251565e-16,1.1102230246251565e-16
How do within-family activation hyperparameters tune the welfare-convergence tradeoff?,hyperparameter_shifted_linear,b,2.0,nrd,shifted_linear,b,2.0,0.5,3,3,3,1.0,35,True,3200,0.9848343663251979,0.8039336094846332,4.486533616265831e-05,True,700,0.9851639458703928,0.8034431190405072,-5.2207680837967896e-05,1.1102230246251565e-16,1.1102230246251565e-16
How do within-family activation hyperparameters tune the welfare-convergence tradeoff?,hyperparameter_shifted_linear,b,2.0,nrd,shifted_linear,b,2.0,0.5,3,3,3,1.0,38,True,2000,0.9930494331220748,0.9314879514691601,6.490448895779544e-06,True,400,0.993129433262899,0.9313890164040833,-5.423332465898101e-05,1.1102230246251565e-16,2.220446049250313e-16
How do within-family activation hyperparameters tune the welfare-convergence tradeoff?,hyperparameter_shifted_linear,b,2.0,nrd,shifted_linear,b,2.0,0.5,3,3,3,1.0,39,True,1200,0.9937695228587913,0.907287194588204,-2.0113955273737272e-05,True,200,0.9940614189348831,0.9067519670086414,-5.424254355834712e-05,1.1102230246251565e-16,1.1102230246251565e-16
How do within-family activation hyperparameters tune the welfare-convergence tradeoff?,hyperparameter_shifted_linear,b,2.0,nrd,shifted_linear,b,2.0,0.5,3,3,3,1.0,40,True,1100,0.9809803120843502,0.8406648430539071,-2.053085279057898e-05,True,200,0.9808131120244377,0.841057681847624,-5.4221011363209115e-05,0.0,0.0
How do within-family activation hyperparameters tune the welfare-convergence tradeoff?,hyperparameter_shifted_linear,b,2.0,nrd,shifted_linear,b,2.0,0.5,3,3,3,1.0,41,True,1000,0.9958956913867424,0.9043614142132418,-2.592460916311934e-05,True,200,0.9960578032266151,0.9040695826269709,-5.42380298997891e-05,0.0,1.1102230246251565e-16
How do within-family activation hyperparameters tune the welfare-convergence tradeoff?,hyperparameter_shifted_linear,b,2.0,nrd,shifted_linear,b,2.0,0.5,3,3,3,1.0,42,True,1000,0.9884696037118008,0.874347667003839,-2.5262564023298406e-05,True,200,0.9885875333292143,0.8741921585141473,-5.423325461001438e-05,1.1102230246251565e-16,1.1102230246251565e-16
How do within-family activation hyperparameters tune the welfare-convergence tradeoff?,hyperparameter_shifted_linear,b,2.0,nrd,shifted_linear,b,2.0,0.5,3,3,3,1.0,43,True,1600,0.9786274783688858,0.8161716315829874,-5.188705762770862e-06,True,300,0.9791574959969868,0.8152322189326894,-5.4238220075220056e-05,2.220446049250313e-16,2.220446049250313e-16
How do within-family activation hyperparameters tune the welfare-convergence tradeoff?,hyperparameter_shifted_linear,b,2.0,nrd,shifted_linear,b,2.0,0.5,3,3,3,1.0,44,True,1100,0.9802199508762263,0.826288643778922,-2.1808109492094108e-05,True,200,0.9808184650013105,0.8251379998657219,-5.4238513482129935e-05,1.1102230246251565e-16,0.0
How do within-family activation hyperparameters tune the welfare-convergence tradeoff?,hyperparameter_shifted_linear,b,2.0,nrd,shifted_linear,b,2.0,0.5,3,3,3,1.0,45,True,600,0.996038434746073,0.9678510752375251,-3.671995146647955e-05,True,100,0.9961467932107358,0.967645136579195,-5.4206696211978045e-05,1.1102230246251565e-16,2.220446049250313e-16
How do within-family activation hyperparameters tune the welfare-convergence tradeoff?,hyperparameter_shifted_linear,b,2.0,nrd,shifted_linear,b,2.0,0.5,3,3,3,1.0,46,True,1500,0.9909440505275089,0.8805385942774647,-9.004253039679444e-06,True,300,0.9911943522872713,0.88015063704854,-5.42242864969289e-05,1.1102230246251565e-16,1.1102230246251565e-16
How do within-family activation hyperparameters tune the welfare-convergence tradeoff?,hyperparameter_shifted_linear,b,2.0,nrd,shifted_linear,b,2.0,0.5,3,3,3,1.0,47,True,1200,0.9928144564090298,0.9321776252279882,-1.840721424384295e-05,True,200,0.993028599960579,0.9317868652926916,-5.422669380156231e-05,2.220446049250313e-16,1.1102230246251565e-16
How do within-family activation hyperparameters tune the welfare-convergence tradeoff?,hyperparameter_shifted_linear,b,2.0,nrd,shifted_linear,b,2.0,0.5,3,3,3,1.0,48,True,800,0.9914834942469266,0.900851079914306,-3.0300221757317836e-05,True,100,0.9911791330088535,0.901466733349547,-5.4220851392117186e-05,2.220446049250313e-16,0.0
How do within-family activation hyperparameters tune the welfare-convergence tradeoff?,hyperparameter_shifted_linear,b,2.0,nrd,shifted_linear,b,2.0,0.5,3,3,3,1.0,49,True,1400,0.9913274900455449,0.8574623330360662,-1.3112742368370789e-05,True,300,0.9915034772502112,0.8571745015423424,-5.4223887246851454e-05,1.1102230246251565e-16,0.0
How do within-family activation hyperparameters tune the welfare-convergence tradeoff?,hyperparameter_shifted_linear,b,2.0,nrd,shifted_linear,b,2.0,0.5,3,3,3,1.0,51,True,1000,0.9929006153276444,0.883824115476198,-2.4767875690279162e-05,True,200,0.9931231218688675,0.8834363002655595,-5.423125418596575e-05,2.220446049250313e-16,0.0
How do within-family activation hyperparameters tune the welfare-convergence tradeoff?,hyperparameter_shifted_linear,b,2.0,nrd,shifted_linear,b,2.0,0.5,3,3,3,1.0,50,True,1200,0.9925057533143364,0.8511150307416671,-1.9151943948858552e-05,True,200,0.9926690053436379,0.8508727937474562,-5.4221772741225305e-05,1.1102230246251565e-16,1.1102230246251565e-16
How do within-family activation hyperparameters tune the welfare-convergence tradeoff?,hyperparameter_shifted_linear,b,2.0,nrd,shifted_linear,b,2.0,0.5,3,3,3,1.0,53,True,1200,0.9864778144760845,0.8844549438883961,-1.7953329133013618e-05,True,200,0.9868092165840844,0.8838494213870157,-5.419971023085113e-05,1.1102230246251565e-16,2.220446049250313e-16
How do within-family activation hyperparameters tune the welfare-convergence tradeoff?,hyperparameter_shifted_linear,b,2.0,nrd,shifted_linear,b,2.0,0.5,3,3,3,1.0,54,True,1100,0.9882191626596581,0.8721550270608316,-2.0869150578695095e-05,True,200,0.9887955127562826,0.8710617751389856,-5.424283553218112e-05,0.0,2.220446049250313e-16
How do within-family activation hyperparameters tune the welfare-convergence tradeoff?,hyperparameter_shifted_linear,b,2.0,nrd,shifted_linear,b,2.0,0.5,3,3,3,1.0,52,True,2100,0.9921014757434206,0.8473629411233129,9.006911322329003e-06,True,500,0.9926833932667587,0.8463737223465947,-5.4220102986335394e-05,1.1102230246251565e-16,2.220446049250313e-16
How do within-family activation hyperparameters tune the welfare-convergence tradeoff?,hyperparameter_shifted_linear,b,2.0,nrd,shifted_linear,b,2.0,0.5,3,3,3,1.0,55,True,1400,0.9897743840854302,0.8714784108118218,-1.2618275650244648e-05,True,300,0.989869324023528,0.8713355063914098,-5.4241510222707845e-05,1.1102230246251565e-16,1.1102230246251565e-16
How do within-family activation hyperparameters tune the welfare-convergence tradeoff?,hyperparameter_shifted_linear,b,2.0,nrd,shifted_linear,b,2.0,0.5,3,3,3,1.0,57,True,1100,0.9945700887062715,0.891262686214472,-2.0406822436591643e-05,True,200,0.9946966520657783,0.8910390704025568,-5.423040669227941e-05,1.1102230246251565e-16,2.220446049250313e-16
How do within-family activation hyperparameters tune the welfare-convergence tradeoff?,hyperparameter_shifted_linear,b,2.0,nrd,shifted_linear,b,2.0,0.5,3,3,3,1.0,56,True,3900,0.9944522747415904,0.9057287398603102,6.835068530114397e-05,True,900,0.9946105031481519,0.9056215513991853,-4.569192105069453e-05,0.0,1.1102230246251565e-16
How do within-family activation hyperparameters tune the welfare-convergence tradeoff?,hyperparameter_shifted_linear,b,2.0,nrd,shifted_linear,b,2.0,0.5,3,3,3,1.0,58,True,1100,0.9849589047154238,0.8589713504023101,-2.2169325273047047e-05,True,200,0.9855281650902644,0.857864587302128,-5.424177602753044e-05,2.220446049250313e-16,2.220446049250313e-16
How do within-family activation hyperparameters tune the welfare-convergence tradeoff?,hyperparameter_shifted_linear,b,2.0,nrd,shifted_linear,b,2.0,0.5,3,3,3,1.0,60,True,2100,0.9872230556447635,0.8993627456784399,9.560550285947489e-06,True,400,0.9874841241986503,0.8989540992589031,-5.414511771034691e-05,2.220446049250313e-16,0.0
How do within-family activation hyperparameters tune the welfare-convergence tradeoff?,hyperparameter_shifted_linear,b,2.0,nrd,shifted_linear,b,2.0,0.5,3,3,3,1.0,59,True,2200,0.9861619597574499,0.8386343631807431,1.0735658205085485e-05,True,500,0.9868170286577034,0.8374775518429699,-5.424128724945687e-05,2.220446049250313e-16,1.1102230246251565e-16
How do within-family activation hyperparameters tune the welfare-convergence tradeoff?,hyperparameter_shifted_linear,b,2.0,nrd,shifted_linear,b,2.0,0.5,3,3,3,1.0,61,True,800,0.9906490122685252,0.899714748317674,-3.2280702022491337e-05,True,100,0.9906152084081343,0.8998221817532205,-5.4232861257441645e-05,1.1102230246251565e-16,1.1102230246251565e-16
How do within-family activation hyperparameters tune the welfare-convergence tradeoff?,hyperparameter_shifted_linear,b,2.0,nrd,shifted_linear,b,2.0,0.5,3,3,3,1.0,62,True,800,0.9841490995363262,0.8732515648715675,-3.1544250032045085e-05,True,100,0.983805434616274,0.8739517863476461,-5.422496917562025e-05,1.1102230246251565e-16,0.0
How do within-family activation hyperparameters tune the welfare-convergence tradeoff?,hyperparameter_shifted_linear,b,2.0,nrd,shifted_linear,b,2.0,0.5,3,3,3,1.0,63,True,1300,0.9952491103844194,0.9211318483545835,-1.580741009055142e-05,True,200,0.9954009607222483,0.9208542332340981,-5.424096982548088e-05,2.220446049250313e-16,2.220446049250313e-16
How do within-family activation hyperparameters tune the welfare-convergence tradeoff?,hyperparameter_shifted_linear,b,2.0,nrd,shifted_linear,b,2.0,0.5,3,3,3,1.0,64,True,1000,0.9752461655995223,0.8072504393441,-2.415947047235134e-05,True,200,0.9756237432757066,0.8065311057833332,-5.419533090278428e-05,1.1102230246251565e-16,0.0
How do within-family activation hyperparameters tune the welfare-convergence tradeoff?,hyperparameter_shifted_linear,b,2.0,nrd,shifted_linear,b,2.0,0.5,3,3,3,1.0,68,True,1100,0.9919601925715753,0.8781401703759091,-2.1624946909548637e-05,True,200,0.9918452044229302,0.8784005759638082,-5.421556293278007e-05,2.220446049250313e-16,2.220446049250313e-16
How do within-family activation hyperparameters tune the welfare-convergence tradeoff?,hyperparameter_shifted_linear,b,2.0,nrd,shifted_linear,b,2.0,0.5,3,3,3,1.0,67,True,1300,0.9893359109780054,0.8626282925685084,-1.6476447015911777e-05,True,200,0.9898587346926182,0.8616427033616736,-5.4230351057560355e-05,1.1102230246251565e-16,0.0
How do within-family activation hyperparameters tune the welfare-convergence tradeoff?,hyperparameter_shifted_linear,b,2.0,nrd,shifted_linear,b,2.0,0.5,3,3,3,1.0,65,True,1800,0.9881781974615597,0.8576551195907974,-7.114428427490438e-07,True,300,0.9887448118625144,0.856580439726741,-5.424938470560692e-05,1.1102230246251565e-16,1.1102230246251565e-16
How do within-family activation hyperparameters tune the welfare-convergence tradeoff?,hyperparameter_shifted_linear,b,2.0,nrd,shifted_linear,b,2.0,0.5,3,3,3,1.0,66,True,1500,0.9919554294672098,0.8851978568077034,-9.328248197826294e-06,True,300,0.9921285925333523,0.884904289979628,-5.423093865147832e-05,2.220446049250313e-16,2.220446049250313e-16
How do within-family activation hyperparameters tune the welfare-convergence tradeoff?,hyperparameter_shifted_linear,b,2.0,nrd,shifted_linear,b,2.0,0.5,3,3,3,1.0,69,True,1700,0.989718762124446,0.9041873320889202,-3.4106620336316062e-06,True,400,0.9901375328097932,0.9034575722156131,-5.4214993444212656e-05,1.1102230246251565e-16,2.220446049250313e-16
How do within-family activation hyperparameters tune the welfare-convergence tradeoff?,hyperparameter_shifted_linear,b,2.0,nrd,shifted_linear,b,2.0,0.5,3,3,3,1.0,70,True,3000,0.9854636080402737,0.879813257674205,3.835293065801437e-05,True,700,0.9854605879598742,0.880009664801909,-5.3122938976635226e-05,2.220446049250313e-16,0.0
How do within-family activation hyperparameters tune the welfare-convergence tradeoff?,hyperparameter_shifted_linear,b,2.0,nrd,shifted_linear,b,2.0,0.5,3,3,3,1.0,71,True,1200,0.9863356421813774,0.8949864998910059,-1.96075540597751e-05,True,200,0.9866942770932126,0.8943757622105135,-5.423946253041434e-05,2.220446049250313e-16,1.1102230246251565e-16
How do within-family activation hyperparameters tune the welfare-convergence tradeoff?,hyperparameter_shifted_linear,b,2.0,nrd,shifted_linear,b,2.0,0.5,3,3,3,1.0,74,True,1700,0.9928760881507275,0.8862272943518038,-2.5430552780258964e-06,True,400,0.9931525591388223,0.8857555195912491,-5.422236714702766e-05,2.220446049250313e-16,1.1102230246251565e-16
How do within-family activation hyperparameters tune the welfare-convergence tradeoff?,hyperparameter_shifted_linear,b,2.0,nrd,shifted_linear,b,2.0,0.5,3,3,3,1.0,72,True,1300,0.9840384672635542,0.8886311530930128,-1.47331321750932e-05,True,200,0.9848799738597788,0.8869971308894158,-5.424474407011992e-05,1.1102230246251565e-16,1.1102230246251565e-16
How do within-family activation hyperparameters tune the welfare-convergence tradeoff?,hyperparameter_shifted_linear,b,2.0,nrd,shifted_linear,b,2.0,0.5,3,3,3,1.0,73,True,2900,0.9873065888870115,0.8743648205052926,3.5695964657189716e-05,True,700,0.9875386805486155,0.8740098695300977,-5.339889077810023e-05,1.1102230246251565e-16,2.220446049250313e-16
How do within-family activation hyperparameters tune the welfare-convergence tradeoff?,hyperparameter_shifted_linear,b,2.0,nrd,shifted_linear,b,2.0,0.5,3,3,3,1.0,75,True,1300,0.9885594767574265,0.8433477470275458,-1.6996659359003186e-05,True,200,0.9885561111062905,0.8434389047822096,-5.415642652817354e-05,2.220446049250313e-16,2.220446049250313e-16
How do within-family activation hyperparameters tune the welfare-convergence tradeoff?,hyperparameter_shifted_linear,b,2.0,nrd,shifted_linear,b,2.0,0.5,3,3,3,1.0,77,True,1000,0.9929285248276771,0.8796766030392732,-2.357703791594501e-05,True,200,0.9933279431813781,0.8789201011983981,-5.423713086011306e-05,2.220446049250313e-16,1.1102230246251565e-16
How do within-family activation hyperparameters tune the welfare-convergence tradeoff?,hyperparameter_shifted_linear,b,2.0,nrd,shifted_linear,b,2.0,0.5,3,3,3,1.0,78,True,800,0.9929621418392517,0.905372527536216,-3.094187767938017e-05,True,100,0.9930710526555684,0.9051764339070273,-5.4223918473927935e-05,0.0,2.220446049250313e-16
How do within-family activation hyperparameters tune the welfare-convergence tradeoff?,hyperparameter_shifted_linear,b,2.0,nrd,shifted_linear,b,2.0,0.5,3,3,3,1.0,76,True,2100,0.9767958021916058,0.8469530476002097,8.142048857018302e-06,True,500,0.9764420676970755,0.8476740326990196,-5.421743627714859e-05,1.1102230246251565e-16,1.1102230246251565e-16
How do within-family activation hyperparameters tune the welfare-convergence tradeoff?,hyperparameter_shifted_linear,b,2.0,nrd,shifted_linear,b,2.0,0.5,3,3,3,1.0,79,True,2400,0.9802522300192983,0.8223954144106402,1.7396198653429895e-05,True,500,0.9810660787545354,0.8208965721264733,-5.4235424720439074e-05,1.1102230246251565e-16,2.220446049250313e-16
How do within-family activation hyperparameters tune the welfare-convergence tradeoff?,hyperparameter_shifted_linear,b,2.0,nrd,shifted_linear,b,2.0,0.5,3,3,3,1.0,80,True,1900,0.9894030842839406,0.9059176975670198,3.4003025446982527e-06,True,300,0.9898129729061942,0.9052306100170577,-5.422175642427751e-05,2.220446049250313e-16,1.1102230246251565e-16
How do within-family activation hyperparameters tune the welfare-convergence tradeoff?,hyperparameter_shifted_linear,b,2.0,nrd,shifted_linear,b,2.0,0.5,3,3,3,1.0,81,True,1100,0.9828219914105484,0.8589815122312023,-2.241056549490139e-05,True,200,0.9831435615680016,0.8583815838253431,-5.4226917377664385e-05,2.220446049250313e-16,1.1102230246251565e-16
How do within-family activation hyperparameters tune the welfare-convergence tradeoff?,hyperparameter_shifted_linear,b,2.0,nrd,shifted_linear,b,2.0,0.5,3,3,3,1.0,82,True,1000,0.9809027551915457,0.8279131376554091,-2.4969745893443918e-05,True,200,0.9807436663029868,0.8282721740945048,-5.42353892600822e-05,1.1102230246251565e-16,2.220446049250313e-16
How do within-family activation hyperparameters tune the welfare-convergence tradeoff?,hyperparameter_shifted_linear,b,2.0,nrd,shifted_linear,b,2.0,0.5,3,3,3,1.0,83,True,1300,0.9918757391544769,0.9399683441895856,-1.4784303768056173e-05,True,300,0.9923651957120729,0.939024424683506,-5.4232584683788776e-05,0.0,2.220446049250313e-16
How do within-family activation hyperparameters tune the welfare-convergence tradeoff?,hyperparameter_shifted_linear,b,2.0,nrd,shifted_linear,b,2.0,0.5,3,3,3,1.0,84,True,1000,0.9933013646700205,0.9460920636965585,-2.4688087763624633e-05,True,200,0.9932031424350493,0.9462903349192645,-5.4203327585211625e-05,2.220446049250313e-16,2.220446049250313e-16
How do within-family activation hyperparameters tune the welfare-convergence tradeoff?,hyperparameter_shifted_linear,b,2.0,nrd,shifted_linear,b,2.0,0.5,3,3,3,1.0,85,True,2100,0.9947578981236308,0.8712776869694531,7.72934287740501e-06,True,400,0.994932864170887,0.8709775141701993,-5.4232543364507446e-05,0.0,2.220446049250313e-16
How do within-family activation hyperparameters tune the welfare-convergence tradeoff?,hyperparameter_shifted_linear,b,2.0,nrd,shifted_linear,b,2.0,0.5,3,3,3,1.0,86,True,1000,0.9935269057715224,0.901030317139802,-2.4274643590393996e-05,True,200,0.9937332677863009,0.900656366151669,-5.4235231956578644e-05,2.220446049250313e-16,2.220446049250313e-16
How do within-family activation hyperparameters tune the welfare-convergence tradeoff?,hyperparameter_shifted_linear,b,2.0,nrd,shifted_linear,b,2.0,0.5,3,3,3,1.0,87,True,1100,0.9960314300752211,0.8694557053907145,-2.293294601563023e-05,True,200,0.9960376608792485,0.8694931409539874,-5.4229094913205156e-05,2.220446049250313e-16,1.1102230246251565e-16
How do within-family activation hyperparameters tune the welfare-convergence tradeoff?,hyperparameter_shifted_linear,b,2.0,nrd,shifted_linear,b,2.0,0.5,3,3,3,1.0,88,True,1300,0.9909072208105266,0.8967900672224021,-1.5926320423798046e-05,True,200,0.991225730903675,0.8962002349350318,-5.4244326295194156e-05,1.1102230246251565e-16,2.220446049250313e-16
How do within-family activation hyperparameters tune the welfare-convergence tradeoff?,hyperparameter_shifted_linear,b,2.0,nrd,shifted_linear,b,2.0,0.5,3,3,3,1.0,89,True,1800,0.9931537883153332,0.8822390375822596,-5.881623479919718e-07,True,400,0.9933633665908174,0.881890271500071,-5.422209184346993e-05,0.0,1.1102230246251565e-16
How do within-family activation hyperparameters tune the welfare-convergence tradeoff?,hyperparameter_shifted_linear,b,2.0,nrd,shifted_linear,b,2.0,0.5,3,3,3,1.0,90,True,1100,0.9943070716334979,0.8853092187756769,-2.307287987507456e-05,True,200,0.9942938520509002,0.8853654703169868,-5.42371113335105e-05,1.1102230246251565e-16,0.0
How do within-family activation hyperparameters tune the welfare-convergence tradeoff?,hyperparameter_shifted_linear,b,2.0,nrd,shifted_linear,b,2.0,0.5,3,3,3,1.0,91,True,800,0.9898168584173909,0.8606952591914402,-3.085307932243486e-05,True,100,0.9898228080865411,0.8607003130218581,-5.421481670075945e-05,2.220446049250313e-16,2.220446049250313e-16
How do within-family activation hyperparameters tune the welfare-convergence tradeoff?,hyperparameter_shifted_linear,b,2.0,nrd,shifted_linear,b,2.0,0.5,3,3,3,1.0,93,True,1100,0.9869909427154377,0.7980692923231612,-2.295090867077132e-05,True,200,0.9871592047921367,0.7977442592321479,-5.422282554135016e-05,2.220446049250313e-16,1.1102230246251565e-16
How do within-family activation hyperparameters tune the welfare-convergence tradeoff?,hyperparameter_shifted_linear,b,2.0,nrd,shifted_linear,b,2.0,0.5,3,3,3,1.0,92,True,3000,0.9892366999485899,0.9038406275290883,3.7440555780643425e-05,True,600,0.9899523108656609,0.9026018448785341,-5.398885035989842e-05,1.1102230246251565e-16,2.220446049250313e-16
How do within-family activation hyperparameters tune the welfare-convergence tradeoff?,hyperparameter_shifted_linear,b,2.0,nrd,shifted_linear,b,2.0,0.5,3,3,3,1.0,94,True,1300,0.9861796295863298,0.8628079595657479,-1.5712536342527006e-05,True,200,0.9865274838364333,0.8621634941202411,-5.4252812777488835e-05,1.1102230246251565e-16,0.0
How do within-family activation hyperparameters tune the welfare-convergence tradeoff?,hyperparameter_shifted_linear,b,2.0,nrd,shifted_linear,b,2.0,0.5,3,3,3,1.0,95,True,900,0.9939614358238018,0.9312587504617404,-2.9109167596685914e-05,True,200,0.9940302901356947,0.9311506915553434,-5.4235434367166935e-05,1.1102230246251565e-16,2.220446049250313e-16
How do within-family activation hyperparameters tune the welfare-convergence tradeoff?,hyperparameter_shifted_linear,b,2.0,nrd,shifted_linear,b,2.0,0.5,3,3,3,1.0,96,True,1400,0.9923244767439879,0.8881381374271449,-1.2693148976061774e-05,True,300,0.9922294737637766,0.8883861102920693,-5.42150016686338e-05,0.0,1.1102230246251565e-16
How do within-family activation hyperparameters tune the welfare-convergence tradeoff?,hyperparameter_shifted_linear,b,2.0,nrd,shifted_linear,b,2.0,0.5,3,3,3,1.0,97,True,1700,0.9838845579027305,0.8328873169899366,-4.498635512051319e-06,True,300,0.9843001375152939,0.8321710046103595,-5.423121369563244e-05,1.1102230246251565e-16,0.0
How do within-family activation hyperparameters tune the welfare-convergence tradeoff?,hyperparameter_shifted_linear,b,2.0,nrd,shifted_linear,b,2.0,0.5,3,3,3,1.0,98,True,1600,0.9912005613505781,0.8945021334608475,-5.171317367436146e-06,True,300,0.9917413762133891,0.893493883429466,-5.425240565504197e-05,0.0,2.220446049250313e-16
How do within-family activation hyperparameters tune the welfare-convergence tradeoff?,hyperparameter_shifted_linear,b,2.0,nrd,shifted_linear,b,2.0,0.5,3,3,3,1.0,99,True,900,0.9941529230679407,0.9364535899415317,-2.8546589960487534e-05,True,100,0.9940858491106831,0.9365945731610944,-5.422616127692681e-05,1.1102230246251565e-16,2.220446049250313e-16
How do within-family activation hyperparameters tune the welfare-convergence tradeoff?,hyperparameter_shifted_linear,b,3.0,nrd,shifted_linear,b,3.0,0.5,3,3,3,1.0,1,True,1100,0.9936363128275364,0.871900326353936,-1.741091367402081e-05,True,200,0.9936222507593143,0.8719847187136178,-4.9712616569053125e-05,2.220446049250313e-16,1.1102230246251565e-16
How do within-family activation hyperparameters tune the welfare-convergence tradeoff?,hyperparameter_shifted_linear,b,3.0,nrd,shifted_linear,b,3.0,0.5,3,3,3,1.0,0,True,1900,0.9940681904029757,0.8155106419633812,6.712717616652597e-06,True,400,0.9945676190389008,0.8142367638697084,-4.970960761663257e-05,2.220446049250313e-16,2.220446049250313e-16
How do within-family activation hyperparameters tune the welfare-convergence tradeoff?,hyperparameter_shifted_linear,b,3.0,nrd,shifted_linear,b,3.0,0.5,3,3,3,1.0,2,True,1600,0.991579021472369,0.8685517485584494,-3.5436088512419417e-06,True,300,0.9921808326723353,0.8668475953137748,-4.972703440286885e-05,1.1102230246251565e-16,0.0
How do within-family activation hyperparameters tune the welfare-convergence tradeoff?,hyperparameter_shifted_linear,b,3.0,nrd,shifted_linear,b,3.0,0.5,3,3,3,1.0,3,True,1500,0.9970173035440866,0.9191789454597314,-5.933041612726786e-06,True,300,0.9974322981708318,0.9180386330828774,-4.973090011867187e-05,1.1102230246251565e-16,1.1102230246251565e-16
How do within-family activation hyperparameters tune the welfare-convergence tradeoff?,hyperparameter_shifted_linear,b,3.0,nrd,shifted_linear,b,3.0,0.5,3,3,3,1.0,4,True,1500,0.9916963991715066,0.8732556220873192,-7.389049340000842e-06,True,300,0.9920348100416976,0.8722804738983395,-4.9700921481266036e-05,2.220446049250313e-16,1.1102230246251565e-16
How do within-family activation hyperparameters tune the welfare-convergence tradeoff?,hyperparameter_shifted_linear,b,3.0,nrd,shifted_linear,b,3.0,0.5,3,3,3,1.0,5,True,2000,0.9913858270778154,0.8382067384728865,9.926535888826749e-06,True,400,0.9922100532508024,0.8359818521373742,-4.970887213484598e-05,1.1102230246251565e-16,1.1102230246251565e-16
How do within-family activation hyperparameters tune the welfare-convergence tradeoff?,hyperparameter_shifted_linear,b,3.0,nrd,shifted_linear,b,3.0,0.5,3,3,3,1.0,6,True,900,0.9964350480998738,0.8229094851427918,-2.336328303803592e-05,True,100,0.9963640047925015,0.8231741772986488,-4.971788395902177e-05,1.1102230246251565e-16,2.220446049250313e-16
How do within-family activation hyperparameters tune the welfare-convergence tradeoff?,hyperparameter_shifted_linear,b,3.0,nrd,shifted_linear,b,3.0,0.5,3,3,3,1.0,8,True,1300,0.9918404829730543,0.8684557511975616,-1.1650639387628114e-05,True,200,0.9918867727178313,0.8683347643091937,-4.971680083587504e-05,0.0,2.220446049250313e-16
How do within-family activation hyperparameters tune the welfare-convergence tradeoff?,hyperparameter_shifted_linear,b,3.0,nrd,shifted_linear,b,3.0,0.5,3,3,3,1.0,7,True,2600,0.9955624586408578,0.8962291300753996,2.6772862107116158e-05,True,600,0.9958616442344878,0.895460216667428,-4.9514313568588264e-05,2.220446049250313e-16,1.1102230246251565e-16
How do within-family activation hyperparameters tune the welfare-convergence tradeoff?,hyperparameter_shifted_linear,b,3.0,nrd,shifted_linear,b,3.0,0.5,3,3,3,1.0,9,True,1700,0.99318657779655,0.8159196663587718,-9.210602230913523e-07,True,400,0.9933387261016335,0.8156019949451115,-4.968475821576224e-05,0.0,0.0
How do within-family activation hyperparameters tune the welfare-convergence tradeoff?,hyperparameter_shifted_linear,b,3.0,nrd,shifted_linear,b,3.0,0.5,3,3,3,1.0,10,True,1300,0.9939521886723514,0.8714070768188718,-1.366586982282092e-05,True,200,0.9943223637867591,0.8704091555053385,-4.9710549064885257e-05,1.1102230246251565e-16,1.1102230246251565e-16
How do within-family activation hyperparameters tune the welfare-convergence tradeoff?,hyperparameter_shifted_linear,b,3.0,nrd,shifted_linear,b,3.0,0.5,3,3,3,1.0,11,True,1800,0.9883986803245824,0.8346803388208444,1.9285200323349017e-06,True,300,0.9891112663397001,0.8326703361483107,-4.972660333596446e-05,0.0,1.1102230246251565e-16
How do within-family activation hyperparameters tune the welfare-convergence tradeoff?,hyperparameter_shifted_linear,b,3.0,nrd,shifted_linear,b,3.0,0.5,3,3,3,1.0,12,True,1600,0.9935625553423917,0.8618772777182099,-4.55152103123746e-06,True,300,0.9938251802308591,0.8611939328388803,-4.9728888205202715e-05,2.220446049250313e-16,1.1102230246251565e-16
How do within-family activation hyperparameters tune the welfare-convergence tradeoff?,hyperparameter_shifted_linear,b,3.0,nrd,shifted_linear,b,3.0,0.5,3,3,3,1.0,14,True,700,0.9978866711685284,0.9305390601276701,-3.047247263737729e-05,True,100,0.9977833639918213,0.9308696813427125,-4.969458807152494e-05,1.1102230246251565e-16,0.0
How do within-family activation hyperparameters tune the welfare-convergence tradeoff?,hyperparameter_shifted_linear,b,3.0,nrd,shifted_linear,b,3.0,0.5,3,3,3,1.0,13,True,2700,0.9942166111513581,0.8439037403432877,3.090335269073652e-05,True,600,0.9946205890318294,0.8428306777422861,-4.932412760921823e-05,0.0,1.1102230246251565e-16
How do within-family activation hyperparameters tune the welfare-convergence tradeoff?,hyperparameter_shifted_linear,b,3.0,nrd,shifted_linear,b,3.0,0.5,3,3,3,1.0,15,True,1700,0.9951045392828355,0.8740655050486431,-1.8641596489232803e-06,True,300,0.9955001071664753,0.8730346203591653,-4.971640067646943e-05,1.1102230246251565e-16,2.220446049250313e-16
How do within-family activation hyperparameters tune the welfare-convergence tradeoff?,hyperparameter_shifted_linear,b,3.0,nrd,shifted_linear,b,3.0,0.5,3,3,3,1.0,16,True,1700,0.9926824962354858,0.8169947016232845,-8.622970681937403e-07,True,400,0.9933814317269348,0.8149978869596345,-4.9729243301044335e-05,1.1102230246251565e-16,1.1102230246251565e-16
How do within-family activation hyperparameters tune the welfare-convergence tradeoff?,hyperparameter_shifted_linear,b,3.0,nrd,shifted_linear,b,3.0,0.5,3,3,3,1.0,17,True,1100,0.9925159628771063,0.8677256768444339,-1.725045502337652e-05,True,200,0.9925711809581652,0.867629205736221,-4.971650455448673e-05,1.1102230246251565e-16,1.1102230246251565e-16
How do within-family activation hyperparameters tune the welfare-convergence tradeoff?,hyperparameter_shifted_linear,b,3.0,nrd,shifted_linear,b,3.0,0.5,3,3,3,1.0,18,True,1600,0.9960656813199524,0.8747511122248971,-2.252715814055062e-06,True,300,0.9962815605317801,0.8741748652057297,-4.970490781347481e-05,1.1102230246251565e-16,1.1102230246251565e-16
How do within-family activation hyperparameters tune the welfare-convergence tradeoff?,hyperparameter_shifted_linear,b,3.0,nrd,shifted_linear,b,3.0,0.5,3,3,3,1.0,19,True,1300,0.9953877995084461,0.9121064291356187,-1.1456459785619266e-05,True,300,0.9957466046243195,0.9111278995824555,-4.9709138178644086e-05,0.0,2.220446049250313e-16
How do within-family activation hyperparameters tune the welfare-convergence tradeoff?,hyperparameter_shifted_linear,b,3.0,nrd,shifted_linear,b,3.0,0.5,3,3,3,1.0,21,True,1700,0.9926575416542721,0.8718125685586013,-1.6733485213027421e-06,True,400,0.9928007510211108,0.8714781200247789,-4.9703268404088785e-05,1.1102230246251565e-16,2.220446049250313e-16
How do within-family activation hyperparameters tune the welfare-convergence tradeoff?,hyperparameter_shifted_linear,b,3.0,nrd,shifted_linear,b,3.0,0.5,3,3,3,1.0,20,True,2700,0.9953108622095584,0.8905090665219134,2.9834001574968738e-05,True,600,0.9954954799660289,0.8901422905243738,-4.9381504806378373e-05,0.0,1.1102230246251565e-16
How do within-family activation hyperparameters tune the welfare-convergence tradeoff?,hyperparameter_shifted_linear,b,3.0,nrd,shifted_linear,b,3.0,0.5,3,3,3,1.0,23,True,1500,0.9961773120090996,0.9305240287877735,-7.789253862244827e-06,True,300,0.9963340627113736,0.9301297981647364,-4.972834664451753e-05,1.1102230246251565e-16,1.1102230246251565e-16
How do within-family activation hyperparameters tune the welfare-convergence tradeoff?,hyperparameter_shifted_linear,b,3.0,nrd,shifted_linear,b,3.0,0.5,3,3,3,1.0,22,True,3200,0.9938899672343448,0.9095685517182543,4.6647586002923624e-05,True,700,0.9940200084608277,0.909375569687187,-4.751372920319685e-05,1.1102230246251565e-16,1.1102230246251565e-16
How do within-family activation hyperparameters tune the welfare-convergence tradeoff?,hyperparameter_shifted_linear,b,3.0,nrd,shifted_linear,b,3.0,0.5,3,3,3,1.0,24,True,1800,0.9971508993409645,0.9095960649095569,3.123909364910471e-06,True,400,0.9972559833526236,0.909361485541344,-4.97074321136326e-05,1.1102230246251565e-16,1.1102230246251565e-16
How do within-family activation hyperparameters tune the welfare-convergence tradeoff?,hyperparameter_shifted_linear,b,3.0,nrd,shifted_linear,b,3.0,0.5,3,3,3,1.0,25,True,2000,0.9877333312877701,0.8053123525918308,8.46757397643394e-06,True,400,0.9887470294848556,0.802402885883042,-4.972794028945682e-05,2.220446049250313e-16,1.1102230246251565e-16
How do within-family activation hyperparameters tune the welfare-convergence tradeoff?,hyperparameter_shifted_linear,b,3.0,nrd,shifted_linear,b,3.0,0.5,3,3,3,1.0,26,True,1600,0.9966757872781121,0.8923401425596392,-2.720392948074579e-06,True,300,0.9969278230236716,0.8916625647900803,-4.970305066925862e-05,1.1102230246251565e-16,1.1102230246251565e-16
How do within-family activation hyperparameters tune the welfare-convergence tradeoff?,hyperparameter_shifted_linear,b,3.0,nrd,shifted_linear,b,3.0,0.5,3,3,3,1.0,27,True,1800,0.9917108503963726,0.8617012411318807,1.3984883310835805e-06,True,300,0.992239925758426,0.8602670120387642,-4.972253761242884e-05,2.220446049250313e-16,0.0
How do within-family activation hyperparameters tune the welfare-convergence tradeoff?,hyperparameter_shifted_linear,b,3.0,nrd,shifted_linear,b,3.0,0.5,3,3,3,1.0,30,True,1400,0.9935150403967818,0.9040448305164631,-1.079565218181644e-05,True,300,0.9939606121610542,0.9028013624972813,-4.969545397864872e-05,0.0,0.0
How do within-family activation hyperparameters tune the welfare-convergence tradeoff?,hyperparameter_shifted_linear,b,3.0,nrd,shifted_linear,b,3.0,0.5,3,3,3,1.0,29,True,1900,0.9901296789619665,0.8383536638691567,6.792250705822678e-06,True,400,0.9912102959701343,0.8353098416198447,-4.973053323570342e-05,1.1102230246251565e-16,1.1102230246251565e-16
How do within-family activation hyperparameters tune the welfare-convergence tradeoff?,hyperparameter_shifted_linear,b,3.0,nrd,shifted_linear,b,3.0,0.5,3,3,3,1.0,28,True,3000,0.9897751020412697,0.8392638577980142,3.8844652671177204e-05,True,600,0.9901244469054964,0.8383876104387412,-4.924470057909858e-05,1.1102230246251565e-16,0.0
How do within-family activation hyperparameters tune the welfare-convergence tradeoff?,hyperparameter_shifted_linear,b,3.0,nrd,shifted_linear,b,3.0,0.5,3,3,3,1.0,31,True,2100,0.9935524411236847,0.8644595558228211,1.1751149776972891e-05,True,400,0.9940745662108115,0.8630774921626142,-4.973047210038439e-05,0.0,2.220446049250313e-16
How do within-family activation hyperparameters tune the welfare-convergence tradeoff?,hyperparameter_shifted_linear,b,3.0,nrd,shifted_linear,b,3.0,0.5,3,3,3,1.0,32,True,1100,0.9945544534264731,0.8946117508455158,-1.799238947292059e-05,True,200,0.9945596808076285,0.8946077093075342,-4.970381170510407e-05,1.1102230246251565e-16,1.1102230246251565e-16
How do within-family activation hyperparameters tune the welfare-convergence tradeoff?,hyperparameter_shifted_linear,b,3.0,nrd,shifted_linear,b,3.0,0.5,3,3,3,1.0,33,True,1300,0.9942672928645758,0.8774492469514271,-1.3081878289022963e-05,True,300,0.9940714460709231,0.8780827959945268,-4.9711286345455186e-05,0.0,2.220446049250313e-16
How do within-family activation hyperparameters tune the welfare-convergence tradeoff?,hyperparameter_shifted_linear,b,3.0,nrd,shifted_linear,b,3.0,0.5,3,3,3,1.0,34,True,1400,0.9931791208986703,0.8426453762326308,-8.730446247939838e-06,True,300,0.993569422246184,0.8416553788316957,-4.970738878118386e-05,2.220446049250313e-16,0.0
How do within-family activation hyperparameters tune the welfare-convergence tradeoff?,hyperparameter_shifted_linear,b,3.0,nrd,shifted_linear,b,3.0,0.5,3,3,3,1.0,36,True,1100,0.9968806446666655,0.9054898862802334,-1.8337395728318384e-05,True,200,0.996850339415391,0.90564431088109,-4.971552581123362e-05,0.0,1.1102230246251565e-16
How do within-family activation hyperparameters tune the welfare-convergence tradeoff?,hyperparameter_shifted_linear,b,3.0,nrd,shifted_linear,b,3.0,0.5,3,3,3,1.0,35,True,4300,0.9917445710376295,0.7860955055495239,8.031573727379504e-05,True,1000,0.9921230072560454,0.7852987527456129,-3.590933873209856e-05,1.1102230246251565e-16,2.220446049250313e-16
How do within-family activation hyperparameters tune the welfare-convergence tradeoff?,hyperparameter_shifted_linear,b,3.0,nrd,shifted_linear,b,3.0,0.5,3,3,3,1.0,37,True,1700,0.987970100398303,0.8135188797221495,3.73543775966656e-07,True,400,0.9883364760786761,0.8125662998917097,-4.9722977508270816e-05,2.220446049250313e-16,1.1102230246251565e-16
How do within-family activation hyperparameters tune the welfare-convergence tradeoff?,hyperparameter_shifted_linear,b,3.0,nrd,shifted_linear,b,3.0,0.5,3,3,3,1.0,38,True,2500,0.9962532178242717,0.923695369174569,2.325821008469786e-05,True,600,0.9963657802677451,0.9234744337618314,-4.961527740199312e-05,0.0,2.220446049250313e-16
How do within-family activation hyperparameters tune the welfare-convergence tradeoff?,hyperparameter_shifted_linear,b,3.0,nrd,shifted_linear,b,3.0,0.5,3,3,3,1.0,39,True,1300,0.9965918854004553,0.9003700151794005,-1.2612931510613823e-05,True,200,0.9968589159136539,0.8996396662412779,-4.9724578877585746e-05,0.0,1.1102230246251565e-16
How do within-family activation hyperparameters tune the welfare-convergence tradeoff?,hyperparameter_shifted_linear,b,3.0,nrd,shifted_linear,b,3.0,0.5,3,3,3,1.0,40,True,1400,0.9899255713052177,0.8184271421091083,-8.357680200632434e-06,True,300,0.9898512653780565,0.818737000174187,-4.969381331926259e-05,1.1102230246251565e-16,1.1102230246251565e-16
How do within-family activation hyperparameters tune the welfare-convergence tradeoff?,hyperparameter_shifted_linear,b,3.0,nrd,shifted_linear,b,3.0,0.5,3,3,3,1.0,41,True,1100,0.9977665125104904,0.8996755017884878,-1.764972271206533e-05,True,200,0.9979148552922378,0.89927769302671,-4.970711436758091e-05,2.220446049250313e-16,1.1102230246251565e-16
How do within-family activation hyperparameters tune the welfare-convergence tradeoff?,hyperparameter_shifted_linear,b,3.0,nrd,shifted_linear,b,3.0,0.5,3,3,3,1.0,42,True,1200,0.9938228434203851,0.860456022085463,-1.5579909391771896e-05,True,200,0.9939636258937515,0.8601348763948534,-4.9710688123927316e-05,2.220446049250313e-16,0.0
How do within-family activation hyperparameters tune the welfare-convergence tradeoff?,hyperparameter_shifted_linear,b,3.0,nrd,shifted_linear,b,3.0,0.5,3,3,3,1.0,45,True,700,0.9978699375382206,0.9634860099408104,-3.1781568090860635e-05,True,100,0.9979618905709051,0.9632266318452941,-4.9699558683280465e-05,1.1102230246251565e-16,1.1102230246251565e-16
How do within-family activation hyperparameters tune the welfare-convergence tradeoff?,hyperparameter_shifted_linear,b,3.0,nrd,shifted_linear,b,3.0,0.5,3,3,3,1.0,43,True,2200,0.9884085418233086,0.7925733489309333,1.3196099572621023e-05,True,400,0.98897599550837,0.7910560186518788,-4.972264372005153e-05,1.1102230246251565e-16,1.1102230246251565e-16
How do within-family activation hyperparameters tune the welfare-convergence tradeoff?,hyperparameter_shifted_linear,b,3.0,nrd,shifted_linear,b,3.0,0.5,3,3,3,1.0,44,True,1300,0.9893091307300814,0.8041155522346063,-1.3708289259339868e-05,True,200,0.9898544073078459,0.8025489518945742,-4.972412075843202e-05,1.1102230246251565e-16,2.220446049250313e-16
How do within-family activation hyperparameters tune the welfare-convergence tradeoff?,hyperparameter_shifted_linear,b,3.0,nrd,shifted_linear,b,3.0,0.5,3,3,3,1.0,47,True,1400,0.9961154235341758,0.9242664626462004,-9.559841550876857e-06,True,300,0.9963125935933046,0.9237350589274941,-4.9726757218870876e-05,1.1102230246251565e-16,1.1102230246251565e-16
How do within-family activation hyperparameters tune the welfare-convergence tradeoff?,hyperparameter_shifted_linear,b,3.0,nrd,shifted_linear,b,3.0,0.5,3,3,3,1.0,46,True,1700,0.9950927791526754,0.8697674110462793,7.029739069186469e-07,True,400,0.9953424436399511,0.8691686883393693,-4.970962528072498e-05,2.220446049250313e-16,1.1102230246251565e-16
How do within-family activation hyperparameters tune the welfare-convergence tradeoff?,hyperparameter_shifted_linear,b,3.0,nrd,shifted_linear,b,3.0,0.5,3,3,3,1.0,48,True,800,0.9955659066816249,0.890566218335279,-2.6232862423536396e-05,True,100,0.9953343144808358,0.8912747279711187,-4.9696555078193594e-05,2.220446049250313e-16,1.1102230246251565e-16
How do within-family activation hyperparameters tune the welfare-convergence tradeoff?,hyperparameter_shifted_linear,b,3.0,nrd,shifted_linear,b,3.0,0.5,3,3,3,1.0,51,True,1100,0.9961645390396019,0.875172548867437,-1.7927713776622056e-05,True,200,0.9963626665477032,0.8746473316513249,-4.971544181542331e-05,1.1102230246251565e-16,2.220446049250313e-16
How do within-family activation hyperparameters tune the welfare-convergence tradeoff?,hyperparameter_shifted_linear,b,3.0,nrd,shifted_linear,b,3.0,0.5,3,3,3,1.0,50,True,1500,0.9959478133644764,0.8417126390731978,-7.7577957153796e-06,True,300,0.9961224150751289,0.8412949547786481,-4.9699999755514757e-05,1.1102230246251565e-16,0.0
How do within-family activation hyperparameters tune the welfare-convergence tradeoff?,hyperparameter_shifted_linear,b,3.0,nrd,shifted_linear,b,3.0,0.5,3,3,3,1.0,49,True,1900,0.9952811298932551,0.8475783900888171,5.000589229198216e-06,True,400,0.9955058594857975,0.8470137936579735,-4.968681056738422e-05,2.220446049250313e-16,1.1102230246251565e-16
How do within-family activation hyperparameters tune the welfare-convergence tradeoff?,hyperparameter_shifted_linear,b,3.0,nrd,shifted_linear,b,3.0,0.5,3,3,3,1.0,53,True,1500,0.9926484823113118,0.8693672456257983,-4.88446294949485e-06,True,300,0.9930230914649859,0.8683366219265963,-4.9684878601907734e-05,1.1102230246251565e-16,0.0
How do within-family activation hyperparameters tune the welfare-convergence tradeoff?,hyperparameter_shifted_linear,b,3.0,nrd,shifted_linear,b,3.0,0.5,3,3,3,1.0,52,True,2800,0.9954890372973143,0.8389405148281356,3.506472270459193e-05,True,700,0.9961276157877592,0.8373279322385994,-4.903147081680714e-05,1.1102230246251565e-16,2.220446049250313e-16
How do within-family activation hyperparameters tune the welfare-convergence tradeoff?,hyperparameter_shifted_linear,b,3.0,nrd,shifted_linear,b,3.0,0.5,3,3,3,1.0,54,True,1400,0.9935280349430812,0.8596827402906202,-1.0582458709385012e-05,True,300,0.9940736009469929,0.8581439109637911,-4.972945929715422e-05,1.1102230246251565e-16,0.0
How do within-family activation hyperparameters tune the welfare-convergence tradeoff?,hyperparameter_shifted_linear,b,3.0,nrd,shifted_linear,b,3.0,0.5,3,3,3,1.0,57,True,1200,0.9970780690127247,0.8850671549612339,-1.3965298203744148e-05,True,200,0.9971950249207616,0.8847606622705371,-4.9707295739165325e-05,1.1102230246251565e-16,1.1102230246251565e-16
How do within-family activation hyperparameters tune the welfare-convergence tradeoff?,hyperparameter_shifted_linear,b,3.0,nrd,shifted_linear,b,3.0,0.5,3,3,3,1.0,55,True,1700,0.9945248498066956,0.8597217950928885,-7.743480534561087e-07,True,400,0.9946416760853083,0.8594489414003523,-4.9719730986719224e-05,2.220446049250313e-16,1.1102230246251565e-16
How do within-family activation hyperparameters tune the welfare-convergence tradeoff?,hyperparameter_shifted_linear,b,3.0,nrd,shifted_linear,b,3.0,0.5,3,3,3,1.0,56,True,4800,0.9969418081399178,0.899242795093985,9.234217030368308e-05,True,1200,0.9971294089529331,0.8990508462617736,-2.933944819843992e-05,0.0,0.0
How do within-family activation hyperparameters tune the welfare-convergence tradeoff?,hyperparameter_shifted_linear,b,3.0,nrd,shifted_linear,b,3.0,0.5,3,3,3,1.0,58,True,1300,0.9918331381111714,0.842779599750442,-1.3832066652286201e-05,True,200,0.992345441993738,0.8413000058483561,-4.972514197626454e-05,2.220446049250313e-16,1.1102230246251565e-16
How do within-family activation hyperparameters tune the welfare-convergence tradeoff?,hyperparameter_shifted_linear,b,3.0,nrd,shifted_linear,b,3.0,0.5,3,3,3,1.0,61,True,900,0.9950481765950274,0.8882403648153682,-2.563028882573981e-05,True,200,0.9950363195258397,0.8883235522202154,-4.969629045886714e-05,2.220446049250313e-16,0.0
How do within-family activation hyperparameters tune the welfare-convergence tradeoff?,hyperparameter_shifted_linear,b,3.0,nrd,shifted_linear,b,3.0,0.5,3,3,3,1.0,60,True,2600,0.9930713147030533,0.8850266979381743,2.7692691508873768e-05,True,500,0.9933798754912158,0.8842753571024798,-4.970798764847295e-05,2.220446049250313e-16,1.1102230246251565e-16
How do within-family activation hyperparameters tune the welfare-convergence tradeoff?,hyperparameter_shifted_linear,b,3.0,nrd,shifted_linear,b,3.0,0.5,3,3,3,1.0,62,True,800,0.9916918773483459,0.8546746092737297,-2.7361493767474876e-05,True,200,0.9914343102061126,0.8554666633504958,-4.9701469239271656e-05,2.220446049250313e-16,1.1102230246251565e-16
How do within-family activation hyperparameters tune the welfare-convergence tradeoff?,hyperparameter_shifted_linear,b,3.0,nrd,shifted_linear,b,3.0,0.5,3,3,3,1.0,59,True,2800,0.9923503533656944,0.8237761127962543,3.42951383115464e-05,True,600,0.9930248603693238,0.8220262154488078,-4.90929557251385e-05,2.220446049250313e-16,0.0
How do within-family activation hyperparameters tune the welfare-convergence tradeoff?,hyperparameter_shifted_linear,b,3.0,nrd,shifted_linear,b,3.0,0.5,3,3,3,1.0,63,True,1400,0.9974310348535425,0.9158951103856019,-9.271850094305645e-06,True,200,0.9975674482359559,0.9155360962191006,-4.9727488311557266e-05,1.1102230246251565e-16,2.220446049250313e-16
How do within-family activation hyperparameters tune the welfare-convergence tradeoff?,hyperparameter_shifted_linear,b,3.0,nrd,shifted_linear,b,3.0,0.5,3,3,3,1.0,64,True,1200,0.9866951433918353,0.7794767198265994,-1.549173671228088e-05,True,200,0.987107195184566,0.7783014375403886,-4.971804709624772e-05,1.1102230246251565e-16,2.220446049250313e-16
How do within-family activation hyperparameters tune the welfare-convergence tradeoff?,hyperparameter_shifted_linear,b,3.0,nrd,shifted_linear,b,3.0,0.5,3,3,3,1.0,68,True,1200,0.9957618082508619,0.8684057826163828,-1.3983120115856895e-05,True,300,0.9956866048134128,0.8686738919407307,-4.9700408996822265e-05,2.220446049250313e-16,1.1102230246251565e-16
How do within-family activation hyperparameters tune the welfare-convergence tradeoff?,hyperparameter_shifted_linear,b,3.0,nrd,shifted_linear,b,3.0,0.5,3,3,3,1.0,67,True,1500,0.9941664465489237,0.851127636106055,-7.816064507171205e-06,True,300,0.9946360557730612,0.849810106787611,-4.9713788838001705e-05,1.1102230246251565e-16,1.1102230246251565e-16
How do within-family activation hyperparameters tune the welfare-convergence tradeoff?,hyperparameter_shifted_linear,b,3.0,nrd,shifted_linear,b,3.0,0.5,3,3,3,1.0,66,True,1800,0.9956524669511442,0.8758827939949638,1.8909419133850136e-06,True,400,0.9958366132271922,0.8754194594629401,-4.9711757808046375e-05,1.1102230246251565e-16,0.0
How do within-family activation hyperparameters tune the welfare-convergence tradeoff?,hyperparameter_shifted_linear,b,3.0,nrd,shifted_linear,b,3.0,0.5,3,3,3,1.0,65,True,2100,0.9934806256792404,0.845044714482395,1.2073383894251055e-05,True,400,0.9940468289174378,0.8434618725764819,-4.972937494907015e-05,2.220446049250313e-16,1.1102230246251565e-16
How do within-family activation hyperparameters tune the welfare-convergence tradeoff?,hyperparameter_shifted_linear,b,3.0,nrd,shifted_linear,b,3.0,0.5,3,3,3,1.0,69,True,2300,0.994354955587831,0.8927185455378718,1.8414757132989568e-05,True,500,0.9947830248101242,0.8916039927118474,-4.969127117893102e-05,0.0,1.1102230246251565e-16
How do within-family activation hyperparameters tune the welfare-convergence tradeoff?,hyperparameter_shifted_linear,b,3.0,nrd,shifted_linear,b,3.0,0.5,3,3,3,1.0,70,True,4000,0.9921870264942424,0.8626635143096353,7.203202883765414e-05,True,1000,0.9922867520595952,0.8627065784324724,-3.9750796685666945e-05,0.0,0.0
How do within-family activation hyperparameters tune the welfare-convergence tradeoff?,hyperparameter_shifted_linear,b,3.0,nrd,shifted_linear,b,3.0,0.5,3,3,3,1.0,71,True,1400,0.9925941347443612,0.8798408722673049,-8.676671722385176e-06,True,300,0.9929623303398292,0.8788858779692124,-4.972754112830824e-05,2.220446049250313e-16,1.1102230246251565e-16
How do within-family activation hyperparameters tune the welfare-convergence tradeoff?,hyperparameter_shifted_linear,b,3.0,nrd,shifted_linear,b,3.0,0.5,3,3,3,1.0,72,True,1700,0.9911627984923713,0.8720303903548107,-7.210497497966983e-07,True,300,0.9920026187616813,0.8696132342340731,-4.9731159459109886e-05,2.220446049250313e-16,1.1102230246251565e-16
How do within-family activation hyperparameters tune the welfare-convergence tradeoff?,hyperparameter_shifted_linear,b,3.0,nrd,shifted_linear,b,3.0,0.5,3,3,3,1.0,74,True,2400,0.9960587952171792,0.878365515830488,2.049571397089167e-05,True,500,0.9963778922678415,0.8775516072348797,-4.966533479799917e-05,2.220446049250313e-16,2.220446049250313e-16
How do within-family activation hyperparameters tune the welfare-convergence tradeoff?,hyperparameter_shifted_linear,b,3.0,nrd,shifted_linear,b,3.0,0.5,3,3,3,1.0,73,True,3500,0.9931551526681905,0.8600597891522838,5.477450906349324e-05,True,800,0.993403971410393,0.8595301334630747,-4.571432918004659e-05,2.220446049250313e-16,0.0
How do within-family activation hyperparameters tune the welfare-convergence tradeoff?,hyperparameter_shifted_linear,b,3.0,nrd,shifted_linear,b,3.0,0.5,3,3,3,1.0,75,True,1400,0.9939309167532264,0.8282655131001572,-9.883609349170541e-06,True,200,0.9939472837421607,0.8283038227246724,-4.9631486803702884e-05,1.1102230246251565e-16,0.0
How do within-family activation hyperparameters tune the welfare-convergence tradeoff?,hyperparameter_shifted_linear,b,3.0,nrd,shifted_linear,b,3.0,0.5,3,3,3,1.0,78,True,900,0.9962348562440454,0.8973675215914682,-2.566955034460916e-05,True,100,0.9963351084023959,0.8970969230726663,-4.971007332893462e-05,2.220446049250313e-16,0.0
How do within-family activation hyperparameters tune the welfare-convergence tradeoff?,hyperparameter_shifted_linear,b,3.0,nrd,shifted_linear,b,3.0,0.5,3,3,3,1.0,76,True,2300,0.9877879718773893,0.8196795623459002,1.6646352702487377e-05,True,500,0.9875396650292766,0.8204811035222184,-4.969171392882332e-05,1.1102230246251565e-16,0.0
How do within-family activation hyperparameters tune the welfare-convergence tradeoff?,hyperparameter_shifted_linear,b,3.0,nrd,shifted_linear,b,3.0,0.5,3,3,3,1.0,77,True,1200,0.9961120609532776,0.8719329633940632,-1.49190612450667e-05,True,200,0.996470989471702,0.8709195823998561,-4.971951594601176e-05,1.1102230246251565e-16,1.1102230246251565e-16
How do within-family activation hyperparameters tune the welfare-convergence tradeoff?,hyperparameter_shifted_linear,b,3.0,nrd,shifted_linear,b,3.0,0.5,3,3,3,1.0,79,True,2900,0.9891767723857245,0.8012182750174132,3.5478231406038674e-05,True,600,0.9899845558284947,0.7990254609113565,-4.930198344493819e-05,1.1102230246251565e-16,2.220446049250313e-16
How do within-family activation hyperparameters tune the welfare-convergence tradeoff?,hyperparameter_shifted_linear,b,3.0,nrd,shifted_linear,b,3.0,0.5,3,3,3,1.0,81,True,1200,0.9907686242878625,0.8398115425339299,-1.4895573179463106e-05,True,200,0.9910840904536006,0.8389269879018458,-4.970450571528673e-05,0.0,1.1102230246251565e-16
How do within-family activation hyperparameters tune the welfare-convergence tradeoff?,hyperparameter_shifted_linear,b,3.0,nrd,shifted_linear,b,3.0,0.5,3,3,3,1.0,80,True,2500,0.994149856144951,0.8945825028049924,2.457109397896451e-05,True,500,0.9946119757214936,0.8934076930547722,-4.9711351074455123e-05,2.220446049250313e-16,2.220446049250313e-16
How do within-family activation hyperparameters tune the welfare-convergence tradeoff?,hyperparameter_shifted_linear,b,3.0,nrd,shifted_linear,b,3.0,0.5,3,3,3,1.0,82,True,1000,0.9899222440931779,0.8053718066740453,-2.0315177044816224e-05,True,200,0.9898148102687759,0.8057461589387986,-4.971943030807058e-05,1.1102230246251565e-16,2.220446049250313e-16
How do within-family activation hyperparameters tune the welfare-convergence tradeoff?,hyperparameter_shifted_linear,b,3.0,nrd,shifted_linear,b,3.0,0.5,3,3,3,1.0,84,True,1100,0.996474195500235,0.9382088049583683,-1.9789059974739676e-05,True,200,0.996404999297392,0.9384316747562287,-4.971046856555583e-05,2.220446049250313e-16,0.0
How do within-family activation hyperparameters tune the welfare-convergence tradeoff?,hyperparameter_shifted_linear,b,3.0,nrd,shifted_linear,b,3.0,0.5,3,3,3,1.0,83,True,1700,0.9955096004178167,0.9315664259658699,-7.43873532549344e-07,True,400,0.9959619443417201,0.9302787246271053,-4.969461253379048e-05,1.1102230246251565e-16,1.1102230246251565e-16
How do within-family activation hyperparameters tune the welfare-convergence tradeoff?,hyperparameter_shifted_linear,b,3.0,nrd,shifted_linear,b,3.0,0.5,3,3,3,1.0,86,True,1100,0.9964960453738781,0.8938496217170666,-1.6954009894321054e-05,True,200,0.9966853961023749,0.8933412643824522,-4.972089291943593e-05,1.1102230246251565e-16,1.1102230246251565e-16
How do within-family activation hyperparameters tune the welfare-convergence tradeoff?,hyperparameter_shifted_linear,b,3.0,nrd,shifted_linear,b,3.0,0.5,3,3,3,1.0,87,True,1100,0.9978852444504082,0.8643514845687825,-1.756409154662908e-05,True,200,0.9979041135703346,0.8643585670204234,-4.9704917161108586e-05,1.1102230246251565e-16,2.220446049250313e-16
How do within-family activation hyperparameters tune the welfare-convergence tradeoff?,hyperparameter_shifted_linear,b,3.0,nrd,shifted_linear,b,3.0,0.5,3,3,3,1.0,85,True,2500,0.9971320808402849,0.8651017922695776,2.3417727395225185e-05,True,600,0.9973195030970236,0.8646458740753546,-4.961240193773753e-05,2.220446049250313e-16,0.0
How do within-family activation hyperparameters tune the welfare-convergence tradeoff?,hyperparameter_shifted_linear,b,3.0,nrd,shifted_linear,b,3.0,0.5,3,3,3,1.0,88,True,1400,0.99506177953935,0.8868464353953089,-8.959635347416395e-06,True,200,0.9953590942656616,0.8860289732310168,-4.973099816063531e-05,1.1102230246251565e-16,2.220446049250313e-16
How do within-family activation hyperparameters tune the welfare-convergence tradeoff?,hyperparameter_shifted_linear,b,3.0,nrd,shifted_linear,b,3.0,0.5,3,3,3,1.0,90,True,1200,0.9969695166177034,0.8786316998224543,-1.616877796900562e-05,True,200,0.9969818594622768,0.8786391646498446,-4.9713728219047404e-05,2.220446049250313e-16,1.1102230246251565e-16
How do within-family activation hyperparameters tune the welfare-convergence tradeoff?,hyperparameter_shifted_linear,b,3.0,nrd,shifted_linear,b,3.0,0.5,3,3,3,1.0,89,True,2400,0.9962446283276117,0.8745704550396377,1.9657635728420608e-05,True,500,0.9964893621806193,0.8739599431876354,-4.9676818143995494e-05,0.0,1.1102230246251565e-16
How do within-family activation hyperparameters tune the welfare-convergence tradeoff?,hyperparameter_shifted_linear,b,3.0,nrd,shifted_linear,b,3.0,0.5,3,3,3,1.0,91,True,900,0.9945975488717353,0.8489048729632653,-2.5795526633232146e-05,True,100,0.9946167755675185,0.8488734961851443,-4.9717364230927874e-05,0.0,0.0
How do within-family activation hyperparameters tune the welfare-convergence tradeoff?,hyperparameter_shifted_linear,b,3.0,nrd,shifted_linear,b,3.0,0.5,3,3,3,1.0,93,True,1300,0.9930207016326095,0.7835435979199107,-1.3031329538060188e-05,True,300,0.993208195790625,0.7830084734910417,-4.97069361790059e-05,2.220446049250313e-16,0.0
How do within-family activation hyperparameters tune the welfare-convergence tradeoff?,hyperparameter_shifted_linear,b,3.0,nrd,shifted_linear,b,3.0,0.5,3,3,3,1.0,92,True,4000,0.9938878927488417,0.8928452671341445,6.98697569073703e-05,True,800,0.9946712294043721,0.890918297223387,-4.4663924039456404e-05,2.220446049250313e-16,0.0
How do within-family activation hyperparameters tune the welfare-convergence tradeoff?,hyperparameter_shifted_linear,b,3.0,nrd,shifted_linear,b,3.0,0.5,3,3,3,1.0,94,True,1500,0.992525223886851,0.8475179217600305,-5.952914745810389e-06,True,300,0.9928740585950451,0.8465497314073428,-4.9730643402079444e-05,1.1102230246251565e-16,1.1102230246251565e-16
How do within-family activation hyperparameters tune the welfare-convergence tradeoff?,hyperparameter_shifted_linear,b,3.0,nrd,shifted_linear,b,3.0,0.5,3,3,3,1.0,95,True,1000,0.9967702538251955,0.9242994897914079,-2.194119111470494e-05,True,200,0.9968425058293469,0.9241281355935552,-4.9722704047072686e-05,1.1102230246251565e-16,0.0
How do within-family activation hyperparameters tune the welfare-convergence tradeoff?,hyperparameter_shifted_linear,b,3.0,nrd,shifted_linear,b,3.0,0.5,3,3,3,1.0,96,True,1600,0.9959439006775394,0.8788450336251291,-3.315567140116382e-06,True,300,0.9958899558026892,0.8790846723583442,-4.97026297011649e-05,0.0,2.220446049250313e-16
How do within-family activation hyperparameters tune the welfare-convergence tradeoff?,hyperparameter_shifted_linear,b,3.0,nrd,shifted_linear,b,3.0,0.5,3,3,3,1.0,97,True,2000,0.9912354880546462,0.8150198654944313,9.833737935449616e-06,True,400,0.9916957136156062,0.8138089335476755,-4.971017233912356e-05,1.1102230246251565e-16,2.220446049250313e-16
How do within-family activation hyperparameters tune the welfare-convergence tradeoff?,hyperparameter_shifted_linear,b,3.0,nrd,shifted_linear,b,3.0,0.5,3,3,3,1.0,98,True,1900,0.9951082251050747,0.8847274792839045,6.404058260300882e-06,True,400,0.9956318060601543,0.883303200835627,-4.973052392848176e-05,1.1102230246251565e-16,0.0
How do within-family activation hyperparameters tune the welfare-convergence tradeoff?,hyperparameter_shifted_linear,b,3.0,nrd,shifted_linear,b,3.0,0.5,3,3,3,1.0,99,True,900,0.9969169027388448,0.9296015085824286,-2.3777913945866036e-05,True,100,0.9968714157077438,0.9297536099474094,-4.966982981724488e-05,1.1102230246251565e-16,2.220446049250313e-16
How do within-family activation hyperparameters tune the welfare-convergence tradeoff?,hyperparameter_shifted_linear,b,5.0,nrd,shifted_linear,b,5.0,0.5,3,3,3,1.0,1,True,1300,0.9973221482789774,0.857349436799229,-1.0604326632135397e-05,True,300,0.997329727583442,0.8573847853924539,-4.610890832051906e-05,2.220446049250313e-16,1.1102230246251565e-16
How do within-family activation hyperparameters tune the welfare-convergence tradeoff?,hyperparameter_shifted_linear,b,5.0,nrd,shifted_linear,b,5.0,0.5,3,3,3,1.0,0,True,2600,0.9972089062612467,0.8027600847404422,2.644306354560033e-05,True,600,0.9977248141794167,0.8006192629856801,-4.5943583485641426e-05,2.220446049250313e-16,2.220446049250313e-16
How do within-family activation hyperparameters tune the welfare-convergence tradeoff?,hyperparameter_shifted_linear,b,5.0,nrd,shifted_linear,b,5.0,0.5,3,3,3,1.0,2,True,2000,0.9962003551079626,0.8516943247532263,8.459973118157826e-06,True,400,0.9967262363385563,0.8492646836718171,-4.611138433618933e-05,2.220446049250313e-16,2.220446049250313e-16
How do within-family activation hyperparameters tune the welfare-convergence tradeoff?,hyperparameter_shifted_linear,b,5.0,nrd,shifted_linear,b,5.0,0.5,3,3,3,1.0,3,True,1800,0.9985767134568917,0.9136540424676652,3.862283353361917e-06,True,400,0.998924937944393,0.9121173245723723,-4.6114074024994345e-05,0.0,1.1102230246251565e-16
How do within-family activation hyperparameters tune the welfare-convergence tradeoff?,hyperparameter_shifted_linear,b,5.0,nrd,shifted_linear,b,5.0,0.5,3,3,3,1.0,4,True,1800,0.9963764901118612,0.8559534112070502,4.272317463804853e-06,True,400,0.9966650906117742,0.8546108663668539,-4.608306206194124e-05,2.220446049250313e-16,2.220446049250313e-16
How do within-family activation hyperparameters tune the welfare-convergence tradeoff?,hyperparameter_shifted_linear,b,5.0,nrd,shifted_linear,b,5.0,0.5,3,3,3,1.0,6,True,1000,0.9985199689750157,0.813505289488548,-1.956646774520232e-05,True,100,0.9984777301845218,0.8137808231709283,-4.6088279509304275e-05,1.1102230246251565e-16,2.220446049250313e-16
How do within-family activation hyperparameters tune the welfare-convergence tradeoff?,hyperparameter_shifted_linear,b,5.0,nrd,shifted_linear,b,5.0,0.5,3,3,3,1.0,5,True,2800,0.9959799595463564,0.8213745520697486,3.2381349319043906e-05,True,500,0.9967384551536614,0.8180051828085793,-4.609230001600961e-05,2.220446049250313e-16,1.1102230246251565e-16
How do within-family activation hyperparameters tune the welfare-convergence tradeoff?,hyperparameter_shifted_linear,b,5.0,nrd,shifted_linear,b,5.0,0.5,3,3,3,1.0,8,True,1500,0.996538915321336,0.850545076377257,-4.9502606647156e-06,True,300,0.9966031338814014,0.8502877096435607,-4.6103494091787045e-05,0.0,1.1102230246251565e-16
How do within-family activation hyperparameters tune the welfare-convergence tradeoff?,hyperparameter_shifted_linear,b,5.0,nrd,shifted_linear,b,5.0,0.5,3,3,3,1.0,7,True,3900,0.9979087479738382,0.8874363747936357,6.559342607725949e-05,True,900,0.9982468822629922,0.8861396450368423,-3.872465346693721e-05,0.0,1.1102230246251565e-16
How do within-family activation hyperparameters tune the welfare-convergence tradeoff?,hyperparameter_shifted_linear,b,5.0,nrd,shifted_linear,b,5.0,0.5,3,3,3,1.0,9,True,2400,0.9970126305420158,0.8005882321438943,2.1637487434944536e-05,True,500,0.9972107397914584,0.7998415329153458,-4.604912031835884e-05,0.0,0.0
How do within-family activation hyperparameters tune the welfare-convergence tradeoff?,hyperparameter_shifted_linear,b,5.0,nrd,shifted_linear,b,5.0,0.5,3,3,3,1.0,10,True,1500,0.997316107467906,0.8584340830173248,-4.089313919319881e-06,True,300,0.9976229374774778,0.857051831811858,-4.609719560882963e-05,1.1102230246251565e-16,0.0
How do within-family activation hyperparameters tune the welfare-convergence tradeoff?,hyperparameter_shifted_linear,b,5.0,nrd,shifted_linear,b,5.0,0.5,3,3,3,1.0,11,True,2400,0.9947684853301906,0.8115495638718491,1.9614756793129295e-05,True,500,0.9954409994620733,0.8084790042264925,-4.610954142519885e-05,1.1102230246251565e-16,0.0
How do within-family activation hyperparameters tune the welfare-convergence tradeoff?,hyperparameter_shifted_linear,b,5.0,nrd,shifted_linear,b,5.0,0.5,3,3,3,1.0,12,True,1700,0.9971950225358394,0.847579737079687,1.9148359230447554e-06,True,400,0.9974146441988584,0.8466553577523118,-4.610034767588145e-05,2.220446049250313e-16,1.1102230246251565e-16
How do within-family activation hyperparameters tune the welfare-convergence tradeoff?,hyperparameter_shifted_linear,b,5.0,nrd,shifted_linear,b,5.0,0.5,3,3,3,1.0,14,True,700,0.999139236744659,0.925456960078793,-2.6814843109679298e-05,True,100,0.999072003180171,0.9258252257354401,-4.609367761937433e-05,0.0,2.220446049250313e-16
How do within-family activation hyperparameters tune the welfare-convergence tradeoff?,hyperparameter_shifted_linear,b,5.0,nrd,shifted_linear,b,5.0,0.5,3,3,3,1.0,13,True,4100,0.9972811051959952,0.8325369093272333,7.235112293701995e-05,True,1000,0.997720241685442,0.8308152121517992,-3.59770579594354e-05,2.220446049250313e-16,0.0
How do within-family activation hyperparameters tune the welfare-convergence tradeoff?,hyperparameter_shifted_linear,b,5.0,nrd,shifted_linear,b,5.0,0.5,3,3,3,1.0,15,True,2100,0.9977583898494681,0.8638460118102719,1.2452767045978419e-05,True,400,0.9981158900318092,0.8622889694491347,-4.6099269400468046e-05,1.1102230246251565e-16,2.220446049250313e-16
How do within-family activation hyperparameters tune the welfare-convergence tradeoff?,hyperparameter_shifted_linear,b,5.0,nrd,shifted_linear,b,5.0,0.5,3,3,3,1.0,16,True,2500,0.9965515326071477,0.8032180841882927,2.3013784971437357e-05,True,600,0.9972285563147252,0.8001244293470319,-4.602637450079605e-05,2.220446049250313e-16,1.1102230246251565e-16
How do within-family activation hyperparameters tune the welfare-convergence tradeoff?,hyperparameter_shifted_linear,b,5.0,nrd,shifted_linear,b,5.0,0.5,3,3,3,1.0,17,True,1200,0.9968195588719249,0.8508898549365634,-1.2780850370430752e-05,True,200,0.9968896273117148,0.8506404949225758,-4.6101581792745705e-05,2.220446049250313e-16,2.220446049250313e-16
How do within-family activation hyperparameters tune the welfare-convergence tradeoff?,hyperparameter_shifted_linear,b,5.0,nrd,shifted_linear,b,5.0,0.5,3,3,3,1.0,18,True,2000,0.9982616586052313,0.8665472000664504,8.530420407493189e-06,True,400,0.9984431298065287,0.8657701583345014,-4.609092935392578e-05,1.1102230246251565e-16,1.1102230246251565e-16
How do within-family activation hyperparameters tune the welfare-convergence tradeoff?,hyperparameter_shifted_linear,b,5.0,nrd,shifted_linear,b,5.0,0.5,3,3,3,1.0,19,True,1700,0.9979088448611502,0.9024994965675646,2.2201404832888905e-06,True,400,0.9982191936562003,0.9011090045211994,-4.6104119853063175e-05,2.220446049250313e-16,2.220446049250313e-16
How do within-family activation hyperparameters tune the welfare-convergence tradeoff?,hyperparameter_shifted_linear,b,5.0,nrd,shifted_linear,b,5.0,0.5,3,3,3,1.0,21,True,1800,0.9968328086402147,0.8557934962661294,4.360836232397691e-06,True,400,0.9969858383928688,0.8551927268643382,-4.6084049636740954e-05,0.0,2.220446049250313e-16
How do within-family activation hyperparameters tune the welfare-convergence tradeoff?,hyperparameter_shifted_linear,b,5.0,nrd,shifted_linear,b,5.0,0.5,3,3,3,1.0,20,True,2900,0.9979354166644104,0.8799632921820334,3.59100522167588e-05,True,700,0.9981139020515238,0.8794223841962993,-4.5407923665419236e-05,1.1102230246251565e-16,1.1102230246251565e-16
How do within-family activation hyperparameters tune the welfare-convergence tradeoff?,hyperparameter_shifted_linear,b,5.0,nrd,shifted_linear,b,5.0,0.5,3,3,3,1.0,23,True,1700,0.9983238914225389,0.9224864458412417,-3.4518052394183485e-07,True,400,0.998465137530769,0.9219319488636307,-4.6110702779489365e-05,1.1102230246251565e-16,1.1102230246251565e-16
How do within-family activation hyperparameters tune the welfare-convergence tradeoff?,hyperparameter_shifted_linear,b,5.0,nrd,shifted_linear,b,5.0,0.5,3,3,3,1.0,24,True,2100,0.998754920566671,0.9033571230166371,1.2286407965633739e-05,True,500,0.9988510801398965,0.9030171737776383,-4.6090360876993586e-05,1.1102230246251565e-16,1.1102230246251565e-16
How do within-family activation hyperparameters tune the welfare-convergence tradeoff?,hyperparameter_shifted_linear,b,5.0,nrd,shifted_linear,b,5.0,0.5,3,3,3,1.0,22,True,3600,0.9973574487592778,0.8960012344803435,5.692369182003221e-05,True,800,0.9974946409849587,0.8957410443270621,-4.158769125034434e-05,0.0,1.1102230246251565e-16
How do within-family activation hyperparameters tune the welfare-convergence tradeoff?,hyperparameter_shifted_linear,b,5.0,nrd,shifted_linear,b,5.0,0.5,3,3,3,1.0,25,True,2700,0.9942552339618604,0.7823297287719662,2.9909897998114943e-05,True,600,0.9952866902149973,0.7775853544503892,-4.589889684919468e-05,1.1102230246251565e-16,1.1102230246251565e-16
How do within-family activation hyperparameters tune the welfare-convergence tradeoff?,hyperparameter_shifted_linear,b,5.0,nrd,shifted_linear,b,5.0,0.5,3,3,3,1.0,26,True,2000,0.9984875555600046,0.8857328000244059,9.011366420619282e-06,True,400,0.9987136857120643,0.8847584058465988,-4.608764597047177e-05,0.0,1.1102230246251565e-16
How do within-family activation hyperparameters tune the welfare-convergence tradeoff?,hyperparameter_shifted_linear,b,5.0,nrd,shifted_linear,b,5.0,0.5,3,3,3,1.0,27,True,2400,0.9962360051097797,0.8446502136455575,2.0717964534067157e-05,True,500,0.9967506981153132,0.8423859107226027,-4.6061129450714056e-05,1.1102230246251565e-16,0.0
How do within-family activation hyperparameters tune the welfare-convergence tradeoff?,hyperparameter_shifted_linear,b,5.0,nrd,shifted_linear,b,5.0,0.5,3,3,3,1.0,30,True,1600,0.9970996620104297,0.8909403194209107,-2.182350113566489e-06,True,300,0.997471368514438,0.8892469150392204,-4.607758085994895e-05,1.1102230246251565e-16,2.220446049250313e-16
How do within-family activation hyperparameters tune the welfare-convergence tradeoff?,hyperparameter_shifted_linear,b,5.0,nrd,shifted_linear,b,5.0,0.5,3,3,3,1.0,28,True,3800,0.9955004482787031,0.8174341838725537,6.167879164720169e-05,True,800,0.9958642561573771,0.8159930636795467,-4.39878350882994e-05,2.220446049250313e-16,1.1102230246251565e-16
How do within-family activation hyperparameters tune the welfare-convergence tradeoff?,hyperparameter_shifted_linear,b,5.0,nrd,shifted_linear,b,5.0,0.5,3,3,3,1.0,29,True,2600,0.9952964917306739,0.8202625947911644,2.8436340505699764e-05,True,600,0.9963183459878381,0.8156663476793274,-4.587145134865578e-05,0.0,0.0
How do within-family activation hyperparameters tune the welfare-convergence tradeoff?,hyperparameter_shifted_linear,b,5.0,nrd,shifted_linear,b,5.0,0.5,3,3,3,1.0,32,True,1200,0.9977020901502753,0.8825154421437086,-1.2543985639712485e-05,True,200,0.9977222334763742,0.8824550679390595,-4.6075172648485374e-05,2.220446049250313e-16,2.220446049250313e-16
How do within-family activation hyperparameters tune the welfare-convergence tradeoff?,hyperparameter_shifted_linear,b,5.0,nrd,shifted_linear,b,5.0,0.5,3,3,3,1.0,31,True,2600,0.9970100697684197,0.8514735640082378,2.595210590866648e-05,True,600,0.9975187970485809,0.8493472865408526,-4.599966664353694e-05,1.1102230246251565e-16,2.220446049250313e-16
How do within-family activation hyperparameters tune the welfare-convergence tradeoff?,hyperparameter_shifted_linear,b,5.0,nrd,shifted_linear,b,5.0,0.5,3,3,3,1.0,33,True,1300,0.9976384387758027,0.8638017458229008,-1.1711828302896077e-05,True,300,0.9975179414084724,0.8644803284714748,-4.6085468503764826e-05,1.1102230246251565e-16,2.220446049250313e-16
How do within-family activation hyperparameters tune the welfare-convergence tradeoff?,hyperparameter_shifted_linear,b,5.0,nrd,shifted_linear,b,5.0,0.5,3,3,3,1.0,34,True,2000,0.9968999718566343,0.8279531953120401,1.0496361190437398e-05,True,400,0.997307595906237,0.8261988756735698,-4.6089746458144454e-05,2.220446049250313e-16,2.220446049250313e-16
How do within-family activation hyperparameters tune the welfare-convergence tradeoff?,hyperparameter_shifted_linear,b,5.0,nrd,shifted_linear,b,5.0,0.5,3,3,3,1.0,36,True,1200,0.9986920722287858,0.8978495576853578,-1.3390782871491869e-05,True,200,0.9986812566901062,0.897993216160358,-4.609641834685263e-05,0.0,0.0
How do within-family activation hyperparameters tune the welfare-convergence tradeoff?,hyperparameter_shifted_linear,b,5.0,nrd,shifted_linear,b,5.0,0.5,3,3,3,1.0,35,False,,0.9962512336055326,0.7677753265395012,0.00015283933938536887,True,1500,0.996639173671561,0.7666720653496654,-4.488973830041321e-06,2.220446049250313e-16,0.0
How do within-family activation hyperparameters tune the welfare-convergence tradeoff?,hyperparameter_shifted_linear,b,5.0,nrd,shifted_linear,b,5.0,0.5,3,3,3,1.0,37,True,2100,0.9947590294995721,0.7877548030874469,1.3508122989891458e-05,True,500,0.9951166508335367,0.7862232244817667,-4.611062925291565e-05,2.220446049250313e-16,1.1102230246251565e-16
How do within-family activation hyperparameters tune the welfare-convergence tradeoff?,hyperparameter_shifted_linear,b,5.0,nrd,shifted_linear,b,5.0,0.5,3,3,3,1.0,39,True,1500,0.9984650990378389,0.8932838422586896,-5.656342049298324e-06,True,300,0.9986848491219141,0.8923051104295122,-4.611288165129457e-05,1.1102230246251565e-16,0.0
How do within-family activation hyperparameters tune the welfare-convergence tradeoff?,hyperparameter_shifted_linear,b,5.0,nrd,shifted_linear,b,5.0,0.5,3,3,3,1.0,38,True,3100,0.9983417926293974,0.9157642850227062,4.3657501333393967e-05,True,700,0.9984757234714272,0.9153653958299336,-4.4487456095032574e-05,1.1102230246251565e-16,2.220446049250313e-16
How do within-family activation hyperparameters tune the welfare-convergence tradeoff?,hyperparameter_shifted_linear,b,5.0,nrd,shifted_linear,b,5.0,0.5,3,3,3,1.0,40,True,1900,0.9957450841898947,0.7954161965417065,6.495148757168501e-06,True,400,0.9957508689675644,0.795537993679564,-4.609591428572646e-05,1.1102230246251565e-16,1.1102230246251565e-16
How do within-family activation hyperparameters tune the welfare-convergence tradeoff?,hyperparameter_shifted_linear,b,5.0,nrd,shifted_linear,b,5.0,0.5,3,3,3,1.0,41,True,1300,0.9990045558276385,0.8948568963355501,-9.461510091790526e-06,True,300,0.9991269602555475,0.8943246938025146,-4.610348722622337e-05,1.1102230246251565e-16,0.0
How do within-family activation hyperparameters tune the welfare-convergence tradeoff?,hyperparameter_shifted_linear,b,5.0,nrd,shifted_linear,b,5.0,0.5,3,3,3,1.0,42,True,1500,0.997328738298207,0.8461592096668747,-4.902668705453195e-06,True,300,0.9974726479525827,0.8455899645083625,-4.609560822183001e-05,2.220446049250313e-16,2.220446049250313e-16
How do within-family activation hyperparameters tune the welfare-convergence tradeoff?,hyperparameter_shifted_linear,b,5.0,nrd,shifted_linear,b,5.0,0.5,3,3,3,1.0,43,True,3100,0.9948114220183037,0.768709397940663,3.9954642995665424e-05,True,600,0.9953842811217332,0.7662028137236034,-4.6094521821749e-05,0.0,2.220446049250313e-16
How do within-family activation hyperparameters tune the welfare-convergence tradeoff?,hyperparameter_shifted_linear,b,5.0,nrd,shifted_linear,b,5.0,0.5,3,3,3,1.0,45,True,700,0.9990771866270606,0.9590021627219926,-2.7711262004070925e-05,True,100,0.999146513196886,0.9586834095507651,-4.608566993080654e-05,2.220446049250313e-16,1.1102230246251565e-16
How do within-family activation hyperparameters tune the welfare-convergence tradeoff?,hyperparameter_shifted_linear,b,5.0,nrd,shifted_linear,b,5.0,0.5,3,3,3,1.0,44,True,1500,0.9953070568522112,0.7814416123670039,-5.792014300176618e-06,True,300,0.9957521559280452,0.7793416215018866,-4.6112199704684276e-05,0.0,2.220446049250313e-16
How do within-family activation hyperparameters tune the welfare-convergence tradeoff?,hyperparameter_shifted_linear,b,5.0,nrd,shifted_linear,b,5.0,0.5,3,3,3,1.0,46,True,2100,0.9978234570580544,0.8586321890432598,1.2055894619333873e-05,True,500,0.9980499569155886,0.8577442265487489,-4.609027282742595e-05,1.1102230246251565e-16,2.220446049250313e-16
How do within-family activation hyperparameters tune the welfare-convergence tradeoff?,hyperparameter_shifted_linear,b,5.0,nrd,shifted_linear,b,5.0,0.5,3,3,3,1.0,47,True,1600,0.9982927709066393,0.9161831452099026,-5.872811991158855e-07,True,400,0.9984560996253924,0.9154783593500779,-4.6091000421188966e-05,1.1102230246251565e-16,1.1102230246251565e-16
How do within-family activation hyperparameters tune the welfare-convergence tradeoff?,hyperparameter_shifted_linear,b,5.0,nrd,shifted_linear,b,5.0,0.5,3,3,3,1.0,48,True,900,0.9982008863998167,0.8799742266759077,-2.302390616132355e-05,True,100,0.9980465087391042,0.8807737605971191,-4.6077913042341656e-05,2.220446049250313e-16,1.1102230246251565e-16
How do within-family activation hyperparameters tune the welfare-convergence tradeoff?,hyperparameter_shifted_linear,b,5.0,nrd,shifted_linear,b,5.0,0.5,3,3,3,1.0,49,True,2800,0.9978446393237078,0.8376045204390273,3.3231601244854136e-05,True,600,0.9981165655394915,0.8365011082136943,-4.5616518960955865e-05,2.220446049250313e-16,0.0
How do within-family activation hyperparameters tune the welfare-convergence tradeoff?,hyperparameter_shifted_linear,b,5.0,nrd,shifted_linear,b,5.0,0.5,3,3,3,1.0,51,True,1300,0.998320104434197,0.866205018717756,-1.1768394478417488e-05,True,200,0.998477099490447,0.8655154055935812,-4.609528325916212e-05,2.220446049250313e-16,2.220446049250313e-16
How do within-family activation hyperparameters tune the welfare-convergence tradeoff?,hyperparameter_shifted_linear,b,5.0,nrd,shifted_linear,b,5.0,0.5,3,3,3,1.0,50,True,1900,0.998206923330883,0.8320161119549869,6.274651513926699e-06,True,400,0.9983765173726424,0.8313307079305209,-4.6090963551514985e-05,2.220446049250313e-16,0.0
How do within-family activation hyperparameters tune the welfare-convergence tradeoff?,hyperparameter_shifted_linear,b,5.0,nrd,shifted_linear,b,5.0,0.5,3,3,3,1.0,53,True,2400,0.9966727130426855,0.8542401780907937,2.029641769252244e-05,True,500,0.9970786602746774,0.8524269391600864,-4.606639107579413e-05,0.0,1.1102230246251565e-16
How do within-family activation hyperparameters tune the welfare-convergence tradeoff?,hyperparameter_shifted_linear,b,5.0,nrd,shifted_linear,b,5.0,0.5,3,3,3,1.0,54,True,1700,0.997046148717987,0.8470123780247478,6.332479497439536e-07,True,400,0.997518706403625,0.8448448862884064,-4.6111939410065084e-05,1.1102230246251565e-16,1.1102230246251565e-16
How do within-family activation hyperparameters tune the welfare-convergence tradeoff?,hyperparameter_shifted_linear,b,5.0,nrd,shifted_linear,b,5.0,0.5,3,3,3,1.0,52,True,4200,0.9976805668859802,0.8306752031800833,7.462053308698868e-05,True,1000,0.9983477432392874,0.8280880595779329,-3.49577883085872e-05,2.220446049250313e-16,1.1102230246251565e-16
How do within-family activation hyperparameters tune the welfare-convergence tradeoff?,hyperparameter_shifted_linear,b,5.0,nrd,shifted_linear,b,5.0,0.5,3,3,3,1.0,57,True,1400,0.9987290895398726,0.8787258392145697,-8.23576845782048e-06,True,200,0.9988255934024803,0.8783210682665629,-4.609429655860753e-05,2.220446049250313e-16,1.1102230246251565e-16
How do within-family activation hyperparameters tune the welfare-convergence tradeoff?,hyperparameter_shifted_linear,b,5.0,nrd,shifted_linear,b,5.0,0.5,3,3,3,1.0,55,True,2100,0.9976331893892731,0.847707859602298,1.2554210079784855e-05,True,500,0.9977565491464907,0.8472466636744457,-4.610690251188876e-05,2.220446049250313e-16,2.220446049250313e-16
How do within-family activation hyperparameters tune the welfare-convergence tradeoff?,hyperparameter_shifted_linear,b,5.0,nrd,shifted_linear,b,5.0,0.5,3,3,3,1.0,56,False,,0.9985648028197267,0.8925665455908458,0.00013968272990444452,True,1500,0.9987711441068111,0.8922879679502991,-9.48600276767797e-06,1.1102230246251565e-16,0.0
How do within-family activation hyperparameters tune the welfare-convergence tradeoff?,hyperparameter_shifted_linear,b,5.0,nrd,shifted_linear,b,5.0,0.5,3,3,3,1.0,58,True,1500,0.9963825723207272,0.8263164700879253,-5.684119472049165e-06,True,300,0.9967951287418235,0.8243715013971912,-4.610106968072625e-05,1.1102230246251565e-16,1.1102230246251565e-16
How do within-family activation hyperparameters tune the welfare-convergence tradeoff?,hyperparameter_shifted_linear,b,5.0,nrd,shifted_linear,b,5.0,0.5,3,3,3,1.0,62,True,800,0.9965833120998313,0.8357143625039593,-2.4028471022063957e-05,True,200,0.9964136691642699,0.83659500171267,-4.608694389374168e-05,2.220446049250313e-16,2.220446049250313e-16
How do within-family activation hyperparameters tune the welfare-convergence tradeoff?,hyperparameter_shifted_linear,b,5.0,nrd,shifted_linear,b,5.0,0.5,3,3,3,1.0,61,True,1000,0.9979176548334767,0.8763423322554184,-1.9594335321004852e-05,True,200,0.9979215957067015,0.8763861106043146,-4.608429884789267e-05,2.220446049250313e-16,2.220446049250313e-16
How do within-family activation hyperparameters tune the welfare-convergence tradeoff?,hyperparameter_shifted_linear,b,5.0,nrd,shifted_linear,b,5.0,0.5,3,3,3,1.0,60,True,3500,0.9968878725306299,0.8705799628018941,5.188207435397052e-05,True,700,0.9972273598659039,0.8692321727722799,-4.575160349679086e-05,1.1102230246251565e-16,2.220446049250313e-16
How do within-family activation hyperparameters tune the welfare-convergence tradeoff?,hyperparameter_shifted_linear,b,5.0,nrd,shifted_linear,b,5.0,0.5,3,3,3,1.0,59,True,4200,0.9964097663780179,0.8087697559013556,7.414418026102654e-05,True,1000,0.9970526612765058,0.8061933188201954,-3.517565312149973e-05,2.220446049250313e-16,2.220446049250313e-16
How do within-family activation hyperparameters tune the welfare-convergence tradeoff?,hyperparameter_shifted_linear,b,5.0,nrd,shifted_linear,b,5.0,0.5,3,3,3,1.0,63,True,1600,0.9988707376348036,0.910514105231715,-3.3807394753115894e-06,True,300,0.9989815265590098,0.9100632727936325,-4.6111295428807875e-05,0.0,2.220446049250313e-16
How do within-family activation hyperparameters tune the welfare-convergence tradeoff?,hyperparameter_shifted_linear,b,5.0,nrd,shifted_linear,b,5.0,0.5,3,3,3,1.0,64,True,1500,0.9941973502974716,0.7513162101664778,-3.9342083409943385e-06,True,300,0.994601925450822,0.749431461491271,-4.6113303114159176e-05,2.220446049250313e-16,2.220446049250313e-16
How do within-family activation hyperparameters tune the welfare-convergence tradeoff?,hyperparameter_shifted_linear,b,5.0,nrd,shifted_linear,b,5.0,0.5,3,3,3,1.0,66,True,2200,0.9980806761620228,0.8663519779957524,1.3933452143344294e-05,True,500,0.9982568119060344,0.8656548270757235,-4.6085708088228206e-05,1.1102230246251565e-16,2.220446049250313e-16
How do within-family activation hyperparameters tune the welfare-convergence tradeoff?,hyperparameter_shifted_linear,b,5.0,nrd,shifted_linear,b,5.0,0.5,3,3,3,1.0,67,True,1700,0.9973740794779711,0.8394213166672513,1.4686457632806516e-06,True,400,0.9977542121871225,0.8376870351593286,-4.6101525054076387e-05,2.220446049250313e-16,2.220446049250313e-16
How do within-family activation hyperparameters tune the welfare-convergence tradeoff?,hyperparameter_shifted_linear,b,5.0,nrd,shifted_linear,b,5.0,0.5,3,3,3,1.0,68,True,1400,0.9982321996681536,0.85836062925903,-6.829790841100802e-06,True,300,0.9981940939324188,0.8586229492251706,-4.608418703339057e-05,2.220446049250313e-16,2.220446049250313e-16
How do within-family activation hyperparameters tune the welfare-convergence tradeoff?,hyperparameter_shifted_linear,b,5.0,nrd,shifted_linear,b,5.0,0.5,3,3,3,1.0,65,True,2600,0.9969785862227339,0.8323774379662172,2.7918048380259908e-05,True,500,0.9975073791447022,0.8300236174378233,-4.606974218246407e-05,1.1102230246251565e-16,0.0
How do within-family activation hyperparameters tune the welfare-convergence tradeoff?,hyperparameter_shifted_linear,b,5.0,nrd,shifted_linear,b,5.0,0.5,3,3,3,1.0,69,True,3500,0.9973811981337307,0.8811887678517644,5.3214195724682334e-05,True,800,0.9978050617114438,0.8794497475857032,-4.257801371604364e-05,1.1102230246251565e-16,2.220446049250313e-16
How do within-family activation hyperparameters tune the welfare-convergence tradeoff?,hyperparameter_shifted_linear,b,5.0,nrd,shifted_linear,b,5.0,0.5,3,3,3,1.0,70,False,,0.9965384444529671,0.8450155464078559,0.0001349360287027368,True,1400,0.9967154397172674,0.8449115833574486,-1.123770733146845e-05,2.220446049250313e-16,2.220446049250313e-16
How do within-family activation hyperparameters tune the welfare-convergence tradeoff?,hyperparameter_shifted_linear,b,5.0,nrd,shifted_linear,b,5.0,0.5,3,3,3,1.0,71,True,1900,0.9967058679952676,0.8641513543107386,5.705157764546165e-06,True,400,0.9970534452543168,0.8626481091814538,-4.610591986914381e-05,2.220446049250313e-16,2.220446049250313e-16
How do within-family activation hyperparameters tune the welfare-convergence tradeoff?,hyperparameter_shifted_linear,b,5.0,nrd,shifted_linear,b,5.0,0.5,3,3,3,1.0,72,True,2500,0.9958454551505823,0.8555824635907457,2.368751804249225e-05,True,600,0.9966511583225524,0.8518420667436605,-4.601253533298433e-05,0.0,2.220446049250313e-16
How do within-family activation hyperparameters tune the welfare-convergence tradeoff?,hyperparameter_shifted_linear,b,5.0,nrd,shifted_linear,b,5.0,0.5,3,3,3,1.0,74,True,3600,0.9981124105503046,0.8705929199369183,5.836532680419948e-05,True,900,0.9984681067408194,0.8691901750067058,-4.1164652710812266e-05,2.220446049250313e-16,2.220446049250313e-16
How do within-family activation hyperparameters tune the welfare-convergence tradeoff?,hyperparameter_shifted_linear,b,5.0,nrd,shifted_linear,b,5.0,0.5,3,3,3,1.0,73,True,4200,0.9969857072799482,0.8452469373038839,7.51943893572693e-05,True,1000,0.997228779967144,0.844514463275102,-3.4692577938810754e-05,0.0,1.1102230246251565e-16
How do within-family activation hyperparameters tune the welfare-convergence tradeoff?,hyperparameter_shifted_linear,b,5.0,nrd,shifted_linear,b,5.0,0.5,3,3,3,1.0,75,True,1600,0.9974383834648668,0.8125116113693513,-3.3940560275613763e-06,True,300,0.9974651228254852,0.8124809471247598,-4.60352373946038e-05,2.220446049250313e-16,2.220446049250313e-16
How do within-family activation hyperparameters tune the welfare-convergence tradeoff?,hyperparameter_shifted_linear,b,5.0,nrd,shifted_linear,b,5.0,0.5,3,3,3,1.0,77,True,1500,0.9982303660685928,0.8640237200161717,-4.919827812088773e-06,True,300,0.9985224982990519,0.8626773503716335,-4.610270256022453e-05,2.220446049250313e-16,0.0
How do within-family activation hyperparameters tune the welfare-convergence tradeoff?,hyperparameter_shifted_linear,b,5.0,nrd,shifted_linear,b,5.0,0.5,3,3,3,1.0,78,True,900,0.9983839199525283,0.8891344276596632,-2.121999569304478e-05,True,100,0.9984655580022794,0.8887734691218263,-4.608625186774962e-05,0.0,1.1102230246251565e-16
How do within-family activation hyperparameters tune the welfare-convergence tradeoff?,hyperparameter_shifted_linear,b,5.0,nrd,shifted_linear,b,5.0,0.5,3,3,3,1.0,76,True,2500,0.994928242402143,0.791329487256608,2.4496349395386474e-05,True,600,0.99478278589798,0.7922090722189047,-4.599536102284363e-05,2.220446049250313e-16,1.1102230246251565e-16
How do within-family activation hyperparameters tune the welfare-convergence tradeoff?,hyperparameter_shifted_linear,b,5.0,nrd,shifted_linear,b,5.0,0.5,3,3,3,1.0,80,True,3600,0.9972463623706422,0.8831996848084714,5.607806033336438e-05,True,700,0.9977426530210101,0.8811572154512265,-4.57976246173164e-05,2.220446049250313e-16,2.220446049250313e-16
How do within-family activation hyperparameters tune the welfare-convergence tradeoff?,hyperparameter_shifted_linear,b,5.0,nrd,shifted_linear,b,5.0,0.5,3,3,3,1.0,81,True,1400,0.9959867952419008,0.8202162778709831,-7.0220038461132894e-06,True,200,0.9962669885280778,0.8189189630746075,-4.609141533951089e-05,2.220446049250313e-16,1.1102230246251565e-16
How do within-family activation hyperparameters tune the welfare-convergence tradeoff?,hyperparameter_shifted_linear,b,5.0,nrd,shifted_linear,b,5.0,0.5,3,3,3,1.0,79,True,3600,0.9950651993770707,0.7798451481912735,5.7104469430413474e-05,True,800,0.995801749162057,0.7766781861339237,-4.264264133602147e-05,2.220446049250313e-16,2.220446049250313e-16
How do within-family activation hyperparameters tune the welfare-convergence tradeoff?,hyperparameter_shifted_linear,b,5.0,nrd,shifted_linear,b,5.0,0.5,3,3,3,1.0,82,True,1100,0.9957960586638803,0.7822276003912046,-1.5192738226865732e-05,True,200,0.9957355960183879,0.7826064362345608,-4.610014311290378e-05,2.220446049250313e-16,0.0
How do within-family activation hyperparameters tune the welfare-convergence tradeoff?,hyperparameter_shifted_linear,b,5.0,nrd,shifted_linear,b,5.0,0.5,3,3,3,1.0,84,True,1100,0.9985354531679254,0.9300339485132539,-1.577023971949254e-05,True,200,0.9984947322600892,0.9302812613407475,-4.6056282415829486e-05,1.1102230246251565e-16,1.1102230246251565e-16
How do within-family activation hyperparameters tune the welfare-convergence tradeoff?,hyperparameter_shifted_linear,b,5.0,nrd,shifted_linear,b,5.0,0.5,3,3,3,1.0,83,True,2300,0.9979226600167912,0.9231083515270907,1.7465814482586772e-05,True,500,0.998309136014306,0.9213451364596743,-4.609198965749295e-05,1.1102230246251565e-16,0.0
How do within-family activation hyperparameters tune the welfare-convergence tradeoff?,hyperparameter_shifted_linear,b,5.0,nrd,shifted_linear,b,5.0,0.5,3,3,3,1.0,86,True,1300,0.9984563434228018,0.8864284937528565,-9.546698145401766e-06,True,300,0.9986122452343895,0.8857536659985787,-4.6104534890900606e-05,2.220446049250313e-16,1.1102230246251565e-16
How do within-family activation hyperparameters tune the welfare-convergence tradeoff?,hyperparameter_shifted_linear,b,5.0,nrd,shifted_linear,b,5.0,0.5,3,3,3,1.0,87,True,1200,0.9990963106365284,0.8590607985356172,-1.3041256264112455e-05,True,200,0.9991225151128039,0.859025147792647,-4.608930515631604e-05,2.220446049250313e-16,2.220446049250313e-16
How do within-family activation hyperparameters tune the welfare-convergence tradeoff?,hyperparameter_shifted_linear,b,5.0,nrd,shifted_linear,b,5.0,0.5,3,3,3,1.0,85,True,3100,0.9986908824607713,0.8587475719438471,4.173300613086184e-05,True,700,0.9988757954579534,0.8580865592048957,-4.476487602006474e-05,1.1102230246251565e-16,2.220446049250313e-16
How do within-family activation hyperparameters tune the welfare-convergence tradeoff?,hyperparameter_shifted_linear,b,5.0,nrd,shifted_linear,b,5.0,0.5,3,3,3,1.0,88,True,1600,0.9978068765805477,0.8766447458961707,-2.6507808200681993e-06,True,200,0.9980569234573702,0.8755285483383938,-4.6109782042613734e-05,2.220446049250313e-16,2.220446049250313e-16
How do within-family activation hyperparameters tune the welfare-convergence tradeoff?,hyperparameter_shifted_linear,b,5.0,nrd,shifted_linear,b,5.0,0.5,3,3,3,1.0,90,True,1300,0.9987066177859222,0.8717762863664555,-9.50591553511293e-06,True,300,0.9987363685179353,0.8717053396726397,-4.610269908650322e-05,2.220446049250313e-16,0.0
How do within-family activation hyperparameters tune the welfare-convergence tradeoff?,hyperparameter_shifted_linear,b,5.0,nrd,shifted_linear,b,5.0,0.5,3,3,3,1.0,89,True,3300,0.9982559946865897,0.8668451359028255,4.9079130026497e-05,True,800,0.9985235139328275,0.8658131784286242,-4.351588604772916e-05,1.1102230246251565e-16,0.0
How do within-family activation hyperparameters tune the welfare-convergence tradeoff?,hyperparameter_shifted_linear,b,5.0,nrd,shifted_linear,b,5.0,0.5,3,3,3,1.0,91,True,900,0.9977206537828748,0.8368416277104492,-2.131855147863293e-05,True,100,0.9977461225003222,0.8367615418938744,-4.610629990015047e-05,2.220446049250313e-16,2.220446049250313e-16
How do within-family activation hyperparameters tune the welfare-convergence tradeoff?,hyperparameter_shifted_linear,b,5.0,nrd,shifted_linear,b,5.0,0.5,3,3,3,1.0,93,True,1700,0.9969660494040344,0.7688276243454224,1.8793141893791443e-06,True,400,0.9971567018009783,0.7679538665246889,-4.603233623506897e-05,1.1102230246251565e-16,0.0
How do within-family activation hyperparameters tune the welfare-convergence tradeoff?,hyperparameter_shifted_linear,b,5.0,nrd,shifted_linear,b,5.0,0.5,3,3,3,1.0,94,True,1900,0.996691770377519,0.832029864402477,5.728912417346521e-06,True,400,0.9970164510968685,0.8305565207423483,-4.610232552781923e-05,1.1102230246251565e-16,0.0
How do within-family activation hyperparameters tune the welfare-convergence tradeoff?,hyperparameter_shifted_linear,b,5.0,nrd,shifted_linear,b,5.0,0.5,3,3,3,1.0,95,True,1100,0.9986116316111974,0.9171330354157595,-1.5268251312816616e-05,True,200,0.9986780070592406,0.9168800474475137,-4.610699165130683e-05,1.1102230246251565e-16,1.1102230246251565e-16
How do within-family activation hyperparameters tune the welfare-convergence tradeoff?,hyperparameter_shifted_linear,b,5.0,nrd,shifted_linear,b,5.0,0.5,3,3,3,1.0,96,True,1900,0.998296316372431,0.8692588617210845,6.036801045883333e-06,True,400,0.998279187490445,0.8694676122353052,-4.608571850817089e-05,2.220446049250313e-16,2.220446049250313e-16
How do within-family activation hyperparameters tune the welfare-convergence tradeoff?,hyperparameter_shifted_linear,b,5.0,nrd,shifted_linear,b,5.0,0.5,3,3,3,1.0,92,False,,0.9969234407485508,0.8818905888163567,0.00013657670085565066,True,1300,0.997714977036625,0.8790739644064006,-1.9591601636670397e-05,0.0,1.1102230246251565e-16
How do within-family activation hyperparameters tune the welfare-convergence tradeoff?,hyperparameter_shifted_linear,b,5.0,nrd,shifted_linear,b,5.0,0.5,3,3,3,1.0,97,True,2800,0.9960502142902544,0.7968594867708152,3.32019953289131e-05,True,500,0.9965231176062687,0.7948093014807962,-4.609538457861495e-05,2.220446049250313e-16,2.220446049250313e-16
How do within-family activation hyperparameters tune the welfare-convergence tradeoff?,hyperparameter_shifted_linear,b,5.0,nrd,shifted_linear,b,5.0,0.5,3,3,3,1.0,99,True,1000,0.9987150123638081,0.9225353427391495,-1.9892766681017804e-05,True,200,0.998690122184635,0.9226941677150315,-4.608220143781372e-05,2.220446049250313e-16,1.1102230246251565e-16
How do within-family activation hyperparameters tune the welfare-convergence tradeoff?,hyperparameter_shifted_linear,b,5.0,nrd,shifted_linear,b,5.0,0.5,3,3,3,1.0,98,True,2500,0.9977010587749364,0.8747425073440956,2.4721372047009638e-05,True,600,0.998170787000197,0.8727468542842445,-4.599090106788273e-05,2.220446049250313e-16,0.0
How do within-family activation hyperparameters tune the welfare-convergence tradeoff?,hyperparameter_shifted_linear,b,7.0,nrd,shifted_linear,b,7.0,0.5,3,3,3,1.0,1,True,1400,0.9985264131411264,0.849976070468201,-7.295284987884898e-06,True,300,0.9985411900945224,0.8499802342906175,-4.454949619103754e-05,2.220446049250313e-16,0.0
How do within-family activation hyperparameters tune the welfare-convergence tradeoff?,hyperparameter_shifted_linear,b,7.0,nrd,shifted_linear,b,7.0,0.5,3,3,3,1.0,0,True,3100,0.9982398860770795,0.7964569353858365,4.179567377976534e-05,True,700,0.9987511224317404,0.7936299969670317,-4.323712033410532e-05,1.1102230246251565e-16,2.220446049250313e-16
How do within-family activation hyperparameters tune the welfare-convergence tradeoff?,hyperparameter_shifted_linear,b,7.0,nrd,shifted_linear,b,7.0,0.5,3,3,3,1.0,2,True,2200,0.9977464017363119,0.8432855794396046,1.5905362846457827e-05,True,400,0.9982115078436797,0.8403567089238962,-4.4554645288907846e-05,2.220446049250313e-16,2.220446049250313e-16
How do within-family activation hyperparameters tune the welfare-convergence tradeoff?,hyperparameter_shifted_linear,b,7.0,nrd,shifted_linear,b,7.0,0.5,3,3,3,1.0,3,True,2000,0.999112240322599,0.9108946390482533,9.231448198032677e-06,True,400,0.9994126839088286,0.9091126231373213,-4.456246324202606e-05,2.220446049250313e-16,1.1102230246251565e-16
How do within-family activation hyperparameters tune the welfare-convergence tradeoff?,hyperparameter_shifted_linear,b,7.0,nrd,shifted_linear,b,7.0,0.5,3,3,3,1.0,4,True,2000,0.9979287675505415,0.847242088961211,1.0858035422056656e-05,True,400,0.9981780297500199,0.8456701519673714,-4.4538382369674334e-05,2.220446049250313e-16,1.1102230246251565e-16
How do within-family activation hyperparameters tune the welfare-convergence tradeoff?,hyperparameter_shifted_linear,b,7.0,nrd,shifted_linear,b,7.0,0.5,3,3,3,1.0,6,True,1000,0.9991967632860169,0.8086876674709212,-1.7915188271322435e-05,True,100,0.9991683129955672,0.808967499027815,-4.45486340928114e-05,2.220446049250313e-16,0.0
How do within-family activation hyperparameters tune the welfare-convergence tradeoff?,hyperparameter_shifted_linear,b,7.0,nrd,shifted_linear,b,7.0,0.5,3,3,3,1.0,5,True,3400,0.9975201200998178,0.8130037188987823,4.79145639397105e-05,True,700,0.998217860688746,0.808782795559709,-4.447421962300302e-05,1.1102230246251565e-16,0.0
How do within-family activation hyperparameters tune the welfare-convergence tradeoff?,hyperparameter_shifted_linear,b,7.0,nrd,shifted_linear,b,7.0,0.5,3,3,3,1.0,8,True,1600,0.9980781569495157,0.8414749196335753,-1.4406233626584886e-06,True,300,0.9981442463595128,0.8411287598596404,-4.455427737709572e-05,1.1102230246251565e-16,2.220446049250313e-16
How do within-family activation hyperparameters tune the welfare-convergence tradeoff?,hyperparameter_shifted_linear,b,7.0,nrd,shifted_linear,b,7.0,0.5,3,3,3,1.0,7,True,5000,0.9986688778578692,0.8831443644816743,9.651336311911063e-05,True,1200,0.9990064662161272,0.8815779799339004,-2.351571121089746e-05,1.1102230246251565e-16,0.0
How do within-family activation hyperparameters tune the welfare-convergence tradeoff?,hyperparameter_shifted_linear,b,7.0,nrd,shifted_linear,b,7.0,0.5,3,3,3,1.0,9,True,3000,0.9982595609880933,0.7929224895492194,3.846596124001955e-05,True,700,0.9984737533273882,0.7918211363438475,-4.3638928379829967e-05,1.1102230246251565e-16,1.1102230246251565e-16
How do within-family activation hyperparameters tune the welfare-convergence tradeoff?,hyperparameter_shifted_linear,b,7.0,nrd,shifted_linear,b,7.0,0.5,3,3,3,1.0,10,True,1700,0.9984413557140196,0.8518249780130444,1.3262359008225921e-06,True,300,0.9987013546611939,0.8502006830618414,-4.455067048092509e-05,1.1102230246251565e-16,2.220446049250313e-16
How do within-family activation hyperparameters tune the welfare-convergence tradeoff?,hyperparameter_shifted_linear,b,7.0,nrd,shifted_linear,b,7.0,0.5,3,3,3,1.0,12,True,1800,0.9983998579562908,0.8402660919005215,4.958861422210692e-06,True,400,0.9985875957562567,0.8392011948900177,-4.456079346004671e-05,1.1102230246251565e-16,1.1102230246251565e-16
How do within-family activation hyperparameters tune the welfare-convergence tradeoff?,hyperparameter_shifted_linear,b,7.0,nrd,shifted_linear,b,7.0,0.5,3,3,3,1.0,11,True,2800,0.9968828607051556,0.8000719667763395,3.2159166507506054e-05,True,600,0.9975086694369789,0.7962119443468966,-4.4358710597935946e-05,2.220446049250313e-16,0.0
How do within-family activation hyperparameters tune the welfare-convergence tradeoff?,hyperparameter_shifted_linear,b,7.0,nrd,shifted_linear,b,7.0,0.5,3,3,3,1.0,14,True,700,0.9995419353094508,0.922881164926394,-2.523205239357562e-05,True,100,0.9994929743822616,0.9232678417256869,-4.4538223261614274e-05,2.220446049250313e-16,2.220446049250313e-16
How do within-family activation hyperparameters tune the welfare-convergence tradeoff?,hyperparameter_shifted_linear,b,7.0,nrd,shifted_linear,b,7.0,0.5,3,3,3,1.0,13,False,,0.9982804768731219,0.8269608126423496,0.0001124659986033727,True,1300,0.9987117609873865,0.8249094041757205,-1.8415687763728705e-05,1.1102230246251565e-16,1.1102230246251565e-16
How do within-family activation hyperparameters tune the welfare-convergence tradeoff?,hyperparameter_shifted_linear,b,7.0,nrd,shifted_linear,b,7.0,0.5,3,3,3,1.0,15,True,2400,0.9986442147846825,0.85871112494553,2.1962839164890724e-05,True,500,0.9989707087738049,0.8567504479333529,-4.454923779817488e-05,2.220446049250313e-16,1.1102230246251565e-16
How do within-family activation hyperparameters tune the welfare-convergence tradeoff?,hyperparameter_shifted_linear,b,7.0,nrd,shifted_linear,b,7.0,0.5,3,3,3,1.0,16,True,3100,0.9978378637145402,0.7965408385232178,4.1419445711732283e-05,True,700,0.9984821131000782,0.7926188483135844,-4.3286878409820595e-05,1.1102230246251565e-16,2.220446049250313e-16
How do within-family activation hyperparameters tune the welfare-convergence tradeoff?,hyperparameter_shifted_linear,b,7.0,nrd,shifted_linear,b,7.0,0.5,3,3,3,1.0,17,True,1300,0.9982322301331724,0.8422846052531304,-1.069268731374029e-05,True,200,0.9983008176117603,0.8419395721815978,-4.4548978762937175e-05,2.220446049250313e-16,2.220446049250313e-16
How do within-family activation hyperparameters tune the welfare-convergence tradeoff?,hyperparameter_shifted_linear,b,7.0,nrd,shifted_linear,b,7.0,0.5,3,3,3,1.0,18,True,2200,0.9989929392471684,0.8624136064042243,1.4331346160356695e-05,True,500,0.9991494828348918,0.8615165613746679,-4.454324061153869e-05,2.220446049250313e-16,1.1102230246251565e-16
How do within-family activation hyperparameters tune the welfare-convergence tradeoff?,hyperparameter_shifted_linear,b,7.0,nrd,shifted_linear,b,7.0,0.5,3,3,3,1.0,19,True,2100,0.9987533883098634,0.8976655439536708,1.1620596865324906e-05,True,500,0.999027107311213,0.8959895887781538,-4.455887615650855e-05,1.1102230246251565e-16,0.0
How do within-family activation hyperparameters tune the welfare-convergence tradeoff?,hyperparameter_shifted_linear,b,7.0,nrd,shifted_linear,b,7.0,0.5,3,3,3,1.0,21,True,1900,0.9982057610208531,0.8476552712595492,7.155057278329657e-06,True,400,0.9983533210119546,0.8468613432312209,-4.453695477724118e-05,1.1102230246251565e-16,1.1102230246251565e-16
How do within-family activation hyperparameters tune the welfare-convergence tradeoff?,hyperparameter_shifted_linear,b,7.0,nrd,shifted_linear,b,7.0,0.5,3,3,3,1.0,20,True,3000,0.9988016508548202,0.8745061308256773,3.867350793851365e-05,True,700,0.9989695062036436,0.8738537796464877,-4.361631460536586e-05,1.1102230246251565e-16,1.1102230246251565e-16
How do within-family activation hyperparameters tune the welfare-convergence tradeoff?,hyperparameter_shifted_linear,b,7.0,nrd,shifted_linear,b,7.0,0.5,3,3,3,1.0,23,True,1800,0.9990352669746628,0.9184335394389164,3.2935374196796374e-06,True,400,0.9991614813986692,0.917784360269385,-4.456219062154432e-05,2.220446049250313e-16,0.0
How do within-family activation hyperparameters tune the welfare-convergence tradeoff?,hyperparameter_shifted_linear,b,7.0,nrd,shifted_linear,b,7.0,0.5,3,3,3,1.0,24,True,2200,0.9992850982370474,0.9002002062924713,1.6920660046382263e-05,True,500,0.9993723436921749,0.8997978934666856,-4.4537879860362395e-05,0.0,0.0
How do within-family activation hyperparameters tune the welfare-convergence tradeoff?,hyperparameter_shifted_linear,b,7.0,nrd,shifted_linear,b,7.0,0.5,3,3,3,1.0,22,True,3800,0.9984929354675424,0.8890501766041079,6.182706482810163e-05,True,900,0.9986301183389492,0.8887547918619068,-3.851973107593665e-05,1.1102230246251565e-16,2.220446049250313e-16
How do within-family activation hyperparameters tune the welfare-convergence tradeoff?,hyperparameter_shifted_linear,b,7.0,nrd,shifted_linear,b,7.0,0.5,3,3,3,1.0,26,True,2200,0.9990946980909003,0.8824320503363349,1.6651212185136988e-05,True,500,0.999297265610573,0.8812648140579734,-4.453762841610809e-05,1.1102230246251565e-16,1.1102230246251565e-16
How do within-family activation hyperparameters tune the welfare-convergence tradeoff?,hyperparameter_shifted_linear,b,7.0,nrd,shifted_linear,b,7.0,0.5,3,3,3,1.0,27,True,3100,0.9977221826779076,0.8362343812814569,4.227380207399989e-05,True,700,0.9982199941202925,0.8332934824863757,-4.317071265003136e-05,2.220446049250313e-16,1.1102230246251565e-16
How do within-family activation hyperparameters tune the welfare-convergence tradeoff?,hyperparameter_shifted_linear,b,7.0,nrd,shifted_linear,b,7.0,0.5,3,3,3,1.0,25,True,3500,0.9963758295982629,0.7714504489206279,5.42519405056785e-05,True,800,0.9974005103116721,0.7652136558037611,-4.079000814610767e-05,1.1102230246251565e-16,0.0
How do within-family activation hyperparameters tune the welfare-convergence tradeoff?,hyperparameter_shifted_linear,b,7.0,nrd,shifted_linear,b,7.0,0.5,3,3,3,1.0,30,True,1800,0.9983007985235735,0.8843464852243885,3.1124485141975633e-06,True,400,0.9986186374275585,0.8823711984822008,-4.4527709774089264e-05,2.220446049250313e-16,2.220446049250313e-16
How do within-family activation hyperparameters tune the welfare-convergence tradeoff?,hyperparameter_shifted_linear,b,7.0,nrd,shifted_linear,b,7.0,0.5,3,3,3,1.0,28,True,4400,0.9973797421788233,0.8065318752104181,7.675032321613484e-05,True,900,0.9977379952412404,0.8046687827623858,-4.080727552069341e-05,0.0,2.220446049250313e-16
How do within-family activation hyperparameters tune the welfare-convergence tradeoff?,hyperparameter_shifted_linear,b,7.0,nrd,shifted_linear,b,7.0,0.5,3,3,3,1.0,29,True,3300,0.9970184613542926,0.8114695689914626,4.769350184219423e-05,True,800,0.9979780767456038,0.805748422038254,-4.227223481245712e-05,1.1102230246251565e-16,2.220446049250313e-16
How do within-family activation hyperparameters tune the welfare-convergence tradeoff?,hyperparameter_shifted_linear,b,7.0,nrd,shifted_linear,b,7.0,0.5,3,3,3,1.0,32,True,1300,0.9987317545114314,0.8763884929677243,-9.926675188287604e-06,True,200,0.9987555910668572,0.876292819508015,-4.452408129196339e-05,2.220446049250313e-16,1.1102230246251565e-16
How do within-family activation hyperparameters tune the welfare-convergence tradeoff?,hyperparameter_shifted_linear,b,7.0,nrd,shifted_linear,b,7.0,0.5,3,3,3,1.0,33,True,1300,0.9987286874014719,0.8567903235138136,-1.1141739448383703e-05,True,300,0.99864392547159,0.8574903249592337,-4.4550147234700965e-05,2.220446049250313e-16,0.0
How do within-family activation hyperparameters tune the welfare-convergence tradeoff?,hyperparameter_shifted_linear,b,7.0,nrd,shifted_linear,b,7.0,0.5,3,3,3,1.0,31,True,2900,0.9981604232015066,0.8450470859043001,3.448880647549668e-05,True,700,0.998643034794475,0.8423951290497236,-4.399902438223524e-05,1.1102230246251565e-16,1.1102230246251565e-16
How do within-family activation hyperparameters tune the welfare-convergence tradeoff?,hyperparameter_shifted_linear,b,7.0,nrd,shifted_linear,b,7.0,0.5,3,3,3,1.0,34,True,2700,0.9981091737744262,0.8206586723284129,3.099828043640063e-05,True,600,0.9985275180681917,0.818174247769369,-4.422047824731434e-05,1.1102230246251565e-16,2.220446049250313e-16
How do within-family activation hyperparameters tune the welfare-convergence tradeoff?,hyperparameter_shifted_linear,b,7.0,nrd,shifted_linear,b,7.0,0.5,3,3,3,1.0,36,True,1300,0.9992818693585716,0.8939555272736331,-1.115434013360117e-05,True,200,0.99927956669679,0.8940902761978133,-4.455938465874887e-05,0.0,0.0
How do within-family activation hyperparameters tune the welfare-convergence tradeoff?,hyperparameter_shifted_linear,b,7.0,nrd,shifted_linear,b,7.0,0.5,3,3,3,1.0,35,False,,0.9977302718966132,0.7584877514473446,0.0002006174214791434,True,1900,0.9981112743764897,0.7572407876977358,1.57890890201684e-05,1.1102230246251565e-16,0.0
How do within-family activation hyperparameters tune the welfare-convergence tradeoff?,hyperparameter_shifted_linear,b,7.0,nrd,shifted_linear,b,7.0,0.5,3,3,3,1.0,37,True,2400,0.9969991131299605,0.7747440082930165,2.107404603624019e-05,True,500,0.9973320725126437,0.7728079736753856,-4.451559447332665e-05,1.1102230246251565e-16,1.1102230246251565e-16
How do within-family activation hyperparameters tune the welfare-convergence tradeoff?,hyperparameter_shifted_linear,b,7.0,nrd,shifted_linear,b,7.0,0.5,3,3,3,1.0,39,True,1600,0.99909535793906,0.8897030429132391,-2.279239291747004e-06,True,300,0.9992815236895686,0.8885748516965192,-4.4555442446303495e-05,2.220446049250313e-16,2.220446049250313e-16
How do within-family activation hyperparameters tune the welfare-convergence tradeoff?,hyperparameter_shifted_linear,b,7.0,nrd,shifted_linear,b,7.0,0.5,3,3,3,1.0,38,True,3600,0.9990251448458792,0.911775825073549,5.5758887007872904e-05,True,800,0.9991633293161082,0.9112708348694133,-4.0386163411121334e-05,0.0,2.220446049250313e-16
How do within-family activation hyperparameters tune the welfare-convergence tradeoff?,hyperparameter_shifted_linear,b,7.0,nrd,shifted_linear,b,7.0,0.5,3,3,3,1.0,40,True,2200,0.9976407879799425,0.7836947169409277,1.5896925451397426e-05,True,500,0.9976787759410782,0.7836575809931065,-4.452569195939615e-05,0.0,1.1102230246251565e-16
How do within-family activation hyperparameters tune the welfare-convergence tradeoff?,hyperparameter_shifted_linear,b,7.0,nrd,shifted_linear,b,7.0,0.5,3,3,3,1.0,41,True,1500,0.999418935345114,0.8924148126953604,-5.2308633727848886e-06,True,300,0.9995230454814497,0.89180192853856,-4.455145974879837e-05,2.220446049250313e-16,1.1102230246251565e-16
How do within-family activation hyperparameters tune the welfare-convergence tradeoff?,hyperparameter_shifted_linear,b,7.0,nrd,shifted_linear,b,7.0,0.5,3,3,3,1.0,42,True,1700,0.9984840339139337,0.8389144129600168,1.169022540437048e-06,True,400,0.9986192832784916,0.8381780736366574,-4.455292047000903e-05,1.1102230246251565e-16,1.1102230246251565e-16
How do within-family activation hyperparameters tune the welfare-convergence tradeoff?,hyperparameter_shifted_linear,b,7.0,nrd,shifted_linear,b,7.0,0.5,3,3,3,1.0,45,True,700,0.9994778558180792,0.9567266161577912,-2.5920072591556487e-05,True,100,0.9995338644317976,0.9563740899214443,-4.454059913122643e-05,0.0,2.220446049250313e-16
How do within-family activation hyperparameters tune the welfare-convergence tradeoff?,hyperparameter_shifted_linear,b,7.0,nrd,shifted_linear,b,7.0,0.5,3,3,3,1.0,44,True,1600,0.9973057555393182,0.7699938282722378,-1.7431505989762286e-06,True,300,0.9976793266598835,0.7675699575355525,-4.455872094544233e-05,2.220446049250313e-16,0.0
How do within-family activation hyperparameters tune the welfare-convergence tradeoff?,hyperparameter_shifted_linear,b,7.0,nrd,shifted_linear,b,7.0,0.5,3,3,3,1.0,43,True,3800,0.9969178654104545,0.7568991647973279,6.019843269694514e-05,True,800,0.9974767267847966,0.7535955289600924,-4.418037365616634e-05,2.220446049250313e-16,0.0
How do within-family activation hyperparameters tune the welfare-convergence tradeoff?,hyperparameter_shifted_linear,b,7.0,nrd,shifted_linear,b,7.0,0.5,3,3,3,1.0,46,True,2300,0.9987303048502219,0.8529709095528473,1.820895997201033e-05,True,500,0.9989346375399214,0.8518994896370709,-4.454075629106713e-05,2.220446049250313e-16,1.1102230246251565e-16
How do within-family activation hyperparameters tune the welfare-convergence tradeoff?,hyperparameter_shifted_linear,b,7.0,nrd,shifted_linear,b,7.0,0.5,3,3,3,1.0,47,True,1800,0.9990172007626377,0.9121005493152264,4.063405583398794e-06,True,400,0.999156546148944,0.9112944469444203,-4.454621178773266e-05,2.220446049250313e-16,2.220446049250313e-16
How do within-family activation hyperparameters tune the welfare-convergence tradeoff?,hyperparameter_shifted_linear,b,7.0,nrd,shifted_linear,b,7.0,0.5,3,3,3,1.0,48,True,900,0.9990474733179012,0.874588334846809,-2.1662836584668277e-05,True,100,0.998932763855053,0.8754326449443536,-4.4526685954837664e-05,1.1102230246251565e-16,1.1102230246251565e-16
How do within-family activation hyperparameters tune the welfare-convergence tradeoff?,hyperparameter_shifted_linear,b,7.0,nrd,shifted_linear,b,7.0,0.5,3,3,3,1.0,51,True,1300,0.9990382667769064,0.8616331770675124,-8.852851287266539e-06,True,200,0.9991679777492519,0.8608506579342876,-4.454844189538676e-05,0.0,1.1102230246251565e-16
How do within-family activation hyperparameters tune the welfare-convergence tradeoff?,hyperparameter_shifted_linear,b,7.0,nrd,shifted_linear,b,7.0,0.5,3,3,3,1.0,50,True,2200,0.9989547028484768,0.8271098433000247,1.4878587448530212e-05,True,500,0.9991130467616121,0.8262380910937773,-4.453524341929693e-05,1.1102230246251565e-16,0.0
How do within-family activation hyperparameters tune the welfare-convergence tradeoff?,hyperparameter_shifted_linear,b,7.0,nrd,shifted_linear,b,7.0,0.5,3,3,3,1.0,49,True,3600,0.9986733510472162,0.8327203564825494,5.555615035446326e-05,True,800,0.9989603873078984,0.8312022088657489,-4.04419173563042e-05,2.220446049250313e-16,2.220446049250313e-16
How do within-family activation hyperparameters tune the welfare-convergence tradeoff?,hyperparameter_shifted_linear,b,7.0,nrd,shifted_linear,b,7.0,0.5,3,3,3,1.0,53,True,3100,0.9979859481406624,0.8468677274181563,4.142762437675529e-05,True,700,0.9983995654912226,0.8443975520299776,-4.3285777676593806e-05,0.0,1.1102230246251565e-16
How do within-family activation hyperparameters tune the welfare-convergence tradeoff?,hyperparameter_shifted_linear,b,7.0,nrd,shifted_linear,b,7.0,0.5,3,3,3,1.0,54,True,1900,0.998229873936143,0.8406720623693277,6.966931088259187e-06,True,400,0.9986444434926102,0.8380844246291091,-4.4563931149155245e-05,1.1102230246251565e-16,2.220446049250313e-16
How do within-family activation hyperparameters tune the welfare-convergence tradeoff?,hyperparameter_shifted_linear,b,7.0,nrd,shifted_linear,b,7.0,0.5,3,3,3,1.0,52,False,,0.9983952460969066,0.8267407373913783,0.0001118849067259231,True,1300,0.9990468407563744,0.8235853852515662,-1.860878794257559e-05,0.0,2.220446049250313e-16
How do within-family activation hyperparameters tune the welfare-convergence tradeoff?,hyperparameter_shifted_linear,b,7.0,nrd,shifted_linear,b,7.0,0.5,3,3,3,1.0,57,True,1500,0.9992763903103995,0.8755195719663075,-5.5465356684769596e-06,True,300,0.9993583839775599,0.8750594068052285,-4.45467142542455e-05,2.220446049250313e-16,1.1102230246251565e-16
How do within-family activation hyperparameters tune the welfare-convergence tradeoff?,hyperparameter_shifted_linear,b,7.0,nrd,shifted_linear,b,7.0,0.5,3,3,3,1.0,55,True,2400,0.9986551777331698,0.8416459378330731,2.0249521983539687e-05,True,500,0.9987743073699124,0.8410609869365654,-4.4523003186081045e-05,2.220446049250313e-16,0.0
How do within-family activation hyperparameters tune the welfare-convergence tradeoff?,hyperparameter_shifted_linear,b,7.0,nrd,shifted_linear,b,7.0,0.5,3,3,3,1.0,56,False,,0.9990957870510649,0.8891768073166025,0.00016562240514295112,True,1600,0.9993083451887463,0.8888551125943068,1.2040835699611563e-06,1.1102230246251565e-16,0.0
How do within-family activation hyperparameters tune the welfare-convergence tradeoff?,hyperparameter_shifted_linear,b,7.0,nrd,shifted_linear,b,7.0,0.5,3,3,3,1.0,58,True,1600,0.997905346850576,0.8180358823595449,-1.5338129289443891e-06,True,300,0.9982491689423845,0.8158148605693064,-4.4553585571094345e-05,2.220446049250313e-16,2.220446049250313e-16
How do within-family activation hyperparameters tune the welfare-convergence tradeoff?,hyperparameter_shifted_linear,b,7.0,nrd,shifted_linear,b,7.0,0.5,3,3,3,1.0,62,True,800,0.9981661647338077,0.8261401756745839,-2.2603788833508442e-05,True,200,0.9980406721429438,0.827064263373452,-4.4532731235724654e-05,2.220446049250313e-16,2.220446049250313e-16
How do within-family activation hyperparameters tune the welfare-convergence tradeoff?,hyperparameter_shifted_linear,b,7.0,nrd,shifted_linear,b,7.0,0.5,3,3,3,1.0,61,True,1100,0.9988552163990252,0.8702686318519343,-1.6706814027545036e-05,True,200,0.9988645756850272,0.8702845466316228,-4.454857770158638e-05,2.220446049250313e-16,2.220446049250313e-16
How do within-family activation hyperparameters tune the welfare-convergence tradeoff?,hyperparameter_shifted_linear,b,7.0,nrd,shifted_linear,b,7.0,0.5,3,3,3,1.0,59,False,,0.9977577232432451,0.8013029296796578,0.00011173906541217526,True,1300,0.998352081266273,0.7982705405808237,-1.8657190009152558e-05,1.1102230246251565e-16,1.1102230246251565e-16
How do within-family activation hyperparameters tune the welfare-convergence tradeoff?,hyperparameter_shifted_linear,b,7.0,nrd,shifted_linear,b,7.0,0.5,3,3,3,1.0,60,True,4100,0.9981380705398812,0.8634469245255376,6.86027080694096e-05,True,900,0.9984833446123067,0.8616245459064213,-4.35170513158889e-05,0.0,2.220446049250313e-16
How do within-family activation hyperparameters tune the welfare-convergence tradeoff?,hyperparameter_shifted_linear,b,7.0,nrd,shifted_linear,b,7.0,0.5,3,3,3,1.0,63,True,1600,0.9993494906065258,0.9077829691456708,-6.443020320046067e-07,True,300,0.999443608711644,0.9072821964266268,-4.455273929615533e-05,2.220446049250313e-16,0.0
How do within-family activation hyperparameters tune the welfare-convergence tradeoff?,hyperparameter_shifted_linear,b,7.0,nrd,shifted_linear,b,7.0,0.5,3,3,3,1.0,64,True,1800,0.996673728362968,0.737231332484254,4.779511916574997e-06,True,400,0.9970509680763008,0.7348344836597015,-4.456229607396889e-05,1.1102230246251565e-16,0.0
How do within-family activation hyperparameters tune the welfare-convergence tradeoff?,hyperparameter_shifted_linear,b,7.0,nrd,shifted_linear,b,7.0,0.5,3,3,3,1.0,68,True,1500,0.999034765645646,0.8532489911497265,-3.3286790709352587e-06,True,300,0.9990133601878215,0.8535034265843854,-4.452970869150974e-05,0.0,2.220446049250313e-16
How do within-family activation hyperparameters tune the welfare-convergence tradeoff?,hyperparameter_shifted_linear,b,7.0,nrd,shifted_linear,b,7.0,0.5,3,3,3,1.0,66,True,2400,0.9988846246642666,0.8615418056159392,2.0563568717268943e-05,True,500,0.9990477284598782,0.8606957413613981,-4.451900829816058e-05,2.220446049250313e-16,1.1102230246251565e-16
How do within-family activation hyperparameters tune the welfare-convergence tradeoff?,hyperparameter_shifted_linear,b,7.0,nrd,shifted_linear,b,7.0,0.5,3,3,3,1.0,67,True,1900,0.9984535735937272,0.8335329976234701,7.44295111371196e-06,True,400,0.9987730234006963,0.8315505463492548,-4.4549947740890605e-05,1.1102230246251565e-16,1.1102230246251565e-16
How do within-family activation hyperparameters tune the welfare-convergence tradeoff?,hyperparameter_shifted_linear,b,7.0,nrd,shifted_linear,b,7.0,0.5,3,3,3,1.0,65,True,3000,0.9981471693311693,0.8261285723086913,3.795281288238028e-05,True,600,0.9986372514725202,0.8232278961513345,-4.414046086592682e-05,0.0,1.1102230246251565e-16
How do within-family activation hyperparameters tune the welfare-convergence tradeoff?,hyperparameter_shifted_linear,b,7.0,nrd,shifted_linear,b,7.0,0.5,3,3,3,1.0,69,True,4400,0.9983726501571134,0.8755175549403335,7.895356708487178e-05,True,1100,0.9987750237715368,0.8734079101483587,-3.127171424738284e-05,0.0,1.1102230246251565e-16
How do within-family activation hyperparameters tune the welfare-convergence tradeoff?,hyperparameter_shifted_linear,b,7.0,nrd,shifted_linear,b,7.0,0.5,3,3,3,1.0,70,False,,0.9979491314918465,0.8360493915698483,0.00018306639279108694,True,1800,0.9981578234349049,0.8358916248833759,8.338959967824078e-06,2.220446049250313e-16,0.0
How do within-family activation hyperparameters tune the welfare-convergence tradeoff?,hyperparameter_shifted_linear,b,7.0,nrd,shifted_linear,b,7.0,0.5,3,3,3,1.0,71,True,2200,0.9980686096985317,0.8561918380062634,1.5221379108365518e-05,True,500,0.9983902423453468,0.8542774278756878,-4.455746277826078e-05,2.220446049250313e-16,2.220446049250313e-16
How do within-family activation hyperparameters tune the welfare-convergence tradeoff?,hyperparameter_shifted_linear,b,7.0,nrd,shifted_linear,b,7.0,0.5,3,3,3,1.0,72,True,3300,0.9973942680158366,0.8476920495930429,4.696084443894799e-05,True,800,0.9981629935001963,0.8429077769201013,-4.241049128111962e-05,1.1102230246251565e-16,2.220446049250313e-16
How do within-family activation hyperparameters tune the welfare-convergence tradeoff?,hyperparameter_shifted_linear,b,7.0,nrd,shifted_linear,b,7.0,0.5,3,3,3,1.0,74,True,4700,0.9987743330755277,0.8668528168258186,8.653852205986468e-05,True,1100,0.9991288615761328,0.8651165665701291,-2.721720581938536e-05,0.0,1.1102230246251565e-16
How do within-family activation hyperparameters tune the welfare-convergence tradeoff?,hyperparameter_shifted_linear,b,7.0,nrd,shifted_linear,b,7.0,0.5,3,3,3,1.0,73,True,4700,0.9982465438145489,0.837683555578856,8.574292162422115e-05,True,1100,0.9984782895295353,0.8368413800495865,-2.7664394160520356e-05,2.220446049250313e-16,2.220446049250313e-16
How do within-family activation hyperparameters tune the welfare-convergence tradeoff?,hyperparameter_shifted_linear,b,7.0,nrd,shifted_linear,b,7.0,0.5,3,3,3,1.0,75,True,1600,0.9985861706335755,0.8044361808931647,-2.8346557073843925e-07,True,300,0.9986154340412451,0.804358867777521,-4.447519234135333e-05,0.0,0.0
How do within-family activation hyperparameters tune the welfare-convergence tradeoff?,hyperparameter_shifted_linear,b,7.0,nrd,shifted_linear,b,7.0,0.5,3,3,3,1.0,77,True,1700,0.998946061396809,0.860042173007964,1.4497941340230192e-06,True,400,0.9991928070414924,0.8584894711313965,-4.45552454677034e-05,0.0,0.0
How do within-family activation hyperparameters tune the welfare-convergence tradeoff?,hyperparameter_shifted_linear,b,7.0,nrd,shifted_linear,b,7.0,0.5,3,3,3,1.0,76,True,2600,0.9972448541410552,0.7768070805381256,2.8258686652293807e-05,True,600,0.9971496841650175,0.7777240670262137,-4.4343493352749785e-05,2.220446049250313e-16,2.220446049250313e-16
How do within-family activation hyperparameters tune the welfare-convergence tradeoff?,hyperparameter_shifted_linear,b,7.0,nrd,shifted_linear,b,7.0,0.5,3,3,3,1.0,78,True,1000,0.9990934494457315,0.884953853864899,-1.9220048191770367e-05,True,100,0.9991616897627912,0.8845413014587008,-4.454970583717133e-05,1.1102230246251565e-16,2.220446049250313e-16
How do within-family activation hyperparameters tune the welfare-convergence tradeoff?,hyperparameter_shifted_linear,b,7.0,nrd,shifted_linear,b,7.0,0.5,3,3,3,1.0,81,True,1600,0.9977133480010878,0.8103343477626798,-2.5653194670738344e-06,True,300,0.9979606429523126,0.808756164814862,-4.454166150147376e-05,2.220446049250313e-16,1.1102230246251565e-16
How do within-family activation hyperparameters tune the welfare-convergence tradeoff?,hyperparameter_shifted_linear,b,7.0,nrd,shifted_linear,b,7.0,0.5,3,3,3,1.0,80,True,4500,0.9982607697803187,0.8776527895652005,7.969573138105757e-05,True,1000,0.9987581129044318,0.8749481642726408,-4.1731891354646056e-05,1.1102230246251565e-16,2.220446049250313e-16
How do within-family activation hyperparameters tune the welfare-convergence tradeoff?,hyperparameter_shifted_linear,b,7.0,nrd,shifted_linear,b,7.0,0.5,3,3,3,1.0,79,True,4100,0.9970335992631704,0.7691949038976714,6.966391684282147e-05,True,900,0.9977005552878065,0.7654000713390824,-3.7223650127093943e-05,2.220446049250313e-16,2.220446049250313e-16
How do within-family activation hyperparameters tune the welfare-convergence tradeoff?,hyperparameter_shifted_linear,b,7.0,nrd,shifted_linear,b,7.0,0.5,3,3,3,1.0,82,True,1200,0.9977093849944595,0.7704915403283493,-1.2857731213067325e-05,True,200,0.9976703162510918,0.7708681938216945,-4.4552360406791e-05,1.1102230246251565e-16,1.1102230246251565e-16
How do within-family activation hyperparameters tune the welfare-convergence tradeoff?,hyperparameter_shifted_linear,b,7.0,nrd,shifted_linear,b,7.0,0.5,3,3,3,1.0,84,True,1100,0.9992043894785451,0.9258544340988459,-1.3994708848996673e-05,True,200,0.9991776457786384,0.926113454226264,-4.451962235574314e-05,1.1102230246251565e-16,1.1102230246251565e-16
How do within-family activation hyperparameters tune the welfare-convergence tradeoff?,hyperparameter_shifted_linear,b,7.0,nrd,shifted_linear,b,7.0,0.5,3,3,3,1.0,83,True,2700,0.9987354316683869,0.918913011990754,2.9541911058639236e-05,True,600,0.9990758196082398,0.9168332397821151,-4.4291021568942934e-05,1.1102230246251565e-16,1.1102230246251565e-16
How do within-family activation hyperparameters tune the welfare-convergence tradeoff?,hyperparameter_shifted_linear,b,7.0,nrd,shifted_linear,b,7.0,0.5,3,3,3,1.0,86,True,1400,0.9991096125922814,0.8826469979161709,-5.664068037147807e-06,True,300,0.9992418481662543,0.8818747572982685,-4.4547003937966956e-05,2.220446049250313e-16,1.1102230246251565e-16
How do within-family activation hyperparameters tune the welfare-convergence tradeoff?,hyperparameter_shifted_linear,b,7.0,nrd,shifted_linear,b,7.0,0.5,3,3,3,1.0,87,True,1300,0.9994931527134432,0.8563639374340134,-1.1015673393566239e-05,True,300,0.9995206144438643,0.8563024139371462,-4.454407947251937e-05,0.0,0.0
How do within-family activation hyperparameters tune the welfare-convergence tradeoff?,hyperparameter_shifted_linear,b,7.0,nrd,shifted_linear,b,7.0,0.5,3,3,3,1.0,85,True,3500,0.9992070494127159,0.8555288270701684,5.225376511713842e-05,True,800,0.9993831599160146,0.85474985896844,-4.128906605238569e-05,2.220446049250313e-16,0.0
How do within-family activation hyperparameters tune the welfare-convergence tradeoff?,hyperparameter_shifted_linear,b,7.0,nrd,shifted_linear,b,7.0,0.5,3,3,3,1.0,88,True,1700,0.9987240991775899,0.8714810312580209,3.5611479781705313e-07,True,300,0.9989384804683583,0.870179499596489,-4.4562569042672084e-05,1.1102230246251565e-16,2.220446049250313e-16
How do within-family activation hyperparameters tune the welfare-convergence tradeoff?,hyperparameter_shifted_linear,b,7.0,nrd,shifted_linear,b,7.0,0.5,3,3,3,1.0,90,True,1400,0.9992754910018491,0.8683032005636097,-5.631259457627991e-06,True,300,0.9993096425220822,0.8681790549064857,-4.4550268628817946e-05,2.220446049250313e-16,2.220446049250313e-16
How do within-family activation hyperparameters tune the welfare-convergence tradeoff?,hyperparameter_shifted_linear,b,7.0,nrd,shifted_linear,b,7.0,0.5,3,3,3,1.0,89,True,4100,0.9989136296729517,0.8630262014551414,6.9308798126555e-05,True,1000,0.9991791641465702,0.8617410588838048,-3.570019725623874e-05,2.220446049250313e-16,1.1102230246251565e-16
How do within-family activation hyperparameters tune the welfare-convergence tradeoff?,hyperparameter_shifted_linear,b,7.0,nrd,shifted_linear,b,7.0,0.5,3,3,3,1.0,91,True,1000,0.9987432028989507,0.8307408329602595,-1.9319915139481836e-05,True,200,0.9987686785877984,0.8306320034432817,-4.455521251800487e-05,0.0,2.220446049250313e-16
How do within-family activation hyperparameters tune the welfare-convergence tradeoff?,hyperparameter_shifted_linear,b,7.0,nrd,shifted_linear,b,7.0,0.5,3,3,3,1.0,93,True,2100,0.9982641465413441,0.7614737363782371,1.1711893084020986e-05,True,500,0.9984464321223071,0.7603506517407742,-4.454425041011678e-05,2.220446049250313e-16,1.1102230246251565e-16
How do within-family activation hyperparameters tune the welfare-convergence tradeoff?,hyperparameter_shifted_linear,b,7.0,nrd,shifted_linear,b,7.0,0.5,3,3,3,1.0,94,True,2200,0.9980704934470662,0.8243100815653345,1.4782013327219179e-05,True,500,0.9983700234992209,0.8224605230358769,-4.455555218912943e-05,2.220446049250313e-16,0.0
How do within-family activation hyperparameters tune the welfare-convergence tradeoff?,hyperparameter_shifted_linear,b,7.0,nrd,shifted_linear,b,7.0,0.5,3,3,3,1.0,95,True,1200,0.9992183124993734,0.913491677592511,-1.2005870190567869e-05,True,200,0.9992777842333368,0.9131897908791449,-4.455241853551506e-05,0.0,0.0
How do within-family activation hyperparameters tune the welfare-convergence tradeoff?,hyperparameter_shifted_linear,b,7.0,nrd,shifted_linear,b,7.0,0.5,3,3,3,1.0,96,True,2000,0.9990610667493673,0.864383545110779,1.0862252982912768e-05,True,400,0.9990599103950473,0.864566474239819,-4.4545391931494205e-05,1.1102230246251565e-16,2.220446049250313e-16
How do within-family activation hyperparameters tune the welfare-convergence tradeoff?,hyperparameter_shifted_linear,b,7.0,nrd,shifted_linear,b,7.0,0.5,3,3,3,1.0,92,False,,0.9979291292466551,0.876501598075485,0.00019401434716131982,True,1600,0.9986954334313564,0.8731921708060025,4.5377897101017695e-07,2.220446049250313e-16,2.220446049250313e-16
How do within-family activation hyperparameters tune the welfare-convergence tradeoff?,hyperparameter_shifted_linear,b,7.0,nrd,shifted_linear,b,7.0,0.5,3,3,3,1.0,97,True,3500,0.9976391913033583,0.787826674966397,5.0473743036461016e-05,True,700,0.9981000075222443,0.7851192762437842,-4.443996207753598e-05,2.220446049250313e-16,2.220446049250313e-16
How do within-family activation hyperparameters tune the welfare-convergence tradeoff?,hyperparameter_shifted_linear,b,7.0,nrd,shifted_linear,b,7.0,0.5,3,3,3,1.0,99,True,1000,0.9992998483464759,0.9189385475485196,-1.8201790766669834e-05,True,200,0.9992845597246045,0.9190986714588935,-4.4537194772931166e-05,2.220446049250313e-16,2.220446049250313e-16
How do within-family activation hyperparameters tune the welfare-convergence tradeoff?,hyperparameter_shifted_linear,b,7.0,nrd,shifted_linear,b,7.0,0.5,3,3,3,1.0,98,True,2900,0.9985748358514158,0.8697287739297196,3.6314338207443786e-05,True,700,0.9989994585592816,0.8673694998303554,-4.384819584751787e-05,0.0,0.0
How do within-family activation hyperparameters tune the welfare-convergence tradeoff?,hyperparameter_shifted_linear,b,10.0,nrd,shifted_linear,b,10.0,0.5,3,3,3,1.0,1,True,1500,0.9992276973839118,0.8439081274351654,-4.6011641453014285e-06,True,300,0.9992463705243488,0.843883263025425,-4.339232454619868e-05,2.220446049250313e-16,1.1102230246251565e-16
How do within-family activation hyperparameters tune the welfare-convergence tradeoff?,hyperparameter_shifted_linear,b,10.0,nrd,shifted_linear,b,10.0,0.5,3,3,3,1.0,0,True,3900,0.9988471521570248,0.7914564689971555,6.477539820326506e-05,True,900,0.999336151057789,0.7879488558404327,-3.6304783659180107e-05,2.220446049250313e-16,2.220446049250313e-16
How do within-family activation hyperparameters tune the welfare-convergence tradeoff?,hyperparameter_shifted_linear,b,10.0,nrd,shifted_linear,b,10.0,0.5,3,3,3,1.0,2,True,2500,0.9986758215022036,0.8364707477416027,2.3323563591692853e-05,True,500,0.9990759581346339,0.8330268182330712,-4.3360134034720055e-05,1.1102230246251565e-16,0.0
How do within-family activation hyperparameters tune the welfare-convergence tradeoff?,hyperparameter_shifted_linear,b,10.0,nrd,shifted_linear,b,10.0,0.5,3,3,3,1.0,3,True,2100,0.9994438474063031,0.9086507465589956,1.4010755870819125e-05,True,500,0.9996965868795659,0.9066379103498742,-4.339909593786828e-05,1.1102230246251565e-16,2.220446049250313e-16
How do within-family activation hyperparameters tune the welfare-convergence tradeoff?,hyperparameter_shifted_linear,b,10.0,nrd,shifted_linear,b,10.0,0.5,3,3,3,1.0,4,True,2200,0.9988503721179032,0.840106404870386,1.681513282553171e-05,True,500,0.9990587646762129,0.8383166210971945,-4.3375948966195566e-05,1.1102230246251565e-16,1.1102230246251565e-16
How do within-family activation hyperparameters tune the welfare-convergence tradeoff?,hyperparameter_shifted_linear,b,10.0,nrd,shifted_linear,b,10.0,0.5,3,3,3,1.0,6,True,1000,0.9995877571709364,0.8046987990065669,-1.6664612152161862e-05,True,200,0.9995703285161723,0.80498114666054,-4.3386648144405626e-05,1.1102230246251565e-16,0.0
How do within-family activation hyperparameters tune the welfare-convergence tradeoff?,hyperparameter_shifted_linear,b,10.0,nrd,shifted_linear,b,10.0,0.5,3,3,3,1.0,5,True,4000,0.9984508597660737,0.8062840868646376,6.432715101156727e-05,True,800,0.9990774665824392,0.8011485734807104,-4.276721233970049e-05,2.220446049250313e-16,2.220446049250313e-16
How do within-family activation hyperparameters tune the welfare-convergence tradeoff?,hyperparameter_shifted_linear,b,10.0,nrd,shifted_linear,b,10.0,0.5,3,3,3,1.0,8,True,1700,0.9989780223692066,0.8340139208219407,2.9307476867024285e-06,True,400,0.9990413185982457,0.8335820710163185,-4.339071752423873e-05,0.0,0.0
How do within-family activation hyperparameters tune the welfare-convergence tradeoff?,hyperparameter_shifted_linear,b,10.0,nrd,shifted_linear,b,10.0,0.5,3,3,3,1.0,7,False,,0.9991141345222475,0.8796994789452647,0.00015043700485251055,True,1500,0.9994411571555935,0.8779508589155354,-4.243486705191035e-06,1.1102230246251565e-16,2.220446049250313e-16
How do within-family activation hyperparameters tune the welfare-convergence tradeoff?,hyperparameter_shifted_linear,b,10.0,nrd,shifted_linear,b,10.0,0.5,3,3,3,1.0,10,True,1900,0.9991165887096716,0.8463743666196453,6.122084053150623e-06,True,300,0.999329112202542,0.8445195798281966,-4.339826405796998e-05,0.0,1.1102230246251565e-16
How do within-family activation hyperparameters tune the welfare-convergence tradeoff?,hyperparameter_shifted_linear,b,10.0,nrd,shifted_linear,b,10.0,0.5,3,3,3,1.0,9,True,3600,0.9989857124930598,0.7867203451684771,5.69589297765849e-05,True,900,0.9992033076726458,0.78525687980149,-3.889471452461768e-05,1.1102230246251565e-16,1.1102230246251565e-16
How do within-family activation hyperparameters tune the welfare-convergence tradeoff?,hyperparameter_shifted_linear,b,10.0,nrd,shifted_linear,b,10.0,0.5,3,3,3,1.0,12,True,1900,0.999114375159706,0.834212944238025,7.380119610100877e-06,True,400,0.9992703498019748,0.8330222017319874,-4.3399727093107465e-05,2.220446049250313e-16,1.1102230246251565e-16
How do within-family activation hyperparameters tune the welfare-convergence tradeoff?,hyperparameter_shifted_linear,b,10.0,nrd,shifted_linear,b,10.0,0.5,3,3,3,1.0,11,True,3300,0.9981425226623606,0.7908399992846986,4.597455572719067e-05,True,800,0.9987087110743019,0.7861439758378795,-4.155267417654818e-05,1.1102230246251565e-16,1.1102230246251565e-16
How do within-family activation hyperparameters tune the welfare-convergence tradeoff?,hyperparameter_shifted_linear,b,10.0,nrd,shifted_linear,b,10.0,0.5,3,3,3,1.0,14,True,800,0.9997719323400655,0.9207609454705348,-2.403696234037911e-05,True,100,0.9997380893816887,0.9211615934008487,-4.337417104977037e-05,0.0,1.1102230246251565e-16
How do within-family activation hyperparameters tune the welfare-convergence tradeoff?,hyperparameter_shifted_linear,b,10.0,nrd,shifted_linear,b,10.0,0.5,3,3,3,1.0,13,False,,0.9988694386982848,0.8224668611248016,0.00016772461346897805,True,1700,0.9992822000320798,0.8201748852592959,2.556702708433889e-06,1.1102230246251565e-16,1.1102230246251565e-16
How do within-family activation hyperparameters tune the welfare-convergence tradeoff?,hyperparameter_shifted_linear,b,10.0,nrd,shifted_linear,b,10.0,0.5,3,3,3,1.0,15,True,2800,0.9991758528467314,0.8545626183074443,3.202755085640607e-05,True,600,0.9994680044821977,0.8521474463514388,-4.3305819474426244e-05,1.1102230246251565e-16,1.1102230246251565e-16
How do within-family activation hyperparameters tune the welfare-convergence tradeoff?,hyperparameter_shifted_linear,b,10.0,nrd,shifted_linear,b,10.0,0.5,3,3,3,1.0,17,True,1300,0.9990598239496158,0.8351645385539536,-9.034307127286922e-06,True,300,0.9991221954391946,0.8347309253340601,-4.3390523954356386e-05,2.220446049250313e-16,2.220446049250313e-16
How do within-family activation hyperparameters tune the welfare-convergence tradeoff?,hyperparameter_shifted_linear,b,10.0,nrd,shifted_linear,b,10.0,0.5,3,3,3,1.0,16,True,3800,0.9986080820488679,0.7912993374978173,6.203847944158403e-05,True,900,0.9992030401387163,0.7865414752804686,-3.728413958486998e-05,1.1102230246251565e-16,2.220446049250313e-16
How do within-family activation hyperparameters tune the welfare-convergence tradeoff?,hyperparameter_shifted_linear,b,10.0,nrd,shifted_linear,b,10.0,0.5,3,3,3,1.0,18,True,2300,0.9994288607853468,0.8590252638606909,1.938398753148496e-05,True,500,0.9995605615162638,0.8580193756750168,-4.337145847016499e-05,0.0,1.1102230246251565e-16
How do within-family activation hyperparameters tune the welfare-convergence tradeoff?,hyperparameter_shifted_linear,b,10.0,nrd,shifted_linear,b,10.0,0.5,3,3,3,1.0,19,True,2400,0.9992618342199602,0.8937270667744274,2.113058851643812e-05,True,500,0.999497308693658,0.8917556363658271,-4.3354239993464994e-05,0.0,1.1102230246251565e-16
How do within-family activation hyperparameters tune the welfare-convergence tradeoff?,hyperparameter_shifted_linear,b,10.0,nrd,shifted_linear,b,10.0,0.5,3,3,3,1.0,21,True,2000,0.9990134478000313,0.840959683786228,9.3538342826327e-06,True,400,0.9991493404046224,0.8399621163696774,-4.337076413030161e-05,2.220446049250313e-16,1.1102230246251565e-16
How do within-family activation hyperparameters tune the welfare-convergence tradeoff?,hyperparameter_shifted_linear,b,10.0,nrd,shifted_linear,b,10.0,0.5,3,3,3,1.0,20,True,3100,0.9993129053770222,0.8699596166270759,4.081899095559338e-05,True,700,0.9994675682452897,0.8692000768161768,-4.22223626351248e-05,1.1102230246251565e-16,2.220446049250313e-16
How do within-family activation hyperparameters tune the welfare-convergence tradeoff?,hyperparameter_shifted_linear,b,10.0,nrd,shifted_linear,b,10.0,0.5,3,3,3,1.0,23,True,1900,0.9994569171464143,0.915108647737358,6.262024271952438e-06,True,400,0.9995668225722937,0.9143737821837791,-4.3399430415924645e-05,2.220446049250313e-16,2.220446049250313e-16
How do within-family activation hyperparameters tune the welfare-convergence tradeoff?,hyperparameter_shifted_linear,b,10.0,nrd,shifted_linear,b,10.0,0.5,3,3,3,1.0,24,True,2400,0.9995982656906194,0.8976050175858016,2.0782314550216174e-05,True,500,0.9996757642865415,0.8971465362466012,-4.335787817166814e-05,1.1102230246251565e-16,1.1102230246251565e-16
How do within-family activation hyperparameters tune the welfare-convergence tradeoff?,hyperparameter_shifted_linear,b,10.0,nrd,shifted_linear,b,10.0,0.5,3,3,3,1.0,22,True,4000,0.9991557989213242,0.8832891411964363,6.57284733611152e-05,True,900,0.9992913903132004,0.8829628625425764,-3.5945743388499096e-05,0.0,1.1102230246251565e-16
How do within-family activation hyperparameters tune the welfare-convergence tradeoff?,hyperparameter_shifted_linear,b,10.0,nrd,shifted_linear,b,10.0,0.5,3,3,3,1.0,26,True,2500,0.9994602866634001,0.8797467822236092,2.4229106113438093e-05,True,600,0.9996368308873622,0.878393290825748,-4.3305475421806516e-05,1.1102230246251565e-16,2.220446049250313e-16
How do within-family activation hyperparameters tune the welfare-convergence tradeoff?,hyperparameter_shifted_linear,b,10.0,nrd,shifted_linear,b,10.0,0.5,3,3,3,1.0,25,True,4800,0.9976077740266385,0.7631788691338811,8.630224107730733e-05,True,1100,0.9985795296332709,0.7556096776023103,-2.60990727581345e-05,2.220446049250313e-16,1.1102230246251565e-16
How do within-family activation hyperparameters tune the welfare-convergence tradeoff?,hyperparameter_shifted_linear,b,10.0,nrd,shifted_linear,b,10.0,0.5,3,3,3,1.0,27,True,4100,0.9985938152469862,0.8295530909078574,6.839596684493632e-05,True,1000,0.9990600197039453,0.8259369032482176,-3.4892250950824266e-05,1.1102230246251565e-16,2.220446049250313e-16
How do within-family activation hyperparameters tune the welfare-convergence tradeoff?,hyperparameter_shifted_linear,b,10.0,nrd,shifted_linear,b,10.0,0.5,3,3,3,1.0,28,True,5000,0.998482178168168,0.7976958974548265,9.778611344851695e-05,True,1100,0.9988260730751205,0.7953865866622322,-3.779557306671233e-05,1.1102230246251565e-16,1.1102230246251565e-16
How do within-family activation hyperparameters tune the welfare-convergence tradeoff?,hyperparameter_shifted_linear,b,10.0,nrd,shifted_linear,b,10.0,0.5,3,3,3,1.0,30,True,1900,0.9990229989286765,0.8789511975429857,8.320027215846793e-06,True,400,0.9992863524770764,0.8767091242872481,-4.3369751709321225e-05,2.220446049250313e-16,2.220446049250313e-16
How do within-family activation hyperparameters tune the welfare-convergence tradeoff?,hyperparameter_shifted_linear,b,10.0,nrd,shifted_linear,b,10.0,0.5,3,3,3,1.0,29,True,4100,0.9980531842215234,0.8045371948234186,6.863927281136606e-05,True,1000,0.9989281416591014,0.7977532467300555,-3.479260430017117e-05,0.0,2.220446049250313e-16
How do within-family activation hyperparameters tune the welfare-convergence tradeoff?,hyperparameter_shifted_linear,b,10.0,nrd,shifted_linear,b,10.0,0.5,3,3,3,1.0,32,True,1400,0.9993323885199108,0.8713468944886369,-7.622468640944291e-06,True,300,0.9993571569939141,0.8712177393663678,-4.336436338581162e-05,2.220446049250313e-16,2.220446049250313e-16
How do within-family activation hyperparameters tune the welfare-convergence tradeoff?,hyperparameter_shifted_linear,b,10.0,nrd,shifted_linear,b,10.0,0.5,3,3,3,1.0,31,True,3200,0.9988485472970156,0.8398786279318688,4.4069865070162084e-05,True,700,0.9992948723496482,0.8367021270711025,-4.176325945831616e-05,0.0,1.1102230246251565e-16
How do within-family activation hyperparameters tune the welfare-convergence tradeoff?,hyperparameter_shifted_linear,b,10.0,nrd,shifted_linear,b,10.0,0.5,3,3,3,1.0,33,True,1200,0.9993557291912336,0.8509693871714358,-1.0720898613980623e-05,True,300,0.9992994453296188,0.8516852690586164,-4.3391203963405456e-05,0.0,2.220446049250313e-16
How do within-family activation hyperparameters tune the welfare-convergence tradeoff?,hyperparameter_shifted_linear,b,10.0,nrd,shifted_linear,b,10.0,0.5,3,3,3,1.0,34,True,3700,0.998803991241224,0.8149661739723107,5.834811974902987e-05,True,900,0.9992233110046673,0.8116052997347837,-3.848118956045754e-05,1.1102230246251565e-16,2.220446049250313e-16
How do within-family activation hyperparameters tune the welfare-convergence tradeoff?,hyperparameter_shifted_linear,b,10.0,nrd,shifted_linear,b,10.0,0.5,3,3,3,1.0,35,False,,0.9985985913801153,0.750841291046191,0.00023972580793996112,True,2400,0.9989694363866617,0.749480319303621,3.372056742223517e-05,0.0,1.1102230246251565e-16
How do within-family activation hyperparameters tune the welfare-convergence tradeoff?,hyperparameter_shifted_linear,b,10.0,nrd,shifted_linear,b,10.0,0.5,3,3,3,1.0,36,True,1300,0.9996238874222858,0.8907404274043434,-9.418962880203274e-06,True,300,0.9996278266719995,0.8908662674007619,-4.33884270314433e-05,0.0,2.220446049250313e-16
How do within-family activation hyperparameters tune the welfare-convergence tradeoff?,hyperparameter_shifted_linear,b,10.0,nrd,shifted_linear,b,10.0,0.5,3,3,3,1.0,37,True,2700,0.9983223435730568,0.7640831425194806,2.8679915320795057e-05,True,600,0.9986214757787215,0.7617330373513154,-4.3176631105645846e-05,1.1102230246251565e-16,1.1102230246251565e-16
How do within-family activation hyperparameters tune the welfare-convergence tradeoff?,hyperparameter_shifted_linear,b,10.0,nrd,shifted_linear,b,10.0,0.5,3,3,3,1.0,39,True,1700,0.9994759050601373,0.8867639482974972,4.666955533694228e-07,True,300,0.9996288330250852,0.885498434998854,-4.339921089596688e-05,2.220446049250313e-16,2.220446049250313e-16
How do within-family activation hyperparameters tune the welfare-convergence tradeoff?,hyperparameter_shifted_linear,b,10.0,nrd,shifted_linear,b,10.0,0.5,3,3,3,1.0,38,True,4000,0.9994248314094606,0.9085104850048559,6.668077664062633e-05,True,900,0.9995628252199619,0.9079164190939822,-3.557781804158777e-05,2.220446049250313e-16,2.220446049250313e-16
How do within-family activation hyperparameters tune the welfare-convergence tradeoff?,hyperparameter_shifted_linear,b,10.0,nrd,shifted_linear,b,10.0,0.5,3,3,3,1.0,40,True,2500,0.9987424386715102,0.7740309254744481,2.520746926198969e-05,True,600,0.9988006613397534,0.7738176583321593,-4.328421379995451e-05,2.220446049250313e-16,1.1102230246251565e-16
How do within-family activation hyperparameters tune the welfare-convergence tradeoff?,hyperparameter_shifted_linear,b,10.0,nrd,shifted_linear,b,10.0,0.5,3,3,3,1.0,41,True,1600,0.9996675076266858,0.8904065342423361,-1.6342528237345277e-06,True,300,0.9997536282313884,0.8897193752232594,-4.338132526698901e-05,0.0,1.1102230246251565e-16
How do within-family activation hyperparameters tune the welfare-convergence tradeoff?,hyperparameter_shifted_linear,b,10.0,nrd,shifted_linear,b,10.0,0.5,3,3,3,1.0,42,True,1900,0.9991651569186439,0.8329602211376163,6.7131214915305826e-06,True,400,0.999286709261926,0.8320590935541511,-4.338727054120639e-05,2.220446049250313e-16,1.1102230246251565e-16
How do within-family activation hyperparameters tune the welfare-convergence tradeoff?,hyperparameter_shifted_linear,b,10.0,nrd,shifted_linear,b,10.0,0.5,3,3,3,1.0,44,True,1700,0.9984987648767358,0.7606003551350619,1.6776788627215211e-06,True,300,0.9988011669830036,0.7578756027461716,-4.339822875193411e-05,2.220446049250313e-16,2.220446049250313e-16
How do within-family activation hyperparameters tune the welfare-convergence tradeoff?,hyperparameter_shifted_linear,b,10.0,nrd,shifted_linear,b,10.0,0.5,3,3,3,1.0,45,True,700,0.9997154124394554,0.9548517234433644,-2.4552532771004998e-05,True,100,0.9997591304559269,0.9544718860185881,-4.3377081271722684e-05,1.1102230246251565e-16,2.220446049250313e-16
How do within-family activation hyperparameters tune the welfare-convergence tradeoff?,hyperparameter_shifted_linear,b,10.0,nrd,shifted_linear,b,10.0,0.5,3,3,3,1.0,43,True,4700,0.9981573300001542,0.747455629004328,8.325674051790077e-05,True,1000,0.9986870739857309,0.7432850346078733,-4.045201750191296e-05,1.1102230246251565e-16,1.1102230246251565e-16
How do within-family activation hyperparameters tune the welfare-convergence tradeoff?,hyperparameter_shifted_linear,b,10.0,nrd,shifted_linear,b,10.0,0.5,3,3,3,1.0,48,True,900,0.9995305524910788,0.8701453923910166,-2.064819433822418e-05,True,100,0.9994487575844409,0.8710249188354497,-4.3359299365830495e-05,2.220446049250313e-16,0.0
How do within-family activation hyperparameters tune the welfare-convergence tradeoff?,hyperparameter_shifted_linear,b,10.0,nrd,shifted_linear,b,10.0,0.5,3,3,3,1.0,46,True,2500,0.9992697181058801,0.8483086555529392,2.3590421305397236e-05,True,600,0.9994495468736225,0.8470631519541237,-4.331742003449435e-05,0.0,2.220446049250313e-16
How do within-family activation hyperparameters tune the welfare-convergence tradeoff?,hyperparameter_shifted_linear,b,10.0,nrd,shifted_linear,b,10.0,0.5,3,3,3,1.0,47,True,1900,0.9994484212216278,0.9087479799570269,8.016575113234392e-06,True,400,0.999564266941445,0.9078507449030031,-4.338588409485977e-05,1.1102230246251565e-16,1.1102230246251565e-16
How do within-family activation hyperparameters tune the welfare-convergence tradeoff?,hyperparameter_shifted_linear,b,10.0,nrd,shifted_linear,b,10.0,0.5,3,3,3,1.0,50,True,2500,0.9993984722073674,0.8230897810591986,2.317759385633833e-05,True,600,0.9995416663936948,0.8220287854867454,-4.332519393990264e-05,2.220446049250313e-16,2.220446049250313e-16
How do within-family activation hyperparameters tune the welfare-convergence tradeoff?,hyperparameter_shifted_linear,b,10.0,nrd,shifted_linear,b,10.0,0.5,3,3,3,1.0,51,True,1400,0.9994662214208382,0.8578588976893454,-6.5220736908400134e-06,True,200,0.999570167085616,0.8569943362652386,-4.338788386959447e-05,1.1102230246251565e-16,2.220446049250313e-16
How do within-family activation hyperparameters tune the welfare-convergence tradeoff?,hyperparameter_shifted_linear,b,10.0,nrd,shifted_linear,b,10.0,0.5,3,3,3,1.0,49,True,4500,0.9991536510519582,0.8288456399593837,7.995783401376633e-05,True,1100,0.9994391542286886,0.8269672033651422,-2.9538117592597946e-05,2.220446049250313e-16,2.220446049250313e-16
How do within-family activation hyperparameters tune the welfare-convergence tradeoff?,hyperparameter_shifted_linear,b,10.0,nrd,shifted_linear,b,10.0,0.5,3,3,3,1.0,54,True,2100,0.9989468192490052,0.8355178735588868,1.2704294016563367e-05,True,500,0.999299705041735,0.8325087833330044,-4.3398821792106634e-05,2.220446049250313e-16,2.220446049250313e-16
How do within-family activation hyperparameters tune the welfare-convergence tradeoff?,hyperparameter_shifted_linear,b,10.0,nrd,shifted_linear,b,10.0,0.5,3,3,3,1.0,53,True,4000,0.9987512817206798,0.8410775996644674,6.69530590751144e-05,True,900,0.9991542692960607,0.8379414723454021,-3.547095155531643e-05,2.220446049250313e-16,0.0
How do within-family activation hyperparameters tune the welfare-convergence tradeoff?,hyperparameter_shifted_linear,b,10.0,nrd,shifted_linear,b,10.0,0.5,3,3,3,1.0,52,False,,0.9988208424119758,0.8236630166799964,0.00016141394553370603,True,1600,0.9994407000034584,0.8200728642311469,3.6835401562296255e-08,2.220446049250313e-16,2.220446049250313e-16
How do within-family activation hyperparameters tune the welfare-convergence tradeoff?,hyperparameter_shifted_linear,b,10.0,nrd,shifted_linear,b,10.0,0.5,3,3,3,1.0,57,True,1500,0.9996006212403087,0.8728848195003464,-3.406331094857329e-06,True,300,0.9996685395318005,0.8723758214525926,-4.338616765159342e-05,1.1102230246251565e-16,1.1102230246251565e-16
How do within-family activation hyperparameters tune the welfare-convergence tradeoff?,hyperparameter_shifted_linear,b,10.0,nrd,shifted_linear,b,10.0,0.5,3,3,3,1.0,55,True,2600,0.9992556121757068,0.8366743185176405,2.7299271616376686e-05,True,600,0.999366606083507,0.8359701732919144,-4.322524296596075e-05,1.1102230246251565e-16,2.220446049250313e-16
How do within-family activation hyperparameters tune the welfare-convergence tradeoff?,hyperparameter_shifted_linear,b,10.0,nrd,shifted_linear,b,10.0,0.5,3,3,3,1.0,56,False,,0.9994058383491282,0.8863841232136487,0.00018611969266002504,True,1800,0.9996221580185407,0.8860272722693879,1.0125249767956035e-05,0.0,1.1102230246251565e-16
How do within-family activation hyperparameters tune the welfare-convergence tradeoff?,hyperparameter_shifted_linear,b,10.0,nrd,shifted_linear,b,10.0,0.5,3,3,3,1.0,58,True,1700,0.9988188049626868,0.8112551480170996,1.955054160063252e-06,True,300,0.9990955128665728,0.8087829788507688,-4.3396866498623954e-05,2.220446049250313e-16,2.220446049250313e-16
How do within-family activation hyperparameters tune the welfare-convergence tradeoff?,hyperparameter_shifted_linear,b,10.0,nrd,shifted_linear,b,10.0,0.5,3,3,3,1.0,62,True,800,0.9990770981227601,0.8182761251956515,-2.1536847031378148e-05,True,200,0.9989879038077559,0.819233662565953,-4.337141693488977e-05,1.1102230246251565e-16,1.1102230246251565e-16
How do within-family activation hyperparameters tune the welfare-convergence tradeoff?,hyperparameter_shifted_linear,b,10.0,nrd,shifted_linear,b,10.0,0.5,3,3,3,1.0,61,True,1100,0.9994012721909435,0.8652487482869279,-1.437807082382836e-05,True,300,0.999413485874419,0.8652376392761506,-4.3374811670382485e-05,1.1102230246251565e-16,2.220446049250313e-16
How do within-family activation hyperparameters tune the welfare-convergence tradeoff?,hyperparameter_shifted_linear,b,10.0,nrd,shifted_linear,b,10.0,0.5,3,3,3,1.0,59,False,,0.9985655252238125,0.795235273911486,0.00016217374075738755,True,1600,0.9991039692134656,0.7918275128892446,3.379813617310212e-07,2.220446049250313e-16,2.220446049250313e-16
How do within-family activation hyperparameters tune the welfare-convergence tradeoff?,hyperparameter_shifted_linear,b,10.0,nrd,shifted_linear,b,10.0,0.5,3,3,3,1.0,60,True,4800,0.9988706938660599,0.8577412521386995,8.633414161907105e-05,True,1000,0.9992095631706833,0.8554198891115682,-3.999967996265452e-05,1.1102230246251565e-16,1.1102230246251565e-16
How do within-family activation hyperparameters tune the welfare-convergence tradeoff?,hyperparameter_shifted_linear,b,10.0,nrd,shifted_linear,b,10.0,0.5,3,3,3,1.0,63,True,1700,0.9996340489290857,0.9055326633739013,1.515254114514697e-06,True,300,0.9997125646445776,0.9049892070712326,-4.339529476676818e-05,1.1102230246251565e-16,2.220446049250313e-16
How do within-family activation hyperparameters tune the welfare-convergence tradeoff?,hyperparameter_shifted_linear,b,10.0,nrd,shifted_linear,b,10.0,0.5,3,3,3,1.0,64,True,2100,0.9981388042791891,0.7257747238483857,1.3665219151248742e-05,True,500,0.9984764969899385,0.7228371916850326,-4.339816558190934e-05,2.220446049250313e-16,2.220446049250313e-16
How do within-family activation hyperparameters tune the welfare-convergence tradeoff?,hyperparameter_shifted_linear,b,10.0,nrd,shifted_linear,b,10.0,0.5,3,3,3,1.0,66,True,2600,0.9993612197763304,0.8575971988348732,2.6423387791185693e-05,True,600,0.9995078797275464,0.8566120086727901,-4.325206402433501e-05,1.1102230246251565e-16,2.220446049250313e-16
How do within-family activation hyperparameters tune the welfare-convergence tradeoff?,hyperparameter_shifted_linear,b,10.0,nrd,shifted_linear,b,10.0,0.5,3,3,3,1.0,68,True,1600,0.9994990793242049,0.8490316381437713,-4.666878312686862e-07,True,300,0.9994903047109563,0.849276204930605,-4.3382014250248346e-05,0.0,1.1102230246251565e-16
How do within-family activation hyperparameters tune the welfare-convergence tradeoff?,hyperparameter_shifted_linear,b,10.0,nrd,shifted_linear,b,10.0,0.5,3,3,3,1.0,65,True,3300,0.9988496040914511,0.821118184241478,4.7821973789219374e-05,True,700,0.999292736209171,0.8176634130741904,-4.1624800340200885e-05,2.220446049250313e-16,1.1102230246251565e-16
How do within-family activation hyperparameters tune the welfare-convergence tradeoff?,hyperparameter_shifted_linear,b,10.0,nrd,shifted_linear,b,10.0,0.5,3,3,3,1.0,67,True,2100,0.9991052918340197,0.8287132015699005,1.2766786293638699e-05,True,500,0.9993661281414344,0.8265027437186822,-4.3387265406591435e-05,2.220446049250313e-16,2.220446049250313e-16
How do within-family activation hyperparameters tune the welfare-convergence tradeoff?,hyperparameter_shifted_linear,b,10.0,nrd,shifted_linear,b,10.0,0.5,3,3,3,1.0,69,False,,0.9989581724504427,0.8709587703811398,0.00012218493497395677,True,1400,0.9993296025009576,0.8685725687533612,-1.4577465481002694e-05,1.1102230246251565e-16,0.0
How do within-family activation hyperparameters tune the welfare-convergence tradeoff?,hyperparameter_shifted_linear,b,10.0,nrd,shifted_linear,b,10.0,0.5,3,3,3,1.0,70,False,,0.9987653284662216,0.8286549584060058,0.00022286649350400367,True,2200,0.9989983872318368,0.8284637970092463,2.608821553423679e-05,2.220446049250313e-16,2.220446049250313e-16
How do within-family activation hyperparameters tune the welfare-convergence tradeoff?,hyperparameter_shifted_linear,b,10.0,nrd,shifted_linear,b,10.0,0.5,3,3,3,1.0,71,True,2600,0.9988786550622469,0.8496821828122014,2.6813983591944535e-05,True,600,0.9991679763749121,0.8473174961861017,-4.324139689682038e-05,2.220446049250313e-16,2.220446049250313e-16
How do within-family activation hyperparameters tune the welfare-convergence tradeoff?,hyperparameter_shifted_linear,b,10.0,nrd,shifted_linear,b,10.0,0.5,3,3,3,1.0,72,True,4300,0.9983140898898554,0.8415947354007433,7.50830133415814e-05,True,1000,0.9990238124698219,0.8357709381117789,-3.1946213834121995e-05,0.0,2.220446049250313e-16
How do within-family activation hyperparameters tune the welfare-convergence tradeoff?,hyperparameter_shifted_linear,b,10.0,nrd,shifted_linear,b,10.0,0.5,3,3,3,1.0,74,False,,0.9991613869910947,0.863892602978717,0.0001416694568898702,True,1500,0.9995022547391085,0.8619258036270275,-7.561415085288736e-06,1.1102230246251565e-16,2.220446049250313e-16
How do within-family activation hyperparameters tune the welfare-convergence tradeoff?,hyperparameter_shifted_linear,b,10.0,nrd,shifted_linear,b,10.0,0.5,3,3,3,1.0,73,False,,0.9989877591265299,0.8314285532041118,0.00010209073730754747,True,1200,0.9992061797220938,0.8304929597062722,-2.122241634999744e-05,2.220446049250313e-16,1.1102230246251565e-16
How do within-family activation hyperparameters tune the welfare-convergence tradeoff?,hyperparameter_shifted_linear,b,10.0,nrd,shifted_linear,b,10.0,0.5,3,3,3,1.0,75,True,1700,0.9992558172599364,0.7977481847213683,2.226157242046778e-06,True,300,0.9992847558361772,0.7976300265055621,-4.3320259735579736e-05,1.1102230246251565e-16,2.220446049250313e-16
How do within-family activation hyperparameters tune the welfare-convergence tradeoff?,hyperparameter_shifted_linear,b,10.0,nrd,shifted_linear,b,10.0,0.5,3,3,3,1.0,77,True,1900,0.9993805433383522,0.8567860173546634,7.34343713054697e-06,True,400,0.9995829994781593,0.8550373890220856,-4.339514792028876e-05,2.220446049250313e-16,1.1102230246251565e-16
How do within-family activation hyperparameters tune the welfare-convergence tradeoff?,hyperparameter_shifted_linear,b,10.0,nrd,shifted_linear,b,10.0,0.5,3,3,3,1.0,76,True,2700,0.9985822499195418,0.7647717387019698,3.1278075257268334e-05,True,600,0.9985275691330623,0.7657177196516267,-4.305748018867961e-05,2.220446049250313e-16,1.1102230246251565e-16
How do within-family activation hyperparameters tune the welfare-convergence tradeoff?,hyperparameter_shifted_linear,b,10.0,nrd,shifted_linear,b,10.0,0.5,3,3,3,1.0,78,True,1000,0.9995117775006418,0.8815087247723744,-1.7671465457613778e-05,True,100,0.9995669434300837,0.8810501448100162,-4.338966316602688e-05,2.220446049250313e-16,2.220446049250313e-16
How do within-family activation hyperparameters tune the welfare-convergence tradeoff?,hyperparameter_shifted_linear,b,10.0,nrd,shifted_linear,b,10.0,0.5,3,3,3,1.0,81,True,1700,0.9987365111562808,0.802240915817868,2.0799873453603013e-06,True,300,0.9989464826384251,0.8003788499195773,-4.338329293807064e-05,1.1102230246251565e-16,1.1102230246251565e-16
How do within-family activation hyperparameters tune the welfare-convergence tradeoff?,hyperparameter_shifted_linear,b,10.0,nrd,shifted_linear,b,10.0,0.5,3,3,3,1.0,80,False,,0.9988587310786924,0.8732789954256118,0.00012337033186754498,True,1200,0.9993369663461461,0.8699492187463559,-3.320974025239343e-05,2.220446049250313e-16,0.0
How do within-family activation hyperparameters tune the welfare-convergence tradeoff?,hyperparameter_shifted_linear,b,10.0,nrd,shifted_linear,b,10.0,0.5,3,3,3,1.0,79,True,4600,0.9982169898810386,0.7605468071029281,8.089136798578034e-05,True,1000,0.9988054373638526,0.7561470741075139,-3.1285829028782075e-05,2.220446049250313e-16,1.1102230246251565e-16
How do within-family activation hyperparameters tune the welfare-convergence tradeoff?,hyperparameter_shifted_linear,b,10.0,nrd,shifted_linear,b,10.0,0.5,3,3,3,1.0,82,True,1200,0.9988192367045197,0.760828192282597,-1.1035977725448731e-05,True,200,0.9987964140493079,0.7612017010851182,-4.3373714333716507e-05,2.220446049250313e-16,1.1102230246251565e-16
How do within-family activation hyperparameters tune the welfare-convergence tradeoff?,hyperparameter_shifted_linear,b,10.0,nrd,shifted_linear,b,10.0,0.5,3,3,3,1.0,84,True,1200,0.999590706764368,0.922394909726254,-1.26477673822456e-05,True,200,0.9995752042056848,0.9226630391381526,-4.335879835531964e-05,2.220446049250313e-16,1.1102230246251565e-16
How do within-family activation hyperparameters tune the welfare-convergence tradeoff?,hyperparameter_shifted_linear,b,10.0,nrd,shifted_linear,b,10.0,0.5,3,3,3,1.0,83,True,3100,0.9992274709397289,0.9155253062999922,4.1789697895810995e-05,True,700,0.999520600011157,0.9131420218400867,-4.209577597269476e-05,2.220446049250313e-16,0.0
How do within-family activation hyperparameters tune the welfare-convergence tradeoff?,hyperparameter_shifted_linear,b,10.0,nrd,shifted_linear,b,10.0,0.5,3,3,3,1.0,85,True,3800,0.9995133314000747,0.8528827453568152,6.159532037153248e-05,True,900,0.9996780693625861,0.8520035342180785,-3.7435411955222264e-05,2.220446049250313e-16,1.1102230246251565e-16
How do within-family activation hyperparameters tune the welfare-convergence tradeoff?,hyperparameter_shifted_linear,b,10.0,nrd,shifted_linear,b,10.0,0.5,3,3,3,1.0,86,True,1500,0.9994992523631593,0.8795245859625066,-2.418265471593184e-06,True,300,0.99960832980784,0.8786645544328126,-4.3393632945698535e-05,2.220446049250313e-16,1.1102230246251565e-16
How do within-family activation hyperparameters tune the welfare-convergence tradeoff?,hyperparameter_shifted_linear,b,10.0,nrd,shifted_linear,b,10.0,0.5,3,3,3,1.0,87,True,1300,0.9997251303493411,0.8541378683200657,-9.45271548580262e-06,True,300,0.999752345950272,0.8540527866385396,-4.338014324956063e-05,1.1102230246251565e-16,2.220446049250313e-16
How do within-family activation hyperparameters tune the welfare-convergence tradeoff?,hyperparameter_shifted_linear,b,10.0,nrd,shifted_linear,b,10.0,0.5,3,3,3,1.0,88,True,1700,0.9992736574938826,0.8672383474378534,2.7746718814225524e-06,True,300,0.9994516172418527,0.8657622207433159,-4.34007938087122e-05,2.220446049250313e-16,1.1102230246251565e-16
How do within-family activation hyperparameters tune the welfare-convergence tradeoff?,hyperparameter_shifted_linear,b,10.0,nrd,shifted_linear,b,10.0,0.5,3,3,3,1.0,90,True,1600,0.9996082533926044,0.8654466406555272,-1.9145914345042314e-06,True,300,0.9996433572797222,0.8652702120968586,-4.338640286349893e-05,1.1102230246251565e-16,0.0
How do within-family activation hyperparameters tune the welfare-convergence tradeoff?,hyperparameter_shifted_linear,b,10.0,nrd,shifted_linear,b,10.0,0.5,3,3,3,1.0,89,True,4900,0.9993008080941974,0.8599432416172995,9.096800847263609e-05,True,1200,0.9995560008166909,0.858458860549176,-2.4605561947166343e-05,2.220446049250313e-16,1.1102230246251565e-16
How do within-family activation hyperparameters tune the welfare-convergence tradeoff?,hyperparameter_shifted_linear,b,10.0,nrd,shifted_linear,b,10.0,0.5,3,3,3,1.0,91,True,1000,0.999340061456485,0.8257256981332457,-1.7784147741561895e-05,True,200,0.9993638811871375,0.8255913410624398,-4.339011052573172e-05,1.1102230246251565e-16,2.220446049250313e-16
How do within-family activation hyperparameters tune the welfare-convergence tradeoff?,hyperparameter_shifted_linear,b,10.0,nrd,shifted_linear,b,10.0,0.5,3,3,3,1.0,93,True,2400,0.9990285680838582,0.755498800567907,2.184080011297107e-05,True,500,0.9991972564243496,0.7541037532598565,-4.334495687507989e-05,2.220446049250313e-16,2.220446049250313e-16
How do within-family activation hyperparameters tune the welfare-convergence tradeoff?,hyperparameter_shifted_linear,b,10.0,nrd,shifted_linear,b,10.0,0.5,3,3,3,1.0,94,True,2600,0.9988880641995171,0.8180659328225003,2.7140524690272283e-05,True,600,0.999157544705756,0.8158049369880174,-4.322985113724975e-05,2.220446049250313e-16,2.220446049250313e-16
How do within-family activation hyperparameters tune the welfare-convergence tradeoff?,hyperparameter_shifted_linear,b,10.0,nrd,shifted_linear,b,10.0,0.5,3,3,3,1.0,95,True,1300,0.9995752763223562,0.9104901225523848,-9.336516333224854e-06,True,300,0.999626905113007,0.9101437382374148,-4.339508175532636e-05,1.1102230246251565e-16,1.1102230246251565e-16
How do within-family activation hyperparameters tune the welfare-convergence tradeoff?,hyperparameter_shifted_linear,b,10.0,nrd,shifted_linear,b,10.0,0.5,3,3,3,1.0,96,True,2200,0.9995040012484233,0.8603631924739403,1.4944519917570176e-05,True,500,0.9995143307906523,0.8605192809086386,-4.338150695692988e-05,0.0,2.220446049250313e-16
How do within-family activation hyperparameters tune the welfare-convergence tradeoff?,hyperparameter_shifted_linear,b,10.0,nrd,shifted_linear,b,10.0,0.5,3,3,3,1.0,92,False,,0.9985318219631422,0.8721593152548491,0.0002454278566473289,True,2000,0.9992625245458062,0.8684431595764671,1.9682415319022262e-05,1.1102230246251565e-16,2.220446049250313e-16
How do within-family activation hyperparameters tune the welfare-convergence tradeoff?,hyperparameter_shifted_linear,b,10.0,nrd,shifted_linear,b,10.0,0.5,3,3,3,1.0,97,True,4200,0.9985799373110709,0.7805653190185803,6.939104693459708e-05,True,900,0.9990150251564545,0.7771394342709866,-4.2191679279934835e-05,2.220446049250313e-16,2.220446049250313e-16
How do within-family activation hyperparameters tune the welfare-convergence tradeoff?,hyperparameter_shifted_linear,b,10.0,nrd,shifted_linear,b,10.0,0.5,3,3,3,1.0,99,True,1000,0.9996385084096677,0.9159695583542812,-1.6921252229518124e-05,True,200,0.9996304152799425,0.9161313791077802,-4.3375504858167435e-05,2.220446049250313e-16,1.1102230246251565e-16
How do within-family activation hyperparameters tune the welfare-convergence tradeoff?,hyperparameter_shifted_log,c,2.00001,nrd,shifted_log,c,2.00001,0.5,3,3,3,1.0,0,True,1200,0.9785250121326476,0.8445408354297687,-2.5671017899908666e-05,True,200,0.9789142894250846,0.8441538635637956,-6.163454166563387e-05,0.0,1.1102230246251565e-16
How do within-family activation hyperparameters tune the welfare-convergence tradeoff?,hyperparameter_shifted_linear,b,10.0,nrd,shifted_linear,b,10.0,0.5,3,3,3,1.0,98,True,3300,0.9991046989421283,0.8656404870645639,4.7520928784794414e-05,True,800,0.9994806046667808,0.8629428785816806,-4.116327584663404e-05,2.220446049250313e-16,2.220446049250313e-16
How do within-family activation hyperparameters tune the welfare-convergence tradeoff?,hyperparameter_shifted_log,c,2.00001,nrd,shifted_log,c,2.00001,0.5,3,3,3,1.0,1,True,900,0.9777234080968099,0.9027711099002619,-3.290258392329992e-05,True,200,0.9776503291230038,0.9028914111534272,-6.120831311834385e-05,1.1102230246251565e-16,1.1102230246251565e-16
How do within-family activation hyperparameters tune the welfare-convergence tradeoff?,hyperparameter_shifted_log,c,2.00001,nrd,shifted_log,c,2.00001,0.5,3,3,3,1.0,2,True,1100,0.9722344680311903,0.90470686847177,-2.8140209508031866e-05,True,200,0.9728526015909579,0.903948527633832,-6.108873769039569e-05,2.220446049250313e-16,2.220446049250313e-16
How do within-family activation hyperparameters tune the welfare-convergence tradeoff?,hyperparameter_shifted_log,c,2.00001,nrd,shifted_log,c,2.00001,0.5,3,3,3,1.0,3,True,1100,0.9907532124755041,0.9308468280637873,-2.7937878453565546e-05,True,200,0.9912063327497957,0.9302884175037773,-6.094527921879367e-05,2.220446049250313e-16,0.0
How do within-family activation hyperparameters tune the welfare-convergence tradeoff?,hyperparameter_shifted_log,c,2.00001,nrd,shifted_log,c,2.00001,0.5,3,3,3,1.0,4,True,1000,0.9724429699676265,0.9095628391861981,-3.050906033125189e-05,True,200,0.9727928053834302,0.9091056764815385,-6.110984012142051e-05,2.220446049250313e-16,2.220446049250313e-16
How do within-family activation hyperparameters tune the welfare-convergence tradeoff?,hyperparameter_shifted_log,c,2.00001,nrd,shifted_log,c,2.00001,0.5,3,3,3,1.0,5,True,1200,0.970718120899126,0.875581238828458,-2.730244187354458e-05,True,200,0.9715141292876843,0.8747102247005354,-6.091495163373928e-05,1.1102230246251565e-16,0.0
How do within-family activation hyperparameters tune the welfare-convergence tradeoff?,hyperparameter_shifted_log,c,2.00001,nrd,shifted_log,c,2.00001,0.5,3,3,3,1.0,6,True,800,0.9862581534781877,0.8432581553765721,-3.714873678700714e-05,True,100,0.9861362647328388,0.843465965952558,-6.188430808667933e-05,1.1102230246251565e-16,2.220446049250313e-16
How do within-family activation hyperparameters tune the welfare-convergence tradeoff?,hyperparameter_shifted_log,c,2.00001,nrd,shifted_log,c,2.00001,0.5,3,3,3,1.0,7,True,1400,0.9855076611885999,0.9154244927398446,-1.9446977348180905e-05,True,300,0.9856971737921717,0.9152091585957486,-6.107343807892907e-05,1.1102230246251565e-16,1.1102230246251565e-16
How do within-family activation hyperparameters tune the welfare-convergence tradeoff?,hyperparameter_shifted_log,c,2.00001,nrd,shifted_log,c,2.00001,0.5,3,3,3,1.0,8,True,1100,0.9719249467885974,0.9062099780084134,-2.783852133786402e-05,True,200,0.9719045992703612,0.9062303684464769,-6.0880246009364924e-05,0.0,2.220446049250313e-16
How do within-family activation hyperparameters tune the welfare-convergence tradeoff?,hyperparameter_shifted_log,c,2.00001,nrd,shifted_log,c,2.00001,0.5,3,3,3,1.0,9,True,900,0.974721875611955,0.8507558909261267,-3.7555986710124944e-05,True,200,0.9747462324501348,0.8508096521320647,-6.189784282872868e-05,0.0,1.1102230246251565e-16
How do within-family activation hyperparameters tune the welfare-convergence tradeoff?,hyperparameter_shifted_log,c,2.00001,nrd,shifted_log,c,2.00001,0.5,3,3,3,1.0,10,True,900,0.9793735108908315,0.8988506054382878,-3.510964693903551e-05,True,100,0.9797755762681952,0.898401352302388,-6.109067702786408e-05,1.1102230246251565e-16,2.220446049250313e-16
How do within-family activation hyperparameters tune the welfare-convergence tradeoff?,hyperparameter_shifted_log,c,2.00001,nrd,shifted_log,c,2.00001,0.5,3,3,3,1.0,11,True,1100,0.9612083899410726,0.8848657904062223,-2.7991445441299945e-05,True,200,0.9618421288730998,0.8840811395572062,-6.112704007421588e-05,2.220446049250313e-16,0.0
How do within-family activation hyperparameters tune the welfare-convergence tradeoff?,hyperparameter_shifted_log,c,2.00001,nrd,shifted_log,c,2.00001,0.5,3,3,3,1.0,12,True,1300,0.977477223264903,0.8923093389872924,-2.2292140770818758e-05,True,300,0.9777492860836938,0.8920135776371043,-6.115393921751755e-05,1.1102230246251565e-16,2.220446049250313e-16
How do within-family activation hyperparameters tune the welfare-convergence tradeoff?,hyperparameter_shifted_log,c,2.00001,nrd,shifted_log,c,2.00001,0.5,3,3,3,1.0,14,True,600,0.9926439511290325,0.9410067396046179,-4.251298363877609e-05,True,100,0.9924790918279143,0.9412378168493705,-6.0771052855568275e-05,0.0,0.0
How do within-family activation hyperparameters tune the welfare-convergence tradeoff?,hyperparameter_shifted_log,c,2.00001,nrd,shifted_log,c,2.00001,0.5,3,3,3,1.0,13,True,1400,0.980397032782897,0.8696362188211881,-1.8744996205910525e-05,True,300,0.9806619335422705,0.869312457852298,-6.188383397787156e-05,0.0,2.220446049250313e-16
How do within-family activation hyperparameters tune the welfare-convergence tradeoff?,hyperparameter_shifted_log,c,2.00001,nrd,shifted_log,c,2.00001,0.5,3,3,3,1.0,15,True,1100,0.983205768486087,0.8961647223067639,-3.0360734755707774e-05,True,200,0.9836069402640361,0.8957549442447795,-6.112619043241452e-05,1.1102230246251565e-16,1.1102230246251565e-16
How do within-family activation hyperparameters tune the welfare-convergence tradeoff?,hyperparameter_shifted_log,c,2.00001,nrd,shifted_log,c,2.00001,0.5,3,3,3,1.0,16,True,1000,0.9748294284519406,0.8490770389370211,-3.223072285690742e-05,True,200,0.9754491804575273,0.8483201866615474,-6.208931275142326e-05,2.220446049250313e-16,1.1102230246251565e-16
How do within-family activation hyperparameters tune the welfare-convergence tradeoff?,hyperparameter_shifted_log,c,2.00001,nrd,shifted_log,c,2.00001,0.5,3,3,3,1.0,17,True,1000,0.9737229430328823,0.9031899316360432,-3.0886538044450074e-05,True,200,0.9736879836762872,0.9032916291101784,-6.092315832478823e-05,1.1102230246251565e-16,1.1102230246251565e-16
How do within-family activation hyperparameters tune the welfare-convergence tradeoff?,hyperparameter_shifted_log,c,2.00001,nrd,shifted_log,c,2.00001,0.5,3,3,3,1.0,18,True,1100,0.9867631015217466,0.8922708082228912,-2.8060089811710043e-05,True,200,0.9870010207128556,0.8920149718409274,-6.156389176925625e-05,2.220446049250313e-16,2.220446049250313e-16
How do within-family activation hyperparameters tune the welfare-convergence tradeoff?,hyperparameter_shifted_log,c,2.00001,nrd,shifted_log,c,2.00001,0.5,3,3,3,1.0,19,True,900,0.9847495599587165,0.932408488201407,-3.4489241071633536e-05,True,200,0.9851297835093401,0.9319646526532667,-6.071059543399926e-05,0.0,0.0
How do within-family activation hyperparameters tune the welfare-convergence tradeoff?,hyperparameter_shifted_log,c,2.00001,nrd,shifted_log,c,2.00001,0.5,3,3,3,1.0,20,True,2300,0.9835737666756307,0.9125038224637151,1.2897649162457725e-05,True,500,0.9837167402049171,0.9123651170986221,-6.0820037664499615e-05,1.1102230246251565e-16,2.220446049250313e-16
How do within-family activation hyperparameters tune the welfare-convergence tradeoff?,hyperparameter_shifted_log,c,2.00001,nrd,shifted_log,c,2.00001,0.5,3,3,3,1.0,21,True,1400,0.9746713512663285,0.9055338658687834,-1.831152717851614e-05,True,300,0.974741101513192,0.9054780936867663,-6.1008781517435384e-05,1.1102230246251565e-16,1.1102230246251565e-16
How do within-family activation hyperparameters tune the welfare-convergence tradeoff?,hyperparameter_shifted_log,c,2.00001,nrd,shifted_log,c,2.00001,0.5,3,3,3,1.0,22,True,2600,0.9794477093008085,0.937163659502071,2.1314782464587623e-05,True,600,0.9795428261852598,0.9370712511714094,-6.057250284330351e-05,0.0,1.1102230246251565e-16
How do within-family activation hyperparameters tune the welfare-convergence tradeoff?,hyperparameter_shifted_log,c,2.00001,nrd,shifted_log,c,2.00001,0.5,3,3,3,1.0,23,True,1100,0.9876280516958393,0.9469900641167596,-2.6564902121384293e-05,True,200,0.9877692684256352,0.9468216820301011,-6.0814467638170555e-05,1.1102230246251565e-16,1.1102230246251565e-16
How do within-family activation hyperparameters tune the welfare-convergence tradeoff?,hyperparameter_shifted_log,c,2.00001,nrd,shifted_log,c,2.00001,0.5,3,3,3,1.0,24,True,1400,0.9904769801782046,0.922598474832895,-1.968648085254321e-05,True,300,0.9905705672717182,0.9225205841729444,-6.102467369428766e-05,0.0,1.1102230246251565e-16
How do within-family activation hyperparameters tune the welfare-convergence tradeoff?,hyperparameter_shifted_log,c,2.00001,nrd,shifted_log,c,2.00001,0.5,3,3,3,1.0,25,True,1300,0.9589520855229536,0.8576954022575537,-2.2940270498483795e-05,True,200,0.9598449783765309,0.8565854440371719,-6.176935333118694e-05,0.0,0.0
How do within-family activation hyperparameters tune the welfare-convergence tradeoff?,hyperparameter_shifted_log,c,2.00001,nrd,shifted_log,c,2.00001,0.5,3,3,3,1.0,26,True,1200,0.9891833077039086,0.9064273764785646,-2.6111318363775116e-05,True,200,0.9894240568292992,0.9061462518478359,-6.134674615831948e-05,1.1102230246251565e-16,0.0
How do within-family activation hyperparameters tune the welfare-convergence tradeoff?,hyperparameter_shifted_log,c,2.00001,nrd,shifted_log,c,2.00001,0.5,3,3,3,1.0,27,True,1200,0.9720050635228561,0.8986608759573161,-2.3168184927091495e-05,True,200,0.9724892106314731,0.898096567447412,-6.094550476865024e-05,2.220446049250313e-16,0.0
How do within-family activation hyperparameters tune the welfare-convergence tradeoff?,hyperparameter_shifted_log,c,2.00001,nrd,shifted_log,c,2.00001,0.5,3,3,3,1.0,29,True,1200,0.9674162578114431,0.879054797426226,-2.6282712456748847e-05,True,200,0.9684527405683984,0.8778026676763746,-6.128074123212812e-05,2.220446049250313e-16,1.1102230246251565e-16
How do within-family activation hyperparameters tune the welfare-convergence tradeoff?,hyperparameter_shifted_log,c,2.00001,nrd,shifted_log,c,2.00001,0.5,3,3,3,1.0,28,True,2000,0.9650209099373622,0.8864461083891896,1.8912859159891937e-06,True,400,0.9652756308274407,0.886175161614242,-6.144606018698706e-05,0.0,1.1102230246251565e-16
How do within-family activation hyperparameters tune the welfare-convergence tradeoff?,hyperparameter_shifted_log,c,2.00001,nrd,shifted_log,c,2.00001,0.5,3,3,3,1.0,30,True,1100,0.9790498880377214,0.9312742034496232,-2.9560359858626928e-05,True,200,0.9795362186630046,0.9306748764202415,-6.077510273422293e-05,2.220446049250313e-16,2.220446049250313e-16
How do within-family activation hyperparameters tune the welfare-convergence tradeoff?,hyperparameter_shifted_log,c,2.00001,nrd,shifted_log,c,2.00001,0.5,3,3,3,1.0,31,True,1500,0.9786810333926854,0.8927807948326136,-1.6111325887746553e-05,True,300,0.9791208179919916,0.8922767814457552,-6.161329354187339e-05,1.1102230246251565e-16,2.220446049250313e-16
How do within-family activation hyperparameters tune the welfare-convergence tradeoff?,hyperparameter_shifted_log,c,2.00001,nrd,shifted_log,c,2.00001,0.5,3,3,3,1.0,32,True,900,0.9814512221906939,0.9197858810324756,-3.29501466514448e-05,True,100,0.9814108450940833,0.9198307090565895,-6.09809456942334e-05,0.0,1.1102230246251565e-16
How do within-family activation hyperparameters tune the welfare-convergence tradeoff?,hyperparameter_shifted_log,c,2.00001,nrd,shifted_log,c,2.00001,0.5,3,3,3,1.0,33,True,1400,0.9795248620128171,0.9057281246670362,-1.894765464555137e-05,True,300,0.9791852905176625,0.9061990650296238,-6.0974990305273646e-05,2.220446049250313e-16,2.220446049250313e-16
How do within-family activation hyperparameters tune the welfare-convergence tradeoff?,hyperparameter_shifted_log,c,2.00001,nrd,shifted_log,c,2.00001,0.5,3,3,3,1.0,34,True,900,0.9758749509196751,0.8744522382952183,-3.743955960938683e-05,True,100,0.9761999044583526,0.8741351102972569,-6.123866346846585e-05,2.220446049250313e-16,2.220446049250313e-16
How do within-family activation hyperparameters tune the welfare-convergence tradeoff?,hyperparameter_shifted_log,c,2.00001,nrd,shifted_log,c,2.00001,0.5,3,3,3,1.0,36,True,900,0.9890032808094168,0.921419371313997,-3.4540069650756955e-05,True,200,0.9889355391065487,0.9215627769496567,-6.0980348731365375e-05,1.1102230246251565e-16,2.220446049250313e-16
How do within-family activation hyperparameters tune the welfare-convergence tradeoff?,hyperparameter_shifted_log,c,2.00001,nrd,shifted_log,c,2.00001,0.5,3,3,3,1.0,35,True,2200,0.970350692573702,0.8268745977541784,8.061635582701232e-06,True,500,0.9705820399989437,0.826675076886415,-6.20656621383997e-05,1.1102230246251565e-16,1.1102230246251565e-16
How do within-family activation hyperparameters tune the welfare-convergence tradeoff?,hyperparameter_shifted_log,c,2.00001,nrd,shifted_log,c,2.00001,0.5,3,3,3,1.0,37,True,1100,0.9580270058451612,0.8693045098255388,-2.8953766802952696e-05,True,200,0.9582911693930797,0.869048851313914,-6.124086115333327e-05,2.220446049250313e-16,2.220446049250313e-16
How do within-family activation hyperparameters tune the welfare-convergence tradeoff?,hyperparameter_shifted_log,c,2.00001,nrd,shifted_log,c,2.00001,0.5,3,3,3,1.0,38,True,1600,0.9876727192915402,0.9401900347500466,-1.1125485894269982e-05,True,300,0.987715514639887,0.9401573675590914,-6.0727910815627784e-05,2.220446049250313e-16,1.1102230246251565e-16
How do within-family activation hyperparameters tune the welfare-convergence tradeoff?,hyperparameter_shifted_log,c,2.00001,nrd,shifted_log,c,2.00001,0.5,3,3,3,1.0,39,True,1000,0.9888145158559345,0.9152583774519519,-3.163884515688942e-05,True,200,0.9891041451002128,0.9149071719633698,-6.101284309006916e-05,1.1102230246251565e-16,2.220446049250313e-16
How do within-family activation hyperparameters tune the welfare-convergence tradeoff?,hyperparameter_shifted_log,c,2.00001,nrd,shifted_log,c,2.00001,0.5,3,3,3,1.0,40,True,900,0.9628338793991574,0.8688230460504566,-3.484181604801462e-05,True,200,0.9625764918978039,0.8691909702548468,-6.0973180054268994e-05,1.1102230246251565e-16,1.1102230246251565e-16
How do within-family activation hyperparameters tune the welfare-convergence tradeoff?,hyperparameter_shifted_log,c,2.00001,nrd,shifted_log,c,2.00001,0.5,3,3,3,1.0,41,True,800,0.9924238652941357,0.9099135066313032,-3.8383135755992726e-05,True,200,0.992586076217086,0.909723849529621,-6.111765805766334e-05,2.220446049250313e-16,1.1102230246251565e-16
How do within-family activation hyperparameters tune the welfare-convergence tradeoff?,hyperparameter_shifted_log,c,2.00001,nrd,shifted_log,c,2.00001,0.5,3,3,3,1.0,42,True,800,0.9779398915819244,0.8915053775930156,-3.743054601440532e-05,True,200,0.9780147112959795,0.8914690721662571,-6.142573026973741e-05,2.220446049250313e-16,0.0
How do within-family activation hyperparameters tune the welfare-convergence tradeoff?,hyperparameter_shifted_log,c,2.00001,nrd,shifted_log,c,2.00001,0.5,3,3,3,1.0,43,True,1200,0.9588142924119398,0.8467815741681225,-2.708688423502803e-05,True,200,0.9592537128759814,0.8463272248292991,-6.17964938675053e-05,1.1102230246251565e-16,1.1102230246251565e-16
How do within-family activation hyperparameters tune the welfare-convergence tradeoff?,hyperparameter_shifted_log,c,2.00001,nrd,shifted_log,c,2.00001,0.5,3,3,3,1.0,44,True,900,0.9627667512058565,0.8537874056627065,-3.511144775841801e-05,True,100,0.9633711093093458,0.8530543003305153,-6.184608739007169e-05,1.1102230246251565e-16,2.220446049250313e-16
How do within-family activation hyperparameters tune the welfare-convergence tradeoff?,hyperparameter_shifted_log,c,2.00001,nrd,shifted_log,c,2.00001,0.5,3,3,3,1.0,45,True,600,0.9931758861545185,0.9724452978187763,-4.365499874697809e-05,True,100,0.9932939197747793,0.9722914926933027,-6.039279859987312e-05,1.1102230246251565e-16,1.1102230246251565e-16
How do within-family activation hyperparameters tune the welfare-convergence tradeoff?,hyperparameter_shifted_log,c,2.00001,nrd,shifted_log,c,2.00001,0.5,3,3,3,1.0,46,True,1300,0.982737667266495,0.893792347030387,-2.3069952661547433e-05,True,200,0.9829658692394305,0.8935908227723148,-6.123814295438956e-05,2.220446049250313e-16,0.0
How do within-family activation hyperparameters tune the welfare-convergence tradeoff?,hyperparameter_shifted_log,c,2.00001,nrd,shifted_log,c,2.00001,0.5,3,3,3,1.0,47,True,1000,0.9873168125321506,0.9409858206265436,-2.974792889287592e-05,True,200,0.9875312383827373,0.9407214018154063,-6.084859381655372e-05,1.1102230246251565e-16,0.0
How do within-family activation hyperparameters tune the welfare-convergence tradeoff?,hyperparameter_shifted_log,c,2.00001,nrd,shifted_log,c,2.00001,0.5,3,3,3,1.0,48,True,800,0.983742067558878,0.9133255362785831,-3.85931581047827e-05,True,100,0.9833911955574915,0.913776641690944,-6.0864128643423054e-05,1.1102230246251565e-16,2.220446049250313e-16
How do within-family activation hyperparameters tune the welfare-convergence tradeoff?,hyperparameter_shifted_log,c,2.00001,nrd,shifted_log,c,2.00001,0.5,3,3,3,1.0,49,True,1000,0.9837287831679777,0.8695559470855284,-3.271341303640041e-05,True,200,0.9838393746317835,0.8694443124411587,-6.138597299593096e-05,0.0,1.1102230246251565e-16
How do within-family activation hyperparameters tune the welfare-convergence tradeoff?,hyperparameter_shifted_log,c,2.00001,nrd,shifted_log,c,2.00001,0.5,3,3,3,1.0,50,True,1000,0.9852400384437615,0.8631254135265188,-3.333671840272112e-05,True,200,0.9853740984061964,0.8630270540370848,-6.17815148322709e-05,2.220446049250313e-16,2.220446049250313e-16
How do within-family activation hyperparameters tune the welfare-convergence tradeoff?,hyperparameter_shifted_log,c,2.00001,nrd,shifted_log,c,2.00001,0.5,3,3,3,1.0,51,True,900,0.9865392685070287,0.8942295105640428,-3.537470944547927e-05,True,100,0.9867684704188087,0.8939839508662571,-6.146734895257078e-05,0.0,0.0
How do within-family activation hyperparameters tune the welfare-convergence tradeoff?,hyperparameter_shifted_log,c,2.00001,nrd,shifted_log,c,2.00001,0.5,3,3,3,1.0,52,True,1400,0.9850453444616974,0.8583298279591643,-1.9901852534531805e-05,True,300,0.9855403935356343,0.8578507786288636,-6.169745211220823e-05,2.220446049250313e-16,1.1102230246251565e-16
How do within-family activation hyperparameters tune the welfare-convergence tradeoff?,hyperparameter_shifted_log,c,2.00001,nrd,shifted_log,c,2.00001,0.5,3,3,3,1.0,53,True,1000,0.9755245069770485,0.9021160861305019,-3.242549011323037e-05,True,200,0.9757950384268363,0.9018051492065684,-6.132395641633703e-05,1.1102230246251565e-16,0.0
How do within-family activation hyperparameters tune the welfare-convergence tradeoff?,hyperparameter_shifted_log,c,2.00001,nrd,shifted_log,c,2.00001,0.5,3,3,3,1.0,54,True,1000,0.9785526486534954,0.8871084718617962,-3.3544047390476894e-05,True,200,0.9791170158057865,0.8864201490846049,-6.127754403201235e-05,0.0,2.220446049250313e-16
How do within-family activation hyperparameters tune the welfare-convergence tradeoff?,hyperparameter_shifted_log,c,2.00001,nrd,shifted_log,c,2.00001,0.5,3,3,3,1.0,55,True,1100,0.9810483299482002,0.885512311239082,-2.776861358100291e-05,True,200,0.9811079186474649,0.8854498196861904,-6.141452526220448e-05,0.0,1.1102230246251565e-16
How do within-family activation hyperparameters tune the welfare-convergence tradeoff?,hyperparameter_shifted_log,c,2.00001,nrd,shifted_log,c,2.00001,0.5,3,3,3,1.0,57,True,1000,0.9900989069307408,0.8984579574530239,-3.1841962308210014e-05,True,200,0.9902334637746294,0.8983172629962363,-6.149362225438271e-05,0.0,0.0
How do within-family activation hyperparameters tune the welfare-convergence tradeoff?,hyperparameter_shifted_log,c,2.00001,nrd,shifted_log,c,2.00001,0.5,3,3,3,1.0,56,True,3100,0.9898720569378683,0.9133310399153375,3.761147062142367e-05,True,700,0.9899818243658177,0.9133152228020935,-6.015824850791329e-05,1.1102230246251565e-16,2.220446049250313e-16
How do within-family activation hyperparameters tune the welfare-convergence tradeoff?,hyperparameter_shifted_log,c,2.00001,nrd,shifted_log,c,2.00001,0.5,3,3,3,1.0,58,True,900,0.972805563921253,0.8780142238934584,-3.46810847755008e-05,True,200,0.9733938800885499,0.8772708825785177,-6.148748672513138e-05,0.0,1.1102230246251565e-16
How do within-family activation hyperparameters tune the welfare-convergence tradeoff?,hyperparameter_shifted_log,c,2.00001,nrd,shifted_log,c,2.00001,0.5,3,3,3,1.0,59,True,1500,0.9739337051906718,0.8575133505716108,-1.6992442085139725e-05,True,300,0.9745126236905512,0.8568955322279351,-6.164077800102641e-05,2.220446049250313e-16,2.220446049250313e-16
How do within-family activation hyperparameters tune the welfare-convergence tradeoff?,hyperparameter_shifted_log,c,2.00001,nrd,shifted_log,c,2.00001,0.5,3,3,3,1.0,60,True,1700,0.9770285503562745,0.9159154818292657,-1.0716138882149728e-05,True,300,0.9772276243343785,0.9157398083154993,-6.120715179253056e-05,2.220446049250313e-16,0.0
How do within-family activation hyperparameters tune the welfare-convergence tradeoff?,hyperparameter_shifted_log,c,2.00001,nrd,shifted_log,c,2.00001,0.5,3,3,3,1.0,61,True,700,0.9821782003111912,0.9136369269435228,-4.242002534049494e-05,True,100,0.9821181293020216,0.9137492325916597,-6.111374961126348e-05,0.0,0.0
How do within-family activation hyperparameters tune the welfare-convergence tradeoff?,hyperparameter_shifted_log,c,2.00001,nrd,shifted_log,c,2.00001,0.5,3,3,3,1.0,62,True,700,0.9704992365405847,0.8952899337757065,-4.042200060377921e-05,True,100,0.9701003943406217,0.8958119179011493,-6.143088272858588e-05,0.0,2.220446049250313e-16
How do within-family activation hyperparameters tune the welfare-convergence tradeoff?,hyperparameter_shifted_log,c,2.00001,nrd,shifted_log,c,2.00001,0.5,3,3,3,1.0,63,True,1200,0.9915442647081738,0.9270074661255864,-2.5845513589750624e-05,True,200,0.9917067310877183,0.9268129972732936,-6.097627073675671e-05,2.220446049250313e-16,1.1102230246251565e-16
How do within-family activation hyperparameters tune the welfare-convergence tradeoff?,hyperparameter_shifted_log,c,2.00001,nrd,shifted_log,c,2.00001,0.5,3,3,3,1.0,64,True,900,0.9529405750060972,0.842384414460716,-3.6108072772433886e-05,True,100,0.9532395600480117,0.8420294590567355,-6.208306824168064e-05,1.1102230246251565e-16,1.1102230246251565e-16
How do within-family activation hyperparameters tune the welfare-convergence tradeoff?,hyperparameter_shifted_log,c,2.00001,nrd,shifted_log,c,2.00001,0.5,3,3,3,1.0,65,True,1500,0.9783180416893226,0.8730727009370699,-1.7203716251468215e-05,True,200,0.9788334387791018,0.8724454613720752,-6.156979348909131e-05,2.220446049250313e-16,2.220446049250313e-16
How do within-family activation hyperparameters tune the welfare-convergence tradeoff?,hyperparameter_shifted_log,c,2.00001,nrd,shifted_log,c,2.00001,0.5,3,3,3,1.0,66,True,1200,0.9851791440159662,0.8962222200630213,-2.3509709457525396e-05,True,300,0.9853281614554174,0.896064160228944,-6.139215005435128e-05,1.1102230246251565e-16,1.1102230246251565e-16
How do within-family activation hyperparameters tune the welfare-convergence tradeoff?,hyperparameter_shifted_log,c,2.00001,nrd,shifted_log,c,2.00001,0.5,3,3,3,1.0,67,True,1100,0.9801612761391523,0.8768566908574754,-3.098962290654095e-05,True,200,0.9807070481766699,0.8762244250633602,-6.156393542250393e-05,1.1102230246251565e-16,0.0
How do within-family activation hyperparameters tune the welfare-convergence tradeoff?,hyperparameter_shifted_log,c,2.00001,nrd,shifted_log,c,2.00001,0.5,3,3,3,1.0,68,True,1000,0.9849046038972795,0.8896099481589532,-3.20578778880698e-05,True,200,0.9847602847014917,0.8898311407332589,-6.126994078176073e-05,2.220446049250313e-16,0.0
How do within-family activation hyperparameters tune the welfare-convergence tradeoff?,hyperparameter_shifted_log,c,2.00001,nrd,shifted_log,c,2.00001,0.5,3,3,3,1.0,69,True,1200,0.9813803870887355,0.9176800637058503,-2.4410462150181722e-05,True,200,0.9817690182281873,0.9172405802596764,-6.111341164727335e-05,2.220446049250313e-16,0.0
How do within-family activation hyperparameters tune the welfare-convergence tradeoff?,hyperparameter_shifted_log,c,2.00001,nrd,shifted_log,c,2.00001,0.5,3,3,3,1.0,70,True,2100,0.972853532762444,0.9002246883592271,4.326356125849973e-06,True,500,0.9727523942475826,0.900487038373336,-6.10414895159117e-05,2.220446049250313e-16,0.0
How do within-family activation hyperparameters tune the welfare-convergence tradeoff?,hyperparameter_shifted_log,c,2.00001,nrd,shifted_log,c,2.00001,0.5,3,3,3,1.0,71,True,1000,0.9749466711788289,0.9125896486940697,-3.259065668431704e-05,True,200,0.9752582753625295,0.9122535401188346,-6.062865437445053e-05,2.220446049250313e-16,0.0
How do within-family activation hyperparameters tune the welfare-convergence tradeoff?,hyperparameter_shifted_log,c,2.00001,nrd,shifted_log,c,2.00001,0.5,3,3,3,1.0,72,True,1100,0.9715866152509651,0.9081212900721471,-3.0030689436577607e-05,True,200,0.9723854349718244,0.9071003519180382,-6.121285017796074e-05,2.220446049250313e-16,2.220446049250313e-16
How do within-family activation hyperparameters tune the welfare-convergence tradeoff?,hyperparameter_shifted_log,c,2.00001,nrd,shifted_log,c,2.00001,0.5,3,3,3,1.0,73,True,2300,0.9761709557897427,0.8917207400852787,1.2423508047310072e-05,True,500,0.9763610638451325,0.891537030730412,-6.097657050474492e-05,2.220446049250313e-16,1.1102230246251565e-16
How do within-family activation hyperparameters tune the welfare-convergence tradeoff?,hyperparameter_shifted_log,c,2.00001,nrd,shifted_log,c,2.00001,0.5,3,3,3,1.0,74,True,1200,0.9869421673290124,0.8957785171889885,-2.4469687692429964e-05,True,200,0.9871623483572831,0.8955290376644728,-6.14947426936796e-05,2.220446049250313e-16,2.220446049250313e-16
How do within-family activation hyperparameters tune the welfare-convergence tradeoff?,hyperparameter_shifted_log,c,2.00001,nrd,shifted_log,c,2.00001,0.5,3,3,3,1.0,75,True,1100,0.976633548346005,0.8625891282431106,-3.095901798083611e-05,True,200,0.9766118308931022,0.8627042729728606,-6.174582158630093e-05,1.1102230246251565e-16,1.1102230246251565e-16
How do within-family activation hyperparameters tune the welfare-convergence tradeoff?,hyperparameter_shifted_log,c,2.00001,nrd,shifted_log,c,2.00001,0.5,3,3,3,1.0,77,True,900,0.9871153708673863,0.8888589789563025,-3.543165767400103e-05,True,200,0.9875262327451685,0.8883475460029415,-6.134898331461303e-05,2.220446049250313e-16,1.1102230246251565e-16
How do within-family activation hyperparameters tune the welfare-convergence tradeoff?,hyperparameter_shifted_log,c,2.00001,nrd,shifted_log,c,2.00001,0.5,3,3,3,1.0,78,True,700,0.9871918817420635,0.9146122602837791,-3.963465575235192e-05,True,100,0.9872993967144664,0.9144814784266844,-6.0840383076854465e-05,1.1102230246251565e-16,2.220446049250313e-16
How do within-family activation hyperparameters tune the welfare-convergence tradeoff?,hyperparameter_shifted_log,c,2.00001,nrd,shifted_log,c,2.00001,0.5,3,3,3,1.0,76,True,1800,0.9555455868535245,0.8801569834016848,-3.6036706970166144e-06,True,400,0.9551405735484799,0.8806623032313698,-6.090345277970366e-05,2.220446049250313e-16,0.0
How do within-family activation hyperparameters tune the welfare-convergence tradeoff?,hyperparameter_shifted_log,c,2.00001,nrd,shifted_log,c,2.00001,0.5,3,3,3,1.0,80,True,1400,0.9809823765972908,0.9190958968236252,-1.852729172979739e-05,True,200,0.9813124401363018,0.9187507037352259,-6.083643282578377e-05,1.1102230246251565e-16,1.1102230246251565e-16
How do within-family activation hyperparameters tune the welfare-convergence tradeoff?,hyperparameter_shifted_log,c,2.00001,nrd,shifted_log,c,2.00001,0.5,3,3,3,1.0,79,True,1900,0.9629091774176991,0.8493091936598335,-4.018864618648976e-06,True,400,0.9636565170819781,0.8484339662997674,-6.210718103660806e-05,0.0,2.220446049250313e-16
How do within-family activation hyperparameters tune the welfare-convergence tradeoff?,hyperparameter_shifted_log,c,2.00001,nrd,shifted_log,c,2.00001,0.5,3,3,3,1.0,81,True,900,0.9683688304068736,0.8817569355715857,-3.330714321714279e-05,True,100,0.9686684980422318,0.8813998997557011,-6.108470885063388e-05,1.1102230246251565e-16,2.220446049250313e-16
How do within-family activation hyperparameters tune the welfare-convergence tradeoff?,hyperparameter_shifted_log,c,2.00001,nrd,shifted_log,c,2.00001,0.5,3,3,3,1.0,82,True,900,0.9636662980478454,0.8555547639029198,-3.2962851358786516e-05,True,200,0.9634666565059775,0.8558448531672171,-6.160326746695866e-05,1.1102230246251565e-16,1.1102230246251565e-16
How do within-family activation hyperparameters tune the welfare-convergence tradeoff?,hyperparameter_shifted_log,c,2.00001,nrd,shifted_log,c,2.00001,0.5,3,3,3,1.0,83,True,1100,0.9860280346772262,0.9491829502955742,-2.7862064882255844e-05,True,200,0.9865272198486178,0.9485315940259619,-6.0681189220201937e-05,1.1102230246251565e-16,2.220446049250313e-16
How do within-family activation hyperparameters tune the welfare-convergence tradeoff?,hyperparameter_shifted_log,c,2.00001,nrd,shifted_log,c,2.00001,0.5,3,3,3,1.0,84,True,900,0.9880039111634299,0.9546948577637915,-3.204340296653063e-05,True,200,0.9878849730175191,0.9548464996185039,-6.043392776655665e-05,1.1102230246251565e-16,1.1102230246251565e-16
How do within-family activation hyperparameters tune the welfare-convergence tradeoff?,hyperparameter_shifted_log,c,2.00001,nrd,shifted_log,c,2.00001,0.5,3,3,3,1.0,86,True,900,0.988203682217686,0.9093753343040097,-3.63755730188875e-05,True,200,0.9884097531676891,0.9091361019729117,-6.105624570051926e-05,2.220446049250313e-16,1.1102230246251565e-16
How do within-family activation hyperparameters tune the welfare-convergence tradeoff?,hyperparameter_shifted_log,c,2.00001,nrd,shifted_log,c,2.00001,0.5,3,3,3,1.0,85,True,1600,0.9901467928377112,0.8787316319441348,-1.0092666132610617e-05,True,300,0.9903002704492513,0.8785574902894396,-6.149098430136002e-05,2.220446049250313e-16,2.220446049250313e-16
How do within-family activation hyperparameters tune the welfare-convergence tradeoff?,hyperparameter_shifted_log,c,2.00001,nrd,shifted_log,c,2.00001,0.5,3,3,3,1.0,87,True,1000,0.9918812613152057,0.8761899113505912,-3.2239995301774904e-05,True,200,0.9918685764141995,0.876248140656798,-6.163335790726476e-05,2.220446049250313e-16,0.0
How do within-family activation hyperparameters tune the welfare-convergence tradeoff?,hyperparameter_shifted_log,c,2.00001,nrd,shifted_log,c,2.00001,0.5,3,3,3,1.0,89,True,1300,0.9874156460021274,0.8914594166283932,-2.249159649331256e-05,True,300,0.9875760456012052,0.8913079268114531,-6.143060168944947e-05,1.1102230246251565e-16,2.220446049250313e-16
How do within-family activation hyperparameters tune the welfare-convergence tradeoff?,hyperparameter_shifted_log,c,2.00001,nrd,shifted_log,c,2.00001,0.5,3,3,3,1.0,88,True,1100,0.983545881841788,0.9083494637584772,-2.664975676114345e-05,True,200,0.9838618991254429,0.9079685118606632,-6.097924055858961e-05,1.1102230246251565e-16,1.1102230246251565e-16
How do within-family activation hyperparameters tune the welfare-convergence tradeoff?,hyperparameter_shifted_log,c,2.00001,nrd,shifted_log,c,2.00001,0.5,3,3,3,1.0,90,True,900,0.9887250571710714,0.8941001807262269,-3.341495134651096e-05,True,100,0.9886761746452036,0.8941759198827798,-6.120014443750099e-05,2.220446049250313e-16,2.220446049250313e-16
How do within-family activation hyperparameters tune the welfare-convergence tradeoff?,hyperparameter_shifted_log,c,2.00001,nrd,shifted_log,c,2.00001,0.5,3,3,3,1.0,91,True,700,0.9810987825429445,0.8747054895363188,-3.952343144181247e-05,True,100,0.9810840242157682,0.8747356670911843,-6.157510419158019e-05,0.0,2.220446049250313e-16
How do within-family activation hyperparameters tune the welfare-convergence tradeoff?,hyperparameter_shifted_log,c,2.00001,nrd,shifted_log,c,2.00001,0.5,3,3,3,1.0,93,True,900,0.974195415563377,0.8177035892111512,-3.5458164170720785e-05,True,100,0.9743238588553379,0.817557487727972,-6.230480299906915e-05,0.0,2.220446049250313e-16
How do within-family activation hyperparameters tune the welfare-convergence tradeoff?,hyperparameter_shifted_log,c,2.00001,nrd,shifted_log,c,2.00001,0.5,3,3,3,1.0,92,True,2200,0.9809531115939214,0.9168459691410856,7.0119038172999915e-06,True,400,0.9815518025415416,0.9161501126859317,-6.103096472592773e-05,2.220446049250313e-16,2.220446049250313e-16
How do within-family activation hyperparameters tune the welfare-convergence tradeoff?,hyperparameter_shifted_log,c,2.00001,nrd,shifted_log,c,2.00001,0.5,3,3,3,1.0,94,True,1100,0.974276231238576,0.8815506270377557,-2.958100547506559e-05,True,100,0.9745960021743092,0.8811875789973561,-6.137465106242912e-05,2.220446049250313e-16,2.220446049250313e-16
How do within-family activation hyperparameters tune the welfare-convergence tradeoff?,hyperparameter_shifted_log,c,2.00001,nrd,shifted_log,c,2.00001,0.5,3,3,3,1.0,95,True,800,0.9891260804960593,0.9391142765627011,-3.667899773862615e-05,True,100,0.9891849432282235,0.9390581879964314,-6.074715775461481e-05,2.220446049250313e-16,1.1102230246251565e-16
How do within-family activation hyperparameters tune the welfare-convergence tradeoff?,hyperparameter_shifted_log,c,2.00001,nrd,shifted_log,c,2.00001,0.5,3,3,3,1.0,96,True,1100,0.9855759609578505,0.8991742126773797,-2.6643841639750754e-05,True,200,0.98544300685672,0.899398472596765,-6.125882358953838e-05,0.0,1.1102230246251565e-16
How do within-family activation hyperparameters tune the welfare-convergence tradeoff?,hyperparameter_shifted_log,c,2.00001,nrd,shifted_log,c,2.00001,0.5,3,3,3,1.0,97,True,1300,0.9693845023280503,0.85537387650769,-2.1728422119671187e-05,True,200,0.9697080527832556,0.8550485317813017,-6.145517196731731e-05,1.1102230246251565e-16,1.1102230246251565e-16
How do within-family activation hyperparameters tune the welfare-convergence tradeoff?,hyperparameter_shifted_log,c,2.00001,nrd,shifted_log,c,2.00001,0.5,3,3,3,1.0,99,True,800,0.989552763167252,0.9439598515832716,-3.6148868219287866e-05,True,100,0.9894665060681722,0.9440764091990798,-6.071493173781528e-05,1.1102230246251565e-16,1.1102230246251565e-16
How do within-family activation hyperparameters tune the welfare-convergence tradeoff?,hyperparameter_shifted_log,c,2.00001,nrd,shifted_log,c,2.00001,0.5,3,3,3,1.0,98,True,1400,0.9838415811101688,0.9062625446160751,-2.0416311982074387e-05,True,300,0.9843646790041252,0.9056382087167162,-6.127369510688929e-05,0.0,1.1102230246251565e-16
How do within-family activation hyperparameters tune the welfare-convergence tradeoff?,hyperparameter_shifted_log,c,2.1,nrd,shifted_log,c,2.1,0.5,3,3,3,1.0,0,True,1300,0.9815850820812084,0.8405928779581054,-2.128700648640347e-05,True,300,0.9819935416173544,0.8401303009098223,-5.9247211965596236e-05,0.0,1.1102230246251565e-16
How do within-family activation hyperparameters tune the welfare-convergence tradeoff?,hyperparameter_shifted_log,c,2.1,nrd,shifted_log,c,2.1,0.5,3,3,3,1.0,1,True,1000,0.9809856022576742,0.8982054124121298,-3.0101957120332035e-05,True,200,0.9809235326747309,0.8983234246744249,-5.893858973665678e-05,2.220446049250313e-16,1.1102230246251565e-16
How do within-family activation hyperparameters tune the welfare-convergence tradeoff?,hyperparameter_shifted_log,c,2.1,nrd,shifted_log,c,2.1,0.5,3,3,3,1.0,2,True,1200,0.9761887988332696,0.8993044279175498,-2.4321316235031976e-05,True,200,0.9768143020065078,0.8984408780958032,-5.8838167048602674e-05,2.220446049250313e-16,1.1102230246251565e-16
How do within-family activation hyperparameters tune the welfare-convergence tradeoff?,hyperparameter_shifted_log,c,2.1,nrd,shifted_log,c,2.1,0.5,3,3,3,1.0,3,True,1200,0.9920521091555745,0.9290629369321456,-2.430875437525737e-05,True,200,0.9925065582186586,0.9284334525965742,-5.8692113089453546e-05,1.1102230246251565e-16,2.220446049250313e-16
How do within-family activation hyperparameters tune the welfare-convergence tradeoff?,hyperparameter_shifted_log,c,2.1,nrd,shifted_log,c,2.1,0.5,3,3,3,1.0,4,True,1100,0.9764025435353941,0.9040878872266035,-2.6746918491971083e-05,True,200,0.976757313032578,0.9035685054287121,-5.886008335131976e-05,2.220446049250313e-16,2.220446049250313e-16
How do within-family activation hyperparameters tune the welfare-convergence tradeoff?,hyperparameter_shifted_log,c,2.1,nrd,shifted_log,c,2.1,0.5,3,3,3,1.0,5,True,1300,0.9748394757819658,0.870267676140457,-2.2672800619016886e-05,True,200,0.9756491464498785,0.869267096321846,-5.865229649071324e-05,2.220446049250313e-16,0.0
How do within-family activation hyperparameters tune the welfare-convergence tradeoff?,hyperparameter_shifted_log,c,2.1,nrd,shifted_log,c,2.1,0.5,3,3,3,1.0,6,True,800,0.9882927617990716,0.8404516444145864,-3.4547604553569755e-05,True,100,0.9881788733475882,0.8406688286691476,-5.948816001388746e-05,2.220446049250313e-16,0.0
How do within-family activation hyperparameters tune the welfare-convergence tradeoff?,hyperparameter_shifted_log,c,2.1,nrd,shifted_log,c,2.1,0.5,3,3,3,1.0,7,True,1500,0.9875981597679189,0.9125043225608772,-1.3667325706179234e-05,True,300,0.9878042420681552,0.9122387119513324,-5.8823127705331935e-05,1.1102230246251565e-16,1.1102230246251565e-16
How do within-family activation hyperparameters tune the welfare-convergence tradeoff?,hyperparameter_shifted_log,c,2.1,nrd,shifted_log,c,2.1,0.5,3,3,3,1.0,8,True,1100,0.9759988260352473,0.9006049205805131,-2.499974665837179e-05,True,200,0.9759916594194524,0.9006098945482655,-5.865102670032929e-05,0.0,2.220446049250313e-16
How do within-family activation hyperparameters tune the welfare-convergence tradeoff?,hyperparameter_shifted_log,c,2.1,nrd,shifted_log,c,2.1,0.5,3,3,3,1.0,9,True,1000,0.9784114286611977,0.8458672396605648,-3.284142796972089e-05,True,200,0.9784549265942862,0.8458993947394392,-5.9523121209381635e-05,1.1102230246251565e-16,2.220446049250313e-16
How do within-family activation hyperparameters tune the welfare-convergence tradeoff?,hyperparameter_shifted_log,c,2.1,nrd,shifted_log,c,2.1,0.5,3,3,3,1.0,10,True,1000,0.9823210714668045,0.8948793899767571,-3.163574545084202e-05,True,100,0.9827256130720003,0.894368511350228,-5.8813894017906154e-05,2.220446049250313e-16,1.1102230246251565e-16
How do within-family activation hyperparameters tune the welfare-convergence tradeoff?,hyperparameter_shifted_log,c,2.1,nrd,shifted_log,c,2.1,0.5,3,3,3,1.0,11,True,1200,0.9667016814886292,0.8774777931772109,-2.3708747700190713e-05,True,200,0.9673558064876595,0.8765693701778382,-5.887622148764704e-05,2.220446049250313e-16,1.1102230246251565e-16
How do within-family activation hyperparameters tune the welfare-convergence tradeoff?,hyperparameter_shifted_log,c,2.1,nrd,shifted_log,c,2.1,0.5,3,3,3,1.0,12,True,1300,0.9807148642288045,0.8879567358604369,-1.9069125174464574e-05,True,300,0.9809925331231745,0.8876147025616431,-5.887642724594633e-05,0.0,1.1102230246251565e-16
How do within-family activation hyperparameters tune the welfare-convergence tradeoff?,hyperparameter_shifted_log,c,2.1,nrd,shifted_log,c,2.1,0.5,3,3,3,1.0,14,True,600,0.9937477374905826,0.939405922544759,-4.018828530472085e-05,True,100,0.993591602932728,0.9396525720233496,-5.8547559819877026e-05,0.0,2.220446049250313e-16
How do within-family activation hyperparameters tune the welfare-convergence tradeoff?,hyperparameter_shifted_log,c,2.1,nrd,shifted_log,c,2.1,0.5,3,3,3,1.0,13,True,1500,0.983221816857755,0.8658284207217921,-1.2762741409599876e-05,True,300,0.9835092819282942,0.8654343194285629,-5.9507437249695094e-05,1.1102230246251565e-16,1.1102230246251565e-16
How do within-family activation hyperparameters tune the welfare-convergence tradeoff?,hyperparameter_shifted_log,c,2.1,nrd,shifted_log,c,2.1,0.5,3,3,3,1.0,15,True,1200,0.9855943678681258,0.8930242990860734,-2.634947329049897e-05,True,200,0.9860002729430986,0.8925536057625946,-5.8836409463969286e-05,0.0,1.1102230246251565e-16
How do within-family activation hyperparameters tune the welfare-convergence tradeoff?,hyperparameter_shifted_log,c,2.1,nrd,shifted_log,c,2.1,0.5,3,3,3,1.0,16,True,1000,0.9784153120541167,0.8444345319246596,-2.847555703372473e-05,True,200,0.979053095631188,0.8435589246484101,-5.970227502183345e-05,0.0,1.1102230246251565e-16
How do within-family activation hyperparameters tune the welfare-convergence tradeoff?,hyperparameter_shifted_log,c,2.1,nrd,shifted_log,c,2.1,0.5,3,3,3,1.0,17,True,1000,0.9775200834573362,0.8980628914727925,-2.8428563987936695e-05,True,200,0.9775056238767884,0.8981451238473969,-5.867923678437581e-05,1.1102230246251565e-16,2.220446049250313e-16
How do within-family activation hyperparameters tune the welfare-convergence tradeoff?,hyperparameter_shifted_log,c,2.1,nrd,shifted_log,c,2.1,0.5,3,3,3,1.0,18,True,1200,0.9886841516258397,0.8896329434249787,-2.396605918214556e-05,True,200,0.9889239646220003,0.8893394307546004,-5.923028157339694e-05,1.1102230246251565e-16,1.1102230246251565e-16
How do within-family activation hyperparameters tune the welfare-convergence tradeoff?,hyperparameter_shifted_log,c,2.1,nrd,shifted_log,c,2.1,0.5,3,3,3,1.0,19,True,1000,0.9869294692622876,0.9294073626395499,-3.109316202898338e-05,True,200,0.9873117059730148,0.928904413757893,-5.850306356036672e-05,2.220446049250313e-16,2.220446049250313e-16
How do within-family activation hyperparameters tune the welfare-convergence tradeoff?,hyperparameter_shifted_log,c,2.1,nrd,shifted_log,c,2.1,0.5,3,3,3,1.0,20,True,2400,0.9859260631190692,0.9094232161782224,1.6085867533988107e-05,True,500,0.9860783930989755,0.9092585085867849,-5.856191408615263e-05,0.0,2.220446049250313e-16
How do within-family activation hyperparameters tune the welfare-convergence tradeoff?,hyperparameter_shifted_log,c,2.1,nrd,shifted_log,c,2.1,0.5,3,3,3,1.0,21,True,1400,0.9783244375466635,0.9006069715729753,-1.5252218520389604e-05,True,300,0.9784079966816729,0.900526059477083,-5.874449731951836e-05,2.220446049250313e-16,1.1102230246251565e-16
How do within-family activation hyperparameters tune the welfare-convergence tradeoff?,hyperparameter_shifted_log,c,2.1,nrd,shifted_log,c,2.1,0.5,3,3,3,1.0,23,True,1200,0.9894238424544416,0.9444379387444645,-2.3231871951800986e-05,True,200,0.9895712908470211,0.9442407986971216,-5.8590605411135144e-05,1.1102230246251565e-16,1.1102230246251565e-16
How do within-family activation hyperparameters tune the welfare-convergence tradeoff?,hyperparameter_shifted_log,c,2.1,nrd,shifted_log,c,2.1,0.5,3,3,3,1.0,22,True,2700,0.98241134057689,0.9330785707692352,2.567444355389137e-05,True,600,0.9825144336066084,0.9329700218088663,-5.8234104271748244e-05,0.0,2.220446049250313e-16
How do within-family activation hyperparameters tune the welfare-convergence tradeoff?,hyperparameter_shifted_log,c,2.1,nrd,shifted_log,c,2.1,0.5,3,3,3,1.0,24,True,1400,0.9918669456821441,0.9206265741100247,-1.5840054757243482e-05,True,300,0.9919650684507328,0.9205303677771312,-5.876081189543081e-05,0.0,1.1102230246251565e-16
How do within-family activation hyperparameters tune the welfare-convergence tradeoff?,hyperparameter_shifted_log,c,2.1,nrd,shifted_log,c,2.1,0.5,3,3,3,1.0,25,True,1400,0.9647404777387746,0.8500076635684032,-1.8532609805610445e-05,True,200,0.9656572329982387,0.8487283321763944,-5.946148478264135e-05,1.1102230246251565e-16,1.1102230246251565e-16
How do within-family activation hyperparameters tune the welfare-convergence tradeoff?,hyperparameter_shifted_log,c,2.1,nrd,shifted_log,c,2.1,0.5,3,3,3,1.0,26,True,1200,0.9907379586740716,0.9042804299134009,-2.2485339630951007e-05,True,200,0.9909851452264495,0.9039546341873717,-5.9035464329781906e-05,1.1102230246251565e-16,1.1102230246251565e-16
How do within-family activation hyperparameters tune the welfare-convergence tradeoff?,hyperparameter_shifted_log,c,2.1,nrd,shifted_log,c,2.1,0.5,3,3,3,1.0,27,True,1300,0.975991276503934,0.8932738736995748,-2.0101371264569234e-05,True,300,0.9764872832868781,0.892623716280736,-5.869840937366977e-05,1.1102230246251565e-16,2.220446049250313e-16
How do within-family activation hyperparameters tune the welfare-convergence tradeoff?,hyperparameter_shifted_log,c,2.1,nrd,shifted_log,c,2.1,0.5,3,3,3,1.0,28,True,2100,0.9700458836246918,0.8795042753122949,6.662557869407948e-06,True,500,0.9703198538104421,0.8791733520137027,-5.916502100911103e-05,1.1102230246251565e-16,2.220446049250313e-16
How do within-family activation hyperparameters tune the welfare-convergence tradeoff?,hyperparameter_shifted_log,c,2.1,nrd,shifted_log,c,2.1,0.5,3,3,3,1.0,29,True,1300,0.971989557358178,0.8730924763029027,-2.1700278501513015e-05,True,200,0.9730436396080051,0.871660437222542,-5.899774814405179e-05,1.1102230246251565e-16,1.1102230246251565e-16
How do within-family activation hyperparameters tune the welfare-convergence tradeoff?,hyperparameter_shifted_log,c,2.1,nrd,shifted_log,c,2.1,0.5,3,3,3,1.0,30,True,1100,0.982040706445876,0.9271306695821254,-2.628273536475767e-05,True,200,0.9825291639798055,0.9264537635459007,-5.855332716453443e-05,1.1102230246251565e-16,2.220446049250313e-16
How do within-family activation hyperparameters tune the welfare-convergence tradeoff?,hyperparameter_shifted_log,c,2.1,nrd,shifted_log,c,2.1,0.5,3,3,3,1.0,31,True,1500,0.981730046809953,0.8885611365590952,-1.1782236090052134e-05,True,300,0.9821889046028146,0.8879672177177252,-5.9285839332623436e-05,0.0,0.0
How do within-family activation hyperparameters tune the welfare-convergence tradeoff?,hyperparameter_shifted_log,c,2.1,nrd,shifted_log,c,2.1,0.5,3,3,3,1.0,32,True,1000,0.9841661309052419,0.9159873245887891,-3.0173627428020655e-05,True,100,0.9841345483454004,0.9160259432681735,-5.872719302096874e-05,1.1102230246251565e-16,2.220446049250313e-16
How do within-family activation hyperparameters tune the welfare-convergence tradeoff?,hyperparameter_shifted_log,c,2.1,nrd,shifted_log,c,2.1,0.5,3,3,3,1.0,33,True,1300,0.982522905854596,0.901631436669831,-1.7833744500761473e-05,True,300,0.9822069117554718,0.9021250459947954,-5.872402611573069e-05,1.1102230246251565e-16,1.1102230246251565e-16
How do within-family activation hyperparameters tune the welfare-convergence tradeoff?,hyperparameter_shifted_log,c,2.1,nrd,shifted_log,c,2.1,0.5,3,3,3,1.0,34,True,900,0.9792983504041028,0.870056173062819,-3.37820012832335e-05,True,100,0.9796341744111712,0.8696837291124607,-5.8935919378444446e-05,0.0,1.1102230246251565e-16
How do within-family activation hyperparameters tune the welfare-convergence tradeoff?,hyperparameter_shifted_log,c,2.1,nrd,shifted_log,c,2.1,0.5,3,3,3,1.0,36,True,900,0.990628495136524,0.919074426491302,-3.179978955453189e-05,True,200,0.9905676593974431,0.9192217427802808,-5.872912235427297e-05,2.220446049250313e-16,1.1102230246251565e-16
How do within-family activation hyperparameters tune the welfare-convergence tradeoff?,hyperparameter_shifted_log,c,2.1,nrd,shifted_log,c,2.1,0.5,3,3,3,1.0,35,True,2400,0.9746152237133883,0.8211552184051568,1.5602430619654495e-05,True,500,0.9748730191544754,0.8208951264411156,-5.962956854588253e-05,1.1102230246251565e-16,1.1102230246251565e-16
How do within-family activation hyperparameters tune the welfare-convergence tradeoff?,hyperparameter_shifted_log,c,2.1,nrd,shifted_log,c,2.1,0.5,3,3,3,1.0,37,True,1200,0.9640094930506256,0.8612983381494635,-2.470392345454986e-05,True,200,0.9642963388911538,0.8609777085389304,-5.897507924917944e-05,0.0,1.1102230246251565e-16
How do within-family activation hyperparameters tune the welfare-convergence tradeoff?,hyperparameter_shifted_log,c,2.1,nrd,shifted_log,c,2.1,0.5,3,3,3,1.0,38,True,1700,0.989469564256122,0.9376590947831348,-5.998766198167527e-06,True,400,0.9895244613613059,0.9376072209082092,-5.849939170199381e-05,1.1102230246251565e-16,1.1102230246251565e-16
How do within-family activation hyperparameters tune the welfare-convergence tradeoff?,hyperparameter_shifted_log,c,2.1,nrd,shifted_log,c,2.1,0.5,3,3,3,1.0,39,True,1000,0.9904194504162744,0.913024642948184,-2.828437898783065e-05,True,200,0.9907110446728418,0.9126271357834312,-5.875791645904016e-05,1.1102230246251565e-16,1.1102230246251565e-16
How do within-family activation hyperparameters tune the welfare-convergence tradeoff?,hyperparameter_shifted_log,c,2.1,nrd,shifted_log,c,2.1,0.5,3,3,3,1.0,40,True,900,0.9681827327006226,0.861806942749524,-3.232424527260802e-05,True,200,0.9679538852531946,0.8621805046216883,-5.871879868174501e-05,0.0,2.220446049250313e-16
How do within-family activation hyperparameters tune the welfare-convergence tradeoff?,hyperparameter_shifted_log,c,2.1,nrd,shifted_log,c,2.1,0.5,3,3,3,1.0,41,True,800,0.9935149533351727,0.9084088966702272,-3.49018251426525e-05,True,200,0.9936777083710426,0.9081947147591842,-5.882185241240512e-05,0.0,2.220446049250313e-16
How do within-family activation hyperparameters tune the welfare-convergence tradeoff?,hyperparameter_shifted_log,c,2.1,nrd,shifted_log,c,2.1,0.5,3,3,3,1.0,42,True,900,0.9811534070206933,0.887046491691045,-3.444505500110884e-05,True,200,0.9812414463658112,0.8869837589557518,-5.911548899206753e-05,1.1102230246251565e-16,1.1102230246251565e-16
How do within-family activation hyperparameters tune the welfare-convergence tradeoff?,hyperparameter_shifted_log,c,2.1,nrd,shifted_log,c,2.1,0.5,3,3,3,1.0,43,True,1300,0.964684622278301,0.8390973472512634,-2.2544537527480202e-05,True,200,0.9651489235717298,0.8385515029325963,-5.944436630950234e-05,1.1102230246251565e-16,1.1102230246251565e-16
How do within-family activation hyperparameters tune the welfare-convergence tradeoff?,hyperparameter_shifted_log,c,2.1,nrd,shifted_log,c,2.1,0.5,3,3,3,1.0,44,True,1000,0.9680791460690051,0.8466490129556452,-3.160380263084184e-05,True,200,0.9686860537038069,0.845820038162442,-5.9505828429062824e-05,0.0,1.1102230246251565e-16
How do within-family activation hyperparameters tune the welfare-convergence tradeoff?,hyperparameter_shifted_log,c,2.1,nrd,shifted_log,c,2.1,0.5,3,3,3,1.0,45,True,600,0.9941668845580726,0.9710476002465516,-4.1389554704895914e-05,True,100,0.9942828481640644,0.9708781285525786,-5.821617830803483e-05,2.220446049250313e-16,1.1102230246251565e-16
How do within-family activation hyperparameters tune the welfare-convergence tradeoff?,hyperparameter_shifted_log,c,2.1,nrd,shifted_log,c,2.1,0.5,3,3,3,1.0,46,True,1300,0.9852293404894951,0.8903626869730621,-1.920580977538e-05,True,300,0.985465682822694,0.8901190275384119,-5.8945574823277e-05,2.220446049250313e-16,2.220446049250313e-16
How do within-family activation hyperparameters tune the welfare-convergence tradeoff?,hyperparameter_shifted_log,c,2.1,nrd,shifted_log,c,2.1,0.5,3,3,3,1.0,47,True,1100,0.9891522002184376,0.9384229138333054,-2.6350782474982015e-05,True,200,0.9893680512782843,0.9381241477565915,-5.860385971956372e-05,2.220446049250313e-16,2.220446049250313e-16
How do within-family activation hyperparameters tune the welfare-convergence tradeoff?,hyperparameter_shifted_log,c,2.1,nrd,shifted_log,c,2.1,0.5,3,3,3,1.0,48,True,800,0.9861615485457133,0.9100014793547806,-3.624062029750075e-05,True,100,0.9858262386543348,0.9104873632072978,-5.8622191787760514e-05,2.220446049250313e-16,2.220446049250313e-16
How do within-family activation hyperparameters tune the welfare-convergence tradeoff?,hyperparameter_shifted_log,c,2.1,nrd,shifted_log,c,2.1,0.5,3,3,3,1.0,49,True,1100,0.9860845521373216,0.8663553592009521,-2.8278335729547965e-05,True,200,0.9862118145920858,0.8662080919228435,-5.904494504022084e-05,2.220446049250313e-16,0.0
How do within-family activation hyperparameters tune the welfare-convergence tradeoff?,hyperparameter_shifted_log,c,2.1,nrd,shifted_log,c,2.1,0.5,3,3,3,1.0,50,True,1000,0.9873959266066284,0.8601182541484094,-2.964054814486028e-05,True,200,0.987539112880843,0.8599903668415564,-5.940130651371778e-05,2.220446049250313e-16,0.0
How do within-family activation hyperparameters tune the welfare-convergence tradeoff?,hyperparameter_shifted_log,c,2.1,nrd,shifted_log,c,2.1,0.5,3,3,3,1.0,51,True,900,0.988490479951486,0.8914923422805536,-3.2399225549872845e-05,True,100,0.9887196115188943,0.8912130147268611,-5.9138535194624975e-05,2.220446049250313e-16,2.220446049250313e-16
How do within-family activation hyperparameters tune the welfare-convergence tradeoff?,hyperparameter_shifted_log,c,2.1,nrd,shifted_log,c,2.1,0.5,3,3,3,1.0,52,True,1500,0.9871645475279819,0.8555209874296796,-1.3636962751084614e-05,True,300,0.9876828508367332,0.8549460708472568,-5.9325464737247646e-05,1.1102230246251565e-16,0.0
How do within-family activation hyperparameters tune the welfare-convergence tradeoff?,hyperparameter_shifted_log,c,2.1,nrd,shifted_log,c,2.1,0.5,3,3,3,1.0,53,True,1000,0.9790475155998501,0.8971995478656414,-2.8534121765566578e-05,True,200,0.9793360457310339,0.8968225493398497,-5.904542841816962e-05,0.0,1.1102230246251565e-16
How do within-family activation hyperparameters tune the welfare-convergence tradeoff?,hyperparameter_shifted_log,c,2.1,nrd,shifted_log,c,2.1,0.5,3,3,3,1.0,54,True,1000,0.9816007000428872,0.8830460001678951,-3.020784726198711e-05,True,200,0.9821712837923358,0.882263069336792,-5.8984412559526245e-05,0.0,0.0
How do within-family activation hyperparameters tune the welfare-convergence tradeoff?,hyperparameter_shifted_log,c,2.1,nrd,shifted_log,c,2.1,0.5,3,3,3,1.0,55,True,1200,0.983814230414146,0.8816899270419638,-2.3554261412261912e-05,True,200,0.9838848346956707,0.8816050776886097,-5.910099545280989e-05,1.1102230246251565e-16,1.1102230246251565e-16
How do within-family activation hyperparameters tune the welfare-convergence tradeoff?,hyperparameter_shifted_log,c,2.1,nrd,shifted_log,c,2.1,0.5,3,3,3,1.0,57,True,1000,0.9915446154171806,0.89644344935923,-2.8627001926684326e-05,True,200,0.9916801298349238,0.8962814216408445,-5.9169273182113624e-05,0.0,2.220446049250313e-16
How do within-family activation hyperparameters tune the welfare-convergence tradeoff?,hyperparameter_shifted_log,c,2.1,nrd,shifted_log,c,2.1,0.5,3,3,3,1.0,56,True,3300,0.9913355655200782,0.9112390204449313,4.567444112024699e-05,True,800,0.9914615962966122,0.9112007535547993,-5.671283453873022e-05,0.0,1.1102230246251565e-16
How do within-family activation hyperparameters tune the welfare-convergence tradeoff?,hyperparameter_shifted_log,c,2.1,nrd,shifted_log,c,2.1,0.5,3,3,3,1.0,58,True,1000,0.9766913920062341,0.8727467456544877,-3.119682442370708e-05,True,200,0.9772783538756552,0.8719134820909207,-5.9185041585751996e-05,1.1102230246251565e-16,0.0
How do within-family activation hyperparameters tune the welfare-convergence tradeoff?,hyperparameter_shifted_log,c,2.1,nrd,shifted_log,c,2.1,0.5,3,3,3,1.0,59,True,1600,0.977637130016412,0.8526454035832236,-1.0953877381647548e-05,True,300,0.9782364858824054,0.851922618929959,-5.9281701557833966e-05,1.1102230246251565e-16,2.220446049250313e-16
How do within-family activation hyperparameters tune the welfare-convergence tradeoff?,hyperparameter_shifted_log,c,2.1,nrd,shifted_log,c,2.1,0.5,3,3,3,1.0,61,True,700,0.9847968252506132,0.9099859388332661,-3.985269628103971e-05,True,100,0.984744978645918,0.9100985179705754,-5.884524929827828e-05,2.220446049250313e-16,0.0
How do within-family activation hyperparameters tune the welfare-convergence tradeoff?,hyperparameter_shifted_log,c,2.1,nrd,shifted_log,c,2.1,0.5,3,3,3,1.0,60,True,1800,0.9803439160752465,0.9112511863230829,-5.362680284393129e-06,True,300,0.980561941833063,0.9110240225142122,-5.8951177104360486e-05,1.1102230246251565e-16,1.1102230246251565e-16
How do within-family activation hyperparameters tune the welfare-convergence tradeoff?,hyperparameter_shifted_log,c,2.1,nrd,shifted_log,c,2.1,0.5,3,3,3,1.0,62,True,700,0.9748384367364958,0.8892660614309918,-3.803481797221009e-05,True,100,0.974459634780811,0.8898240123210446,-5.9123457686494074e-05,0.0,2.220446049250313e-16
How do within-family activation hyperparameters tune the welfare-convergence tradeoff?,hyperparameter_shifted_log,c,2.1,nrd,shifted_log,c,2.1,0.5,3,3,3,1.0,63,True,1200,0.9927698786010734,0.9253158039755244,-2.2789838898473747e-05,True,200,0.992931366569595,0.9250986674505676,-5.8718060879592304e-05,1.1102230246251565e-16,2.220446049250313e-16
How do within-family activation hyperparameters tune the welfare-convergence tradeoff?,hyperparameter_shifted_log,c,2.1,nrd,shifted_log,c,2.1,0.5,3,3,3,1.0,64,True,900,0.9596687823309371,0.8333712884289036,-3.300638750153295e-05,True,100,0.9599899902577094,0.8329404925622582,-5.974494770233374e-05,2.220446049250313e-16,1.1102230246251565e-16
How do within-family activation hyperparameters tune the welfare-convergence tradeoff?,hyperparameter_shifted_log,c,2.1,nrd,shifted_log,c,2.1,0.5,3,3,3,1.0,65,True,1500,0.9813971360683795,0.868928156111178,-1.2785996006181577e-05,True,300,0.9819281841479589,0.8682017070147658,-5.924498774945164e-05,2.220446049250313e-16,1.1102230246251565e-16
How do within-family activation hyperparameters tune the welfare-convergence tradeoff?,hyperparameter_shifted_log,c,2.1,nrd,shifted_log,c,2.1,0.5,3,3,3,1.0,66,True,1300,0.9873332709987368,0.8932050500585612,-1.93985159826493e-05,True,300,0.9874915785622677,0.893013013940929,-5.908489083966684e-05,1.1102230246251565e-16,2.220446049250313e-16
How do within-family activation hyperparameters tune the welfare-convergence tradeoff?,hyperparameter_shifted_log,c,2.1,nrd,shifted_log,c,2.1,0.5,3,3,3,1.0,67,True,1100,0.9830116601916681,0.8730648713505097,-2.7239270862289278e-05,True,200,0.9835561942088826,0.8723522377844383,-5.923567130572405e-05,1.1102230246251565e-16,1.1102230246251565e-16
How do within-family activation hyperparameters tune the welfare-convergence tradeoff?,hyperparameter_shifted_log,c,2.1,nrd,shifted_log,c,2.1,0.5,3,3,3,1.0,68,True,1000,0.9871320268082402,0.886496883311365,-2.9151044520947522e-05,True,200,0.986998678040648,0.88672722768216,-5.897574333435518e-05,1.1102230246251565e-16,2.220446049250313e-16
How do within-family activation hyperparameters tune the welfare-convergence tradeoff?,hyperparameter_shifted_log,c,2.1,nrd,shifted_log,c,2.1,0.5,3,3,3,1.0,69,True,1300,0.9840543716989438,0.9139436092732535,-1.9011076135999616e-05,True,300,0.9844509263467562,0.9134374686808283,-5.8865337421443176e-05,0.0,1.1102230246251565e-16
How do within-family activation hyperparameters tune the welfare-convergence tradeoff?,hyperparameter_shifted_log,c,2.1,nrd,shifted_log,c,2.1,0.5,3,3,3,1.0,70,True,2300,0.9767805496149968,0.8947724193765562,1.1631470432371671e-05,True,500,0.9767100249121708,0.8950213202820487,-5.8788959302780164e-05,1.1102230246251565e-16,0.0
How do within-family activation hyperparameters tune the welfare-convergence tradeoff?,hyperparameter_shifted_log,c,2.1,nrd,shifted_log,c,2.1,0.5,3,3,3,1.0,71,True,1000,0.9785061747941497,0.9078580822191706,-2.912881781230725e-05,True,200,0.9788314615400264,0.9074620091298469,-5.8412654503459116e-05,2.220446049250313e-16,1.1102230246251565e-16
How do within-family activation hyperparameters tune the welfare-convergence tradeoff?,hyperparameter_shifted_log,c,2.1,nrd,shifted_log,c,2.1,0.5,3,3,3,1.0,72,True,1100,0.9756030077673192,0.9026604865721471,-2.5919933539564344e-05,True,200,0.9764152795017133,0.9014953923134176,-5.895457838578366e-05,1.1102230246251565e-16,2.220446049250313e-16
How do within-family activation hyperparameters tune the welfare-convergence tradeoff?,hyperparameter_shifted_log,c,2.1,nrd,shifted_log,c,2.1,0.5,3,3,3,1.0,73,True,2500,0.9795889174639684,0.8871752656861626,1.850478393899957e-05,True,600,0.979793699470937,0.8869521403367145,-5.871106802263215e-05,0.0,0.0
How do within-family activation hyperparameters tune the welfare-convergence tradeoff?,hyperparameter_shifted_log,c,2.1,nrd,shifted_log,c,2.1,0.5,3,3,3,1.0,74,True,1300,0.9888288793923308,0.893167912471044,-1.8850779880841273e-05,True,300,0.989063242045614,0.8928682356723506,-5.917621501166925e-05,2.220446049250313e-16,1.1102230246251565e-16
How do within-family activation hyperparameters tune the welfare-convergence tradeoff?,hyperparameter_shifted_log,c,2.1,nrd,shifted_log,c,2.1,0.5,3,3,3,1.0,75,True,1100,0.9800377164941678,0.8579365054844558,-2.7328200138954095e-05,True,200,0.9800253167072748,0.8580432999541513,-5.937620259371945e-05,2.220446049250313e-16,1.1102230246251565e-16
How do within-family activation hyperparameters tune the welfare-convergence tradeoff?,hyperparameter_shifted_log,c,2.1,nrd,shifted_log,c,2.1,0.5,3,3,3,1.0,76,True,1900,0.9619362721196382,0.871654695435152,7.161586879078641e-10,True,400,0.9615541145588977,0.8721935366934536,-5.867458038655293e-05,0.0,2.220446049250313e-16
How do within-family activation hyperparameters tune the welfare-convergence tradeoff?,hyperparameter_shifted_log,c,2.1,nrd,shifted_log,c,2.1,0.5,3,3,3,1.0,77,True,900,0.9889581543924344,0.8863484138780532,-3.2208990885906896e-05,True,200,0.9893676464541463,0.8857752127831654,-5.9041538967741225e-05,2.220446049250313e-16,2.220446049250313e-16
How do within-family activation hyperparameters tune the welfare-convergence tradeoff?,hyperparameter_shifted_log,c,2.1,nrd,shifted_log,c,2.1,0.5,3,3,3,1.0,78,True,800,0.9890582136522875,0.9120347366197356,-3.7002788902895656e-05,True,100,0.9891674100078371,0.9118853158602352,-5.8667004009360646e-05,0.0,2.220446049250313e-16
How do within-family activation hyperparameters tune the welfare-convergence tradeoff?,hyperparameter_shifted_log,c,2.1,nrd,shifted_log,c,2.1,0.5,3,3,3,1.0,80,True,1500,0.9836854403730974,0.9154324634423906,-1.2966525361313153e-05,True,300,0.9840376695319931,0.9150139579166767,-5.860925303363684e-05,2.220446049250313e-16,2.220446049250313e-16
How do within-family activation hyperparameters tune the welfare-convergence tradeoff?,hyperparameter_shifted_log,c,2.1,nrd,shifted_log,c,2.1,0.5,3,3,3,1.0,79,True,2000,0.9681761361279956,0.8423393546222971,1.6013601890074725e-06,True,400,0.968943364109348,0.8413286974483954,-5.973314353063808e-05,1.1102230246251565e-16,1.1102230246251565e-16
How do within-family activation hyperparameters tune the welfare-convergence tradeoff?,hyperparameter_shifted_log,c,2.1,nrd,shifted_log,c,2.1,0.5,3,3,3,1.0,81,True,1000,0.9729088289683777,0.8756016860557061,-3.0234989298383308e-05,True,100,0.9732169468399915,0.875188041071401,-5.882539256074626e-05,1.1102230246251565e-16,2.220446049250313e-16
How do within-family activation hyperparameters tune the welfare-convergence tradeoff?,hyperparameter_shifted_log,c,2.1,nrd,shifted_log,c,2.1,0.5,3,3,3,1.0,82,True,1000,0.9689520339163253,0.8483240199356996,-3.059943618627381e-05,True,200,0.9687681027130502,0.8486256671851339,-5.928649642489292e-05,1.1102230246251565e-16,0.0
How do within-family activation hyperparameters tune the welfare-convergence tradeoff?,hyperparameter_shifted_log,c,2.1,nrd,shifted_log,c,2.1,0.5,3,3,3,1.0,83,True,1200,0.988013120002331,0.9464348951635778,-2.396379989566544e-05,True,200,0.9885116763438301,0.9457050884997624,-5.848015402210027e-05,2.220446049250313e-16,1.1102230246251565e-16
How do within-family activation hyperparameters tune the welfare-convergence tradeoff?,hyperparameter_shifted_log,c,2.1,nrd,shifted_log,c,2.1,0.5,3,3,3,1.0,84,True,1000,0.989769702999539,0.952205386169779,-2.963397119615241e-05,True,200,0.989658322283738,0.9523664390533112,-5.825095979378192e-05,1.1102230246251565e-16,2.220446049250313e-16
How do within-family activation hyperparameters tune the welfare-convergence tradeoff?,hyperparameter_shifted_log,c,2.1,nrd,shifted_log,c,2.1,0.5,3,3,3,1.0,86,True,900,0.9899025441505915,0.9070789571917702,-3.313330829590733e-05,True,200,0.9901105045019555,0.9068072267451625,-5.877772588813723e-05,1.1102230246251565e-16,1.1102230246251565e-16
How do within-family activation hyperparameters tune the welfare-convergence tradeoff?,hyperparameter_shifted_log,c,2.1,nrd,shifted_log,c,2.1,0.5,3,3,3,1.0,85,True,1800,0.9915693621287105,0.876760267345991,-4.987306893855514e-06,True,400,0.9917312397681266,0.8765532986694953,-5.9148912373518936e-05,0.0,1.1102230246251565e-16
How do within-family activation hyperparameters tune the welfare-convergence tradeoff?,hyperparameter_shifted_log,c,2.1,nrd,shifted_log,c,2.1,0.5,3,3,3,1.0,87,True,1000,0.9930957780698114,0.8745373290182138,-2.949487017378516e-05,True,200,0.9930895024618888,0.8745918622780513,-5.927142639594596e-05,0.0,0.0
How do within-family activation hyperparameters tune the welfare-convergence tradeoff?,hyperparameter_shifted_log,c,2.1,nrd,shifted_log,c,2.1,0.5,3,3,3,1.0,88,True,1200,0.9859084583642509,0.9051454620257248,-2.3483084138076205e-05,True,200,0.9862275283534889,0.9047126777027263,-5.8724773996599033e-05,1.1102230246251565e-16,1.1102230246251565e-16
How do within-family activation hyperparameters tune the welfare-convergence tradeoff?,hyperparameter_shifted_log,c,2.1,nrd,shifted_log,c,2.1,0.5,3,3,3,1.0,90,True,1000,0.9903961823870074,0.8918880917089297,-3.0518079658203856e-05,True,200,0.9903575316461528,0.8919596449558979,-5.890011793718841e-05,1.1102230246251565e-16,2.220446049250313e-16
How do within-family activation hyperparameters tune the welfare-convergence tradeoff?,hyperparameter_shifted_log,c,2.1,nrd,shifted_log,c,2.1,0.5,3,3,3,1.0,89,True,1400,0.9892346605422011,0.8889430765045757,-1.7016043450723828e-05,True,300,0.9894096537554574,0.8887506221489363,-5.910999594987976e-05,2.220446049250313e-16,2.220446049250313e-16
How do within-family activation hyperparameters tune the welfare-convergence tradeoff?,hyperparameter_shifted_log,c,2.1,nrd,shifted_log,c,2.1,0.5,3,3,3,1.0,91,True,800,0.9838686187238509,0.8708761141602758,-3.692584294950896e-05,True,100,0.9838608343917793,0.870900109505181,-5.929358517864358e-05,1.1102230246251565e-16,2.220446049250313e-16
How do within-family activation hyperparameters tune the welfare-convergence tradeoff?,hyperparameter_shifted_log,c,2.1,nrd,shifted_log,c,2.1,0.5,3,3,3,1.0,93,True,900,0.9779150845123329,0.8129004072066014,-3.213638567728383e-05,True,200,0.9780560241976184,0.8127183572295196,-5.987428513343218e-05,1.1102230246251565e-16,1.1102230246251565e-16
How do within-family activation hyperparameters tune the welfare-convergence tradeoff?,hyperparameter_shifted_log,c,2.1,nrd,shifted_log,c,2.1,0.5,3,3,3,1.0,92,True,2400,0.9836232801010842,0.913215821425411,1.4696515832801627e-05,True,500,0.9842554194550655,0.9123929773966881,-5.8767007521831616e-05,2.220446049250313e-16,0.0
How do within-family activation hyperparameters tune the welfare-convergence tradeoff?,hyperparameter_shifted_log,c,2.1,nrd,shifted_log,c,2.1,0.5,3,3,3,1.0,94,True,1100,0.9779779045106418,0.8765522680727695,-2.5921954538044023e-05,True,200,0.978307977819123,0.8761282245370102,-5.905949895218532e-05,2.220446049250313e-16,2.220446049250313e-16
How do within-family activation hyperparameters tune the welfare-convergence tradeoff?,hyperparameter_shifted_log,c,2.1,nrd,shifted_log,c,2.1,0.5,3,3,3,1.0,95,True,800,0.9907142690794425,0.9368804504507717,-3.429808784627397e-05,True,200,0.9907774114792534,0.936810947611773,-5.851844056825595e-05,0.0,0.0
How do within-family activation hyperparameters tune the welfare-convergence tradeoff?,hyperparameter_shifted_log,c,2.1,nrd,shifted_log,c,2.1,0.5,3,3,3,1.0,96,True,1200,0.9877015774657981,0.8961969801813395,-2.2864635410124734e-05,True,200,0.9875813480297627,0.8964287216708048,-5.893995773997851e-05,1.1102230246251565e-16,2.220446049250313e-16
How do within-family activation hyperparameters tune the welfare-convergence tradeoff?,hyperparameter_shifted_log,c,2.1,nrd,shifted_log,c,2.1,0.5,3,3,3,1.0,97,True,1400,0.9737448964983236,0.8496191779990889,-1.743307858892429e-05,True,200,0.9740937574589521,0.8492173234045767,-5.9142321188143665e-05,1.1102230246251565e-16,0.0
How do within-family activation hyperparameters tune the welfare-convergence tradeoff?,hyperparameter_shifted_log,c,2.1,nrd,shifted_log,c,2.1,0.5,3,3,3,1.0,98,True,1400,0.9861369587150784,0.9031077136184754,-1.6308288219912814e-05,True,300,0.986668982825165,0.9023918985224073,-5.898036940582552e-05,1.1102230246251565e-16,1.1102230246251565e-16
How do within-family activation hyperparameters tune the welfare-convergence tradeoff?,hyperparameter_shifted_log,c,2.1,nrd,shifted_log,c,2.1,0.5,3,3,3,1.0,99,True,800,0.9910936094981666,0.9417733711648401,-3.374033245928665e-05,True,100,0.9910142110803892,0.9418949298225611,-5.849603561430827e-05,2.220446049250313e-16,1.1102230246251565e-16
How do within-family activation hyperparameters tune the welfare-convergence tradeoff?,hyperparameter_shifted_log,c,2.5,nrd,shifted_log,c,2.5,0.5,3,3,3,1.0,1,True,1100,0.9891977940264566,0.8834209162004454,-2.24390284717102e-05,True,200,0.9891675394556632,0.8835220860365318,-5.3062142783000255e-05,1.1102230246251565e-16,0.0
How do within-family activation hyperparameters tune the welfare-convergence tradeoff?,hyperparameter_shifted_log,c,2.5,nrd,shifted_log,c,2.5,0.5,3,3,3,1.0,0,True,1600,0.9893374913333984,0.8274604175152783,-6.935512849914893e-06,True,300,0.9897973488996851,0.826667103410505,-5.318933986719898e-05,0.0,0.0
How do within-family activation hyperparameters tune the welfare-convergence tradeoff?,hyperparameter_shifted_log,c,2.5,nrd,shifted_log,c,2.5,0.5,3,3,3,1.0,2,True,1400,0.9861796502133119,0.8819086810830264,-1.2900864627518605e-05,True,200,0.9868050159817242,0.8806355780480607,-5.299667750585657e-05,2.220446049250313e-16,1.1102230246251565e-16
How do within-family activation hyperparameters tune the welfare-convergence tradeoff?,hyperparameter_shifted_log,c,2.5,nrd,shifted_log,c,2.5,0.5,3,3,3,1.0,3,True,1300,0.9953212460032703,0.9233424834525711,-1.3723853949598741e-05,True,300,0.9957621077722154,0.9224472594910228,-5.288584988716316e-05,2.220446049250313e-16,1.1102230246251565e-16
How do within-family activation hyperparameters tune the welfare-convergence tradeoff?,hyperparameter_shifted_log,c,2.5,nrd,shifted_log,c,2.5,0.5,3,3,3,1.0,4,True,1300,0.9864006730090024,0.8864818390031158,-1.544417420440425e-05,True,300,0.9867545301115823,0.8857288333250303,-5.3038974545227546e-05,1.1102230246251565e-16,2.220446049250313e-16
How do within-family activation hyperparameters tune the welfare-convergence tradeoff?,hyperparameter_shifted_log,c,2.5,nrd,shifted_log,c,2.5,0.5,3,3,3,1.0,5,True,1600,0.9852995412223888,0.8528980395024677,-6.707105137726543e-06,True,300,0.986129620705862,0.8513629921794758,-5.284234523017517e-05,1.1102230246251565e-16,0.0
How do within-family activation hyperparameters tune the welfare-convergence tradeoff?,hyperparameter_shifted_log,c,2.5,nrd,shifted_log,c,2.5,0.5,3,3,3,1.0,6,True,900,0.9934182044061112,0.8310917746450768,-2.7812462470133692e-05,True,100,0.9933310078914475,0.8313345341349114,-5.3340298960036225e-05,1.1102230246251565e-16,2.220446049250313e-16
How do within-family activation hyperparameters tune the welfare-convergence tradeoff?,hyperparameter_shifted_log,c,2.5,nrd,shifted_log,c,2.5,0.5,3,3,3,1.0,8,True,1200,0.9862844808708026,0.88249417300261,-1.702259787744742e-05,True,200,0.9863134674712394,0.8824322156850211,-5.288781513723695e-05,1.1102230246251565e-16,0.0
How do within-family activation hyperparameters tune the welfare-convergence tradeoff?,hyperparameter_shifted_log,c,2.5,nrd,shifted_log,c,2.5,0.5,3,3,3,1.0,7,True,2000,0.9928333693664602,0.9031510704842894,6.832569840020675e-06,True,400,0.9930929275568936,0.9026548710386733,-5.29719622606728e-05,1.1102230246251565e-16,2.220446049250313e-16
How do within-family activation hyperparameters tune the welfare-convergence tradeoff?,hyperparameter_shifted_log,c,2.5,nrd,shifted_log,c,2.5,0.5,3,3,3,1.0,9,True,1300,0.9877116460055705,0.8298441395652941,-1.7614550438804777e-05,True,300,0.9878166132487814,0.8297537077505557,-5.3399525508979195e-05,1.1102230246251565e-16,2.220446049250313e-16
How do within-family activation hyperparameters tune the welfare-convergence tradeoff?,hyperparameter_shifted_log,c,2.5,nrd,shifted_log,c,2.5,0.5,3,3,3,1.0,10,True,1100,0.9897797958728486,0.8818984660746797,-2.1570058928221947e-05,True,200,0.9901749674958611,0.8811507538834639,-5.295101099384025e-05,0.0,0.0
How do within-family activation hyperparameters tune the welfare-convergence tradeoff?,hyperparameter_shifted_log,c,2.5,nrd,shifted_log,c,2.5,0.5,3,3,3,1.0,11,True,1500,0.9806373143659061,0.8536224756208245,-1.024145398437204e-05,True,200,0.9813349824288682,0.8522063151624278,-5.304531136479662e-05,1.1102230246251565e-16,0.0
How do within-family activation hyperparameters tune the welfare-convergence tradeoff?,hyperparameter_shifted_log,c,2.5,nrd,shifted_log,c,2.5,0.5,3,3,3,1.0,12,True,1500,0.9889112299628985,0.873689329556998,-1.0203259468877235e-05,True,300,0.989190212999841,0.873175226522227,-5.3000449820816975e-05,1.1102230246251565e-16,0.0
How do within-family activation hyperparameters tune the welfare-convergence tradeoff?,hyperparameter_shifted_log,c,2.5,nrd,shifted_log,c,2.5,0.5,3,3,3,1.0,14,True,700,0.9965001981653527,0.9342587337257919,-3.4144526534996e-05,True,100,0.9963754469812629,0.9345518983338742,-5.2791588216416496e-05,2.220446049250313e-16,2.220446049250313e-16
How do within-family activation hyperparameters tune the welfare-convergence tradeoff?,hyperparameter_shifted_log,c,2.5,nrd,shifted_log,c,2.5,0.5,3,3,3,1.0,13,True,2100,0.9903150582548751,0.8535840791844541,8.649057009924022e-06,True,500,0.9906682357643894,0.8528841723327445,-5.338852981018327e-05,2.220446049250313e-16,1.1102230246251565e-16
How do within-family activation hyperparameters tune the welfare-convergence tradeoff?,hyperparameter_shifted_log,c,2.5,nrd,shifted_log,c,2.5,0.5,3,3,3,1.0,15,True,1400,0.9916402255135657,0.8827014971022611,-1.356152853110304e-05,True,200,0.9920479114281221,0.8819826491616792,-5.295588005793661e-05,1.1102230246251565e-16,1.1102230246251565e-16
How do within-family activation hyperparameters tune the welfare-convergence tradeoff?,hyperparameter_shifted_log,c,2.5,nrd,shifted_log,c,2.5,0.5,3,3,3,1.0,16,True,1300,0.9874651295140767,0.8294473761689364,-1.599902264687314e-05,True,300,0.9881446784847635,0.8280766172409635,-5.3506294514449326e-05,2.220446049250313e-16,1.1102230246251565e-16
How do within-family activation hyperparameters tune the welfare-convergence tradeoff?,hyperparameter_shifted_log,c,2.5,nrd,shifted_log,c,2.5,0.5,3,3,3,1.0,17,True,1100,0.9871326794506781,0.88132464164044,-2.1785497667514697e-05,True,200,0.9871690322153054,0.8813238307551812,-5.288982175799539e-05,1.1102230246251565e-16,0.0
How do within-family activation hyperparameters tune the welfare-convergence tradeoff?,hyperparameter_shifted_log,c,2.5,nrd,shifted_log,c,2.5,0.5,3,3,3,1.0,18,True,1400,0.9935062139275354,0.8811519085326994,-1.1933825781074159e-05,True,300,0.9937412866145724,0.880716699193344,-5.319532309217001e-05,1.1102230246251565e-16,2.220446049250313e-16
How do within-family activation hyperparameters tune the welfare-convergence tradeoff?,hyperparameter_shifted_log,c,2.5,nrd,shifted_log,c,2.5,0.5,3,3,3,1.0,19,True,1100,0.9924257438879189,0.9196598180031055,-2.0920368621279994e-05,True,200,0.9928017081348476,0.9189258164451807,-5.277517810664545e-05,1.1102230246251565e-16,1.1102230246251565e-16
How do within-family activation hyperparameters tune the welfare-convergence tradeoff?,hyperparameter_shifted_log,c,2.5,nrd,shifted_log,c,2.5,0.5,3,3,3,1.0,21,True,1600,0.98756142557889,0.884581925082674,-6.8816831766960185e-06,True,300,0.9876834264759226,0.8843872556018528,-5.293622162366729e-05,2.220446049250313e-16,1.1102230246251565e-16
How do within-family activation hyperparameters tune the welfare-convergence tradeoff?,hyperparameter_shifted_log,c,2.5,nrd,shifted_log,c,2.5,0.5,3,3,3,1.0,20,True,2600,0.9918894455053126,0.8992124124392475,2.4726812292874545e-05,True,600,0.9920634203039156,0.8989463647213304,-5.265174701712949e-05,1.1102230246251565e-16,1.1102230246251565e-16
How do within-family activation hyperparameters tune the welfare-convergence tradeoff?,hyperparameter_shifted_log,c,2.5,nrd,shifted_log,c,2.5,0.5,3,3,3,1.0,23,True,1300,0.9939272022673261,0.9362738947581364,-1.3854669146107224e-05,True,300,0.9940853618853069,0.9359683021986002,-5.2838567298651995e-05,2.220446049250313e-16,1.1102230246251565e-16
How do within-family activation hyperparameters tune the welfare-convergence tradeoff?,hyperparameter_shifted_log,c,2.5,nrd,shifted_log,c,2.5,0.5,3,3,3,1.0,22,True,3000,0.9898972577967162,0.9197827658707253,3.830171302660057e-05,True,700,0.9900198530222598,0.919618726377346,-5.1692956153981395e-05,2.220446049250313e-16,2.220446049250313e-16
How do within-family activation hyperparameters tune the welfare-convergence tradeoff?,hyperparameter_shifted_log,c,2.5,nrd,shifted_log,c,2.5,0.5,3,3,3,1.0,24,True,1600,0.9953498804961616,0.9142747725788997,-4.784625551035315e-06,True,300,0.9954567859041668,0.9141066797065793,-5.292766826781037e-05,0.0,2.220446049250313e-16
How do within-family activation hyperparameters tune the welfare-convergence tradeoff?,hyperparameter_shifted_log,c,2.5,nrd,shifted_log,c,2.5,0.5,3,3,3,1.0,25,True,1700,0.9794205694194785,0.8252654474287189,-4.535662722737754e-06,True,300,0.9803965174537331,0.8232703361604633,-5.3431532742953536e-05,0.0,1.1102230246251565e-16
How do within-family activation hyperparameters tune the welfare-convergence tradeoff?,hyperparameter_shifted_log,c,2.5,nrd,shifted_log,c,2.5,0.5,3,3,3,1.0,26,True,1400,0.9946416517379421,0.8974044104477662,-1.1744796911627997e-05,True,300,0.9948987168234718,0.8969025511539425,-5.308769232753585e-05,2.220446049250313e-16,1.1102230246251565e-16
How do within-family activation hyperparameters tune the welfare-convergence tradeoff?,hyperparameter_shifted_log,c,2.5,nrd,shifted_log,c,2.5,0.5,3,3,3,1.0,27,True,1500,0.9860820924997696,0.8757617932612863,-1.001565602443133e-05,True,300,0.9866011588382028,0.8747602924922138,-5.290889824594025e-05,2.220446049250313e-16,0.0
How do within-family activation hyperparameters tune the welfare-convergence tradeoff?,hyperparameter_shifted_log,c,2.5,nrd,shifted_log,c,2.5,0.5,3,3,3,1.0,28,True,2600,0.9827538207380795,0.8570511002421112,2.368813831354899e-05,True,600,0.9830774918599106,0.8564685951500467,-5.322818980024735e-05,1.1102230246251565e-16,0.0
How do within-family activation hyperparameters tune the welfare-convergence tradeoff?,hyperparameter_shifted_log,c,2.5,nrd,shifted_log,c,2.5,0.5,3,3,3,1.0,29,True,1600,0.9835706683766416,0.853862598689584,-7.152035629842679e-06,True,300,0.9846536493445418,0.8516984913977321,-5.309601880815196e-05,2.220446049250313e-16,1.1102230246251565e-16
How do within-family activation hyperparameters tune the welfare-convergence tradeoff?,hyperparameter_shifted_log,c,2.5,nrd,shifted_log,c,2.5,0.5,3,3,3,1.0,30,True,1200,0.9895849002714588,0.9138178717486828,-1.7022285642154245e-05,True,200,0.9900598736775864,0.9128493109919308,-5.282779695880979e-05,2.220446049250313e-16,1.1102230246251565e-16
How do within-family activation hyperparameters tune the welfare-convergence tradeoff?,hyperparameter_shifted_log,c,2.5,nrd,shifted_log,c,2.5,0.5,3,3,3,1.0,31,True,1800,0.9894005619866699,0.8749604142292622,1.4259860501297794e-06,True,400,0.9899046139692481,0.8739953476338534,-5.327509011993081e-05,2.220446049250313e-16,1.1102230246251565e-16
How do within-family activation hyperparameters tune the welfare-convergence tradeoff?,hyperparameter_shifted_log,c,2.5,nrd,shifted_log,c,2.5,0.5,3,3,3,1.0,32,True,1000,0.9909915389944716,0.9037519047851701,-2.2649254785456208e-05,True,200,0.9909839774995522,0.903764323910312,-5.2914792761371565e-05,1.1102230246251565e-16,0.0
How do within-family activation hyperparameters tune the welfare-convergence tradeoff?,hyperparameter_shifted_log,c,2.5,nrd,shifted_log,c,2.5,0.5,3,3,3,1.0,33,True,1300,0.9900924480742717,0.8882300187503728,-1.5036451824379515e-05,True,300,0.9898506459151581,0.8887923081654963,-5.2909157252256644e-05,0.0,0.0
How do within-family activation hyperparameters tune the welfare-convergence tradeoff?,hyperparameter_shifted_log,c,2.5,nrd,shifted_log,c,2.5,0.5,3,3,3,1.0,34,True,1100,0.9880034769366185,0.8554543876670779,-2.163477847250128e-05,True,200,0.9883685563721506,0.8548350169753077,-5.301609211560976e-05,2.220446049250313e-16,2.220446049250313e-16
How do within-family activation hyperparameters tune the welfare-convergence tradeoff?,hyperparameter_shifted_log,c,2.5,nrd,shifted_log,c,2.5,0.5,3,3,3,1.0,36,True,1000,0.9947039616570006,0.9114225805974114,-2.390031504401202e-05,True,200,0.9946641031655812,0.911576955374108,-5.290127819657098e-05,1.1102230246251565e-16,2.220446049250313e-16
How do within-family activation hyperparameters tune the welfare-convergence tradeoff?,hyperparameter_shifted_log,c,2.5,nrd,shifted_log,c,2.5,0.5,3,3,3,1.0,37,True,1400,0.9792201633940757,0.8352185878854003,-1.1749893024770586e-05,True,300,0.9795627877765578,0.8346218530685899,-5.310681269188322e-05,2.220446049250313e-16,2.220446049250313e-16
How do within-family activation hyperparameters tune the welfare-convergence tradeoff?,hyperparameter_shifted_log,c,2.5,nrd,shifted_log,c,2.5,0.5,3,3,3,1.0,35,True,3200,0.9853977523537647,0.8023596529670142,4.512207704349125e-05,True,700,0.9857338504488774,0.801837359756929,-5.170605346244139e-05,2.220446049250313e-16,1.1102230246251565e-16
How do within-family activation hyperparameters tune the welfare-convergence tradeoff?,hyperparameter_shifted_log,c,2.5,nrd,shifted_log,c,2.5,0.5,3,3,3,1.0,39,True,1200,0.9944580454544759,0.9058062426153605,-1.8966927511743226e-05,True,200,0.9947421768636614,0.9052363355430305,-5.288809269232697e-05,1.1102230246251565e-16,0.0
How do within-family activation hyperparameters tune the welfare-convergence tradeoff?,hyperparameter_shifted_log,c,2.5,nrd,shifted_log,c,2.5,0.5,3,3,3,1.0,38,True,2100,0.9939690510507535,0.929549410111416,1.0483759607327059e-05,True,500,0.9940598509468516,0.929410911938619,-5.277480413307112e-05,0.0,2.220446049250313e-16
How do within-family activation hyperparameters tune the welfare-convergence tradeoff?,hyperparameter_shifted_log,c,2.5,nrd,shifted_log,c,2.5,0.5,3,3,3,1.0,40,True,1100,0.9818017188720987,0.838724860695866,-2.066572958353552e-05,True,200,0.9816631901893696,0.8390873021821484,-5.290819101638755e-05,1.1102230246251565e-16,1.1102230246251565e-16
How do within-family activation hyperparameters tune the welfare-convergence tradeoff?,hyperparameter_shifted_log,c,2.5,nrd,shifted_log,c,2.5,0.5,3,3,3,1.0,41,True,1000,0.9962655846131325,0.9035112638809158,-2.498503731046542e-05,True,200,0.996423954273451,0.9032036891149401,-5.2958023965321566e-05,0.0,2.220446049250313e-16
How do within-family activation hyperparameters tune the welfare-convergence tradeoff?,hyperparameter_shifted_log,c,2.5,nrd,shifted_log,c,2.5,0.5,3,3,3,1.0,42,True,1000,0.9892511877382674,0.8724665766850453,-2.450693779953994e-05,True,200,0.9893743535800946,0.872285410168554,-5.3159531587743114e-05,1.1102230246251565e-16,2.220446049250313e-16
How do within-family activation hyperparameters tune the welfare-convergence tradeoff?,hyperparameter_shifted_log,c,2.5,nrd,shifted_log,c,2.5,0.5,3,3,3,1.0,43,True,1600,0.9795969577464262,0.8140790821690526,-6.233789808240964e-06,True,300,0.9801244423748611,0.8131397044508666,-5.3406580094728096e-05,1.1102230246251565e-16,1.1102230246251565e-16
How do within-family activation hyperparameters tune the welfare-convergence tradeoff?,hyperparameter_shifted_log,c,2.5,nrd,shifted_log,c,2.5,0.5,3,3,3,1.0,45,True,600,0.9966530994808964,0.9665689167363914,-3.527402287811787e-05,True,100,0.9967564524887241,0.9663485132948463,-5.2600306269745545e-05,2.220446049250313e-16,2.220446049250313e-16
How do within-family activation hyperparameters tune the welfare-convergence tradeoff?,hyperparameter_shifted_log,c,2.5,nrd,shifted_log,c,2.5,0.5,3,3,3,1.0,44,True,1100,0.9815655748300833,0.8234167793278132,-2.16057813772208e-05,True,200,0.982153643418734,0.8222294645506838,-5.3420287352667906e-05,1.1102230246251565e-16,2.220446049250313e-16
How do within-family activation hyperparameters tune the welfare-convergence tradeoff?,hyperparameter_shifted_log,c,2.5,nrd,shifted_log,c,2.5,0.5,3,3,3,1.0,46,True,1500,0.9915176954771286,0.8791015738938306,-8.021734034024952e-06,True,300,0.9917692498212828,0.8786874904175996,-5.303972482378905e-05,2.220446049250313e-16,1.1102230246251565e-16
How do within-family activation hyperparameters tune the welfare-convergence tradeoff?,hyperparameter_shifted_log,c,2.5,nrd,shifted_log,c,2.5,0.5,3,3,3,1.0,47,True,1200,0.9937622304951244,0.9302030052512893,-1.6483612611750686e-05,True,300,0.9939723042082935,0.929778932998851,-5.2850151128491785e-05,1.1102230246251565e-16,2.220446049250313e-16
How do within-family activation hyperparameters tune the welfare-convergence tradeoff?,hyperparameter_shifted_log,c,2.5,nrd,shifted_log,c,2.5,0.5,3,3,3,1.0,48,True,800,0.9922382986662407,0.899213180095845,-3.021777327211206e-05,True,100,0.9919616171779994,0.899810099915911,-5.284094886764956e-05,2.220446049250313e-16,1.1102230246251565e-16
How do within-family activation hyperparameters tune the welfare-convergence tradeoff?,hyperparameter_shifted_log,c,2.5,nrd,shifted_log,c,2.5,0.5,3,3,3,1.0,49,True,1400,0.9920078440759655,0.8559431812396187,-1.1739454715720132e-05,True,300,0.9921877306943282,0.8556237830033159,-5.3088269476087024e-05,0.0,2.220446049250313e-16
How do within-family activation hyperparameters tune the welfare-convergence tradeoff?,hyperparameter_shifted_log,c,2.5,nrd,shifted_log,c,2.5,0.5,3,3,3,1.0,50,True,1200,0.9928157750544293,0.8501862661934912,-1.8945008981585687e-05,True,200,0.9929818244843864,0.8499289203063723,-5.3286617161918404e-05,2.220446049250313e-16,1.1102230246251565e-16
How do within-family activation hyperparameters tune the welfare-convergence tradeoff?,hyperparameter_shifted_log,c,2.5,nrd,shifted_log,c,2.5,0.5,3,3,3,1.0,51,True,1000,0.993408356886672,0.8824928328047758,-2.4000641870858264e-05,True,200,0.9936272244507833,0.8820875529423781,-5.313724674038678e-05,2.220446049250313e-16,2.220446049250313e-16
How do within-family activation hyperparameters tune the welfare-convergence tradeoff?,hyperparameter_shifted_log,c,2.5,nrd,shifted_log,c,2.5,0.5,3,3,3,1.0,52,True,2100,0.9924761229301444,0.8463953139649206,8.384376590342413e-06,True,500,0.9930620869356978,0.845394127180704,-5.32239394533951e-05,1.1102230246251565e-16,2.220446049250313e-16
How do within-family activation hyperparameters tune the welfare-convergence tradeoff?,hyperparameter_shifted_log,c,2.5,nrd,shifted_log,c,2.5,0.5,3,3,3,1.0,53,True,1300,0.9879146077860083,0.8813790814041558,-1.6182459178282205e-05,True,200,0.9882552347259514,0.8807087053018835,-5.3145868723569745e-05,2.220446049250313e-16,1.1102230246251565e-16
How do within-family activation hyperparameters tune the welfare-convergence tradeoff?,hyperparameter_shifted_log,c,2.5,nrd,shifted_log,c,2.5,0.5,3,3,3,1.0,54,True,1200,0.9893019120200225,0.8699391923332073,-1.9346078889315166e-05,True,200,0.9898711802449985,0.8687881925003401,-5.3072263020037536e-05,1.1102230246251565e-16,0.0
How do within-family activation hyperparameters tune the welfare-convergence tradeoff?,hyperparameter_shifted_log,c,2.5,nrd,shifted_log,c,2.5,0.5,3,3,3,1.0,55,True,1400,0.9907675648857628,0.8693403287069801,-1.0770267824478097e-05,True,300,0.9908677827839208,0.8691599295009711,-5.313956769348316e-05,1.1102230246251565e-16,2.220446049250313e-16
How do within-family activation hyperparameters tune the welfare-convergence tradeoff?,hyperparameter_shifted_log,c,2.5,nrd,shifted_log,c,2.5,0.5,3,3,3,1.0,57,True,1200,0.9951704623144902,0.8899477981479276,-1.99567907163134e-05,True,200,0.9953013157345056,0.8897092931106793,-5.31575982153365e-05,1.1102230246251565e-16,2.220446049250313e-16
How do within-family activation hyperparameters tune the welfare-convergence tradeoff?,hyperparameter_shifted_log,c,2.5,nrd,shifted_log,c,2.5,0.5,3,3,3,1.0,56,True,4000,0.9949958669828131,0.9044532826821294,7.16172675362392e-05,True,1000,0.9951637050901808,0.9043320323396239,-4.3217973915488095e-05,2.220446049250313e-16,1.1102230246251565e-16
How do within-family activation hyperparameters tune the welfare-convergence tradeoff?,hyperparameter_shifted_log,c,2.5,nrd,shifted_log,c,2.5,0.5,3,3,3,1.0,58,True,1100,0.986514782104622,0.8558041529462246,-2.1225134343438867e-05,True,200,0.9870739819920954,0.8546387388777856,-5.3235069015333814e-05,2.220446049250313e-16,1.1102230246251565e-16
How do within-family activation hyperparameters tune the welfare-convergence tradeoff?,hyperparameter_shifted_log,c,2.5,nrd,shifted_log,c,2.5,0.5,3,3,3,1.0,61,True,800,0.9913863046118933,0.8980263098540725,-3.1843876827697404e-05,True,200,0.9913597870279129,0.8981289518508525,-5.2993124184330664e-05,1.1102230246251565e-16,1.1102230246251565e-16
How do within-family activation hyperparameters tune the welfare-convergence tradeoff?,hyperparameter_shifted_log,c,2.5,nrd,shifted_log,c,2.5,0.5,3,3,3,1.0,59,True,2100,0.9869986484587586,0.8368399673028949,9.574848442828188e-06,True,400,0.9876456835284332,0.8356806853829283,-5.3243118401324896e-05,0.0,2.220446049250313e-16
How do within-family activation hyperparameters tune the welfare-convergence tradeoff?,hyperparameter_shifted_log,c,2.5,nrd,shifted_log,c,2.5,0.5,3,3,3,1.0,60,True,2200,0.9886795036785542,0.8962594603719366,1.2125055090128622e-05,True,400,0.9889542433944953,0.8957955529334168,-5.30732807186296e-05,1.1102230246251565e-16,1.1102230246251565e-16
How do within-family activation hyperparameters tune the welfare-convergence tradeoff?,hyperparameter_shifted_log,c,2.5,nrd,shifted_log,c,2.5,0.5,3,3,3,1.0,62,True,800,0.9857692075767963,0.8698455311762813,-3.182405174567693e-05,True,100,0.9854612770925718,0.8705174206515376,-5.3222157257615255e-05,1.1102230246251565e-16,2.220446049250313e-16
How do within-family activation hyperparameters tune the welfare-convergence tradeoff?,hyperparameter_shifted_log,c,2.5,nrd,shifted_log,c,2.5,0.5,3,3,3,1.0,63,True,1300,0.9958468911002237,0.9198736510229529,-1.4465990418044417e-05,True,200,0.9959986845874211,0.9195772128580497,-5.289058808166658e-05,2.220446049250313e-16,2.220446049250313e-16
How do within-family activation hyperparameters tune the welfare-convergence tradeoff?,hyperparameter_shifted_log,c,2.5,nrd,shifted_log,c,2.5,0.5,3,3,3,1.0,64,True,1000,0.9767616249515251,0.8041155255627582,-2.410358540377855e-05,True,200,0.9771422725692718,0.8033568208252259,-5.3621186027807966e-05,2.220446049250313e-16,0.0
How do within-family activation hyperparameters tune the welfare-convergence tradeoff?,hyperparameter_shifted_log,c,2.5,nrd,shifted_log,c,2.5,0.5,3,3,3,1.0,67,True,1300,0.9901907485185718,0.8608329835613273,-1.6513244457339038e-05,True,200,0.9907087212863195,0.8598225320451576,-5.32318778553309e-05,2.220446049250313e-16,2.220446049250313e-16
How do within-family activation hyperparameters tune the welfare-convergence tradeoff?,hyperparameter_shifted_log,c,2.5,nrd,shifted_log,c,2.5,0.5,3,3,3,1.0,68,True,1100,0.9927276712133172,0.8763685829653137,-2.1205477422792107e-05,True,200,0.9926309371779951,0.876620323389374,-5.305032794472586e-05,1.1102230246251565e-16,1.1102230246251565e-16
How do within-family activation hyperparameters tune the welfare-convergence tradeoff?,hyperparameter_shifted_log,c,2.5,nrd,shifted_log,c,2.5,0.5,3,3,3,1.0,65,True,1800,0.9891773064791248,0.8555680031658124,8.394682786128094e-07,True,300,0.9897394502405567,0.8544400693614023,-5.3244309435096504e-05,2.220446049250313e-16,0.0
How do within-family activation hyperparameters tune the welfare-convergence tradeoff?,hyperparameter_shifted_log,c,2.5,nrd,shifted_log,c,2.5,0.5,3,3,3,1.0,66,True,1600,0.9927436470627894,0.8834360541652239,-7.100435155782403e-06,True,300,0.9929233204230792,0.8831068150161846,-5.313435671699951e-05,2.220446049250313e-16,0.0
How do within-family activation hyperparameters tune the welfare-convergence tradeoff?,hyperparameter_shifted_log,c,2.5,nrd,shifted_log,c,2.5,0.5,3,3,3,1.0,69,True,1800,0.9907742361086554,0.9018876002825996,-2.9449286986782397e-07,True,400,0.9911898352053692,0.9011001201941319,-5.299904104527631e-05,0.0,1.1102230246251565e-16
How do within-family activation hyperparameters tune the welfare-convergence tradeoff?,hyperparameter_shifted_log,c,2.5,nrd,shifted_log,c,2.5,0.5,3,3,3,1.0,70,True,3100,0.9866872119909101,0.8769964628660203,4.0797208104015326e-05,True,700,0.9867208185742898,0.8771479663030615,-5.21691343883246e-05,1.1102230246251565e-16,2.220446049250313e-16
How do within-family activation hyperparameters tune the welfare-convergence tradeoff?,hyperparameter_shifted_log,c,2.5,nrd,shifted_log,c,2.5,0.5,3,3,3,1.0,71,True,1200,0.9875385701820959,0.8923669024355115,-1.8657134721156154e-05,True,200,0.9878946059874788,0.8917191202698086,-5.271461865236082e-05,1.1102230246251565e-16,2.220446049250313e-16
How do within-family activation hyperparameters tune the welfare-convergence tradeoff?,hyperparameter_shifted_log,c,2.5,nrd,shifted_log,c,2.5,0.5,3,3,3,1.0,72,True,1400,0.9857397927157374,0.885181346408996,-1.269684001231619e-05,True,200,0.9865751760623109,0.8834288488602505,-5.3097731336937404e-05,2.220446049250313e-16,2.220446049250313e-16
How do within-family activation hyperparameters tune the welfare-convergence tradeoff?,hyperparameter_shifted_log,c,2.5,nrd,shifted_log,c,2.5,0.5,3,3,3,1.0,74,True,1800,0.9935468277242853,0.8847743380207803,7.968867175578431e-07,True,400,0.9938261208145759,0.8842459605496588,-5.3192527465828476e-05,2.220446049250313e-16,1.1102230246251565e-16
How do within-family activation hyperparameters tune the welfare-convergence tradeoff?,hyperparameter_shifted_log,c,2.5,nrd,shifted_log,c,2.5,0.5,3,3,3,1.0,73,True,3000,0.9882467965350914,0.8723225041785166,3.8113210806711706e-05,True,700,0.9884854251873054,0.8719477213355904,-5.220487766577353e-05,2.220446049250313e-16,2.220446049250313e-16
How do within-family activation hyperparameters tune the welfare-convergence tradeoff?,hyperparameter_shifted_log,c,2.5,nrd,shifted_log,c,2.5,0.5,3,3,3,1.0,75,True,1200,0.9886731814436218,0.8423419944716265,-1.7437768001560272e-05,True,200,0.9886814251792971,0.8424140000087356,-5.3271036240865044e-05,2.220446049250313e-16,1.1102230246251565e-16
How do within-family activation hyperparameters tune the welfare-convergence tradeoff?,hyperparameter_shifted_log,c,2.5,nrd,shifted_log,c,2.5,0.5,3,3,3,1.0,78,True,800,0.9937522847010674,0.9037020837023819,-3.004500588266179e-05,True,100,0.9938592182514893,0.9034867870020001,-5.2856385308941434e-05,1.1102230246251565e-16,0.0
How do within-family activation hyperparameters tune the welfare-convergence tradeoff?,hyperparameter_shifted_log,c,2.5,nrd,shifted_log,c,2.5,0.5,3,3,3,1.0,77,True,1100,0.993600329255356,0.8782191430115986,-2.2255826970463133e-05,True,200,0.9939888838071633,0.8774186226634578,-5.30888153705833e-05,2.220446049250313e-16,1.1102230246251565e-16
How do within-family activation hyperparameters tune the welfare-convergence tradeoff?,hyperparameter_shifted_log,c,2.5,nrd,shifted_log,c,2.5,0.5,3,3,3,1.0,76,True,2100,0.9782228871103456,0.8437273945418422,1.014472373800368e-05,True,500,0.977919677231213,0.8443765655725873,-5.290249138245606e-05,2.220446049250313e-16,1.1102230246251565e-16
How do within-family activation hyperparameters tune the welfare-convergence tradeoff?,hyperparameter_shifted_log,c,2.5,nrd,shifted_log,c,2.5,0.5,3,3,3,1.0,79,True,2400,0.9815208756371271,0.8198156730167631,1.967138502895205e-05,True,500,0.9823271650258449,0.8182561863707719,-5.358629789814495e-05,1.1102230246251565e-16,2.220446049250313e-16
How do within-family activation hyperparameters tune the welfare-convergence tradeoff?,hyperparameter_shifted_log,c,2.5,nrd,shifted_log,c,2.5,0.5,3,3,3,1.0,80,True,2000,0.990496185661267,0.9036088289665333,5.9954606438927804e-06,True,400,0.9909131529143702,0.9028598439033043,-5.2841185923191425e-05,1.1102230246251565e-16,1.1102230246251565e-16
How do within-family activation hyperparameters tune the welfare-convergence tradeoff?,hyperparameter_shifted_log,c,2.5,nrd,shifted_log,c,2.5,0.5,3,3,3,1.0,81,True,1100,0.984403178593636,0.8556646825443962,-2.14687019112203e-05,True,200,0.9847235073507367,0.8550272115286397,-5.298662300945445e-05,2.220446049250313e-16,1.1102230246251565e-16
How do within-family activation hyperparameters tune the welfare-convergence tradeoff?,hyperparameter_shifted_log,c,2.5,nrd,shifted_log,c,2.5,0.5,3,3,3,1.0,82,True,1000,0.982331059520984,0.8247939474653831,-2.4491934270232107e-05,True,200,0.9821932737994818,0.8251322955853704,-5.328118067909893e-05,2.220446049250313e-16,1.1102230246251565e-16
How do within-family activation hyperparameters tune the welfare-convergence tradeoff?,hyperparameter_shifted_log,c,2.5,nrd,shifted_log,c,2.5,0.5,3,3,3,1.0,83,True,1400,0.9930036896287253,0.9376827398837756,-1.141896281153798e-05,True,300,0.9934834212202406,0.9366588568705726,-5.280185420608596e-05,1.1102230246251565e-16,2.220446049250313e-16
How do within-family activation hyperparameters tune the welfare-convergence tradeoff?,hyperparameter_shifted_log,c,2.5,nrd,shifted_log,c,2.5,0.5,3,3,3,1.0,84,True,1000,0.9942032701922425,0.9441443765731581,-2.3345510295480487e-05,True,200,0.9941173476077407,0.9443351660637586,-5.2617791943154746e-05,0.0,1.1102230246251565e-16
How do within-family activation hyperparameters tune the welfare-convergence tradeoff?,hyperparameter_shifted_log,c,2.5,nrd,shifted_log,c,2.5,0.5,3,3,3,1.0,85,True,2100,0.9951469633459045,0.8703069632152455,1.1080182895806256e-05,True,500,0.9953289103713674,0.86997039630999,-5.314213703677684e-05,0.0,0.0
How do within-family activation hyperparameters tune the welfare-convergence tradeoff?,hyperparameter_shifted_log,c,2.5,nrd,shifted_log,c,2.5,0.5,3,3,3,1.0,86,True,1000,0.9941857797398618,0.8996251205437736,-2.3804037123598132e-05,True,200,0.9943895508154481,0.8992326174247132,-5.289501342031766e-05,1.1102230246251565e-16,2.220446049250313e-16
How do within-family activation hyperparameters tune the welfare-convergence tradeoff?,hyperparameter_shifted_log,c,2.5,nrd,shifted_log,c,2.5,0.5,3,3,3,1.0,87,True,1100,0.9961267568609907,0.8690797781699526,-2.2250054645622797e-05,True,200,0.9961379706207908,0.8691139952602169,-5.320112221834927e-05,2.220446049250313e-16,2.220446049250313e-16
How do within-family activation hyperparameters tune the welfare-convergence tradeoff?,hyperparameter_shifted_log,c,2.5,nrd,shifted_log,c,2.5,0.5,3,3,3,1.0,88,True,1300,0.9918654973194052,0.8947901003572345,-1.4770264890717755e-05,True,200,0.9921806286373015,0.8941610606989627,-5.289512195294499e-05,1.1102230246251565e-16,2.220446049250313e-16
How do within-family activation hyperparameters tune the welfare-convergence tradeoff?,hyperparameter_shifted_log,c,2.5,nrd,shifted_log,c,2.5,0.5,3,3,3,1.0,90,True,1100,0.9945830716807685,0.8846937152285932,-2.2270276661684463e-05,True,200,0.9945754381150179,0.8847373017028399,-5.297806442267072e-05,1.1102230246251565e-16,0.0
How do within-family activation hyperparameters tune the welfare-convergence tradeoff?,hyperparameter_shifted_log,c,2.5,nrd,shifted_log,c,2.5,0.5,3,3,3,1.0,89,True,1800,0.9937942921690579,0.8808234609666798,1.4629482327777055e-06,True,400,0.9940115531166387,0.8804476378554603,-5.3136620257521194e-05,0.0,1.1102230246251565e-16
How do within-family activation hyperparameters tune the welfare-convergence tradeoff?,hyperparameter_shifted_log,c,2.5,nrd,shifted_log,c,2.5,0.5,3,3,3,1.0,91,True,800,0.990837608332238,0.8585089814037646,-3.0111526570231195e-05,True,100,0.9908486903263772,0.8585047811720475,-5.327549541117582e-05,1.1102230246251565e-16,2.220446049250313e-16
How do within-family activation hyperparameters tune the welfare-convergence tradeoff?,hyperparameter_shifted_log,c,2.5,nrd,shifted_log,c,2.5,0.5,3,3,3,1.0,93,True,1100,0.987366525784321,0.7972554046626886,-2.2094134483563455e-05,True,200,0.9875390838492275,0.7969207007650034,-5.361014517268892e-05,1.1102230246251565e-16,1.1102230246251565e-16
How do within-family activation hyperparameters tune the welfare-convergence tradeoff?,hyperparameter_shifted_log,c,2.5,nrd,shifted_log,c,2.5,0.5,3,3,3,1.0,92,True,3200,0.9903301132734385,0.9015880429172083,4.246643787686466e-05,True,600,0.9910573902965929,0.9002298245093519,-5.278514746087648e-05,2.220446049250313e-16,2.220446049250313e-16
How do within-family activation hyperparameters tune the welfare-convergence tradeoff?,hyperparameter_shifted_log,c,2.5,nrd,shifted_log,c,2.5,0.5,3,3,3,1.0,95,True,900,0.9947008462603492,0.9296648775787331,-2.7999709817039253e-05,True,200,0.9947728736231599,0.9295425097161184,-5.2772434325831785e-05,1.1102230246251565e-16,2.220446049250313e-16
How do within-family activation hyperparameters tune the welfare-convergence tradeoff?,hyperparameter_shifted_log,c,2.5,nrd,shifted_log,c,2.5,0.5,3,3,3,1.0,94,True,1300,0.9873278552962783,0.860405531011969,-1.5074836292705562e-05,True,200,0.9876772517836079,0.859733413758283,-5.31379608865179e-05,1.1102230246251565e-16,1.1102230246251565e-16
How do within-family activation hyperparameters tune the welfare-convergence tradeoff?,hyperparameter_shifted_log,c,2.5,nrd,shifted_log,c,2.5,0.5,3,3,3,1.0,96,True,1400,0.9930416546113977,0.8865077253679017,-1.1879416359661388e-05,True,300,0.9929623815173056,0.886751433178797,-5.303181670424095e-05,0.0,1.1102230246251565e-16
How do within-family activation hyperparameters tune the welfare-convergence tradeoff?,hyperparameter_shifted_log,c,2.5,nrd,shifted_log,c,2.5,0.5,3,3,3,1.0,97,True,1700,0.9848108649202664,0.8308433172205275,-3.5895605507429984e-06,True,300,0.9852294925683605,0.8301002276684413,-5.3150805452872874e-05,0.0,1.1102230246251565e-16
How do within-family activation hyperparameters tune the welfare-convergence tradeoff?,hyperparameter_shifted_log,c,2.5,nrd,shifted_log,c,2.5,0.5,3,3,3,1.0,98,True,1700,0.9919190469836823,0.8928472127268888,-4.0147383196798e-06,True,300,0.9924592641416374,0.8917786196200354,-5.30630445974567e-05,0.0,0.0
How do within-family activation hyperparameters tune the welfare-convergence tradeoff?,hyperparameter_shifted_log,c,2.5,nrd,shifted_log,c,2.5,0.5,3,3,3,1.0,99,True,900,0.9949563855573007,0.9347226978880622,-2.746568080308487e-05,True,100,0.9948983473115902,0.9348587112202296,-5.277135452852466e-05,1.1102230246251565e-16,1.1102230246251565e-16
How do within-family activation hyperparameters tune the welfare-convergence tradeoff?,hyperparameter_shifted_log,c,3.0,nrd,shifted_log,c,3.0,0.5,3,3,3,1.0,1,True,1100,0.9939914692163068,0.8707287698109022,-1.6802017501316158e-05,True,200,0.9939833744619333,0.8708029223720662,-4.925068355493556e-05,2.220446049250313e-16,1.1102230246251565e-16
How do within-family activation hyperparameters tune the welfare-convergence tradeoff?,hyperparameter_shifted_log,c,3.0,nrd,shifted_log,c,3.0,0.5,3,3,3,1.0,2,True,1600,0.9920623300812674,0.8670986978650007,-3.2682347070878137e-06,True,300,0.9926565269893551,0.8653594748195549,-4.923370742765387e-05,1.1102230246251565e-16,1.1102230246251565e-16
How do within-family activation hyperparameters tune the welfare-convergence tradeoff?,hyperparameter_shifted_log,c,3.0,nrd,shifted_log,c,3.0,0.5,3,3,3,1.0,0,True,2000,0.993881495388049,0.8158790995201458,7.421945391827833e-06,True,400,0.994373131348669,0.8146356060778114,-4.9305308705283046e-05,1.1102230246251565e-16,1.1102230246251565e-16
How do within-family activation hyperparameters tune the welfare-convergence tradeoff?,hyperparameter_shifted_log,c,3.0,nrd,shifted_log,c,3.0,0.5,3,3,3,1.0,3,True,1500,0.9972428748367163,0.9185097091387086,-5.261122252131489e-06,True,300,0.9976493622768032,0.9173337515096479,-4.9133235024700905e-05,0.0,2.220446049250313e-16
How do within-family activation hyperparameters tune the welfare-convergence tradeoff?,hyperparameter_shifted_log,c,3.0,nrd,shifted_log,c,3.0,0.5,3,3,3,1.0,4,True,1500,0.9922825934052628,0.8714799277367561,-5.9872407088823465e-06,True,300,0.9926156798570079,0.8704732446209663,-4.924724092142396e-05,2.220446049250313e-16,2.220446049250313e-16
How do within-family activation hyperparameters tune the welfare-convergence tradeoff?,hyperparameter_shifted_log,c,3.0,nrd,shifted_log,c,3.0,0.5,3,3,3,1.0,5,True,2000,0.9914819812316291,0.8378421626340143,9.063227984329458e-06,True,400,0.9922977600188377,0.8356400650660039,-4.909512143463912e-05,1.1102230246251565e-16,1.1102230246251565e-16
How do within-family activation hyperparameters tune the welfare-convergence tradeoff?,hyperparameter_shifted_log,c,3.0,nrd,shifted_log,c,3.0,0.5,3,3,3,1.0,6,True,900,0.9963935220359543,0.8228044860139132,-2.344492639910767e-05,True,100,0.9963294652635396,0.8230639565759376,-4.93956072377677e-05,1.1102230246251565e-16,2.220446049250313e-16
How do within-family activation hyperparameters tune the welfare-convergence tradeoff?,hyperparameter_shifted_log,c,3.0,nrd,shifted_log,c,3.0,0.5,3,3,3,1.0,8,True,1300,0.9923216816295409,0.8669528265040561,-1.0989256790605584e-05,True,200,0.9923746425243156,0.8668036986400942,-4.9146388007792474e-05,0.0,0.0
How do within-family activation hyperparameters tune the welfare-convergence tradeoff?,hyperparameter_shifted_log,c,3.0,nrd,shifted_log,c,3.0,0.5,3,3,3,1.0,7,True,2700,0.9958611387490791,0.895295371238741,3.0000321975975908e-05,True,600,0.9961658731400131,0.8944764080018555,-4.910984852701805e-05,0.0,2.220446049250313e-16
How do within-family activation hyperparameters tune the welfare-convergence tradeoff?,hyperparameter_shifted_log,c,3.0,nrd,shifted_log,c,3.0,0.5,3,3,3,1.0,10,True,1300,0.9941762356794263,0.8706139210673437,-1.3633953906300178e-05,True,200,0.9945412031695283,0.8696043311792215,-4.917639544388397e-05,1.1102230246251565e-16,0.0
How do within-family activation hyperparameters tune the welfare-convergence tradeoff?,hyperparameter_shifted_log,c,3.0,nrd,shifted_log,c,3.0,0.5,3,3,3,1.0,9,True,1600,0.9931265364478538,0.8159487394401559,-2.6646543373476383e-06,True,300,0.9932796091138841,0.8156582064764826,-4.9448164448684384e-05,1.1102230246251565e-16,1.1102230246251565e-16
How do within-family activation hyperparameters tune the welfare-convergence tradeoff?,hyperparameter_shifted_log,c,3.0,nrd,shifted_log,c,3.0,0.5,3,3,3,1.0,11,True,1800,0.9888816859402142,0.8332185368774295,2.2347662146926517e-06,True,300,0.9895851979973415,0.8311788519257034,-4.924739416195534e-05,2.220446049250313e-16,2.220446049250313e-16
How do within-family activation hyperparameters tune the welfare-convergence tradeoff?,hyperparameter_shifted_log,c,3.0,nrd,shifted_log,c,3.0,0.5,3,3,3,1.0,12,True,1600,0.9937382182875816,0.8612336129114467,-3.8693221477981155e-06,True,300,0.9939987275635073,0.8605404984230386,-4.9203171770817455e-05,0.0,1.1102230246251565e-16
How do within-family activation hyperparameters tune the welfare-convergence tradeoff?,hyperparameter_shifted_log,c,3.0,nrd,shifted_log,c,3.0,0.5,3,3,3,1.0,14,True,700,0.9980844715087662,0.9298790451640633,-3.0194962289065153e-05,True,100,0.9979880803944342,0.9302101151945917,-4.907161991885012e-05,1.1102230246251565e-16,1.1102230246251565e-16
How do within-family activation hyperparameters tune the welfare-convergence tradeoff?,hyperparameter_shifted_log,c,3.0,nrd,shifted_log,c,3.0,0.5,3,3,3,1.0,13,True,2800,0.9944276835624314,0.8432522078205752,3.3262896104724327e-05,True,600,0.9948341750538641,0.8421345597533193,-4.905041178721037e-05,2.220446049250313e-16,0.0
How do within-family activation hyperparameters tune the welfare-convergence tradeoff?,hyperparameter_shifted_log,c,3.0,nrd,shifted_log,c,3.0,0.5,3,3,3,1.0,15,True,1600,0.9951982931572815,0.8736868746094082,-2.418000315251856e-06,True,300,0.9955916352002179,0.8726609779222638,-4.9147456508746856e-05,2.220446049250313e-16,2.220446049250313e-16
How do within-family activation hyperparameters tune the welfare-convergence tradeoff?,hyperparameter_shifted_log,c,3.0,nrd,shifted_log,c,3.0,0.5,3,3,3,1.0,16,True,1700,0.992758134937254,0.8167371746704798,-7.048218371719095e-07,True,400,0.9934499342812375,0.8147406227376414,-4.950681290527559e-05,2.220446049250313e-16,0.0
How do within-family activation hyperparameters tune the welfare-convergence tradeoff?,hyperparameter_shifted_log,c,3.0,nrd,shifted_log,c,3.0,0.5,3,3,3,1.0,17,True,1100,0.9927929200103699,0.8667536776215506,-1.7149395064919304e-05,True,200,0.9928560388490208,0.866651960224731,-4.914002048328481e-05,1.1102230246251565e-16,2.220446049250313e-16
How do within-family activation hyperparameters tune the welfare-convergence tradeoff?,hyperparameter_shifted_log,c,3.0,nrd,shifted_log,c,3.0,0.5,3,3,3,1.0,18,True,1600,0.9963166986657304,0.8739506722908631,-2.264320390077401e-06,True,300,0.9965335309001376,0.8733680846035373,-4.9322237835103255e-05,1.1102230246251565e-16,1.1102230246251565e-16
How do within-family activation hyperparameters tune the welfare-convergence tradeoff?,hyperparameter_shifted_log,c,3.0,nrd,shifted_log,c,3.0,0.5,3,3,3,1.0,19,True,1300,0.9956507336735072,0.9112741780926084,-1.1245538703297253e-05,True,300,0.9960035943939393,0.9102778556918918,-4.90659080816247e-05,1.1102230246251565e-16,1.1102230246251565e-16
How do within-family activation hyperparameters tune the welfare-convergence tradeoff?,hyperparameter_shifted_log,c,3.0,nrd,shifted_log,c,3.0,0.5,3,3,3,1.0,20,True,2700,0.9954059180378145,0.8901449201660873,3.073591281560484e-05,True,600,0.995587370446548,0.8897649262024422,-4.869858293643503e-05,2.220446049250313e-16,1.1102230246251565e-16
How do within-family activation hyperparameters tune the welfare-convergence tradeoff?,hyperparameter_shifted_log,c,3.0,nrd,shifted_log,c,3.0,0.5,3,3,3,1.0,21,True,1700,0.9929941278236148,0.870703784614558,-9.605212067942404e-07,True,400,0.9931384953970864,0.8703582684948142,-4.9169461287190686e-05,1.1102230246251565e-16,0.0
How do within-family activation hyperparameters tune the welfare-convergence tradeoff?,hyperparameter_shifted_log,c,3.0,nrd,shifted_log,c,3.0,0.5,3,3,3,1.0,23,True,1500,0.9965530741972866,0.9293681488736908,-6.899384150715893e-06,True,300,0.9967085721303124,0.9289487518074929,-4.911280537800433e-05,1.1102230246251565e-16,1.1102230246251565e-16
How do within-family activation hyperparameters tune the welfare-convergence tradeoff?,hyperparameter_shifted_log,c,3.0,nrd,shifted_log,c,3.0,0.5,3,3,3,1.0,22,True,3300,0.9942972908487681,0.9082368633691792,4.789955094913756e-05,True,800,0.9944298022032785,0.9080220513213213,-4.6625460767335536e-05,1.1102230246251565e-16,2.220446049250313e-16
How do within-family activation hyperparameters tune the welfare-convergence tradeoff?,hyperparameter_shifted_log,c,3.0,nrd,shifted_log,c,3.0,0.5,3,3,3,1.0,24,True,1800,0.9973744767983085,0.9088648868091026,3.7090518137383732e-06,True,400,0.9974804740802531,0.9086205680285854,-4.915833175772599e-05,2.220446049250313e-16,0.0
How do within-family activation hyperparameters tune the welfare-convergence tradeoff?,hyperparameter_shifted_log,c,3.0,nrd,shifted_log,c,3.0,0.5,3,3,3,1.0,25,True,2000,0.9880795825261262,0.8043106072593869,8.944069847860447e-06,True,400,0.9890853160921448,0.8013715166120662,-4.949941457305096e-05,1.1102230246251565e-16,1.1102230246251565e-16
How do within-family activation hyperparameters tune the welfare-convergence tradeoff?,hyperparameter_shifted_log,c,3.0,nrd,shifted_log,c,3.0,0.5,3,3,3,1.0,26,True,1600,0.9969199271772534,0.8916008095163944,-1.9934459642989566e-06,True,300,0.9971705302847127,0.8908999834994589,-4.9243731494064136e-05,0.0,1.1102230246251565e-16
How do within-family activation hyperparameters tune the welfare-convergence tradeoff?,hyperparameter_shifted_log,c,3.0,nrd,shifted_log,c,3.0,0.5,3,3,3,1.0,27,True,1800,0.9920232865749865,0.8606812594309029,1.562227364249047e-06,True,300,0.9925456798653693,0.8592336601085829,-4.915734804189498e-05,0.0,0.0
How do within-family activation hyperparameters tune the welfare-convergence tradeoff?,hyperparameter_shifted_log,c,3.0,nrd,shifted_log,c,3.0,0.5,3,3,3,1.0,30,True,1400,0.9940238185802531,0.9024941374491823,-1.0073458367287902e-05,True,300,0.994461542768562,0.9012135205297241,-4.908443989382061e-05,1.1102230246251565e-16,2.220446049250313e-16
How do within-family activation hyperparameters tune the welfare-convergence tradeoff?,hyperparameter_shifted_log,c,3.0,nrd,shifted_log,c,3.0,0.5,3,3,3,1.0,28,True,3000,0.9902252253670242,0.8378221332088748,4.012295734800997e-05,True,600,0.9905779351438876,0.8369160806104006,-4.890019836018e-05,1.1102230246251565e-16,1.1102230246251565e-16
How do within-family activation hyperparameters tune the welfare-convergence tradeoff?,hyperparameter_shifted_log,c,3.0,nrd,shifted_log,c,3.0,0.5,3,3,3,1.0,29,True,1900,0.9903991052218449,0.8375142247771196,6.551817226640999e-06,True,400,0.9914718095948808,0.8344466368725357,-4.92711128505241e-05,2.220446049250313e-16,2.220446049250313e-16
How do within-family activation hyperparameters tune the welfare-convergence tradeoff?,hyperparameter_shifted_log,c,3.0,nrd,shifted_log,c,3.0,0.5,3,3,3,1.0,31,True,2100,0.993880788957323,0.8634130162206238,1.2782781558307033e-05,True,400,0.9944008154284382,0.8619941337181768,-4.9382334321279586e-05,1.1102230246251565e-16,1.1102230246251565e-16
How do within-family activation hyperparameters tune the welfare-convergence tradeoff?,hyperparameter_shifted_log,c,3.0,nrd,shifted_log,c,3.0,0.5,3,3,3,1.0,32,True,1100,0.9949741443321946,0.8933014569061006,-1.73428515761187e-05,True,200,0.9949828310164842,0.8932804753074951,-4.915390218696025e-05,0.0,1.1102230246251565e-16
How do within-family activation hyperparameters tune the welfare-convergence tradeoff?,hyperparameter_shifted_log,c,3.0,nrd,shifted_log,c,3.0,0.5,3,3,3,1.0,33,True,1300,0.9945262569793605,0.8765205482985703,-1.3290691069201e-05,True,300,0.9943461577774775,0.8771362471882975,-4.914874912675948e-05,0.0,2.220446049250313e-16
How do within-family activation hyperparameters tune the welfare-convergence tradeoff?,hyperparameter_shifted_log,c,3.0,nrd,shifted_log,c,3.0,0.5,3,3,3,1.0,34,True,1400,0.9931485421714137,0.8425083547902128,-9.633977228307167e-06,True,300,0.9935328228657824,0.8415356735357825,-4.918512759904958e-05,2.220446049250313e-16,1.1102230246251565e-16
How do within-family activation hyperparameters tune the welfare-convergence tradeoff?,hyperparameter_shifted_log,c,3.0,nrd,shifted_log,c,3.0,0.5,3,3,3,1.0,36,True,1100,0.9970674706645137,0.9048031384004626,-1.8462950927999877e-05,True,200,0.9970442684567702,0.904955529115275,-4.914596316590858e-05,1.1102230246251565e-16,1.1102230246251565e-16
How do within-family activation hyperparameters tune the welfare-convergence tradeoff?,hyperparameter_shifted_log,c,3.0,nrd,shifted_log,c,3.0,0.5,3,3,3,1.0,35,True,4300,0.9917026699736923,0.785997779182081,7.864525243916898e-05,True,1000,0.9920803454629208,0.785195114749424,-3.666797148071943e-05,2.220446049250313e-16,1.1102230246251565e-16
How do within-family activation hyperparameters tune the welfare-convergence tradeoff?,hyperparameter_shifted_log,c,3.0,nrd,shifted_log,c,3.0,0.5,3,3,3,1.0,37,True,1700,0.9882341584631354,0.8126100917388716,-6.770032611735921e-07,True,300,0.988600360704587,0.8116660131321379,-4.9274613900640585e-05,2.220446049250313e-16,1.1102230246251565e-16
How do within-family activation hyperparameters tune the welfare-convergence tradeoff?,hyperparameter_shifted_log,c,3.0,nrd,shifted_log,c,3.0,0.5,3,3,3,1.0,39,True,1300,0.9968233376950472,0.8996376172132777,-1.2176449852074889e-05,True,200,0.9970840901290093,0.8988876757372711,-4.91531491796926e-05,2.220446049250313e-16,1.1102230246251565e-16
How do within-family activation hyperparameters tune the welfare-convergence tradeoff?,hyperparameter_shifted_log,c,3.0,nrd,shifted_log,c,3.0,0.5,3,3,3,1.0,38,True,2500,0.9965804783410791,0.9226817859279505,2.5750746102448652e-05,True,600,0.99669661187053,0.9224317221849319,-4.905052449460934e-05,1.1102230246251565e-16,2.220446049250313e-16
How do within-family activation hyperparameters tune the welfare-convergence tradeoff?,hyperparameter_shifted_log,c,3.0,nrd,shifted_log,c,3.0,0.5,3,3,3,1.0,40,True,1400,0.9898583105110195,0.8184531680042965,-9.249284438295202e-06,True,300,0.9897939413263447,0.8187515589383606,-4.914885999157681e-05,1.1102230246251565e-16,1.1102230246251565e-16
How do within-family activation hyperparameters tune the welfare-convergence tradeoff?,hyperparameter_shifted_log,c,3.0,nrd,shifted_log,c,3.0,0.5,3,3,3,1.0,41,True,1100,0.9978756547385791,0.8992933274908487,-1.7389397147293817e-05,True,200,0.9980211169713296,0.8988878446283625,-4.916192676640563e-05,1.1102230246251565e-16,2.220446049250313e-16
How do within-family activation hyperparameters tune the welfare-convergence tradeoff?,hyperparameter_shifted_log,c,3.0,nrd,shifted_log,c,3.0,0.5,3,3,3,1.0,42,True,1200,0.9939788223196834,0.8598349296624205,-1.5455261405117326e-05,True,200,0.994120102775224,0.8595017012439982,-4.93018354830177e-05,1.1102230246251565e-16,1.1102230246251565e-16
How do within-family activation hyperparameters tune the welfare-convergence tradeoff?,hyperparameter_shifted_log,c,3.0,nrd,shifted_log,c,3.0,0.5,3,3,3,1.0,45,True,700,0.9981051284324887,0.9627649307117107,-3.115036177303576e-05,True,100,0.9981935465025009,0.9624962245745511,-4.8954732702943815e-05,1.1102230246251565e-16,1.1102230246251565e-16
How do within-family activation hyperparameters tune the welfare-convergence tradeoff?,hyperparameter_shifted_log,c,3.0,nrd,shifted_log,c,3.0,0.5,3,3,3,1.0,44,True,1300,0.989541755884982,0.8033550132275412,-1.3987669316983808e-05,True,200,0.9900803232134598,0.8017851550392207,-4.946519351123335e-05,1.1102230246251565e-16,2.220446049250313e-16
How do within-family activation hyperparameters tune the welfare-convergence tradeoff?,hyperparameter_shifted_log,c,3.0,nrd,shifted_log,c,3.0,0.5,3,3,3,1.0,43,True,2100,0.9884009938381422,0.7925034425562556,1.1280158583371058e-05,True,400,0.9889616577997722,0.7910394205458471,-4.946728248189647e-05,2.220446049250313e-16,1.1102230246251565e-16
How do within-family activation hyperparameters tune the welfare-convergence tradeoff?,hyperparameter_shifted_log,c,3.0,nrd,shifted_log,c,3.0,0.5,3,3,3,1.0,46,True,1700,0.9951987982329112,0.8692965745294741,9.702657789989466e-07,True,400,0.9954475151021963,0.8686871329443902,-4.922613096236539e-05,2.220446049250313e-16,1.1102230246251565e-16
How do within-family activation hyperparameters tune the welfare-convergence tradeoff?,hyperparameter_shifted_log,c,3.0,nrd,shifted_log,c,3.0,0.5,3,3,3,1.0,47,True,1400,0.9964560828703011,0.9232274151811927,-8.56135074761566e-06,True,300,0.9966489095495503,0.9226755535454968,-4.911174203847679e-05,1.1102230246251565e-16,1.1102230246251565e-16
How do within-family activation hyperparameters tune the welfare-convergence tradeoff?,hyperparameter_shifted_log,c,3.0,nrd,shifted_log,c,3.0,0.5,3,3,3,1.0,48,True,800,0.9957619139931729,0.8899198144094997,-2.6389830907636025e-05,True,100,0.9955429930151755,0.8906103047321589,-4.910089856063893e-05,1.1102230246251565e-16,1.1102230246251565e-16
How do within-family activation hyperparameters tune the welfare-convergence tradeoff?,hyperparameter_shifted_log,c,3.0,nrd,shifted_log,c,3.0,0.5,3,3,3,1.0,51,True,1100,0.9962837886227119,0.8746503311533598,-1.7742146502408573e-05,True,200,0.9964793832689411,0.8741186498020476,-4.926967127771853e-05,0.0,2.220446049250313e-16
How do within-family activation hyperparameters tune the welfare-convergence tradeoff?,hyperparameter_shifted_log,c,3.0,nrd,shifted_log,c,3.0,0.5,3,3,3,1.0,50,True,1500,0.99596307393374,0.8415184133946093,-7.764746997429572e-06,True,300,0.9961381462473288,0.8410967692432955,-4.936228469692994e-05,2.220446049250313e-16,1.1102230246251565e-16
How do within-family activation hyperparameters tune the welfare-convergence tradeoff?,hyperparameter_shifted_log,c,3.0,nrd,shifted_log,c,3.0,0.5,3,3,3,1.0,49,True,1900,0.9954495675603098,0.8470082965871636,5.4848119004913265e-06,True,400,0.9956737619188809,0.8464273130021828,-4.924452549520675e-05,1.1102230246251565e-16,1.1102230246251565e-16
How do within-family activation hyperparameters tune the welfare-convergence tradeoff?,hyperparameter_shifted_log,c,3.0,nrd,shifted_log,c,3.0,0.5,3,3,3,1.0,53,True,1600,0.9930925068012635,0.8679655133357943,-3.651704077844986e-06,True,300,0.993468904528885,0.8668918421732809,-4.9309810273068244e-05,2.220446049250313e-16,0.0
How do within-family activation hyperparameters tune the welfare-convergence tradeoff?,hyperparameter_shifted_log,c,3.0,nrd,shifted_log,c,3.0,0.5,3,3,3,1.0,52,True,2800,0.9955399129436918,0.8386621896037519,3.302560808604582e-05,True,600,0.9961775509557511,0.8370742927992986,-4.921892855469512e-05,2.220446049250313e-16,1.1102230246251565e-16
How do within-family activation hyperparameters tune the welfare-convergence tradeoff?,hyperparameter_shifted_log,c,3.0,nrd,shifted_log,c,3.0,0.5,3,3,3,1.0,54,True,1400,0.9938348171610701,0.8587552874661185,-9.936741340088595e-06,True,300,0.9943738588863615,0.8571896395149,-4.925014803142114e-05,2.220446049250313e-16,2.220446049250313e-16
How do within-family activation hyperparameters tune the welfare-convergence tradeoff?,hyperparameter_shifted_log,c,3.0,nrd,shifted_log,c,3.0,0.5,3,3,3,1.0,55,True,1700,0.9948194287589455,0.8587833349490452,1.0262670985250466e-07,True,400,0.994935849985949,0.8584863787560346,-4.928929844433272e-05,1.1102230246251565e-16,2.220446049250313e-16
How do within-family activation hyperparameters tune the welfare-convergence tradeoff?,hyperparameter_shifted_log,c,3.0,nrd,shifted_log,c,3.0,0.5,3,3,3,1.0,57,True,1200,0.9972797234764679,0.8844125224837333,-1.3922668828325602e-05,True,200,0.9973984843562294,0.8840978677021439,-4.930446296935731e-05,0.0,0.0
How do within-family activation hyperparameters tune the welfare-convergence tradeoff?,hyperparameter_shifted_log,c,3.0,nrd,shifted_log,c,3.0,0.5,3,3,3,1.0,56,True,4800,0.997112467886545,0.8986300100182955,9.347170960488649e-05,True,1200,0.9973041457681632,0.8984322846860873,-2.8131236245620972e-05,0.0,1.1102230246251565e-16
How do within-family activation hyperparameters tune the welfare-convergence tradeoff?,hyperparameter_shifted_log,c,3.0,nrd,shifted_log,c,3.0,0.5,3,3,3,1.0,58,True,1300,0.992304316211938,0.8413804628206881,-1.3591991780470547e-05,True,200,0.992808438877186,0.8398737315991928,-4.935679047768371e-05,1.1102230246251565e-16,1.1102230246251565e-16
How do within-family activation hyperparameters tune the welfare-convergence tradeoff?,hyperparameter_shifted_log,c,3.0,nrd,shifted_log,c,3.0,0.5,3,3,3,1.0,61,True,900,0.9952251060540691,0.8876191232269605,-2.5711198575362193e-05,True,200,0.9952164599143052,0.8877005956320808,-4.919370004308199e-05,0.0,1.1102230246251565e-16
How do within-family activation hyperparameters tune the welfare-convergence tradeoff?,hyperparameter_shifted_log,c,3.0,nrd,shifted_log,c,3.0,0.5,3,3,3,1.0,59,True,2700,0.9924885879156701,0.823292818586558,3.130464089579066e-05,True,600,0.9931538809803222,0.8215869001081625,-4.935386325088942e-05,0.0,1.1102230246251565e-16
How do within-family activation hyperparameters tune the welfare-convergence tradeoff?,hyperparameter_shifted_log,c,3.0,nrd,shifted_log,c,3.0,0.5,3,3,3,1.0,62,True,800,0.9921510932601931,0.8532465488877019,-2.778269288705726e-05,True,200,0.9919100648019632,0.8540121730287146,-4.9352138530134315e-05,1.1102230246251565e-16,2.220446049250313e-16
How do within-family activation hyperparameters tune the welfare-convergence tradeoff?,hyperparameter_shifted_log,c,3.0,nrd,shifted_log,c,3.0,0.5,3,3,3,1.0,60,True,2700,0.9935423187565304,0.8835504551689611,2.9004870305326946e-05,True,500,0.9938554479932729,0.8827633351786198,-4.927299669932328e-05,1.1102230246251565e-16,2.220446049250313e-16
How do within-family activation hyperparameters tune the welfare-convergence tradeoff?,hyperparameter_shifted_log,c,3.0,nrd,shifted_log,c,3.0,0.5,3,3,3,1.0,63,True,1400,0.997643101638052,0.915235002008176,-8.618342464850048e-06,True,200,0.9977784642839937,0.9148647037032217,-4.913563241215613e-05,1.1102230246251565e-16,1.1102230246251565e-16
How do within-family activation hyperparameters tune the welfare-convergence tradeoff?,hyperparameter_shifted_log,c,3.0,nrd,shifted_log,c,3.0,0.5,3,3,3,1.0,64,True,1200,0.9868681673961933,0.77894482420343,-1.5949849775542813e-05,True,200,0.9872770696297479,0.7777677923530216,-4.960273432630391e-05,1.1102230246251565e-16,1.1102230246251565e-16
How do within-family activation hyperparameters tune the welfare-convergence tradeoff?,hyperparameter_shifted_log,c,3.0,nrd,shifted_log,c,3.0,0.5,3,3,3,1.0,68,True,1200,0.9959797106644926,0.8676257390800846,-1.4034139719676375e-05,True,300,0.9959138809995488,0.8678856482109548,-4.923037375453854e-05,1.1102230246251565e-16,2.220446049250313e-16
How do within-family activation hyperparameters tune the welfare-convergence tradeoff?,hyperparameter_shifted_log,c,3.0,nrd,shifted_log,c,3.0,0.5,3,3,3,1.0,67,True,1400,0.9943953225529328,0.8504115959196188,-8.235383475663216e-06,True,300,0.9948625605764351,0.8490913800506084,-4.934471677869867e-05,0.0,1.1102230246251565e-16
How do within-family activation hyperparameters tune the welfare-convergence tradeoff?,hyperparameter_shifted_log,c,3.0,nrd,shifted_log,c,3.0,0.5,3,3,3,1.0,66,True,1800,0.9958944720750786,0.8750751733403194,3.0448715502284784e-06,True,400,0.9960798454516526,0.8745893953783151,-4.9281135228340656e-05,1.1102230246251565e-16,2.220446049250313e-16
How do within-family activation hyperparameters tune the welfare-convergence tradeoff?,hyperparameter_shifted_log,c,3.0,nrd,shifted_log,c,3.0,0.5,3,3,3,1.0,65,True,2100,0.9937461158149248,0.8442248075266781,1.291313821222273e-05,True,400,0.9943076145184284,0.8426184497007642,-4.936072175981687e-05,1.1102230246251565e-16,1.1102230246251565e-16
How do within-family activation hyperparameters tune the welfare-convergence tradeoff?,hyperparameter_shifted_log,c,3.0,nrd,shifted_log,c,3.0,0.5,3,3,3,1.0,69,True,2400,0.9946880521646224,0.8916474073919799,2.025822819257117e-05,True,500,0.995112109325177,0.890496862256981,-4.920478370817882e-05,2.220446049250313e-16,1.1102230246251565e-16
How do within-family activation hyperparameters tune the welfare-convergence tradeoff?,hyperparameter_shifted_log,c,3.0,nrd,shifted_log,c,3.0,0.5,3,3,3,1.0,71,True,1400,0.9928828150422152,0.8788342890538113,-9.001034329436663e-06,True,300,0.9932456892246307,0.8778705760280321,-4.90293053541091e-05,1.1102230246251565e-16,1.1102230246251565e-16
How do within-family activation hyperparameters tune the welfare-convergence tradeoff?,hyperparameter_shifted_log,c,3.0,nrd,shifted_log,c,3.0,0.5,3,3,3,1.0,70,True,4000,0.9924732548645848,0.8616085028363395,7.2429341532676e-05,True,1000,0.9925881512125094,0.8616255840782427,-3.935903973251165e-05,0.0,1.1102230246251565e-16
How do within-family activation hyperparameters tune the welfare-convergence tradeoff?,hyperparameter_shifted_log,c,3.0,nrd,shifted_log,c,3.0,0.5,3,3,3,1.0,72,True,1700,0.9916943150469958,0.8704739546605772,3.83844349138851e-07,True,400,0.9925256455742526,0.867984871734001,-4.928672490278618e-05,1.1102230246251565e-16,2.220446049250313e-16
How do within-family activation hyperparameters tune the welfare-convergence tradeoff?,hyperparameter_shifted_log,c,3.0,nrd,shifted_log,c,3.0,0.5,3,3,3,1.0,74,True,2500,0.9962664507561291,0.8777118980567344,2.2808398178086886e-05,True,600,0.996585124486277,0.876855137608672,-4.931034833222103e-05,1.1102230246251565e-16,0.0
How do within-family activation hyperparameters tune the welfare-convergence tradeoff?,hyperparameter_shifted_log,c,3.0,nrd,shifted_log,c,3.0,0.5,3,3,3,1.0,73,True,3500,0.9933436608715192,0.8593973877873431,5.554886172975948e-05,True,800,0.9935941849298052,0.8588636761497614,-4.5164519825557914e-05,1.1102230246251565e-16,2.220446049250313e-16
How do within-family activation hyperparameters tune the welfare-convergence tradeoff?,hyperparameter_shifted_log,c,3.0,nrd,shifted_log,c,3.0,0.5,3,3,3,1.0,75,True,1400,0.9937372054846516,0.8284409471628238,-1.0432663105242046e-05,True,200,0.9937580944689502,0.8284677575887899,-4.936527973697924e-05,1.1102230246251565e-16,1.1102230246251565e-16
How do within-family activation hyperparameters tune the welfare-convergence tradeoff?,hyperparameter_shifted_log,c,3.0,nrd,shifted_log,c,3.0,0.5,3,3,3,1.0,77,True,1200,0.9963213904325185,0.8712659094053068,-1.434285528678636e-05,True,200,0.9966723097449023,0.8702279131118948,-4.924845840470482e-05,0.0,1.1102230246251565e-16
How do within-family activation hyperparameters tune the welfare-convergence tradeoff?,hyperparameter_shifted_log,c,3.0,nrd,shifted_log,c,3.0,0.5,3,3,3,1.0,78,True,900,0.9964933122468818,0.8965602261286819,-2.5363006676604183e-05,True,100,0.9965911151072202,0.8962780882487721,-4.910408045100123e-05,1.1102230246251565e-16,1.1102230246251565e-16
How do within-family activation hyperparameters tune the welfare-convergence tradeoff?,hyperparameter_shifted_log,c,3.0,nrd,shifted_log,c,3.0,0.5,3,3,3,1.0,76,True,2300,0.9878893789814965,0.8191652124527721,1.7604287993133738e-05,True,500,0.9876613243178927,0.8199077893415874,-4.9133745882723456e-05,2.220446049250313e-16,1.1102230246251565e-16
How do within-family activation hyperparameters tune the welfare-convergence tradeoff?,hyperparameter_shifted_log,c,3.0,nrd,shifted_log,c,3.0,0.5,3,3,3,1.0,79,True,2900,0.9893886520380752,0.800586171411018,3.6354683910444496e-05,True,600,0.9901876986221452,0.7983857966317601,-4.9276610252113606e-05,1.1102230246251565e-16,2.220446049250313e-16
How do within-family activation hyperparameters tune the welfare-convergence tradeoff?,hyperparameter_shifted_log,c,3.0,nrd,shifted_log,c,3.0,0.5,3,3,3,1.0,80,True,2600,0.9944805710319509,0.8935372056603659,2.580399101276276e-05,True,500,0.994941803663068,0.8923318622757733,-4.910682154579682e-05,2.220446049250313e-16,2.220446049250313e-16
How do within-family activation hyperparameters tune the welfare-convergence tradeoff?,hyperparameter_shifted_log,c,3.0,nrd,shifted_log,c,3.0,0.5,3,3,3,1.0,81,True,1200,0.9911787755113471,0.8385239764690976,-1.4620824913602615e-05,True,200,0.9914913312212833,0.8376238423715976,-4.920442400591085e-05,2.220446049250313e-16,1.1102230246251565e-16
How do within-family activation hyperparameters tune the welfare-convergence tradeoff?,hyperparameter_shifted_log,c,3.0,nrd,shifted_log,c,3.0,0.5,3,3,3,1.0,82,True,1000,0.9901936375008491,0.8044460570001299,-2.0445138127156426e-05,True,200,0.9900955636105355,0.8048047330654223,-4.938986055014194e-05,2.220446049250313e-16,2.220446049250313e-16
How do within-family activation hyperparameters tune the welfare-convergence tradeoff?,hyperparameter_shifted_log,c,3.0,nrd,shifted_log,c,3.0,0.5,3,3,3,1.0,84,True,1100,0.9967852216024664,0.9371972261304867,-1.921039598334895e-05,True,200,0.9967218820481936,0.937412771695016,-4.89677646712261e-05,2.220446049250313e-16,1.1102230246251565e-16
How do within-family activation hyperparameters tune the welfare-convergence tradeoff?,hyperparameter_shifted_log,c,3.0,nrd,shifted_log,c,3.0,0.5,3,3,3,1.0,83,True,1800,0.9959299936361007,0.9303390023468333,1.4722381322385125e-06,True,400,0.9963730770040566,0.928997093436179,-4.904082801510112e-05,0.0,2.220446049250313e-16
How do within-family activation hyperparameters tune the welfare-convergence tradeoff?,hyperparameter_shifted_log,c,3.0,nrd,shifted_log,c,3.0,0.5,3,3,3,1.0,86,True,1100,0.9966981267983315,0.8931982197148907,-1.6974089923182945e-05,True,200,0.996885101018594,0.8926818988023365,-4.9124120298671414e-05,2.220446049250313e-16,0.0
How do within-family activation hyperparameters tune the welfare-convergence tradeoff?,hyperparameter_shifted_log,c,3.0,nrd,shifted_log,c,3.0,0.5,3,3,3,1.0,87,True,1100,0.997866068848974,0.86431792097272,-1.7387023253490064e-05,True,200,0.9978878015334034,0.8643240883506292,-4.931902873223093e-05,2.220446049250313e-16,2.220446049250313e-16
How do within-family activation hyperparameters tune the welfare-convergence tradeoff?,hyperparameter_shifted_log,c,3.0,nrd,shifted_log,c,3.0,0.5,3,3,3,1.0,85,True,2500,0.9972294585690704,0.864718803005292,2.543769699131504e-05,True,600,0.9974191080229358,0.864237414554157,-4.9180692398342885e-05,1.1102230246251565e-16,0.0
How do within-family activation hyperparameters tune the welfare-convergence tradeoff?,hyperparameter_shifted_log,c,3.0,nrd,shifted_log,c,3.0,0.5,3,3,3,1.0,88,True,1400,0.995362012416059,0.8859161224368863,-8.526989464741064e-06,True,200,0.995655226097849,0.8850774043241613,-4.913206398315939e-05,1.1102230246251565e-16,1.1102230246251565e-16
How do within-family activation hyperparameters tune the welfare-convergence tradeoff?,hyperparameter_shifted_log,c,3.0,nrd,shifted_log,c,3.0,0.5,3,3,3,1.0,90,True,1200,0.9970018131035263,0.8785077090433551,-1.595198506482154e-05,True,200,0.9970158358299251,0.8785075074370653,-4.9162719683304434e-05,1.1102230246251565e-16,0.0
How do within-family activation hyperparameters tune the welfare-convergence tradeoff?,hyperparameter_shifted_log,c,3.0,nrd,shifted_log,c,3.0,0.5,3,3,3,1.0,89,True,2400,0.9964365005882662,0.8739297954804432,2.0607977823217105e-05,True,500,0.9966844450272182,0.8733038106074033,-4.9283866270066756e-05,1.1102230246251565e-16,1.1102230246251565e-16
How do within-family activation hyperparameters tune the welfare-convergence tradeoff?,hyperparameter_shifted_log,c,3.0,nrd,shifted_log,c,3.0,0.5,3,3,3,1.0,91,True,800,0.9949014937528933,0.8479349990564993,-2.558611507991193e-05,True,100,0.9949231148092982,0.8478971336960356,-4.936164000662879e-05,0.0,1.1102230246251565e-16
How do within-family activation hyperparameters tune the welfare-convergence tradeoff?,hyperparameter_shifted_log,c,3.0,nrd,shifted_log,c,3.0,0.5,3,3,3,1.0,93,True,1300,0.9929243393351622,0.7837922802550472,-1.3199671729302587e-05,True,300,0.9931130795075146,0.7832617177945128,-4.958114430125837e-05,1.1102230246251565e-16,2.220446049250313e-16
How do within-family activation hyperparameters tune the welfare-convergence tradeoff?,hyperparameter_shifted_log,c,3.0,nrd,shifted_log,c,3.0,0.5,3,3,3,1.0,94,True,1500,0.9928127041021535,0.846621406915601,-5.909530505665561e-06,True,300,0.99316099424992,0.8456472672533512,-4.930405622077805e-05,2.220446049250313e-16,1.1102230246251565e-16
How do within-family activation hyperparameters tune the welfare-convergence tradeoff?,hyperparameter_shifted_log,c,3.0,nrd,shifted_log,c,3.0,0.5,3,3,3,1.0,92,True,4100,0.9942318734967441,0.8918141128731811,7.298253397808319e-05,True,900,0.9950138953581122,0.8898188214732227,-4.3219344482925415e-05,1.1102230246251565e-16,1.1102230246251565e-16
How do within-family activation hyperparameters tune the welfare-convergence tradeoff?,hyperparameter_shifted_log,c,3.0,nrd,shifted_log,c,3.0,0.5,3,3,3,1.0,95,True,1000,0.9970236068528211,0.9234856097238545,-2.156403019243358e-05,True,200,0.9970965120546581,0.9233058082066581,-4.906573744489773e-05,1.1102230246251565e-16,2.220446049250313e-16
How do within-family activation hyperparameters tune the welfare-convergence tradeoff?,hyperparameter_shifted_log,c,3.0,nrd,shifted_log,c,3.0,0.5,3,3,3,1.0,96,True,1600,0.9961448107242156,0.8781431094515458,-3.2646471022079737e-06,True,300,0.9960989457710455,0.8783801552502224,-4.9210105228569834e-05,2.220446049250313e-16,2.220446049250313e-16
How do within-family activation hyperparameters tune the welfare-convergence tradeoff?,hyperparameter_shifted_log,c,3.0,nrd,shifted_log,c,3.0,0.5,3,3,3,1.0,97,True,2000,0.9913357427759986,0.8146078588165523,9.826911183619114e-06,True,400,0.9917938036362599,0.8134067423528801,-4.928421089489543e-05,2.220446049250313e-16,0.0
How do within-family activation hyperparameters tune the welfare-convergence tradeoff?,hyperparameter_shifted_log,c,3.0,nrd,shifted_log,c,3.0,0.5,3,3,3,1.0,98,True,2000,0.995305899652449,0.8840324922505879,7.634431204217584e-06,True,400,0.9958265045647301,0.8825738379602063,-4.923924736588425e-05,1.1102230246251565e-16,2.220446049250313e-16
How do within-family activation hyperparameters tune the welfare-convergence tradeoff?,hyperparameter_shifted_log,c,3.0,nrd,shifted_log,c,3.0,0.5,3,3,3,1.0,99,True,900,0.9972012288194307,0.9286866098956287,-2.3352312800595243e-05,True,100,0.9971605205758799,0.9288328254258588,-4.9064302082624245e-05,1.1102230246251565e-16,2.220446049250313e-16
How do within-family activation hyperparameters tune the welfare-convergence tradeoff?,hyperparameter_shifted_log,c,4.0,nrd,shifted_log,c,4.0,0.5,3,3,3,1.0,1,True,1300,0.997570774219971,0.8559905703862759,-9.942506031701548e-06,True,300,0.9975816461215339,0.856015816013934,-4.574087813508099e-05,1.1102230246251565e-16,1.1102230246251565e-16
How do within-family activation hyperparameters tune the welfare-convergence tradeoff?,hyperparameter_shifted_log,c,4.0,nrd,shifted_log,c,4.0,0.5,3,3,3,1.0,0,True,2600,0.9972618024156931,0.8023737594365389,2.8265884407741027e-05,True,600,0.9977724788855081,0.8002197715276255,-4.574729681577905e-05,0.0,1.1102230246251565e-16
How do within-family activation hyperparameters tune the welfare-convergence tradeoff?,hyperparameter_shifted_log,c,4.0,nrd,shifted_log,c,4.0,0.5,3,3,3,1.0,2,True,2000,0.9965273908114709,0.8501024092840931,9.381503112526612e-06,True,400,0.9970415998463815,0.8476041534794728,-4.5736327539069865e-05,1.1102230246251565e-16,1.1102230246251565e-16
How do within-family activation hyperparameters tune the welfare-convergence tradeoff?,hyperparameter_shifted_log,c,4.0,nrd,shifted_log,c,4.0,0.5,3,3,3,1.0,3,True,1800,0.9987162326648513,0.9130027040029255,4.8093354927392085e-06,True,400,0.9990532474742192,0.9114169879883572,-4.5680597387409705e-05,2.220446049250313e-16,0.0
How do within-family activation hyperparameters tune the welfare-convergence tradeoff?,hyperparameter_shifted_log,c,4.0,nrd,shifted_log,c,4.0,0.5,3,3,3,1.0,4,True,1900,0.9967364977882086,0.8541588559283216,5.7868611373912415e-06,True,400,0.997016718038618,0.852774140472223,-4.5733951467841205e-05,1.1102230246251565e-16,2.220446049250313e-16
How do within-family activation hyperparameters tune the welfare-convergence tradeoff?,hyperparameter_shifted_log,c,4.0,nrd,shifted_log,c,4.0,0.5,3,3,3,1.0,6,True,1000,0.9985836116814639,0.8129896094323396,-1.9426453666204768e-05,True,100,0.998545957643289,0.8132631577787359,-4.579645944330357e-05,1.1102230246251565e-16,1.1102230246251565e-16
How do within-family activation hyperparameters tune the welfare-convergence tradeoff?,hyperparameter_shifted_log,c,4.0,nrd,shifted_log,c,4.0,0.5,3,3,3,1.0,5,True,2800,0.9961702420117369,0.8204020385680725,3.307983605360665e-05,True,500,0.996919049503046,0.816991118989737,-4.564689927744059e-05,1.1102230246251565e-16,2.220446049250313e-16
How do within-family activation hyperparameters tune the welfare-convergence tradeoff?,hyperparameter_shifted_log,c,4.0,nrd,shifted_log,c,4.0,0.5,3,3,3,1.0,8,True,1500,0.9968589848946278,0.8488768879533067,-4.203123314450163e-06,True,300,0.9969248086727002,0.8485933718944381,-4.569233036627596e-05,2.220446049250313e-16,0.0
How do within-family activation hyperparameters tune the welfare-convergence tradeoff?,hyperparameter_shifted_log,c,4.0,nrd,shifted_log,c,4.0,0.5,3,3,3,1.0,7,True,4100,0.9980930388343722,0.8865033443731111,7.11189287944114e-05,True,1000,0.9984318590985877,0.8851455474683146,-3.62973903030861e-05,1.1102230246251565e-16,2.220446049250313e-16
How do within-family activation hyperparameters tune the welfare-convergence tradeoff?,hyperparameter_shifted_log,c,4.0,nrd,shifted_log,c,4.0,0.5,3,3,3,1.0,9,True,2400,0.9971319541195368,0.7998558439747193,2.1586091829561838e-05,True,500,0.9973323315906069,0.799112782562471,-4.581331493541674e-05,1.1102230246251565e-16,0.0
How do within-family activation hyperparameters tune the welfare-convergence tradeoff?,hyperparameter_shifted_log,c,4.0,nrd,shifted_log,c,4.0,0.5,3,3,3,1.0,10,True,1500,0.9975098896115074,0.8573723640459926,-3.652688961741646e-06,True,300,0.9978090008859496,0.8559629143804665,-4.5682595138207827e-05,2.220446049250313e-16,0.0
How do within-family activation hyperparameters tune the welfare-convergence tradeoff?,hyperparameter_shifted_log,c,4.0,nrd,shifted_log,c,4.0,0.5,3,3,3,1.0,11,True,2400,0.9951409184924924,0.8097384524919401,2.096429702269642e-05,True,500,0.9958025656098234,0.8065843965090881,-4.574600876611212e-05,0.0,1.1102230246251565e-16
How do within-family activation hyperparameters tune the welfare-convergence tradeoff?,hyperparameter_shifted_log,c,4.0,nrd,shifted_log,c,4.0,0.5,3,3,3,1.0,12,True,1800,0.9973807555257953,0.8465464464260863,2.589410347531018e-06,True,400,0.9975957001478711,0.8456034699104951,-4.571422709886974e-05,0.0,0.0
How do within-family activation hyperparameters tune the welfare-convergence tradeoff?,hyperparameter_shifted_log,c,4.0,nrd,shifted_log,c,4.0,0.5,3,3,3,1.0,14,True,700,0.9992503557675966,0.9248243063084791,-2.652973432143435e-05,True,100,0.9991885128660455,0.9251948690774482,-4.564610834228988e-05,2.220446049250313e-16,2.220446049250313e-16
How do within-family activation hyperparameters tune the welfare-convergence tradeoff?,hyperparameter_shifted_log,c,4.0,nrd,shifted_log,c,4.0,0.5,3,3,3,1.0,13,True,4300,0.9974636875135258,0.8316358552051827,7.717565890708045e-05,True,1000,0.9979010467664206,0.8298540616950688,-3.357513592233685e-05,1.1102230246251565e-16,2.220446049250313e-16
How do within-family activation hyperparameters tune the welfare-convergence tradeoff?,hyperparameter_shifted_log,c,4.0,nrd,shifted_log,c,4.0,0.5,3,3,3,1.0,15,True,2100,0.9978839474266287,0.8631509803720206,1.303986568218507e-05,True,400,0.9982375686534172,0.8615659473714657,-4.5680553536098234e-05,2.220446049250313e-16,1.1102230246251565e-16
How do within-family activation hyperparameters tune the welfare-convergence tradeoff?,hyperparameter_shifted_log,c,4.0,nrd,shifted_log,c,4.0,0.5,3,3,3,1.0,16,True,2500,0.9967209145976351,0.8024209048360339,2.486525508982318e-05,True,600,0.9973909141801491,0.799259814789957,-4.585300874171416e-05,1.1102230246251565e-16,2.220446049250313e-16
How do within-family activation hyperparameters tune the welfare-convergence tradeoff?,hyperparameter_shifted_log,c,4.0,nrd,shifted_log,c,4.0,0.5,3,3,3,1.0,17,True,1200,0.9970542716827823,0.849575841662879,-1.2507268051242804e-05,True,200,0.9971278384797158,0.8493161480106982,-4.568613375810493e-05,2.220446049250313e-16,1.1102230246251565e-16
How do within-family activation hyperparameters tune the welfare-convergence tradeoff?,hyperparameter_shifted_log,c,4.0,nrd,shifted_log,c,4.0,0.5,3,3,3,1.0,18,True,2000,0.9984290271864956,0.8656822000197074,9.124490259193596e-06,True,400,0.9986079952337279,0.8648892657368118,-4.5763579546054256e-05,1.1102230246251565e-16,2.220446049250313e-16
How do within-family activation hyperparameters tune the welfare-convergence tradeoff?,hyperparameter_shifted_log,c,4.0,nrd,shifted_log,c,4.0,0.5,3,3,3,1.0,19,True,1800,0.9980909462424665,0.9015643170996746,3.477568678911247e-06,True,400,0.9983936709010497,0.9001356842742522,-4.5646390526898895e-05,2.220446049250313e-16,0.0
How do within-family activation hyperparameters tune the welfare-convergence tradeoff?,hyperparameter_shifted_log,c,4.0,nrd,shifted_log,c,4.0,0.5,3,3,3,1.0,21,True,1800,0.9970851640466694,0.8544397442101417,5.00116209595225e-06,True,400,0.9972373335982582,0.8538187456055232,-4.569573858287379e-05,1.1102230246251565e-16,1.1102230246251565e-16
How do within-family activation hyperparameters tune the welfare-convergence tradeoff?,hyperparameter_shifted_log,c,4.0,nrd,shifted_log,c,4.0,0.5,3,3,3,1.0,20,True,2900,0.998056329515858,0.8792681946237707,3.665561599724976e-05,True,700,0.9982312484105813,0.8787104326895784,-4.4885748098633105e-05,2.220446049250313e-16,1.1102230246251565e-16
How do within-family activation hyperparameters tune the welfare-convergence tradeoff?,hyperparameter_shifted_log,c,4.0,nrd,shifted_log,c,4.0,0.5,3,3,3,1.0,23,True,1700,0.9985306209289292,0.9214365041795148,5.111487876852117e-07,True,400,0.9986680417423298,0.920856553869509,-4.567153989659678e-05,1.1102230246251565e-16,0.0
How do within-family activation hyperparameters tune the welfare-convergence tradeoff?,hyperparameter_shifted_log,c,4.0,nrd,shifted_log,c,4.0,0.5,3,3,3,1.0,22,True,3600,0.9976105479241468,0.894619161297301,5.807645059641153e-05,True,900,0.9977473798705446,0.8943426726170767,-4.078399701595847e-05,2.220446049250313e-16,1.1102230246251565e-16
How do within-family activation hyperparameters tune the welfare-convergence tradeoff?,hyperparameter_shifted_log,c,4.0,nrd,shifted_log,c,4.0,0.5,3,3,3,1.0,24,True,2100,0.9988904979766977,0.9026268460662358,1.31027390831151e-05,True,500,0.9989856528934953,0.9022740386509617,-4.5692005813668946e-05,2.220446049250313e-16,1.1102230246251565e-16
How do within-family activation hyperparameters tune the welfare-convergence tradeoff?,hyperparameter_shifted_log,c,4.0,nrd,shifted_log,c,4.0,0.5,3,3,3,1.0,25,True,2800,0.9945863251123586,0.7808107889268953,3.22731269174481e-05,True,600,0.9956128161191917,0.7759147801645585,-4.574988612421338e-05,1.1102230246251565e-16,2.220446049250313e-16
How do within-family activation hyperparameters tune the welfare-convergence tradeoff?,hyperparameter_shifted_log,c,4.0,nrd,shifted_log,c,4.0,0.5,3,3,3,1.0,26,True,2000,0.9986393157618013,0.8849884637063564,1.0165113210336418e-05,True,400,0.9988610476853556,0.8839789885438103,-4.5721837920620345e-05,1.1102230246251565e-16,2.220446049250313e-16
How do within-family activation hyperparameters tune the welfare-convergence tradeoff?,hyperparameter_shifted_log,c,4.0,nrd,shifted_log,c,4.0,0.5,3,3,3,1.0,27,True,2400,0.9964962201124626,0.8433040626011143,2.258373978519801e-05,True,500,0.9970045634277607,0.8409796257277957,-4.569535827952942e-05,2.220446049250313e-16,2.220446049250313e-16
How do within-family activation hyperparameters tune the welfare-convergence tradeoff?,hyperparameter_shifted_log,c,4.0,nrd,shifted_log,c,4.0,0.5,3,3,3,1.0,30,True,1600,0.9974008179250407,0.8894475251695417,-1.3193219557949831e-06,True,300,0.9977611781616876,0.8877028368688711,-4.5660083438703314e-05,1.1102230246251565e-16,1.1102230246251565e-16
How do within-family activation hyperparameters tune the welfare-convergence tradeoff?,hyperparameter_shifted_log,c,4.0,nrd,shifted_log,c,4.0,0.5,3,3,3,1.0,28,True,3900,0.9958440581455063,0.8156467520133813,6.38835180579167e-05,True,800,0.9962063784778717,0.8141568145972847,-4.347694512268907e-05,2.220446049250313e-16,1.1102230246251565e-16
How do within-family activation hyperparameters tune the welfare-convergence tradeoff?,hyperparameter_shifted_log,c,4.0,nrd,shifted_log,c,4.0,0.5,3,3,3,1.0,29,True,2700,0.9955664439704751,0.8189929351477954,3.0243793383011308e-05,True,600,0.9965776722018398,0.8142820752641041,-4.562914432820753e-05,0.0,1.1102230246251565e-16
How do within-family activation hyperparameters tune the welfare-convergence tradeoff?,hyperparameter_shifted_log,c,4.0,nrd,shifted_log,c,4.0,0.5,3,3,3,1.0,32,True,1200,0.9979542262830049,0.8811936720719201,-1.1928077157052908e-05,True,200,0.997975211176165,0.8811191632811068,-4.569195681036753e-05,2.220446049250313e-16,0.0
How do within-family activation hyperparameters tune the welfare-convergence tradeoff?,hyperparameter_shifted_log,c,4.0,nrd,shifted_log,c,4.0,0.5,3,3,3,1.0,31,True,2600,0.9972481921230762,0.8502679576079304,2.745878677001823e-05,True,600,0.9977516863443671,0.8480653926386107,-4.570933728398341e-05,1.1102230246251565e-16,1.1102230246251565e-16
How do within-family activation hyperparameters tune the welfare-convergence tradeoff?,hyperparameter_shifted_log,c,4.0,nrd,shifted_log,c,4.0,0.5,3,3,3,1.0,33,True,1300,0.9978343828933389,0.8626467616590537,-1.175528392416414e-05,True,300,0.9977236325233083,0.8633189965725312,-4.568797838194749e-05,1.1102230246251565e-16,2.220446049250313e-16
How do within-family activation hyperparameters tune the welfare-convergence tradeoff?,hyperparameter_shifted_log,c,4.0,nrd,shifted_log,c,4.0,0.5,3,3,3,1.0,34,True,2100,0.9970102617972306,0.8272277745481095,1.1268116639040482e-05,True,500,0.9974144596182872,0.8254494448640078,-4.5709460747944686e-05,1.1102230246251565e-16,0.0
How do within-family activation hyperparameters tune the welfare-convergence tradeoff?,hyperparameter_shifted_log,c,4.0,nrd,shifted_log,c,4.0,0.5,3,3,3,1.0,36,True,1200,0.9988203305116008,0.8970756281690875,-1.3213689214308655e-05,True,200,0.9988138563137818,0.8972172867404993,-4.568171215402206e-05,1.1102230246251565e-16,1.1102230246251565e-16
How do within-family activation hyperparameters tune the welfare-convergence tradeoff?,hyperparameter_shifted_log,c,4.0,nrd,shifted_log,c,4.0,0.5,3,3,3,1.0,37,True,2100,0.9950619184647733,0.7861548688413683,1.3451645049455951e-05,True,500,0.9954174192932557,0.784603124825935,-4.575651424626459e-05,1.1102230246251565e-16,0.0
How do within-family activation hyperparameters tune the welfare-convergence tradeoff?,hyperparameter_shifted_log,c,4.0,nrd,shifted_log,c,4.0,0.5,3,3,3,1.0,35,False,,0.9963963404029337,0.7668774968511207,0.0001557923513914039,True,1600,0.9967833465508433,0.765752770867302,-3.274619633064635e-06,1.1102230246251565e-16,1.1102230246251565e-16
How do within-family activation hyperparameters tune the welfare-convergence tradeoff?,hyperparameter_shifted_log,c,4.0,nrd,shifted_log,c,4.0,0.5,3,3,3,1.0,39,True,1500,0.9986152705670065,0.8925159761059337,-5.057478615677624e-06,True,300,0.998827352121647,0.8915094616269706,-4.5681016657417306e-05,2.220446049250313e-16,0.0
How do within-family activation hyperparameters tune the welfare-convergence tradeoff?,hyperparameter_shifted_log,c,4.0,nrd,shifted_log,c,4.0,0.5,3,3,3,1.0,38,True,3200,0.9985277135031834,0.9148041258094901,4.657963079329752e-05,True,800,0.9986625252887057,0.9143756439528974,-4.3685726722975105e-05,1.1102230246251565e-16,2.220446049250313e-16
How do within-family activation hyperparameters tune the welfare-convergence tradeoff?,hyperparameter_shifted_log,c,4.0,nrd,shifted_log,c,4.0,0.5,3,3,3,1.0,40,True,1900,0.9959051458568482,0.7944557521630883,6.625553934769268e-06,True,400,0.995917765883081,0.7945670771706554,-4.568573642288465e-05,2.220446049250313e-16,2.220446049250313e-16
How do within-family activation hyperparameters tune the welfare-convergence tradeoff?,hyperparameter_shifted_log,c,4.0,nrd,shifted_log,c,4.0,0.5,3,3,3,1.0,41,True,1400,0.9990888555141929,0.8943991227041406,-8.877101694004796e-06,True,300,0.9992075349692949,0.8938542682139815,-4.567571414260119e-05,1.1102230246251565e-16,1.1102230246251565e-16
How do within-family activation hyperparameters tune the welfare-convergence tradeoff?,hyperparameter_shifted_log,c,4.0,nrd,shifted_log,c,4.0,0.5,3,3,3,1.0,42,True,1500,0.997508692993039,0.8451171170213914,-4.233855573909651e-06,True,300,0.9976513860562533,0.8445258899696855,-4.5757432310500334e-05,2.220446049250313e-16,2.220446049250313e-16
How do within-family activation hyperparameters tune the welfare-convergence tradeoff?,hyperparameter_shifted_log,c,4.0,nrd,shifted_log,c,4.0,0.5,3,3,3,1.0,44,True,1500,0.9955893398755903,0.7799997627279964,-5.544611231478314e-06,True,300,0.9960242400770007,0.7778718019060237,-4.584746820684993e-05,1.1102230246251565e-16,1.1102230246251565e-16
How do within-family activation hyperparameters tune the welfare-convergence tradeoff?,hyperparameter_shifted_log,c,4.0,nrd,shifted_log,c,4.0,0.5,3,3,3,1.0,45,True,700,0.9992017916867854,0.9583682456876698,-2.723428241141468e-05,True,100,0.9992673302939424,0.9580405793284661,-4.559041983143164e-05,2.220446049250313e-16,2.220446049250313e-16
How do within-family activation hyperparameters tune the welfare-convergence tradeoff?,hyperparameter_shifted_log,c,4.0,nrd,shifted_log,c,4.0,0.5,3,3,3,1.0,43,True,3100,0.9950222542692609,0.7676119291014395,4.000375714147131e-05,True,600,0.9955901063789607,0.7651092101926263,-4.5845180196291135e-05,0.0,1.1102230246251565e-16
How do within-family activation hyperparameters tune the welfare-convergence tradeoff?,hyperparameter_shifted_log,c,4.0,nrd,shifted_log,c,4.0,0.5,3,3,3,1.0,47,True,1700,0.9984891673890706,0.9151957409713591,4.451616742451314e-07,True,400,0.9986466873441241,0.914467504851534,-4.567124177928816e-05,2.220446049250313e-16,1.1102230246251565e-16
How do within-family activation hyperparameters tune the welfare-convergence tradeoff?,hyperparameter_shifted_log,c,4.0,nrd,shifted_log,c,4.0,0.5,3,3,3,1.0,46,True,2100,0.9979597428426451,0.8578238434787995,1.2865163618813735e-05,True,500,0.9981829458903438,0.856912305551646,-4.57234815888774e-05,1.1102230246251565e-16,1.1102230246251565e-16
How do within-family activation hyperparameters tune the welfare-convergence tradeoff?,hyperparameter_shifted_log,c,4.0,nrd,shifted_log,c,4.0,0.5,3,3,3,1.0,48,True,900,0.9983586120193737,0.879092200975578,-2.295606388647009e-05,True,100,0.9982133773767864,0.8798863778933468,-4.5663006619012236e-05,2.220446049250313e-16,0.0
How do within-family activation hyperparameters tune the welfare-convergence tradeoff?,hyperparameter_shifted_log,c,4.0,nrd,shifted_log,c,4.0,0.5,3,3,3,1.0,51,True,1300,0.9984421586846758,0.8654634093777842,-1.1360433058771324e-05,True,200,0.9985948960725004,0.8647606820918843,-4.572954263148965e-05,2.220446049250313e-16,2.220446049250313e-16
How do within-family activation hyperparameters tune the welfare-convergence tradeoff?,hyperparameter_shifted_log,c,4.0,nrd,shifted_log,c,4.0,0.5,3,3,3,1.0,50,True,1900,0.9982995203793147,0.8314181813235489,7.157166825699779e-06,True,400,0.998468103838163,0.8307132580539461,-4.578111811082142e-05,2.220446049250313e-16,2.220446049250313e-16
How do within-family activation hyperparameters tune the welfare-convergence tradeoff?,hyperparameter_shifted_log,c,4.0,nrd,shifted_log,c,4.0,0.5,3,3,3,1.0,49,True,2900,0.997993430935567,0.8368142936844247,3.578931054748491e-05,True,700,0.9982663806922181,0.8356597021615538,-4.5415974213369736e-05,0.0,2.220446049250313e-16
How do within-family activation hyperparameters tune the welfare-convergence tradeoff?,hyperparameter_shifted_log,c,4.0,nrd,shifted_log,c,4.0,0.5,3,3,3,1.0,53,True,2500,0.9969626799926468,0.8527666973384628,2.342681593764384e-05,True,600,0.9973693661427344,0.8508548548573286,-4.5760033363762e-05,2.220446049250313e-16,1.1102230246251565e-16
How do within-family activation hyperparameters tune the welfare-convergence tradeoff?,hyperparameter_shifted_log,c,4.0,nrd,shifted_log,c,4.0,0.5,3,3,3,1.0,54,True,1700,0.9972773121470088,0.8458948157942766,1.678576386776598e-06,True,400,0.9977395299814202,0.843670350222455,-4.573706693206114e-05,1.1102230246251565e-16,1.1102230246251565e-16
How do within-family activation hyperparameters tune the welfare-convergence tradeoff?,hyperparameter_shifted_log,c,4.0,nrd,shifted_log,c,4.0,0.5,3,3,3,1.0,52,True,4200,0.9977816326059574,0.8301081233273399,7.549418059638047e-05,True,1000,0.998448703266687,0.8274786896430358,-3.4548866691075375e-05,0.0,2.220446049250313e-16
How do within-family activation hyperparameters tune the welfare-convergence tradeoff?,hyperparameter_shifted_log,c,4.0,nrd,shifted_log,c,4.0,0.5,3,3,3,1.0,55,True,2100,0.9978458999950568,0.8465936230860066,1.3906994038803688e-05,True,500,0.9979672218351426,0.8461054841276116,-4.5754393021513184e-05,2.220446049250313e-16,0.0
How do within-family activation hyperparameters tune the welfare-convergence tradeoff?,hyperparameter_shifted_log,c,4.0,nrd,shifted_log,c,4.0,0.5,3,3,3,1.0,57,True,1400,0.9988598451437442,0.8780335971511518,-7.898325221022962e-06,True,300,0.9989551038614679,0.8776178967573545,-4.574729010276002e-05,1.1102230246251565e-16,0.0
How do within-family activation hyperparameters tune the welfare-convergence tradeoff?,hyperparameter_shifted_log,c,4.0,nrd,shifted_log,c,4.0,0.5,3,3,3,1.0,56,False,,0.9986822514369232,0.891879563068922,0.0001439111628469547,True,1500,0.9988910393423825,0.8915938983067289,-7.703689997751173e-06,2.220446049250313e-16,0.0
How do within-family activation hyperparameters tune the welfare-convergence tradeoff?,hyperparameter_shifted_log,c,4.0,nrd,shifted_log,c,4.0,0.5,3,3,3,1.0,58,True,1500,0.9967034680600955,0.8247619833029306,-5.124886268192963e-06,True,300,0.9971035369351585,0.8227744264350028,-4.578910137648107e-05,2.220446049250313e-16,2.220446049250313e-16
How do within-family activation hyperparameters tune the welfare-convergence tradeoff?,hyperparameter_shifted_log,c,4.0,nrd,shifted_log,c,4.0,0.5,3,3,3,1.0,60,True,3600,0.9971803325256438,0.8690796474250074,5.451244292109525e-05,True,700,0.9975219207576805,0.8676571464886571,-4.5446858731978956e-05,2.220446049250313e-16,1.1102230246251565e-16
How do within-family activation hyperparameters tune the welfare-convergence tradeoff?,hyperparameter_shifted_log,c,4.0,nrd,shifted_log,c,4.0,0.5,3,3,3,1.0,61,True,1000,0.9980804152989602,0.875408389011345,-1.9358826632287496e-05,True,200,0.9980867688399013,0.8754477736698255,-4.568378323671629e-05,2.220446049250313e-16,2.220446049250313e-16
How do within-family activation hyperparameters tune the welfare-convergence tradeoff?,hyperparameter_shifted_log,c,4.0,nrd,shifted_log,c,4.0,0.5,3,3,3,1.0,62,True,800,0.9969018586664429,0.8340304413562446,-2.409344300052796e-05,True,200,0.9967430254803662,0.8349007006845052,-4.5782857168275015e-05,2.220446049250313e-16,2.220446049250313e-16
How do within-family activation hyperparameters tune the welfare-convergence tradeoff?,hyperparameter_shifted_log,c,4.0,nrd,shifted_log,c,4.0,0.5,3,3,3,1.0,59,True,4200,0.996602723615766,0.8077778962015029,7.383416494965989e-05,True,1000,0.9972383322248222,0.805191279693454,-3.546536159243496e-05,2.220446049250313e-16,0.0
How do within-family activation hyperparameters tune the welfare-convergence tradeoff?,hyperparameter_shifted_log,c,4.0,nrd,shifted_log,c,4.0,0.5,3,3,3,1.0,63,True,1600,0.9989965624380103,0.9098687563987315,-2.7545338499024297e-06,True,300,0.9991042254296782,0.9094057265919226,-4.567679594374985e-05,0.0,2.220446049250313e-16
How do within-family activation hyperparameters tune the welfare-convergence tradeoff?,hyperparameter_shifted_log,c,4.0,nrd,shifted_log,c,4.0,0.5,3,3,3,1.0,64,True,1600,0.9944992288630443,0.7498110428963746,-3.2517480952898303e-06,True,300,0.9948991864226906,0.747889439620271,-4.5928111575055386e-05,0.0,2.220446049250313e-16
How do within-family activation hyperparameters tune the welfare-convergence tradeoff?,hyperparameter_shifted_log,c,4.0,nrd,shifted_log,c,4.0,0.5,3,3,3,1.0,68,True,1400,0.9983926752106984,0.8574273590287592,-6.472864067574857e-06,True,300,0.9983602059547247,0.8576848136166815,-4.572433028038336e-05,1.1102230246251565e-16,0.0
How do within-family activation hyperparameters tune the welfare-convergence tradeoff?,hyperparameter_shifted_log,c,4.0,nrd,shifted_log,c,4.0,0.5,3,3,3,1.0,67,True,1700,0.997572827798553,0.8384362565529221,1.8294143853125888e-06,True,400,0.9979455161428304,0.8366774156201892,-4.578258097681642e-05,2.220446049250313e-16,0.0
How do within-family activation hyperparameters tune the welfare-convergence tradeoff?,hyperparameter_shifted_log,c,4.0,nrd,shifted_log,c,4.0,0.5,3,3,3,1.0,66,True,2200,0.9982531018027732,0.8654239308744996,1.5336756792383444e-05,True,500,0.9984272865895208,0.8646965021927236,-4.574939018264779e-05,2.220446049250313e-16,0.0
How do within-family activation hyperparameters tune the welfare-convergence tradeoff?,hyperparameter_shifted_log,c,4.0,nrd,shifted_log,c,4.0,0.5,3,3,3,1.0,65,True,2700,0.9971950146863976,0.8313268959526141,2.9516486010516818e-05,True,500,0.9977171392607501,0.8289034078668099,-4.577341742939556e-05,2.220446049250313e-16,0.0
How do within-family activation hyperparameters tune the welfare-convergence tradeoff?,hyperparameter_shifted_log,c,4.0,nrd,shifted_log,c,4.0,0.5,3,3,3,1.0,69,True,3600,0.9976037527388616,0.8800390025143253,5.7239554933308234e-05,True,800,0.9980221433256412,0.8782385488608903,-4.144986797410821e-05,2.220446049250313e-16,0.0
How do within-family activation hyperparameters tune the welfare-convergence tradeoff?,hyperparameter_shifted_log,c,4.0,nrd,shifted_log,c,4.0,0.5,3,3,3,1.0,71,True,1900,0.9969373403465263,0.8628857491574076,6.355051783424326e-06,True,400,0.9972789136100821,0.8613481283585639,-4.562276464226134e-05,2.220446049250313e-16,1.1102230246251565e-16
How do within-family activation hyperparameters tune the welfare-convergence tradeoff?,hyperparameter_shifted_log,c,4.0,nrd,shifted_log,c,4.0,0.5,3,3,3,1.0,70,False,,0.996778046218028,0.8436172223872531,0.00014040924575359215,True,1500,0.9969639839826504,0.84349306969439,-9.067164905951497e-06,0.0,2.220446049250313e-16
How do within-family activation hyperparameters tune the welfare-convergence tradeoff?,hyperparameter_shifted_log,c,4.0,nrd,shifted_log,c,4.0,0.5,3,3,3,1.0,72,True,2600,0.9961897990902532,0.8539915734394835,2.7000651034725376e-05,True,600,0.9969854747679741,0.8500958970104171,-4.576282289592282e-05,0.0,1.1102230246251565e-16
How do within-family activation hyperparameters tune the welfare-convergence tradeoff?,hyperparameter_shifted_log,c,4.0,nrd,shifted_log,c,4.0,0.5,3,3,3,1.0,74,True,3800,0.9982582530954234,0.8698616889429912,6.332615892290505e-05,True,900,0.998612629728774,0.8683914857035065,-3.9478343995424936e-05,1.1102230246251565e-16,1.1102230246251565e-16
How do within-family activation hyperparameters tune the welfare-convergence tradeoff?,hyperparameter_shifted_log,c,4.0,nrd,shifted_log,c,4.0,0.5,3,3,3,1.0,73,True,4300,0.9971782430240502,0.844189366987646,7.664636688342608e-05,True,1000,0.9974208304147765,0.8434457783003396,-3.368352701232924e-05,0.0,2.220446049250313e-16
How do within-family activation hyperparameters tune the welfare-convergence tradeoff?,hyperparameter_shifted_log,c,4.0,nrd,shifted_log,c,4.0,0.5,3,3,3,1.0,75,True,1600,0.9975002070689234,0.8118866587501485,-3.3077723972652073e-06,True,300,0.9975285638724352,0.8118448093562534,-4.578262846127723e-05,1.1102230246251565e-16,1.1102230246251565e-16
How do within-family activation hyperparameters tune the welfare-convergence tradeoff?,hyperparameter_shifted_log,c,4.0,nrd,shifted_log,c,4.0,0.5,3,3,3,1.0,77,True,1500,0.9983836790194927,0.8632550577813788,-3.785051421234531e-06,True,300,0.9986658585046757,0.8618717893884288,-4.572770750554955e-05,0.0,2.220446049250313e-16
How do within-family activation hyperparameters tune the welfare-convergence tradeoff?,hyperparameter_shifted_log,c,4.0,nrd,shifted_log,c,4.0,0.5,3,3,3,1.0,78,True,900,0.9985499969808285,0.8882699606283216,-2.086164900311216e-05,True,100,0.9986282392985648,0.8878972647547417,-4.56589283283626e-05,0.0,2.220446049250313e-16
How do within-family activation hyperparameters tune the welfare-convergence tradeoff?,hyperparameter_shifted_log,c,4.0,nrd,shifted_log,c,4.0,0.5,3,3,3,1.0,76,True,2500,0.995173765031448,0.7899034950386691,2.5405168922576493e-05,True,600,0.995038902822908,0.7907521694398136,-4.5560737237770876e-05,2.220446049250313e-16,0.0
How do within-family activation hyperparameters tune the welfare-convergence tradeoff?,hyperparameter_shifted_log,c,4.0,nrd,shifted_log,c,4.0,0.5,3,3,3,1.0,81,True,1400,0.9963004937793942,0.8186104947914501,-6.428616476372717e-06,True,200,0.9965752818903378,0.8172791868234045,-4.571059250108034e-05,0.0,0.0
How do within-family activation hyperparameters tune the welfare-convergence tradeoff?,hyperparameter_shifted_log,c,4.0,nrd,shifted_log,c,4.0,0.5,3,3,3,1.0,80,True,3700,0.9974652270532117,0.882095625488304,5.917611117683963e-05,True,800,0.9979600954510268,0.8799721307554277,-4.556077789330537e-05,1.1102230246251565e-16,2.220446049250313e-16
How do within-family activation hyperparameters tune the welfare-convergence tradeoff?,hyperparameter_shifted_log,c,4.0,nrd,shifted_log,c,4.0,0.5,3,3,3,1.0,79,True,3700,0.9953415849545243,0.7785223792613417,5.8838603000377354e-05,True,800,0.9960668050209707,0.7753000916955625,-4.205274943419601e-05,1.1102230246251565e-16,0.0
How do within-family activation hyperparameters tune the welfare-convergence tradeoff?,hyperparameter_shifted_log,c,4.0,nrd,shifted_log,c,4.0,0.5,3,3,3,1.0,82,True,1100,0.9960803304487615,0.7806697195309903,-1.5032757262112284e-05,True,200,0.9960256828877886,0.7810399292081395,-4.580755953004223e-05,1.1102230246251565e-16,1.1102230246251565e-16
How do within-family activation hyperparameters tune the welfare-convergence tradeoff?,hyperparameter_shifted_log,c,4.0,nrd,shifted_log,c,4.0,0.5,3,3,3,1.0,84,True,1100,0.9987108182917871,0.9290610121662551,-1.5293223674439638e-05,True,200,0.998673787318021,0.9293054677217563,-4.5600005720902725e-05,1.1102230246251565e-16,1.1102230246251565e-16
How do within-family activation hyperparameters tune the welfare-convergence tradeoff?,hyperparameter_shifted_log,c,4.0,nrd,shifted_log,c,4.0,0.5,3,3,3,1.0,83,True,2400,0.9981572088625195,0.9220142547650153,2.0321386684840625e-05,True,500,0.9985320702931677,0.9201781242541927,-4.565694045566282e-05,0.0,2.220446049250313e-16
How do within-family activation hyperparameters tune the welfare-convergence tradeoff?,hyperparameter_shifted_log,c,4.0,nrd,shifted_log,c,4.0,0.5,3,3,3,1.0,86,True,1400,0.9985958870237405,0.8856950818166265,-9.044327635598925e-06,True,300,0.9987477477146035,0.8850058820686192,-4.5683359110815225e-05,1.1102230246251565e-16,1.1102230246251565e-16
How do within-family activation hyperparameters tune the welfare-convergence tradeoff?,hyperparameter_shifted_log,c,4.0,nrd,shifted_log,c,4.0,0.5,3,3,3,1.0,87,True,1200,0.9991392919323957,0.8587596349864972,-1.2738801429656998e-05,True,200,0.9991671754287247,0.8587215143187574,-4.575818692459377e-05,0.0,2.220446049250313e-16
How do within-family activation hyperparameters tune the welfare-convergence tradeoff?,hyperparameter_shifted_log,c,4.0,nrd,shifted_log,c,4.0,0.5,3,3,3,1.0,85,True,3200,0.9987832522724454,0.8582191882366114,4.418822721330429e-05,True,700,0.9989670344548092,0.8575295358907199,-4.4085460023990386e-05,1.1102230246251565e-16,1.1102230246251565e-16
How do within-family activation hyperparameters tune the welfare-convergence tradeoff?,hyperparameter_shifted_log,c,4.0,nrd,shifted_log,c,4.0,0.5,3,3,3,1.0,88,True,1600,0.9980082328493419,0.8756262959511835,-2.106979945404319e-06,True,300,0.9982513105905567,0.8744787759128468,-4.5668452744285215e-05,1.1102230246251565e-16,0.0
How do within-family activation hyperparameters tune the welfare-convergence tradeoff?,hyperparameter_shifted_log,c,4.0,nrd,shifted_log,c,4.0,0.5,3,3,3,1.0,90,True,1300,0.9987848282689917,0.8713504092363876,-9.035170163540496e-06,True,300,0.9988156663425632,0.8712694278644357,-4.5695136195400554e-05,0.0,2.220446049250313e-16
How do within-family activation hyperparameters tune the welfare-convergence tradeoff?,hyperparameter_shifted_log,c,4.0,nrd,shifted_log,c,4.0,0.5,3,3,3,1.0,89,True,3400,0.9983942284268466,0.8661073105938403,5.190146905714732e-05,True,800,0.9986628163918198,0.865037858836096,-4.276355739657456e-05,2.220446049250313e-16,1.1102230246251565e-16
How do within-family activation hyperparameters tune the welfare-convergence tradeoff?,hyperparameter_shifted_log,c,4.0,nrd,shifted_log,c,4.0,0.5,3,3,3,1.0,91,True,900,0.9979346443606382,0.8357064439954107,-2.111747567706823e-05,True,100,0.9979608944775835,0.8356202258629498,-4.579833643203468e-05,2.220446049250313e-16,2.220446049250313e-16
How do within-family activation hyperparameters tune the welfare-convergence tradeoff?,hyperparameter_shifted_log,c,4.0,nrd,shifted_log,c,4.0,0.5,3,3,3,1.0,93,True,1800,0.9970741669480999,0.7682785150813914,2.6197225207469366e-06,True,400,0.9972648842817828,0.767388067060088,-4.588391359933164e-05,0.0,0.0
How do within-family activation hyperparameters tune the welfare-convergence tradeoff?,hyperparameter_shifted_log,c,4.0,nrd,shifted_log,c,4.0,0.5,3,3,3,1.0,94,True,1900,0.996935849647559,0.8307996732004419,6.50293609816277e-06,True,400,0.9972574199230783,0.8292913380183472,-4.5759441860859784e-05,1.1102230246251565e-16,2.220446049250313e-16
How do within-family activation hyperparameters tune the welfare-convergence tradeoff?,hyperparameter_shifted_log,c,4.0,nrd,shifted_log,c,4.0,0.5,3,3,3,1.0,95,True,1100,0.9987642420644205,0.9163137852984774,-1.473865403456287e-05,True,200,0.998829653258604,0.9160508536775426,-4.5638143756743244e-05,2.220446049250313e-16,2.220446049250313e-16
How do within-family activation hyperparameters tune the welfare-convergence tradeoff?,hyperparameter_shifted_log,c,4.0,nrd,shifted_log,c,4.0,0.5,3,3,3,1.0,96,True,1900,0.9984470306297917,0.8683906488081972,6.519259866277771e-06,True,400,0.9984355620564935,0.8685961000641704,-4.570939418635511e-05,0.0,2.220446049250313e-16
How do within-family activation hyperparameters tune the welfare-convergence tradeoff?,hyperparameter_shifted_log,c,4.0,nrd,shifted_log,c,4.0,0.5,3,3,3,1.0,92,False,,0.9971494258527976,0.8808060553346376,0.00014665346243808441,True,1300,0.9979344352088457,0.8779010126444665,-1.5934287860175367e-05,1.1102230246251565e-16,1.1102230246251565e-16
How do within-family activation hyperparameters tune the welfare-convergence tradeoff?,hyperparameter_shifted_log,c,4.0,nrd,shifted_log,c,4.0,0.5,3,3,3,1.0,97,True,2900,0.9962456225047426,0.795818392688021,3.44400561086422e-05,True,600,0.9967163042273574,0.7937303259155842,-4.574738364326869e-05,0.0,2.220446049250313e-16
How do within-family activation hyperparameters tune the welfare-convergence tradeoff?,hyperparameter_shifted_log,c,4.0,nrd,shifted_log,c,4.0,0.5,3,3,3,1.0,98,True,2600,0.9978668507198146,0.8738655802610871,2.6759477238125218e-05,True,600,0.9983288148433689,0.8718084956989909,-4.5619906612504035e-05,2.220446049250313e-16,2.220446049250313e-16
How do within-family activation hyperparameters tune the welfare-convergence tradeoff?,hyperparameter_shifted_log,c,4.0,nrd,shifted_log,c,4.0,0.5,3,3,3,1.0,99,True,1000,0.9988740091557118,0.9216670833809522,-1.9517449384165442e-05,True,200,0.9988520657748023,0.9218224535377204,-4.565126265959618e-05,1.1102230246251565e-16,1.1102230246251565e-16
How do within-family activation hyperparameters tune the welfare-convergence tradeoff?,hyperparameter_shifted_log,c,5.0,nrd,shifted_log,c,5.0,0.5,3,3,3,1.0,1,True,1400,0.9987683790806033,0.8480988396570278,-6.422662410410229e-06,True,300,0.9987855923377972,0.8480903453301397,-4.41520518864591e-05,1.1102230246251565e-16,2.220446049250313e-16
How do within-family activation hyperparameters tune the welfare-convergence tradeoff?,hyperparameter_shifted_log,c,5.0,nrd,shifted_log,c,5.0,0.5,3,3,3,1.0,2,True,2300,0.9980670656209901,0.84114758700515,1.7800615122520735e-05,True,500,0.9985127599990339,0.8380845530481621,-4.41502131185989e-05,2.220446049250313e-16,1.1102230246251565e-16
How do within-family activation hyperparameters tune the welfare-convergence tradeoff?,hyperparameter_shifted_log,c,5.0,nrd,shifted_log,c,5.0,0.5,3,3,3,1.0,0,True,3200,0.9983827573354777,0.7953484757925017,4.480371456555554e-05,True,700,0.9988877433319945,0.7924029828323932,-4.278728516865504e-05,0.0,0.0
How do within-family activation hyperparameters tune the welfare-convergence tradeoff?,hyperparameter_shifted_log,c,5.0,nrd,shifted_log,c,5.0,0.5,3,3,3,1.0,3,True,2000,0.9992387419938972,0.9101065327420156,1.067446061508992e-05,True,400,0.9995229924086481,0.9082513967080582,-4.411643914492558e-05,1.1102230246251565e-16,2.220446049250313e-16
How do within-family activation hyperparameters tune the welfare-convergence tradeoff?,hyperparameter_shifted_log,c,5.0,nrd,shifted_log,c,5.0,0.5,3,3,3,1.0,4,True,2100,0.998261092478051,0.844925907420075,1.2882952224679833e-05,True,500,0.9984973272290015,0.843288300455232,-4.4143473712232595e-05,1.1102230246251565e-16,2.220446049250313e-16
How do within-family activation hyperparameters tune the welfare-convergence tradeoff?,hyperparameter_shifted_log,c,5.0,nrd,shifted_log,c,5.0,0.5,3,3,3,1.0,6,True,1000,0.999300875560737,0.8076826184608032,-1.7611808009077023e-05,True,100,0.9992769927100792,0.8079615319366971,-4.417978588910909e-05,2.220446049250313e-16,2.220446049250313e-16
How do within-family activation hyperparameters tune the welfare-convergence tradeoff?,hyperparameter_shifted_log,c,5.0,nrd,shifted_log,c,5.0,0.5,3,3,3,1.0,5,True,3500,0.9977809110662408,0.8112554106914724,5.105029054464083e-05,True,700,0.998460780043075,0.8068596305805458,-4.4092295276632054e-05,2.220446049250313e-16,2.220446049250313e-16
How do within-family activation hyperparameters tune the welfare-convergence tradeoff?,hyperparameter_shifted_log,c,5.0,nrd,shifted_log,c,5.0,0.5,3,3,3,1.0,8,True,1600,0.9983879877323246,0.8391813912337365,-1.941562616791792e-07,True,300,0.9984532116411899,0.8388067121106556,-4.412455834318374e-05,0.0,1.1102230246251565e-16
How do within-family activation hyperparameters tune the welfare-convergence tradeoff?,hyperparameter_shifted_log,c,5.0,nrd,shifted_log,c,5.0,0.5,3,3,3,1.0,7,False,,0.9988343410085206,0.8819852493345608,0.00011402981228825215,True,1300,0.9991688545703917,0.8803533570250703,-1.7761111986147604e-05,2.220446049250313e-16,2.220446049250313e-16
How do within-family activation hyperparameters tune the welfare-convergence tradeoff?,hyperparameter_shifted_log,c,5.0,nrd,shifted_log,c,5.0,0.5,3,3,3,1.0,9,True,3100,0.9984528233492133,0.791393346139638,4.13106892717674e-05,True,700,0.9986695635375088,0.7902373311925546,-4.323709515241525e-05,0.0,1.1102230246251565e-16
How do within-family activation hyperparameters tune the welfare-convergence tradeoff?,hyperparameter_shifted_log,c,5.0,nrd,shifted_log,c,5.0,0.5,3,3,3,1.0,10,True,1700,0.9986550999875903,0.8502393655750938,2.436559265073246e-06,True,300,0.9989020283441157,0.848557732858971,-4.411887465127773e-05,0.0,2.220446049250313e-16
How do within-family activation hyperparameters tune the welfare-convergence tradeoff?,hyperparameter_shifted_log,c,5.0,nrd,shifted_log,c,5.0,0.5,3,3,3,1.0,12,True,1900,0.9986177956029058,0.8385969699339411,5.78777724319357e-06,True,400,0.9987968643909712,0.837498687126082,-4.413590186347349e-05,0.0,2.220446049250313e-16
How do within-family activation hyperparameters tune the welfare-convergence tradeoff?,hyperparameter_shifted_log,c,5.0,nrd,shifted_log,c,5.0,0.5,3,3,3,1.0,11,True,2900,0.9972836385182543,0.7974082648630768,3.542140960549611e-05,True,600,0.997891872834506,0.7933504584358896,-4.3980168580481926e-05,2.220446049250313e-16,0.0
How do within-family activation hyperparameters tune the welfare-convergence tradeoff?,hyperparameter_shifted_log,c,5.0,nrd,shifted_log,c,5.0,0.5,3,3,3,1.0,14,True,700,0.9996337307775179,0.9221229890388933,-2.4861723220637177e-05,True,100,0.9995906803289947,0.9225131975056327,-4.40922063553173e-05,1.1102230246251565e-16,2.220446049250313e-16
How do within-family activation hyperparameters tune the welfare-convergence tradeoff?,hyperparameter_shifted_log,c,5.0,nrd,shifted_log,c,5.0,0.5,3,3,3,1.0,13,False,,0.9984738970663204,0.825638892557944,0.00012903795398117035,True,1400,0.9988993066024549,0.8235121956668888,-1.2575932929359546e-05,2.220446049250313e-16,0.0
How do within-family activation hyperparameters tune the welfare-convergence tradeoff?,hyperparameter_shifted_log,c,5.0,nrd,shifted_log,c,5.0,0.5,3,3,3,1.0,15,True,2500,0.9988010315418702,0.8575709687224545,2.4068286093914537e-05,True,500,0.9991191834217054,0.8555167177984773,-4.409324400617143e-05,2.220446049250313e-16,2.220446049250313e-16
How do within-family activation hyperparameters tune the welfare-convergence tradeoff?,hyperparameter_shifted_log,c,5.0,nrd,shifted_log,c,5.0,0.5,3,3,3,1.0,17,True,1300,0.9984907297018504,0.840268572049065,-1.0236796015639094e-05,True,200,0.9985600158294883,0.8399026735156029,-4.412023238203888e-05,0.0,0.0
How do within-family activation hyperparameters tune the welfare-convergence tradeoff?,hyperparameter_shifted_log,c,5.0,nrd,shifted_log,c,5.0,0.5,3,3,3,1.0,16,True,3300,0.9980615072106352,0.7951478742949933,4.628861016203745e-05,True,800,0.9986928917921629,0.7910363053593628,-4.241138130672839e-05,0.0,2.220446049250313e-16
How do within-family activation hyperparameters tune the welfare-convergence tradeoff?,hyperparameter_shifted_log,c,5.0,nrd,shifted_log,c,5.0,0.5,3,3,3,1.0,18,True,2200,0.9991500144256198,0.8612937862759112,1.5589982257979695e-05,True,500,0.9993003190809027,0.8603676772796222,-4.415739175844813e-05,0.0,2.220446049250313e-16
How do within-family activation hyperparameters tune the welfare-convergence tradeoff?,hyperparameter_shifted_log,c,5.0,nrd,shifted_log,c,5.0,0.5,3,3,3,1.0,19,True,2100,0.9989311138580017,0.8964125546008738,1.4116714655454388e-05,True,500,0.9991929692127918,0.8946605342435435,-4.40973698680458e-05,0.0,1.1102230246251565e-16
How do within-family activation hyperparameters tune the welfare-convergence tradeoff?,hyperparameter_shifted_log,c,5.0,nrd,shifted_log,c,5.0,0.5,3,3,3,1.0,21,True,1900,0.9984685270370512,0.8456863310098953,7.915988286588682e-06,True,400,0.9986132148528738,0.84484607854379,-4.4117436027502066e-05,0.0,1.1102230246251565e-16
How do within-family activation hyperparameters tune the welfare-convergence tradeoff?,hyperparameter_shifted_log,c,5.0,nrd,shifted_log,c,5.0,0.5,3,3,3,1.0,20,True,3000,0.9989522143392336,0.8733041671302898,3.948801649433786e-05,True,700,0.9991152982820591,0.8726231033049614,-4.306563232764349e-05,1.1102230246251565e-16,2.220446049250313e-16
How do within-family activation hyperparameters tune the welfare-convergence tradeoff?,hyperparameter_shifted_log,c,5.0,nrd,shifted_log,c,5.0,0.5,3,3,3,1.0,23,True,1800,0.9992065855033657,0.9172133787141467,4.3351795669388515e-06,True,400,0.9993269087999258,0.9165326422236427,-4.411270720233729e-05,1.1102230246251565e-16,1.1102230246251565e-16
How do within-family activation hyperparameters tune the welfare-convergence tradeoff?,hyperparameter_shifted_log,c,5.0,nrd,shifted_log,c,5.0,0.5,3,3,3,1.0,24,True,2300,0.9994045383979603,0.8992999558431785,1.8104988569078717e-05,True,500,0.9994890535846187,0.8988800399753193,-4.411099311457667e-05,0.0,2.220446049250313e-16
How do within-family activation hyperparameters tune the welfare-convergence tradeoff?,hyperparameter_shifted_log,c,5.0,nrd,shifted_log,c,5.0,0.5,3,3,3,1.0,22,True,3800,0.998728511159021,0.8872192220249621,6.319449869235383e-05,True,900,0.9988647375763432,0.8869073713914378,-3.757382335412007e-05,0.0,2.220446049250313e-16
How do within-family activation hyperparameters tune the welfare-convergence tradeoff?,hyperparameter_shifted_log,c,5.0,nrd,shifted_log,c,5.0,0.5,3,3,3,1.0,26,True,2300,0.9992319168900494,0.8815103910666653,1.8894994596063697e-05,True,500,0.9994265227604309,0.8802869732791607,-4.413682359449833e-05,0.0,0.0
How do within-family activation hyperparameters tune the welfare-convergence tradeoff?,hyperparameter_shifted_log,c,5.0,nrd,shifted_log,c,5.0,0.5,3,3,3,1.0,25,True,3800,0.996753078097141,0.7691394158650869,6.20181023461841e-05,True,900,0.9977656882544486,0.7625555888998851,-3.8418642082593824e-05,1.1102230246251565e-16,2.220446049250313e-16
How do within-family activation hyperparameters tune the welfare-convergence tradeoff?,hyperparameter_shifted_log,c,5.0,nrd,shifted_log,c,5.0,0.5,3,3,3,1.0,27,True,3300,0.9980021402014385,0.834268200027529,4.7973609692164576e-05,True,800,0.998490590334274,0.831168671058946,-4.218174091163984e-05,1.1102230246251565e-16,2.220446049250313e-16
How do within-family activation hyperparameters tune the welfare-convergence tradeoff?,hyperparameter_shifted_log,c,5.0,nrd,shifted_log,c,5.0,0.5,3,3,3,1.0,28,True,4600,0.9977385256084906,0.8039372347934926,8.088601326938782e-05,True,1000,0.9980932385461829,0.801962195779696,-3.994882593250093e-05,1.1102230246251565e-16,2.220446049250313e-16
How do within-family activation hyperparameters tune the welfare-convergence tradeoff?,hyperparameter_shifted_log,c,5.0,nrd,shifted_log,c,5.0,0.5,3,3,3,1.0,30,True,1800,0.9985706649404184,0.8825062235397759,4.621410834682038e-06,True,400,0.9988710599329845,0.880451409667589,-4.409484745709902e-05,1.1102230246251565e-16,1.1102230246251565e-16
How do within-family activation hyperparameters tune the welfare-convergence tradeoff?,hyperparameter_shifted_log,c,5.0,nrd,shifted_log,c,5.0,0.5,3,3,3,1.0,29,True,3500,0.9973339633508618,0.8095183214914035,5.2431610251701954e-05,True,800,0.9982717990707135,0.8035349714239756,-4.1120171333897115e-05,2.220446049250313e-16,2.220446049250313e-16
How do within-family activation hyperparameters tune the welfare-convergence tradeoff?,hyperparameter_shifted_log,c,5.0,nrd,shifted_log,c,5.0,0.5,3,3,3,1.0,32,True,1300,0.9989559825023735,0.8747098078774501,-9.093423210482232e-06,True,300,0.9989799724360883,0.8745988200487282,-4.4123292681108595e-05,2.220446049250313e-16,0.0
How do within-family activation hyperparameters tune the welfare-convergence tradeoff?,hyperparameter_shifted_log,c,5.0,nrd,shifted_log,c,5.0,0.5,3,3,3,1.0,33,True,1200,0.9989317914819693,0.8550900022690501,-1.1092757035480183e-05,True,300,0.998857342462762,0.8557889144421879,-4.411992270064724e-05,2.220446049250313e-16,1.1102230246251565e-16
How do within-family activation hyperparameters tune the welfare-convergence tradeoff?,hyperparameter_shifted_log,c,5.0,nrd,shifted_log,c,5.0,0.5,3,3,3,1.0,31,True,3000,0.9983971649277671,0.8434214092310643,3.735845277319516e-05,True,700,0.9988692742189891,0.8406252515066018,-4.343006148266326e-05,2.220446049250313e-16,0.0
How do within-family activation hyperparameters tune the welfare-convergence tradeoff?,hyperparameter_shifted_log,c,5.0,nrd,shifted_log,c,5.0,0.5,3,3,3,1.0,34,True,2900,0.99829074736508,0.8192317524868291,3.572436140325541e-05,True,700,0.9987079982598375,0.8165908550200444,-4.397347240486793e-05,1.1102230246251565e-16,1.1102230246251565e-16
How do within-family activation hyperparameters tune the welfare-convergence tradeoff?,hyperparameter_shifted_log,c,5.0,nrd,shifted_log,c,5.0,0.5,3,3,3,1.0,36,True,1300,0.9994030309002347,0.8929213247117658,-1.0742926707218992e-05,True,200,0.9994042925051233,0.8930533407317863,-4.410401353310833e-05,0.0,1.1102230246251565e-16
How do within-family activation hyperparameters tune the welfare-convergence tradeoff?,hyperparameter_shifted_log,c,5.0,nrd,shifted_log,c,5.0,0.5,3,3,3,1.0,35,False,,0.9979616322300319,0.7566322398873574,0.00020931556273112717,True,2000,0.998339835981918,0.7553518061535587,1.9697332813317647e-05,0.0,1.1102230246251565e-16
How do within-family activation hyperparameters tune the welfare-convergence tradeoff?,hyperparameter_shifted_log,c,5.0,nrd,shifted_log,c,5.0,0.5,3,3,3,1.0,37,True,2400,0.9973797870561647,0.7719745492679723,2.2154953231434682e-05,True,500,0.9977057607936668,0.7699589464121023,-4.4162374942202653e-05,1.1102230246251565e-16,2.220446049250313e-16
How do within-family activation hyperparameters tune the welfare-convergence tradeoff?,hyperparameter_shifted_log,c,5.0,nrd,shifted_log,c,5.0,0.5,3,3,3,1.0,39,True,1600,0.999235027555387,0.8887218695563762,-1.4300072043171852e-06,True,300,0.9994101944256863,0.8875511526245633,-4.410242345853632e-05,1.1102230246251565e-16,0.0
How do within-family activation hyperparameters tune the welfare-convergence tradeoff?,hyperparameter_shifted_log,c,5.0,nrd,shifted_log,c,5.0,0.5,3,3,3,1.0,38,True,3700,0.9991826066064313,0.910622705546494,5.961352801692188e-05,True,900,0.9993205873062859,0.9100835823731964,-3.886374987910335e-05,0.0,2.220446049250313e-16
How do within-family activation hyperparameters tune the welfare-convergence tradeoff?,hyperparameter_shifted_log,c,5.0,nrd,shifted_log,c,5.0,0.5,3,3,3,1.0,40,True,2300,0.9979192738004455,0.7814812436476136,1.7464678952638923e-05,True,500,0.9979644771243137,0.7814130080654366,-4.411723079378316e-05,1.1102230246251565e-16,1.1102230246251565e-16
How do within-family activation hyperparameters tune the welfare-convergence tradeoff?,hyperparameter_shifted_log,c,5.0,nrd,shifted_log,c,5.0,0.5,3,3,3,1.0,41,True,1500,0.9995041598480021,0.891784939738575,-4.237138364948656e-06,True,300,0.9996026260143118,0.8911510883598944,-4.412381181168046e-05,2.220446049250313e-16,0.0
How do within-family activation hyperparameters tune the welfare-convergence tradeoff?,hyperparameter_shifted_log,c,5.0,nrd,shifted_log,c,5.0,0.5,3,3,3,1.0,42,True,1700,0.9986941446649321,0.8372487640632844,2.5570406160801973e-06,True,400,0.9988258923284837,0.8364699508143841,-4.4154043622623984e-05,0.0,2.220446049250313e-16
How do within-family activation hyperparameters tune the welfare-convergence tradeoff?,hyperparameter_shifted_log,c,5.0,nrd,shifted_log,c,5.0,0.5,3,3,3,1.0,44,True,1600,0.9976563348465134,0.7675162660393312,-9.97943179148475e-07,True,300,0.9980112616422383,0.7650242228278179,-4.421209660665504e-05,1.1102230246251565e-16,0.0
How do within-family activation hyperparameters tune the welfare-convergence tradeoff?,hyperparameter_shifted_log,c,5.0,nrd,shifted_log,c,5.0,0.5,3,3,3,1.0,45,True,700,0.9995778969280384,0.9560111414032506,-2.5408866466347657e-05,True,100,0.9996291063749759,0.9556491935703457,-4.406134260076522e-05,1.1102230246251565e-16,2.220446049250313e-16
How do within-family activation hyperparameters tune the welfare-convergence tradeoff?,hyperparameter_shifted_log,c,5.0,nrd,shifted_log,c,5.0,0.5,3,3,3,1.0,43,True,3900,0.9972468132187167,0.7546072100847216,6.374478827797514e-05,True,800,0.9977986234046219,0.7511745834555468,-4.4002685501864924e-05,1.1102230246251565e-16,1.1102230246251565e-16
How do within-family activation hyperparameters tune the welfare-convergence tradeoff?,hyperparameter_shifted_log,c,5.0,nrd,shifted_log,c,5.0,0.5,3,3,3,1.0,47,True,1800,0.9991860531092266,0.9109137540294663,5.397444877319746e-06,True,400,0.9993171736816292,0.9100768829701477,-4.410819701361479e-05,2.220446049250313e-16,1.1102230246251565e-16
How do within-family activation hyperparameters tune the welfare-convergence tradeoff?,hyperparameter_shifted_log,c,5.0,nrd,shifted_log,c,5.0,0.5,3,3,3,1.0,46,True,2300,0.9988943598739274,0.8516703519758447,1.9669850454373528e-05,True,500,0.9990920268625472,0.8505535970463577,-4.4140390349278746e-05,1.1102230246251565e-16,0.0
How do within-family activation hyperparameters tune the welfare-convergence tradeoff?,hyperparameter_shifted_log,c,5.0,nrd,shifted_log,c,5.0,0.5,3,3,3,1.0,48,True,900,0.9992083161380199,0.873280064699343,-2.144458089547996e-05,True,100,0.9991044521361845,0.8741272016875916,-4.410120370984538e-05,0.0,1.1102230246251565e-16
How do within-family activation hyperparameters tune the welfare-convergence tradeoff?,hyperparameter_shifted_log,c,5.0,nrd,shifted_log,c,5.0,0.5,3,3,3,1.0,51,True,1400,0.9991748415142337,0.8605235846983107,-8.196767825818796e-06,True,200,0.9992972411141818,0.8597185690770769,-4.4129505749002096e-05,1.1102230246251565e-16,0.0
How do within-family activation hyperparameters tune the welfare-convergence tradeoff?,hyperparameter_shifted_log,c,5.0,nrd,shifted_log,c,5.0,0.5,3,3,3,1.0,50,True,2200,0.9990821804977579,0.8260436408704503,1.691013047339096e-05,True,500,0.9992370181948007,0.8251262295521155,-4.4163412654840695e-05,1.1102230246251565e-16,1.1102230246251565e-16
How do within-family activation hyperparameters tune the welfare-convergence tradeoff?,hyperparameter_shifted_log,c,5.0,nrd,shifted_log,c,5.0,0.5,3,3,3,1.0,49,True,3800,0.9988305523571932,0.8315725107430363,6.168442892950932e-05,True,900,0.9991174509130946,0.8299548251876546,-3.841328411707812e-05,1.1102230246251565e-16,1.1102230246251565e-16
How do within-family activation hyperparameters tune the welfare-convergence tradeoff?,hyperparameter_shifted_log,c,5.0,nrd,shifted_log,c,5.0,0.5,3,3,3,1.0,53,True,3300,0.9982578570303324,0.8449857449339332,4.832256306375182e-05,True,800,0.9986695357773178,0.8423222575304702,-4.201478530663216e-05,1.1102230246251565e-16,0.0
How do within-family activation hyperparameters tune the welfare-convergence tradeoff?,hyperparameter_shifted_log,c,5.0,nrd,shifted_log,c,5.0,0.5,3,3,3,1.0,54,True,2000,0.9984688251192251,0.8391041287652049,8.648749422746072e-06,True,400,0.998865521532401,0.8364059868532182,-4.4148749783423646e-05,2.220446049250313e-16,2.220446049250313e-16
How do within-family activation hyperparameters tune the welfare-convergence tradeoff?,hyperparameter_shifted_log,c,5.0,nrd,shifted_log,c,5.0,0.5,3,3,3,1.0,52,False,,0.9985219086310411,0.8258581436870789,0.00012169812190404583,True,1400,0.9991675380745765,0.8225968105990452,-1.5197272508149506e-05,2.220446049250313e-16,2.220446049250313e-16
How do within-family activation hyperparameters tune the welfare-convergence tradeoff?,hyperparameter_shifted_log,c,5.0,nrd,shifted_log,c,5.0,0.5,3,3,3,1.0,57,True,1500,0.9993961033436193,0.8746356355916105,-4.958954550160488e-06,True,300,0.9994745325997642,0.8741597953091526,-4.41507987901657e-05,1.1102230246251565e-16,2.220446049250313e-16
How do within-family activation hyperparameters tune the welfare-convergence tradeoff?,hyperparameter_shifted_log,c,5.0,nrd,shifted_log,c,5.0,0.5,3,3,3,1.0,55,True,2400,0.9988636743505911,0.8401047352055229,2.237293138879215e-05,True,500,0.9989795305998421,0.839481372377317,-4.415796948425976e-05,0.0,2.220446049250313e-16
How do within-family activation hyperparameters tune the welfare-convergence tradeoff?,hyperparameter_shifted_log,c,5.0,nrd,shifted_log,c,5.0,0.5,3,3,3,1.0,56,False,,0.9992065213712416,0.8882683906230175,0.00017170823276119185,True,1700,0.9994211186233479,0.8879359672107876,3.8632681765293775e-06,2.220446049250313e-16,1.1102230246251565e-16
How do within-family activation hyperparameters tune the welfare-convergence tradeoff?,hyperparameter_shifted_log,c,5.0,nrd,shifted_log,c,5.0,0.5,3,3,3,1.0,58,True,1600,0.9982202609433194,0.8159236227963652,-5.77439140114766e-07,True,300,0.9985439853507463,0.8136323904347577,-4.417646798338115e-05,2.220446049250313e-16,2.220446049250313e-16
How do within-family activation hyperparameters tune the welfare-convergence tradeoff?,hyperparameter_shifted_log,c,5.0,nrd,shifted_log,c,5.0,0.5,3,3,3,1.0,62,True,800,0.9984770614176856,0.8237642856528353,-2.2454265537485973e-05,True,200,0.9983637666588489,0.8246874894789675,-4.4167135325901e-05,2.220446049250313e-16,2.220446049250313e-16
How do within-family activation hyperparameters tune the welfare-convergence tradeoff?,hyperparameter_shifted_log,c,5.0,nrd,shifted_log,c,5.0,0.5,3,3,3,1.0,61,True,1100,0.9990311679589101,0.8688279712067604,-1.6162037470568436e-05,True,200,0.9990422635094485,0.8688373020403916,-4.4127961323858766e-05,2.220446049250313e-16,1.1102230246251565e-16
How do within-family activation hyperparameters tune the welfare-convergence tradeoff?,hyperparameter_shifted_log,c,5.0,nrd,shifted_log,c,5.0,0.5,3,3,3,1.0,60,True,4300,0.9984048508129483,0.8615553771171024,7.357731620111219e-05,True,900,0.9987495796245659,0.8595902404088921,-4.293868068994122e-05,2.220446049250313e-16,2.220446049250313e-16
How do within-family activation hyperparameters tune the welfare-convergence tradeoff?,hyperparameter_shifted_log,c,5.0,nrd,shifted_log,c,5.0,0.5,3,3,3,1.0,59,False,,0.9979973094970186,0.79964758245096,0.00011964326234958911,True,1300,0.9985778931777736,0.796542643673703,-1.597863203017802e-05,2.220446049250313e-16,0.0
How do within-family activation hyperparameters tune the welfare-convergence tradeoff?,hyperparameter_shifted_log,c,5.0,nrd,shifted_log,c,5.0,0.5,3,3,3,1.0,63,True,1700,0.9994593322855669,0.9069952976502783,1.0835760488880908e-07,True,300,0.999548432356393,0.9064793740680365,-4.411294488321227e-05,2.220446049250313e-16,0.0
How do within-family activation hyperparameters tune the welfare-convergence tradeoff?,hyperparameter_shifted_log,c,5.0,nrd,shifted_log,c,5.0,0.5,3,3,3,1.0,64,True,1900,0.997082967414013,0.7343784449621206,6.7435981132013545e-06,True,400,0.9974503840651975,0.7318695701952244,-4.4260325541611856e-05,2.220446049250313e-16,1.1102230246251565e-16
How do within-family activation hyperparameters tune the welfare-convergence tradeoff?,hyperparameter_shifted_log,c,5.0,nrd,shifted_log,c,5.0,0.5,3,3,3,1.0,68,True,1600,0.9991932065639845,0.851947614146134,-2.603460314720696e-06,True,300,0.9991771092520553,0.8521971368916191,-4.414053077350655e-05,0.0,1.1102230246251565e-16
How do within-family activation hyperparameters tune the welfare-convergence tradeoff?,hyperparameter_shifted_log,c,5.0,nrd,shifted_log,c,5.0,0.5,3,3,3,1.0,66,True,2400,0.9990521084236313,0.8602894004946727,2.2501636862015673e-05,True,500,0.999210292502912,0.8593997022924027,-4.413873332914653e-05,1.1102230246251565e-16,1.1102230246251565e-16
How do within-family activation hyperparameters tune the welfare-convergence tradeoff?,hyperparameter_shifted_log,c,5.0,nrd,shifted_log,c,5.0,0.5,3,3,3,1.0,67,True,2000,0.9986665911327457,0.8320929325311665,8.583570977160893e-06,True,400,0.9989709557947941,0.8300554964758495,-4.4174147804776354e-05,1.1102230246251565e-16,1.1102230246251565e-16
How do within-family activation hyperparameters tune the welfare-convergence tradeoff?,hyperparameter_shifted_log,c,5.0,nrd,shifted_log,c,5.0,0.5,3,3,3,1.0,65,True,3100,0.9983769004398731,0.8246283126799345,4.077429142851363e-05,True,700,0.9988541124508256,0.8215828130079917,-4.3588968499930214e-05,1.1102230246251565e-16,0.0
How do within-family activation hyperparameters tune the welfare-convergence tradeoff?,hyperparameter_shifted_log,c,5.0,nrd,shifted_log,c,5.0,0.5,3,3,3,1.0,69,True,4700,0.998582305618128,0.8740314914308493,8.628890278944423e-05,True,1100,0.9989746615147465,0.8718364402580064,-2.7137970777080245e-05,2.220446049250313e-16,1.1102230246251565e-16
How do within-family activation hyperparameters tune the welfare-convergence tradeoff?,hyperparameter_shifted_log,c,5.0,nrd,shifted_log,c,5.0,0.5,3,3,3,1.0,70,False,,0.9982078229304417,0.833934345439909,0.00019339866587758658,True,1900,0.9984250168222548,0.8337615460956388,1.2870204841530786e-05,2.220446049250313e-16,1.1102230246251565e-16
How do within-family activation hyperparameters tune the welfare-convergence tradeoff?,hyperparameter_shifted_log,c,5.0,nrd,shifted_log,c,5.0,0.5,3,3,3,1.0,71,True,2300,0.9983225165431918,0.8543114805786747,1.7311933575459015e-05,True,500,0.9986346575924944,0.8523016950904502,-4.408046822557132e-05,2.220446049250313e-16,2.220446049250313e-16
How do within-family activation hyperparameters tune the welfare-convergence tradeoff?,hyperparameter_shifted_log,c,5.0,nrd,shifted_log,c,5.0,0.5,3,3,3,1.0,72,True,3500,0.9977202129253955,0.8456959576796814,5.445347342347695e-05,True,800,0.9984713808684824,0.8406143404412753,-4.06273986376382e-05,2.220446049250313e-16,2.220446049250313e-16
How do within-family activation hyperparameters tune the welfare-convergence tradeoff?,hyperparameter_shifted_log,c,5.0,nrd,shifted_log,c,5.0,0.5,3,3,3,1.0,74,False,,0.998912671965473,0.8659007295103374,0.0001014318875936504,True,1200,0.9992622673056878,0.8640854365365563,-2.1899319130325168e-05,1.1102230246251565e-16,1.1102230246251565e-16
How do within-family activation hyperparameters tune the welfare-convergence tradeoff?,hyperparameter_shifted_log,c,5.0,nrd,shifted_log,c,5.0,0.5,3,3,3,1.0,73,True,4800,0.9984714366602383,0.835967986361077,8.813792611683802e-05,True,1200,0.9987004007363874,0.8351033890433025,-2.589311777018155e-05,1.1102230246251565e-16,1.1102230246251565e-16
How do within-family activation hyperparameters tune the welfare-convergence tradeoff?,hyperparameter_shifted_log,c,5.0,nrd,shifted_log,c,5.0,0.5,3,3,3,1.0,75,True,1700,0.9987443377883585,0.8029103395569646,2.2460276405400492e-07,True,300,0.9987741133428785,0.8028188997260323,-4.4168645332798295e-05,2.220446049250313e-16,1.1102230246251565e-16
How do within-family activation hyperparameters tune the welfare-convergence tradeoff?,hyperparameter_shifted_log,c,5.0,nrd,shifted_log,c,5.0,0.5,3,3,3,1.0,77,True,1800,0.999098080279125,0.8590066753650261,3.2381484797450177e-06,True,400,0.9993304148815502,0.857394831909377,-4.413926207208485e-05,1.1102230246251565e-16,0.0
How do within-family activation hyperparameters tune the welfare-convergence tradeoff?,hyperparameter_shifted_log,c,5.0,nrd,shifted_log,c,5.0,0.5,3,3,3,1.0,76,True,2700,0.9976025800557577,0.7739374289617772,2.933787299308488e-05,True,600,0.9975192465064031,0.7748402631063797,-4.3866609700626835e-05,0.0,2.220446049250313e-16
How do within-family activation hyperparameters tune the welfare-convergence tradeoff?,hyperparameter_shifted_log,c,5.0,nrd,shifted_log,c,5.0,0.5,3,3,3,1.0,78,True,1000,0.9992463937748832,0.8838264296188508,-1.873908674016045e-05,True,100,0.999310105527953,0.8833976698063184,-4.410100648410964e-05,1.1102230246251565e-16,2.220446049250313e-16
How do within-family activation hyperparameters tune the welfare-convergence tradeoff?,hyperparameter_shifted_log,c,5.0,nrd,shifted_log,c,5.0,0.5,3,3,3,1.0,81,True,1600,0.9980441513141286,0.8079763741650158,-1.4700768288244959e-06,True,300,0.998281273340304,0.8063273841552018,-4.4128643062968376e-05,1.1102230246251565e-16,2.220446049250313e-16
How do within-family activation hyperparameters tune the welfare-convergence tradeoff?,hyperparameter_shifted_log,c,5.0,nrd,shifted_log,c,5.0,0.5,3,3,3,1.0,80,True,4700,0.9984700720740645,0.8762323639510464,8.627027654578567e-05,True,1000,0.9989624081055818,0.873362724521393,-4.025314799060986e-05,0.0,2.220446049250313e-16
How do within-family activation hyperparameters tune the welfare-convergence tradeoff?,hyperparameter_shifted_log,c,5.0,nrd,shifted_log,c,5.0,0.5,3,3,3,1.0,79,True,4200,0.9973808263205612,0.7669114696633597,7.270077384025075e-05,True,1000,0.9980269312996262,0.7629798365904378,-3.574704828063213e-05,0.0,1.1102230246251565e-16
How do within-family activation hyperparameters tune the welfare-convergence tradeoff?,hyperparameter_shifted_log,c,5.0,nrd,shifted_log,c,5.0,0.5,3,3,3,1.0,82,True,1200,0.9980434853465429,0.7678979644359883,-1.2447556684558325e-05,True,200,0.998010379967919,0.7682685335197185,-4.418962095625867e-05,1.1102230246251565e-16,1.1102230246251565e-16
How do within-family activation hyperparameters tune the welfare-convergence tradeoff?,hyperparameter_shifted_log,c,5.0,nrd,shifted_log,c,5.0,0.5,3,3,3,1.0,84,True,1200,0.9993536050478404,0.924659521403196,-1.3485922771394598e-05,True,200,0.9993307736374176,0.9249185417650763,-4.406940132917203e-05,0.0,1.1102230246251565e-16
How do within-family activation hyperparameters tune the welfare-convergence tradeoff?,hyperparameter_shifted_log,c,5.0,nrd,shifted_log,c,5.0,0.5,3,3,3,1.0,83,True,2800,0.9989335135470973,0.9176621857555002,3.374220714535969e-05,True,600,0.9992573261070238,0.9154778630141025,-4.3710772918315044e-05,2.220446049250313e-16,2.220446049250313e-16
How do within-family activation hyperparameters tune the welfare-convergence tradeoff?,hyperparameter_shifted_log,c,5.0,nrd,shifted_log,c,5.0,0.5,3,3,3,1.0,86,True,1500,0.9992453784869039,0.881657124292612,-4.788711185810257e-06,True,300,0.9993708583631812,0.8808603125831368,-4.4108278639709564e-05,2.220446049250313e-16,0.0
How do within-family activation hyperparameters tune the welfare-convergence tradeoff?,hyperparameter_shifted_log,c,5.0,nrd,shifted_log,c,5.0,0.5,3,3,3,1.0,85,True,3600,0.9993072412670796,0.8547471730706523,5.551892427546612e-05,True,800,0.9994799726579465,0.8539324259446737,-4.0065446966885965e-05,0.0,1.1102230246251565e-16
How do within-family activation hyperparameters tune the welfare-convergence tradeoff?,hyperparameter_shifted_log,c,5.0,nrd,shifted_log,c,5.0,0.5,3,3,3,1.0,87,True,1300,0.9995579042655713,0.85578705578463,-1.0563251322481815e-05,True,300,0.9995862969568872,0.8557199918966973,-4.41576053311632e-05,2.220446049250313e-16,2.220446049250313e-16
How do within-family activation hyperparameters tune the welfare-convergence tradeoff?,hyperparameter_shifted_log,c,5.0,nrd,shifted_log,c,5.0,0.5,3,3,3,1.0,88,True,1700,0.9989177278686516,0.8701254469993699,1.1091671116014723e-06,True,300,0.9991208766037942,0.8687731024159652,-4.411424940875541e-05,2.220446049250313e-16,2.220446049250313e-16
How do within-family activation hyperparameters tune the welfare-convergence tradeoff?,hyperparameter_shifted_log,c,5.0,nrd,shifted_log,c,5.0,0.5,3,3,3,1.0,90,True,1500,0.9993749133217584,0.8675420223395086,-4.6551213577772366e-06,True,300,0.9994095562623473,0.8674030507543437,-4.411902993622929e-05,2.220446049250313e-16,2.220446049250313e-16
How do within-family activation hyperparameters tune the welfare-convergence tradeoff?,hyperparameter_shifted_log,c,5.0,nrd,shifted_log,c,5.0,0.5,3,3,3,1.0,89,True,4300,0.9990482470707482,0.8620423849649966,7.473119226136804e-05,True,1000,0.9993119150204562,0.8606980049476203,-3.3031901982949474e-05,2.220446049250313e-16,2.220446049250313e-16
How do within-family activation hyperparameters tune the welfare-convergence tradeoff?,hyperparameter_shifted_log,c,5.0,nrd,shifted_log,c,5.0,0.5,3,3,3,1.0,91,True,1000,0.998950643228309,0.829178802594741,-1.893084236942455e-05,True,200,0.9989762099726252,0.8290609208824259,-4.4154664146922595e-05,2.220446049250313e-16,1.1102230246251565e-16
How do within-family activation hyperparameters tune the welfare-convergence tradeoff?,hyperparameter_shifted_log,c,5.0,nrd,shifted_log,c,5.0,0.5,3,3,3,1.0,93,True,2100,0.9984596014510753,0.7601106058360173,1.3946041321710734e-05,True,500,0.9986398170654137,0.7589289358289705,-4.422535574577502e-05,1.1102230246251565e-16,2.220446049250313e-16
How do within-family activation hyperparameters tune the welfare-convergence tradeoff?,hyperparameter_shifted_log,c,5.0,nrd,shifted_log,c,5.0,0.5,3,3,3,1.0,95,True,1200,0.999353227442752,0.9124676600012548,-1.1218431357706837e-05,True,300,0.9994104674141991,0.9121515645003374,-4.4091405413448914e-05,2.220446049250313e-16,0.0
How do within-family activation hyperparameters tune the welfare-convergence tradeoff?,hyperparameter_shifted_log,c,5.0,nrd,shifted_log,c,5.0,0.5,3,3,3,1.0,94,True,2300,0.9983334466593091,0.8224849309488684,1.7671884856573783e-05,True,500,0.9986256624794034,0.8205418877956564,-4.4159680488653485e-05,2.220446049250313e-16,2.220446049250313e-16
How do within-family activation hyperparameters tune the welfare-convergence tradeoff?,hyperparameter_shifted_log,c,5.0,nrd,shifted_log,c,5.0,0.5,3,3,3,1.0,92,False,,0.9981439993914438,0.8750961185587828,0.00020957499701046434,True,1700,0.9988985015169841,0.8716613888732416,6.42612826684541e-06,1.1102230246251565e-16,1.1102230246251565e-16
How do within-family activation hyperparameters tune the welfare-convergence tradeoff?,hyperparameter_shifted_log,c,5.0,nrd,shifted_log,c,5.0,0.5,3,3,3,1.0,96,True,2100,0.9992111269807934,0.8631553884847256,1.1862091791048357e-05,True,500,0.9992152333728502,0.8633319943708454,-4.412738959647111e-05,0.0,2.220446049250313e-16
How do within-family activation hyperparameters tune the welfare-convergence tradeoff?,hyperparameter_shifted_log,c,5.0,nrd,shifted_log,c,5.0,0.5,3,3,3,1.0,97,True,3600,0.9979036954594619,0.7859514558753303,5.44544353675569e-05,True,700,0.9983589321655675,0.7831009995856001,-4.414858012824485e-05,2.220446049250313e-16,0.0
How do within-family activation hyperparameters tune the welfare-convergence tradeoff?,hyperparameter_shifted_log,c,5.0,nrd,shifted_log,c,5.0,0.5,3,3,3,1.0,99,True,1000,0.9994332229415537,0.917891012873214,-1.776271431525034e-05,True,200,0.9994205892297511,0.9180504187376282,-4.409164108387653e-05,2.220446049250313e-16,2.220446049250313e-16
How do within-family activation hyperparameters tune the welfare-convergence tradeoff?,hyperparameter_shifted_log,c,5.0,nrd,shifted_log,c,5.0,0.5,3,3,3,1.0,98,True,3000,0.9987506426642331,0.8684868240908464,3.967925618902912e-05,True,700,0.9991608922863175,0.8660265991896662,-4.316849990587679e-05,2.220446049250313e-16,0.0
How do within-family activation hyperparameters tune the welfare-convergence tradeoff?,hyperparameter_shifted_log,c,7.0,nrd,shifted_log,c,7.0,0.5,3,3,3,1.0,1,True,1500,0.9995355222571609,0.8402209371886777,-2.9458238464674658e-06,True,300,0.9995559486264382,0.8401756455748689,-4.271855784038214e-05,2.220446049250313e-16,1.1102230246251565e-16
How do within-family activation hyperparameters tune the welfare-convergence tradeoff?,hyperparameter_shifted_log,c,7.0,nrd,shifted_log,c,7.0,0.5,3,3,3,1.0,0,True,4500,0.9991039477040871,0.7887246632089084,8.008231621542405e-05,True,1100,0.9995686867245063,0.7848376140592087,-2.8950001492000776e-05,1.1102230246251565e-16,0.0
How do within-family activation hyperparameters tune the welfare-convergence tradeoff?,hyperparameter_shifted_log,c,7.0,nrd,shifted_log,c,7.0,0.5,3,3,3,1.0,2,True,2700,0.9991034536358966,0.8323863371580176,2.8892385572243384e-05,True,600,0.9994554466400587,0.8285774956778161,-4.261319175924427e-05,1.1102230246251565e-16,1.1102230246251565e-16
How do within-family activation hyperparameters tune the welfare-convergence tradeoff?,hyperparameter_shifted_log,c,7.0,nrd,shifted_log,c,7.0,0.5,3,3,3,1.0,3,True,2300,0.9996063509813784,0.9072572385804207,1.7137673755551752e-05,True,500,0.9998246474467569,0.905086307630052,-4.270538671241608e-05,1.1102230246251565e-16,1.1102230246251565e-16
How do within-family activation hyperparameters tune the welfare-convergence tradeoff?,hyperparameter_shifted_log,c,7.0,nrd,shifted_log,c,7.0,0.5,3,3,3,1.0,4,True,2400,0.9992703332509564,0.8357426186454658,2.0869034867199154e-05,True,500,0.9994488821942725,0.8338054832889209,-4.2694349413507915e-05,0.0,0.0
How do within-family activation hyperparameters tune the welfare-convergence tradeoff?,hyperparameter_shifted_log,c,7.0,nrd,shifted_log,c,7.0,0.5,3,3,3,1.0,6,True,1000,0.9997492548335185,0.8023693094488905,-1.5983896829330213e-05,True,200,0.9997388628845189,0.8026516065684133,-4.273180048780523e-05,0.0,2.220446049250313e-16
How do within-family activation hyperparameters tune the welfare-convergence tradeoff?,hyperparameter_shifted_log,c,7.0,nrd,shifted_log,c,7.0,0.5,3,3,3,1.0,5,True,4400,0.998865395550546,0.8024685948035263,7.555803596293043e-05,True,900,0.9994376970277842,0.7967196108063858,-4.124860491877547e-05,1.1102230246251565e-16,2.220446049250313e-16
How do within-family activation hyperparameters tune the welfare-convergence tradeoff?,hyperparameter_shifted_log,c,7.0,nrd,shifted_log,c,7.0,0.5,3,3,3,1.0,8,True,1800,0.999375103306329,0.8294952270980497,6.0085940549736705e-06,True,400,0.9994341243474089,0.8290038782476835,-4.270946124701469e-05,0.0,2.220446049250313e-16
How do within-family activation hyperparameters tune the welfare-convergence tradeoff?,hyperparameter_shifted_log,c,7.0,nrd,shifted_log,c,7.0,0.5,3,3,3,1.0,7,False,,0.9993173865136951,0.8776003278283548,0.00018617446487334544,True,1800,0.9996347691700236,0.8757612128988083,1.0427145278490979e-05,1.1102230246251565e-16,2.220446049250313e-16
How do within-family activation hyperparameters tune the welfare-convergence tradeoff?,hyperparameter_shifted_log,c,7.0,nrd,shifted_log,c,7.0,0.5,3,3,3,1.0,10,True,2000,0.9994201848652394,0.843107763846635,9.067449493638247e-06,True,300,0.9995998884144225,0.8411037544750611,-4.2700949458129855e-05,2.220446049250313e-16,0.0
How do within-family activation hyperparameters tune the welfare-convergence tradeoff?,hyperparameter_shifted_log,c,7.0,nrd,shifted_log,c,7.0,0.5,3,3,3,1.0,9,True,4100,0.9992907700774163,0.7831873904658219,6.920856661296604e-05,True,1000,0.9995054399098249,0.7815182791530045,-3.401821333037791e-05,1.1102230246251565e-16,1.1102230246251565e-16
How do within-family activation hyperparameters tune the welfare-convergence tradeoff?,hyperparameter_shifted_log,c,7.0,nrd,shifted_log,c,7.0,0.5,3,3,3,1.0,12,True,1900,0.9994280047951298,0.8306167002950892,8.859220766488374e-06,True,400,0.9995625186715758,0.8293469256452686,-4.2713585756970485e-05,1.1102230246251565e-16,2.220446049250313e-16
How do within-family activation hyperparameters tune the welfare-convergence tradeoff?,hyperparameter_shifted_log,c,7.0,nrd,shifted_log,c,7.0,0.5,3,3,3,1.0,11,True,3700,0.998705825705629,0.7854686618718215,5.8537066218222744e-05,True,900,0.9992218166880336,0.7802141969519791,-3.788605123772326e-05,1.1102230246251565e-16,0.0
How do within-family activation hyperparameters tune the welfare-convergence tradeoff?,hyperparameter_shifted_log,c,7.0,nrd,shifted_log,c,7.0,0.5,3,3,3,1.0,14,True,800,0.9998734697652553,0.9194224385375397,-2.3355724250551102e-05,True,100,0.9998493262514203,0.9198310611638734,-4.268946289470721e-05,1.1102230246251565e-16,2.220446049250313e-16
How do within-family activation hyperparameters tune the welfare-convergence tradeoff?,hyperparameter_shifted_log,c,7.0,nrd,shifted_log,c,7.0,0.5,3,3,3,1.0,13,False,,0.9991328076983466,0.8198080849952296,0.0002032028924986995,True,2000,0.9995299867082152,0.8173843545429862,1.769785255045786e-05,1.1102230246251565e-16,2.220446049250313e-16
How do within-family activation hyperparameters tune the welfare-convergence tradeoff?,hyperparameter_shifted_log,c,7.0,nrd,shifted_log,c,7.0,0.5,3,3,3,1.0,15,True,3100,0.9994125803338627,0.852171268998641,3.9244992352749364e-05,True,600,0.9996791143387225,0.8494277233693629,-4.24134817552102e-05,1.1102230246251565e-16,1.1102230246251565e-16
How do within-family activation hyperparameters tune the welfare-convergence tradeoff?,hyperparameter_shifted_log,c,7.0,nrd,shifted_log,c,7.0,0.5,3,3,3,1.0,17,True,1300,0.9994179873228658,0.8309142437066481,-8.071350227734087e-06,True,300,0.9994754375637234,0.8304247180273006,-4.2678506944782146e-05,0.0,2.220446049250313e-16
How do within-family activation hyperparameters tune the welfare-convergence tradeoff?,hyperparameter_shifted_log,c,7.0,nrd,shifted_log,c,7.0,0.5,3,3,3,1.0,16,True,4400,0.998951764253757,0.7883641211685993,7.691805652632056e-05,True,1100,0.999503575838231,0.7830881036526404,-3.0493787275209794e-05,0.0,2.220446049250313e-16
How do within-family activation hyperparameters tune the welfare-convergence tradeoff?,hyperparameter_shifted_log,c,7.0,nrd,shifted_log,c,7.0,0.5,3,3,3,1.0,18,True,2400,0.9996284844609566,0.8569367714147124,2.248174783303636e-05,True,500,0.9997435731941448,0.8558611004512736,-4.2687440132138654e-05,1.1102230246251565e-16,1.1102230246251565e-16
How do within-family activation hyperparameters tune the welfare-convergence tradeoff?,hyperparameter_shifted_log,c,7.0,nrd,shifted_log,c,7.0,0.5,3,3,3,1.0,19,True,2600,0.9994971415465673,0.8913451961738618,2.7885471326705158e-05,True,600,0.9997044435419159,0.889165223551795,-4.261000704508522e-05,0.0,2.220446049250313e-16
How do within-family activation hyperparameters tune the welfare-convergence tradeoff?,hyperparameter_shifted_log,c,7.0,nrd,shifted_log,c,7.0,0.5,3,3,3,1.0,21,True,2000,0.9993689487522391,0.8369513184508796,1.0686366892775911e-05,True,400,0.9994940279679121,0.8358117434097165,-4.2694237853635464e-05,1.1102230246251565e-16,0.0
How do within-family activation hyperparameters tune the welfare-convergence tradeoff?,hyperparameter_shifted_log,c,7.0,nrd,shifted_log,c,7.0,0.5,3,3,3,1.0,20,True,3100,0.9995346772489904,0.8672710723748035,4.2138015777681836e-05,True,700,0.9996786661014199,0.8664404555012757,-4.135390090365121e-05,2.220446049250313e-16,0.0
How do within-family activation hyperparameters tune the welfare-convergence tradeoff?,hyperparameter_shifted_log,c,7.0,nrd,shifted_log,c,7.0,0.5,3,3,3,1.0,23,True,1900,0.9996543437110698,0.9130023421405298,8.126036755873312e-06,True,400,0.9997517344250656,0.9122088341425587,-4.270192531002914e-05,2.220446049250313e-16,0.0
How do within-family activation hyperparameters tune the welfare-convergence tradeoff?,hyperparameter_shifted_log,c,7.0,nrd,shifted_log,c,7.0,0.5,3,3,3,1.0,22,True,4100,0.9994495954410196,0.8797512301492212,6.811388002936347e-05,True,1000,0.9995825673915846,0.8794071584722983,-3.428447221176523e-05,2.220446049250313e-16,2.220446049250313e-16
How do within-family activation hyperparameters tune the welfare-convergence tradeoff?,hyperparameter_shifted_log,c,7.0,nrd,shifted_log,c,7.0,0.5,3,3,3,1.0,24,True,2500,0.9997418646105618,0.8959816468327321,2.3168520272454085e-05,True,600,0.9998122661458781,0.8954868239237199,-4.2657145651381345e-05,2.220446049250313e-16,2.220446049250313e-16
How do within-family activation hyperparameters tune the welfare-convergence tradeoff?,hyperparameter_shifted_log,c,7.0,nrd,shifted_log,c,7.0,0.5,3,3,3,1.0,26,True,2700,0.9996322084660871,0.8780883187968406,2.938323949180921e-05,True,600,0.9997891793210573,0.876606542235398,-4.252087424444495e-05,1.1102230246251565e-16,0.0
How do within-family activation hyperparameters tune the welfare-convergence tradeoff?,hyperparameter_shifted_log,c,7.0,nrd,shifted_log,c,7.0,0.5,3,3,3,1.0,25,False,,0.9981461661757062,0.7586413552273824,0.0001341507461928293,True,1400,0.9990587363361306,0.7504044618805598,-1.0148500125928273e-05,2.220446049250313e-16,2.220446049250313e-16
How do within-family activation hyperparameters tune the welfare-convergence tradeoff?,hyperparameter_shifted_log,c,7.0,nrd,shifted_log,c,7.0,0.5,3,3,3,1.0,27,True,4800,0.9989787177811243,0.8256899760565956,8.99409260743389e-05,True,1200,0.9994128118216662,0.8216962998771024,-2.468402425115368e-05,1.1102230246251565e-16,2.220446049250313e-16
How do within-family activation hyperparameters tune the welfare-convergence tradeoff?,hyperparameter_shifted_log,c,7.0,nrd,shifted_log,c,7.0,0.5,3,3,3,1.0,30,True,2100,0.9993607486561472,0.8756122378788386,1.174874347287247e-05,True,400,0.9995852033104123,0.873188029475685,-4.268236171517392e-05,1.1102230246251565e-16,2.220446049250313e-16
How do within-family activation hyperparameters tune the welfare-convergence tradeoff?,hyperparameter_shifted_log,c,7.0,nrd,shifted_log,c,7.0,0.5,3,3,3,1.0,28,False,,0.998966318951269,0.7924841672657262,0.00012121363690431597,True,1200,0.9992945178449433,0.7898826074231758,-3.4752538578264325e-05,2.220446049250313e-16,1.1102230246251565e-16
How do within-family activation hyperparameters tune the welfare-convergence tradeoff?,hyperparameter_shifted_log,c,7.0,nrd,shifted_log,c,7.0,0.5,3,3,3,1.0,29,True,4600,0.9985208521762442,0.8005874476754308,8.30815397962481e-05,True,1100,0.9993273213255045,0.793176133827416,-2.7314627704499994e-05,1.1102230246251565e-16,2.220446049250313e-16
How do within-family activation hyperparameters tune the welfare-convergence tradeoff?,hyperparameter_shifted_log,c,7.0,nrd,shifted_log,c,7.0,0.5,3,3,3,1.0,32,True,1400,0.9996016369891024,0.8682280859446881,-6.165139918967721e-06,True,300,0.9996255835509661,0.868074118625349,-4.270789743099357e-05,1.1102230246251565e-16,2.220446049250313e-16
How do within-family activation hyperparameters tune the welfare-convergence tradeoff?,hyperparameter_shifted_log,c,7.0,nrd,shifted_log,c,7.0,0.5,3,3,3,1.0,33,True,1200,0.999622054740363,0.847460419232618,-1.0519880252635172e-05,True,300,0.9995833670467346,0.848179269453068,-4.2704756342548666e-05,0.0,1.1102230246251565e-16
How do within-family activation hyperparameters tune the welfare-convergence tradeoff?,hyperparameter_shifted_log,c,7.0,nrd,shifted_log,c,7.0,0.5,3,3,3,1.0,31,True,3500,0.9991639986714043,0.8367967938963806,5.222021250739228e-05,True,800,0.999579371761197,0.8332732134990547,-3.9565992827395036e-05,1.1102230246251565e-16,0.0
How do within-family activation hyperparameters tune the welfare-convergence tradeoff?,hyperparameter_shifted_log,c,7.0,nrd,shifted_log,c,7.0,0.5,3,3,3,1.0,34,True,4500,0.9990904083607106,0.811895905865263,7.994435546221368e-05,True,1100,0.9994958578239567,0.8080146847766793,-2.9115396458168075e-05,1.1102230246251565e-16,0.0
How do within-family activation hyperparameters tune the welfare-convergence tradeoff?,hyperparameter_shifted_log,c,7.0,nrd,shifted_log,c,7.0,0.5,3,3,3,1.0,35,False,,0.9989660687079092,0.7464336800469313,0.0002617205490106911,True,2700,0.999328889479234,0.7450050893665354,4.4217000171487e-05,1.1102230246251565e-16,0.0
How do within-family activation hyperparameters tune the welfare-convergence tradeoff?,hyperparameter_shifted_log,c,7.0,nrd,shifted_log,c,7.0,0.5,3,3,3,1.0,36,True,1300,0.9997739215183127,0.8887610120392203,-8.460166689316928e-06,True,300,0.9997820046493077,0.8888807269403222,-4.269851944405101e-05,2.220446049250313e-16,1.1102230246251565e-16
How do within-family activation hyperparameters tune the welfare-convergence tradeoff?,hyperparameter_shifted_log,c,7.0,nrd,shifted_log,c,7.0,0.5,3,3,3,1.0,37,True,2800,0.9988931305038872,0.7579011772748361,3.323203837907185e-05,True,600,0.9991661672143459,0.7552787285358744,-4.238090368541281e-05,1.1102230246251565e-16,0.0
How do within-family activation hyperparameters tune the welfare-convergence tradeoff?,hyperparameter_shifted_log,c,7.0,nrd,shifted_log,c,7.0,0.5,3,3,3,1.0,39,True,1700,0.9996543793466348,0.8849470419279563,2.1352531014984244e-06,True,300,0.9997837285016389,0.8835900561151715,-4.2702608384903584e-05,2.220446049250313e-16,1.1102230246251565e-16
How do within-family activation hyperparameters tune the welfare-convergence tradeoff?,hyperparameter_shifted_log,c,7.0,nrd,shifted_log,c,7.0,0.5,3,3,3,1.0,38,True,4300,0.9996074658050139,0.90646654673701,7.40230052700408e-05,True,1000,0.9997435971186189,0.905816133672741,-3.174667127264774e-05,2.220446049250313e-16,0.0
How do within-family activation hyperparameters tune the welfare-convergence tradeoff?,hyperparameter_shifted_log,c,7.0,nrd,shifted_log,c,7.0,0.5,3,3,3,1.0,40,True,2700,0.9991964922391151,0.7685317425692865,3.1122898969004886e-05,True,600,0.9992640222869602,0.7682006340686822,-4.2508729323376127e-05,2.220446049250313e-16,1.1102230246251565e-16
How do within-family activation hyperparameters tune the welfare-convergence tradeoff?,hyperparameter_shifted_log,c,7.0,nrd,shifted_log,c,7.0,0.5,3,3,3,1.0,41,True,1600,0.9997813079104748,0.8891817513722882,5.77752172215007e-07,True,300,0.9998548700744861,0.8884466652370167,-4.270821267432501e-05,2.220446049250313e-16,0.0
How do within-family activation hyperparameters tune the welfare-convergence tradeoff?,hyperparameter_shifted_log,c,7.0,nrd,shifted_log,c,7.0,0.5,3,3,3,1.0,42,True,2000,0.9994632058063602,0.8294290766815525,1.0265037720447179e-05,True,400,0.9995731993061321,0.8284167977705689,-4.2718114764861426e-05,2.220446049250313e-16,0.0
How do within-family activation hyperparameters tune the welfare-convergence tradeoff?,hyperparameter_shifted_log,c,7.0,nrd,shifted_log,c,7.0,0.5,3,3,3,1.0,45,True,800,0.9998275669246521,0.9536465835514832,-2.3727682061158717e-05,True,100,0.9998628847386266,0.9532483419685075,-4.2669720793753196e-05,2.220446049250313e-16,2.220446049250313e-16
How do within-family activation hyperparameters tune the welfare-convergence tradeoff?,hyperparameter_shifted_log,c,7.0,nrd,shifted_log,c,7.0,0.5,3,3,3,1.0,44,True,1800,0.9990230807336148,0.7551151697361401,3.6724652833775018e-06,True,400,0.9992776050772877,0.7522027133021095,-4.27473776131726e-05,0.0,2.220446049250313e-16
How do within-family activation hyperparameters tune the welfare-convergence tradeoff?,hyperparameter_shifted_log,c,7.0,nrd,shifted_log,c,7.0,0.5,3,3,3,1.0,43,False,,0.998684311740616,0.742179299087598,0.00011255718886987731,True,1200,0.9991844533747337,0.7374904115749453,-3.554419819756793e-05,2.220446049250313e-16,0.0
How do within-family activation hyperparameters tune the welfare-convergence tradeoff?,hyperparameter_shifted_log,c,7.0,nrd,shifted_log,c,7.0,0.5,3,3,3,1.0,48,True,900,0.9997350932253085,0.8674698847627687,-2.011530704587594e-05,True,100,0.9996733850087006,0.8683675701076048,-4.2690068151163274e-05,1.1102230246251565e-16,1.1102230246251565e-16
How do within-family activation hyperparameters tune the welfare-convergence tradeoff?,hyperparameter_shifted_log,c,7.0,nrd,shifted_log,c,7.0,0.5,3,3,3,1.0,46,True,2600,0.9995079550466657,0.8455406502393639,2.6960898089622987e-05,True,600,0.9996700210739534,0.844181022472501,-4.2594620299096775e-05,0.0,2.220446049250313e-16
How do within-family activation hyperparameters tune the welfare-convergence tradeoff?,hyperparameter_shifted_log,c,7.0,nrd,shifted_log,c,7.0,0.5,3,3,3,1.0,47,True,2000,0.9996495888414848,0.9066428161793025,1.0559489570682867e-05,True,400,0.9997486839864635,0.9056847183035375,-4.269492663339092e-05,2.220446049250313e-16,2.220446049250313e-16
How do within-family activation hyperparameters tune the welfare-convergence tradeoff?,hyperparameter_shifted_log,c,7.0,nrd,shifted_log,c,7.0,0.5,3,3,3,1.0,50,True,2700,0.999592280409218,0.8207386780380009,2.873184656215777e-05,True,600,0.9997234302822356,0.8195488456625831,-4.257540900814982e-05,1.1102230246251565e-16,1.1102230246251565e-16
How do within-family activation hyperparameters tune the welfare-convergence tradeoff?,hyperparameter_shifted_log,c,7.0,nrd,shifted_log,c,7.0,0.5,3,3,3,1.0,51,True,1400,0.9996572776811319,0.855585082934143,-5.155067747952824e-06,True,200,0.9997442673151977,0.854668831468603,-4.268416563929511e-05,1.1102230246251565e-16,2.220446049250313e-16
How do within-family activation hyperparameters tune the welfare-convergence tradeoff?,hyperparameter_shifted_log,c,7.0,nrd,shifted_log,c,7.0,0.5,3,3,3,1.0,49,False,,0.9993645492554047,0.82659069512425,0.0001085294352511923,True,1300,0.9996421914158047,0.8245210731810179,-1.8904333750902058e-05,1.1102230246251565e-16,2.220446049250313e-16
How do within-family activation hyperparameters tune the welfare-convergence tradeoff?,hyperparameter_shifted_log,c,7.0,nrd,shifted_log,c,7.0,0.5,3,3,3,1.0,54,True,2200,0.9992777897146106,0.8324393990195312,1.6481546525615176e-05,True,500,0.9995856879712388,0.8291371714188838,-4.2719463447082884e-05,2.220446049250313e-16,0.0
How do within-family activation hyperparameters tune the welfare-convergence tradeoff?,hyperparameter_shifted_log,c,7.0,nrd,shifted_log,c,7.0,0.5,3,3,3,1.0,53,True,4800,0.9990942950353009,0.8376903450464073,8.818587401121514e-05,True,1200,0.999477710287164,0.8341574620256919,-2.5156101591927715e-05,2.220446049250313e-16,2.220446049250313e-16
How do within-family activation hyperparameters tune the welfare-convergence tradeoff?,hyperparameter_shifted_log,c,7.0,nrd,shifted_log,c,7.0,0.5,3,3,3,1.0,52,False,,0.9990119583023048,0.821894940229161,0.00019042804091307097,True,1900,0.9996075129314674,0.8180852088514777,1.2203463712223694e-05,1.1102230246251565e-16,1.1102230246251565e-16
How do within-family activation hyperparameters tune the welfare-convergence tradeoff?,hyperparameter_shifted_log,c,7.0,nrd,shifted_log,c,7.0,0.5,3,3,3,1.0,55,True,2800,0.9995236228477423,0.8336598477108109,3.1997498011415715e-05,True,600,0.9996267133765012,0.8328732748112859,-4.2392155045534174e-05,2.220446049250313e-16,2.220446049250313e-16
How do within-family activation hyperparameters tune the welfare-convergence tradeoff?,hyperparameter_shifted_log,c,7.0,nrd,shifted_log,c,7.0,0.5,3,3,3,1.0,57,True,1500,0.9997487263518684,0.8712509121384847,-2.1584936150120804e-06,True,300,0.9998072665352545,0.8707106513819766,-4.271504671882198e-05,1.1102230246251565e-16,1.1102230246251565e-16
How do within-family activation hyperparameters tune the welfare-convergence tradeoff?,hyperparameter_shifted_log,c,7.0,nrd,shifted_log,c,7.0,0.5,3,3,3,1.0,56,False,,0.999543622167089,0.8846622202878295,0.000198069330870132,True,1900,0.9997620434520488,0.8842839621833524,1.552159788226204e-05,2.220446049250313e-16,1.1102230246251565e-16
How do within-family activation hyperparameters tune the welfare-convergence tradeoff?,hyperparameter_shifted_log,c,7.0,nrd,shifted_log,c,7.0,0.5,3,3,3,1.0,58,True,1800,0.999236514196098,0.8071476989079382,4.074943515341989e-06,True,300,0.9994673009092792,0.8045134416039503,-4.272866620996796e-05,1.1102230246251565e-16,2.220446049250313e-16
How do within-family activation hyperparameters tune the welfare-convergence tradeoff?,hyperparameter_shifted_log,c,7.0,nrd,shifted_log,c,7.0,0.5,3,3,3,1.0,62,True,900,0.9994691746484213,0.8135345097996436,-2.10101185548206e-05,True,200,0.9994018638920085,0.8145090876725348,-4.2715045859342826e-05,1.1102230246251565e-16,1.1102230246251565e-16
How do within-family activation hyperparameters tune the welfare-convergence tradeoff?,hyperparameter_shifted_log,c,7.0,nrd,shifted_log,c,7.0,0.5,3,3,3,1.0,61,True,1100,0.9996377430721974,0.8622389299936429,-1.3055438055908919e-05,True,300,0.9996512662879669,0.8622104946987109,-4.269729302175396e-05,2.220446049250313e-16,1.1102230246251565e-16
How do within-family activation hyperparameters tune the welfare-convergence tradeoff?,hyperparameter_shifted_log,c,7.0,nrd,shifted_log,c,7.0,0.5,3,3,3,1.0,59,False,,0.9989249809757187,0.7916834538870798,0.00019062196854796598,True,1900,0.9994249023566905,0.7880662505633778,1.2246193595910615e-05,1.1102230246251565e-16,2.220446049250313e-16
How do within-family activation hyperparameters tune the welfare-convergence tradeoff?,hyperparameter_shifted_log,c,7.0,nrd,shifted_log,c,7.0,0.5,3,3,3,1.0,60,False,,0.9992012235779768,0.8543224183308599,0.00011324073461355111,True,1200,0.9995279369517412,0.8516741662787798,-3.5858654299225634e-05,2.220446049250313e-16,1.1102230246251565e-16
How do within-family activation hyperparameters tune the welfare-convergence tradeoff?,hyperparameter_shifted_log,c,7.0,nrd,shifted_log,c,7.0,0.5,3,3,3,1.0,63,True,1700,0.9997659968848596,0.9041193945721395,2.8328463840265883e-06,True,300,0.9998339484395027,0.9035479962445708,-4.269543062979109e-05,1.1102230246251565e-16,2.220446049250313e-16
How do within-family activation hyperparameters tune the welfare-convergence tradeoff?,hyperparameter_shifted_log,c,7.0,nrd,shifted_log,c,7.0,0.5,3,3,3,1.0,64,True,2300,0.9987702901286791,0.7192290448101589,1.9821575570677652e-05,True,500,0.9990753732267921,0.7159189412813505,-4.275762564642793e-05,1.1102230246251565e-16,2.220446049250313e-16
How do within-family activation hyperparameters tune the welfare-convergence tradeoff?,hyperparameter_shifted_log,c,7.0,nrd,shifted_log,c,7.0,0.5,3,3,3,1.0,66,True,2700,0.9995772647296616,0.8551910236579688,3.029932713993766e-05,True,600,0.9997109873771596,0.8541104166358843,-4.245688074272502e-05,2.220446049250313e-16,2.220446049250313e-16
How do within-family activation hyperparameters tune the welfare-convergence tradeoff?,hyperparameter_shifted_log,c,7.0,nrd,shifted_log,c,7.0,0.5,3,3,3,1.0,68,True,1700,0.999700549501203,0.8464642664985439,1.2060993436202594e-06,True,400,0.9996993749664604,0.8467005086150655,-4.271548265577518e-05,0.0,2.220446049250313e-16
How do within-family activation hyperparameters tune the welfare-convergence tradeoff?,hyperparameter_shifted_log,c,7.0,nrd,shifted_log,c,7.0,0.5,3,3,3,1.0,67,True,2200,0.9994025999576187,0.8258178514266058,1.5999546435330192e-05,True,500,0.999624805801654,0.8234634866730879,-4.272965869267509e-05,2.220446049250313e-16,0.0
How do within-family activation hyperparameters tune the welfare-convergence tradeoff?,hyperparameter_shifted_log,c,7.0,nrd,shifted_log,c,7.0,0.5,3,3,3,1.0,65,True,3600,0.9991700497533283,0.8181771997240901,5.4680418741237524e-05,True,800,0.9995759788423921,0.8143513386970622,-3.914360249235305e-05,2.220446049250313e-16,1.1102230246251565e-16
How do within-family activation hyperparameters tune the welfare-convergence tradeoff?,hyperparameter_shifted_log,c,7.0,nrd,shifted_log,c,7.0,0.5,3,3,3,1.0,69,False,,0.9992256986672138,0.8682024497889745,0.00015752319354522815,True,1600,0.999573492147628,0.8656724860930994,-1.2547777062388299e-06,2.220446049250313e-16,1.1102230246251565e-16
How do within-family activation hyperparameters tune the welfare-convergence tradeoff?,hyperparameter_shifted_log,c,7.0,nrd,shifted_log,c,7.0,0.5,3,3,3,1.0,70,False,,0.9991142047471515,0.8242401688128854,0.00024604432543468,True,2500,0.9993617447335466,0.8240330449476625,3.694210234633788e-05,1.1102230246251565e-16,1.1102230246251565e-16
How do within-family activation hyperparameters tune the welfare-convergence tradeoff?,hyperparameter_shifted_log,c,7.0,nrd,shifted_log,c,7.0,0.5,3,3,3,1.0,71,True,2900,0.9992379436589077,0.845836082604689,3.572296679327236e-05,True,700,0.9995011226486841,0.8431562006526362,-4.224099766542144e-05,0.0,2.220446049250313e-16
How do within-family activation hyperparameters tune the welfare-convergence tradeoff?,hyperparameter_shifted_log,c,7.0,nrd,shifted_log,c,7.0,0.5,3,3,3,1.0,72,False,,0.9987384516768248,0.838082088419908,0.0001076754517014833,True,1300,0.9993923946060904,0.8316104387794973,-1.9212315204353292e-05,2.220446049250313e-16,2.220446049250313e-16
How do within-family activation hyperparameters tune the welfare-convergence tradeoff?,hyperparameter_shifted_log,c,7.0,nrd,shifted_log,c,7.0,0.5,3,3,3,1.0,73,False,,0.9993085816948609,0.8277195236527186,0.00011370372675656437,True,1300,0.9995177784589602,0.8267289230182344,-1.714238564559656e-05,2.220446049250313e-16,1.1102230246251565e-16
How do within-family activation hyperparameters tune the welfare-convergence tradeoff?,hyperparameter_shifted_log,c,7.0,nrd,shifted_log,c,7.0,0.5,3,3,3,1.0,74,False,,0.999337587849029,0.8621288769992894,0.00018015169454349556,True,1800,0.9996657622773298,0.86004811946912,7.891852612962325e-06,2.220446049250313e-16,2.220446049250313e-16
How do within-family activation hyperparameters tune the welfare-convergence tradeoff?,hyperparameter_shifted_log,c,7.0,nrd,shifted_log,c,7.0,0.5,3,3,3,1.0,75,True,1800,0.999531091769298,0.7939207167649801,3.624088218634469e-06,True,300,0.9995588984682934,0.7937761876356575,-4.267129123375346e-05,0.0,2.220446049250313e-16
How do within-family activation hyperparameters tune the welfare-convergence tradeoff?,hyperparameter_shifted_log,c,7.0,nrd,shifted_log,c,7.0,0.5,3,3,3,1.0,76,True,2800,0.9991327383338406,0.7578494700522889,3.3154998498763355e-05,True,600,0.9991008695710447,0.7588060455065037,-4.2262918114377435e-05,0.0,2.220446049250313e-16
How do within-family activation hyperparameters tune the welfare-convergence tradeoff?,hyperparameter_shifted_log,c,7.0,nrd,shifted_log,c,7.0,0.5,3,3,3,1.0,77,True,2000,0.9995838882365643,0.8548048387067735,1.1343203202285324e-05,True,400,0.9997551415586591,0.8529222701529621,-4.2710590448913344e-05,2.220446049250313e-16,1.1102230246251565e-16
How do within-family activation hyperparameters tune the welfare-convergence tradeoff?,hyperparameter_shifted_log,c,7.0,nrd,shifted_log,c,7.0,0.5,3,3,3,1.0,78,True,1000,0.9997012714060409,0.8793824828776687,-1.676737875783152e-05,True,100,0.9997471114914666,0.878893833329298,-4.263834236872821e-05,2.220446049250313e-16,1.1102230246251565e-16
How do within-family activation hyperparameters tune the welfare-convergence tradeoff?,hyperparameter_shifted_log,c,7.0,nrd,shifted_log,c,7.0,0.5,3,3,3,1.0,81,True,1800,0.9991908864998619,0.7974235900117558,5.291633085657832e-06,True,400,0.9993728926517313,0.7953667833573529,-4.27068362702232e-05,1.1102230246251565e-16,2.220446049250313e-16
How do within-family activation hyperparameters tune the welfare-convergence tradeoff?,hyperparameter_shifted_log,c,7.0,nrd,shifted_log,c,7.0,0.5,3,3,3,1.0,82,True,1300,0.9992897290797996,0.7551481040667767,-1.0037179911936978e-05,True,300,0.9992767249462065,0.7555134049819804,-4.2733683924767174e-05,2.220446049250313e-16,1.1102230246251565e-16
How do within-family activation hyperparameters tune the welfare-convergence tradeoff?,hyperparameter_shifted_log,c,7.0,nrd,shifted_log,c,7.0,0.5,3,3,3,1.0,80,False,,0.9991306501363473,0.870698959373524,0.00016046819190129735,True,1400,0.9995863518437007,0.8670009037148055,-2.4677488835500583e-05,0.0,1.1102230246251565e-16
How do within-family activation hyperparameters tune the welfare-convergence tradeoff?,hyperparameter_shifted_log,c,7.0,nrd,shifted_log,c,7.0,0.5,3,3,3,1.0,79,True,4900,0.9987437516587304,0.7555412348849403,9.023689184517458e-05,True,1100,0.9992750145173744,0.750750949565786,-2.710572971437175e-05,2.220446049250313e-16,2.220446049250313e-16
How do within-family activation hyperparameters tune the welfare-convergence tradeoff?,hyperparameter_shifted_log,c,7.0,nrd,shifted_log,c,7.0,0.5,3,3,3,1.0,84,True,1200,0.9997626155058423,0.9202244737756874,-1.1836209395599262e-05,True,200,0.9997538717668951,0.9204969905899802,-4.267630014587187e-05,1.1102230246251565e-16,1.1102230246251565e-16
How do within-family activation hyperparameters tune the welfare-convergence tradeoff?,hyperparameter_shifted_log,c,7.0,nrd,shifted_log,c,7.0,0.5,3,3,3,1.0,83,True,3400,0.999464784677934,0.9134109502814257,5.093793353311282e-05,True,800,0.9997225856717573,0.9108182962867836,-3.9813115359554896e-05,2.220446049250313e-16,0.0
How do within-family activation hyperparameters tune the welfare-convergence tradeoff?,hyperparameter_shifted_log,c,7.0,nrd,shifted_log,c,7.0,0.5,3,3,3,1.0,87,True,1300,0.9998235683360222,0.8528300734411894,-8.556970740758452e-06,True,300,0.999850502446286,0.8527304100630304,-4.27220988724053e-05,1.1102230246251565e-16,2.220446049250313e-16
How do within-family activation hyperparameters tune the welfare-convergence tradeoff?,hyperparameter_shifted_log,c,7.0,nrd,shifted_log,c,7.0,0.5,3,3,3,1.0,86,True,1600,0.9996764913048553,0.8776104573488438,-4.627937255641257e-07,True,300,0.9997698241412698,0.8766941775429712,-4.26955158049358e-05,0.0,1.1102230246251565e-16
How do within-family activation hyperparameters tune the welfare-convergence tradeoff?,hyperparameter_shifted_log,c,7.0,nrd,shifted_log,c,7.0,0.5,3,3,3,1.0,85,True,4000,0.9996505282971433,0.8512924898975033,6.780738969680566e-05,True,1000,0.9998063525775052,0.8503500426342546,-3.444334557028972e-05,1.1102230246251565e-16,1.1102230246251565e-16
How do within-family activation hyperparameters tune the welfare-convergence tradeoff?,hyperparameter_shifted_log,c,7.0,nrd,shifted_log,c,7.0,0.5,3,3,3,1.0,88,True,1800,0.9995261971557677,0.8646446793732093,4.2336109726259785e-06,True,300,0.9996781521925183,0.8630514325890576,-4.2704591770248435e-05,0.0,2.220446049250313e-16
How do within-family activation hyperparameters tune the welfare-convergence tradeoff?,hyperparameter_shifted_log,c,7.0,nrd,shifted_log,c,7.0,0.5,3,3,3,1.0,90,True,1600,0.9997515951822746,0.8637649018176546,3.6364460354043615e-07,True,300,0.9997859586533663,0.8635524074744628,-4.270210917484141e-05,0.0,0.0
How do within-family activation hyperparameters tune the welfare-convergence tradeoff?,hyperparameter_shifted_log,c,7.0,nrd,shifted_log,c,7.0,0.5,3,3,3,1.0,89,False,,0.9994753974664882,0.8580825324132636,0.00011803798343690275,True,1300,0.9997214085620896,0.8564908698023137,-1.57151108267084e-05,2.220446049250313e-16,1.1102230246251565e-16
How do within-family activation hyperparameters tune the welfare-convergence tradeoff?,hyperparameter_shifted_log,c,7.0,nrd,shifted_log,c,7.0,0.5,3,3,3,1.0,91,True,1000,0.9996033907081362,0.8226743530442312,-1.6931743743564542e-05,True,200,0.9996256581434855,0.8225228206402243,-4.2728296135163824e-05,1.1102230246251565e-16,2.220446049250313e-16
How do within-family activation hyperparameters tune the welfare-convergence tradeoff?,hyperparameter_shifted_log,c,7.0,nrd,shifted_log,c,7.0,0.5,3,3,3,1.0,93,True,2700,0.9993515903234367,0.7521388533666314,2.8912616169052274e-05,True,600,0.9995087126492893,0.7505520750776121,-4.262267553450938e-05,1.1102230246251565e-16,2.220446049250313e-16
How do within-family activation hyperparameters tune the welfare-convergence tradeoff?,hyperparameter_shifted_log,c,7.0,nrd,shifted_log,c,7.0,0.5,3,3,3,1.0,94,True,2900,0.9992517760390035,0.8143930638755981,3.625113099919863e-05,True,700,0.9994977274122232,0.81184014241304,-4.2172276018437316e-05,2.220446049250313e-16,1.1102230246251565e-16
How do within-family activation hyperparameters tune the welfare-convergence tradeoff?,hyperparameter_shifted_log,c,7.0,nrd,shifted_log,c,7.0,0.5,3,3,3,1.0,95,True,1300,0.9997376744766614,0.9086175505539491,-7.724893269389632e-06,True,300,0.9997834828683758,0.9082416570729319,-4.269031161613368e-05,1.1102230246251565e-16,2.220446049250313e-16
How do within-family activation hyperparameters tune the welfare-convergence tradeoff?,hyperparameter_shifted_log,c,7.0,nrd,shifted_log,c,7.0,0.5,3,3,3,1.0,96,True,2300,0.9996961318628824,0.8579221538061775,1.737194485407212e-05,True,500,0.9997133846455432,0.8580602261069549,-4.2700467988598945e-05,2.220446049250313e-16,0.0
How do within-family activation hyperparameters tune the welfare-convergence tradeoff?,hyperparameter_shifted_log,c,7.0,nrd,shifted_log,c,7.0,0.5,3,3,3,1.0,92,False,,0.9988118129941645,0.8695373433932332,0.00027838934756330147,True,2300,0.999514019257397,0.8655822272108756,3.235165626058745e-05,0.0,2.220446049250313e-16
How do within-family activation hyperparameters tune the welfare-convergence tradeoff?,hyperparameter_shifted_log,c,7.0,nrd,shifted_log,c,7.0,0.5,3,3,3,1.0,99,True,1000,0.999790532880705,0.914099522720278,-1.6169930239340324e-05,True,200,0.9997867086164755,0.9142618494504369,-4.2680941449102505e-05,2.220446049250313e-16,2.220446049250313e-16
How do within-family activation hyperparameters tune the welfare-convergence tradeoff?,hyperparameter_shifted_log,c,7.0,nrd,shifted_log,c,7.0,0.5,3,3,3,1.0,97,True,4700,0.9989875609831631,0.776442806107025,8.2936835799019e-05,True,1000,0.9993972961741713,0.7725413471373489,-3.952272327789608e-05,2.220446049250313e-16,2.220446049250313e-16
How do within-family activation hyperparameters tune the welfare-convergence tradeoff?,hyperparameter_shifted_log,c,7.0,nrd,shifted_log,c,7.0,0.5,3,3,3,1.0,98,True,3600,0.9993498800391319,0.8631880800919056,5.523977858667983e-05,True,800,0.9996900141690336,0.8602700549044391,-3.873525385944543e-05,1.1102230246251565e-16,0.0
How do within-family activation hyperparameters tune the welfare-convergence tradeoff?,hyperparameter_shifted_log,c,10.0,nrd,shifted_log,c,10.0,0.5,3,3,3,1.0,1,True,1600,0.9998199207820205,0.8352435065158706,-7.449968320583089e-07,True,300,0.999840899415408,0.8351716928820863,-4.1863360701221985e-05,2.220446049250313e-16,2.220446049250313e-16
How do within-family activation hyperparameters tune the welfare-convergence tradeoff?,hyperparameter_shifted_log,c,10.0,nrd,shifted_log,c,10.0,0.5,3,3,3,1.0,0,False,,0.9993898954793152,0.7848137138283767,0.0001343091687630027,True,1400,0.9998078103566819,0.7803868485442994,-9.615106743243729e-06,1.1102230246251565e-16,2.220446049250313e-16
How do within-family activation hyperparameters tune the welfare-convergence tradeoff?,hyperparameter_shifted_log,c,10.0,nrd,shifted_log,c,10.0,0.5,3,3,3,1.0,2,True,3100,0.9995289783730095,0.8269934523157824,4.1501582665193215e-05,True,700,0.9998034839691928,0.8225916441157004,-4.069403492951151e-05,2.220446049250313e-16,2.220446049250313e-16
How do within-family activation hyperparameters tune the welfare-convergence tradeoff?,hyperparameter_shifted_log,c,10.0,nrd,shifted_log,c,10.0,0.5,3,3,3,1.0,4,True,2600,0.9996685657984247,0.8299611020510232,2.654678070085348e-05,True,600,0.9998020773997265,0.8278056863363868,-4.175373875792143e-05,2.220446049250313e-16,0.0
How do within-family activation hyperparameters tune the welfare-convergence tradeoff?,hyperparameter_shifted_log,c,10.0,nrd,shifted_log,c,10.0,0.5,3,3,3,1.0,3,True,2400,0.9997683524951048,0.9054808664901038,2.216688291883928e-05,True,500,0.9999368189650228,0.9030807107906792,-4.185142455220836e-05,1.1102230246251565e-16,0.0
How do within-family activation hyperparameters tune the welfare-convergence tradeoff?,hyperparameter_shifted_log,c,10.0,nrd,shifted_log,c,10.0,0.5,3,3,3,1.0,6,True,1100,0.9999093871788379,0.799012491157971,-1.5036872181739547e-05,True,200,0.9999073189453416,0.7992964274623798,-4.188601138499504e-05,1.1102230246251565e-16,2.220446049250313e-16
How do within-family activation hyperparameters tune the welfare-convergence tradeoff?,hyperparameter_shifted_log,c,10.0,nrd,shifted_log,c,10.0,0.5,3,3,3,1.0,5,False,,0.9993176856722438,0.7972143634574103,0.00010792461845243739,True,1100,0.9997913231349242,0.7904218102464492,-3.61848581063029e-05,1.1102230246251565e-16,1.1102230246251565e-16
How do within-family activation hyperparameters tune the welfare-convergence tradeoff?,hyperparameter_shifted_log,c,10.0,nrd,shifted_log,c,10.0,0.5,3,3,3,1.0,8,True,2000,0.999746278282365,0.8233751367044845,1.031981174071106e-05,True,400,0.9997974787746412,0.8227925045253458,-4.1847449372856005e-05,1.1102230246251565e-16,0.0
How do within-family activation hyperparameters tune the welfare-convergence tradeoff?,hyperparameter_shifted_log,c,10.0,nrd,shifted_log,c,10.0,0.5,3,3,3,1.0,10,True,2100,0.9997289218971483,0.8386061534905901,1.3647266834060368e-05,True,400,0.9998571482848396,0.836363974662922,-4.187620347273491e-05,1.1102230246251565e-16,0.0
How do within-family activation hyperparameters tune the welfare-convergence tradeoff?,hyperparameter_shifted_log,c,10.0,nrd,shifted_log,c,10.0,0.5,3,3,3,1.0,7,False,,0.9995072658947565,0.8748823772358209,0.0002347094701902197,True,2300,0.9998107207681866,0.8729472348976479,3.21349809246918e-05,1.1102230246251565e-16,0.0
How do within-family activation hyperparameters tune the welfare-convergence tradeoff?,hyperparameter_shifted_log,c,10.0,nrd,shifted_log,c,10.0,0.5,3,3,3,1.0,9,True,5000,0.9996051101208776,0.7781722256951826,9.939158896843381e-05,True,1200,0.9998065555301442,0.7761939312433509,-2.1346357267248983e-05,1.1102230246251565e-16,2.220446049250313e-16
How do within-family activation hyperparameters tune the welfare-convergence tradeoff?,hyperparameter_shifted_log,c,10.0,nrd,shifted_log,c,10.0,0.5,3,3,3,1.0,11,True,4600,0.9992787461667916,0.7782164814909537,8.15877340308302e-05,True,1100,0.9997065169127008,0.7721063626869492,-2.7132169271359974e-05,2.220446049250313e-16,1.1102230246251565e-16
How do within-family activation hyperparameters tune the welfare-convergence tradeoff?,hyperparameter_shifted_log,c,10.0,nrd,shifted_log,c,10.0,0.5,3,3,3,1.0,12,True,2000,0.9997424449985868,0.825559709755642,1.0755625999836482e-05,True,400,0.9998440318841653,0.8241726411451307,-4.18810162434724e-05,0.0,1.1102230246251565e-16
How do within-family activation hyperparameters tune the welfare-convergence tradeoff?,hyperparameter_shifted_log,c,10.0,nrd,shifted_log,c,10.0,0.5,3,3,3,1.0,14,True,800,0.9999578274067187,0.9177100087293543,-2.2474281132833784e-05,True,100,0.9999456851518099,0.9181297758076591,-4.185925660088463e-05,1.1102230246251565e-16,2.220446049250313e-16
How do within-family activation hyperparameters tune the welfare-convergence tradeoff?,hyperparameter_shifted_log,c,10.0,nrd,shifted_log,c,10.0,0.5,3,3,3,1.0,13,False,,0.999392165974088,0.8161979393795876,0.00025241039871343185,True,2600,0.9997656709785282,0.813609939472354,4.0284980574789575e-05,2.220446049250313e-16,2.220446049250313e-16
How do within-family activation hyperparameters tune the welfare-convergence tradeoff?,hyperparameter_shifted_log,c,10.0,nrd,shifted_log,c,10.0,0.5,3,3,3,1.0,15,True,3500,0.9996627634847082,0.8489377762126024,5.253649042419317e-05,True,800,0.9998821086167832,0.8456186936249428,-3.907114191642469e-05,0.0,2.220446049250313e-16
How do within-family activation hyperparameters tune the welfare-convergence tradeoff?,hyperparameter_shifted_log,c,10.0,nrd,shifted_log,c,10.0,0.5,3,3,3,1.0,17,True,1400,0.9997669996808952,0.8249801058553445,-6.0000660372927506e-06,True,300,0.9998127534495088,0.8244033780345285,-4.1867635952486104e-05,1.1102230246251565e-16,1.1102230246251565e-16
How do within-family activation hyperparameters tune the welfare-convergence tradeoff?,hyperparameter_shifted_log,c,10.0,nrd,shifted_log,c,10.0,0.5,3,3,3,1.0,16,False,,0.9993200090606552,0.784395050006621,0.00011915349108132522,True,1300,0.9997941372715959,0.7783622227211415,-1.4938666816788349e-05,1.1102230246251565e-16,1.1102230246251565e-16
How do within-family activation hyperparameters tune the welfare-convergence tradeoff?,hyperparameter_shifted_log,c,10.0,nrd,shifted_log,c,10.0,0.5,3,3,3,1.0,18,True,2600,0.9998187208938709,0.8541937991852405,2.7128275910337507e-05,True,600,0.9999078539528203,0.8530141041699101,-4.174458351341448e-05,1.1102230246251565e-16,0.0
How do within-family activation hyperparameters tune the welfare-convergence tradeoff?,hyperparameter_shifted_log,c,10.0,nrd,shifted_log,c,10.0,0.5,3,3,3,1.0,19,True,3000,0.9997303611488007,0.8882085983556092,3.906885295118512e-05,True,700,0.9998931632782713,0.8856905305882449,-4.097550899867519e-05,1.1102230246251565e-16,1.1102230246251565e-16
How do within-family activation hyperparameters tune the welfare-convergence tradeoff?,hyperparameter_shifted_log,c,10.0,nrd,shifted_log,c,10.0,0.5,3,3,3,1.0,21,True,2200,0.9997152004063696,0.8314570695378495,1.5202924144863683e-05,True,500,0.9998191638444798,0.8300701152924872,-4.185847443372026e-05,2.220446049250313e-16,1.1102230246251565e-16
How do within-family activation hyperparameters tune the welfare-convergence tradeoff?,hyperparameter_shifted_log,c,10.0,nrd,shifted_log,c,10.0,0.5,3,3,3,1.0,20,True,3200,0.9997580811317028,0.8634290106750703,4.3737605791793754e-05,True,700,0.9998855557408872,0.8624869347689921,-4.031112459662589e-05,2.220446049250313e-16,1.1102230246251565e-16
How do within-family activation hyperparameters tune the welfare-convergence tradeoff?,hyperparameter_shifted_log,c,10.0,nrd,shifted_log,c,10.0,0.5,3,3,3,1.0,23,True,2000,0.999830841242601,0.9103378940614667,1.0532354190961879e-05,True,400,0.999910383761162,0.9094659148347315,-4.187651209375254e-05,2.220446049250313e-16,1.1102230246251565e-16
How do within-family activation hyperparameters tune the welfare-convergence tradeoff?,hyperparameter_shifted_log,c,10.0,nrd,shifted_log,c,10.0,0.5,3,3,3,1.0,24,True,2600,0.9998729125836311,0.8938827290911817,2.643276841357567e-05,True,600,0.9999324075147354,0.8933368047150682,-4.1749090432474656e-05,1.1102230246251565e-16,1.1102230246251565e-16
How do within-family activation hyperparameters tune the welfare-convergence tradeoff?,hyperparameter_shifted_log,c,10.0,nrd,shifted_log,c,10.0,0.5,3,3,3,1.0,22,True,4200,0.9997192812418729,0.8749901624634461,7.113672153524764e-05,True,1000,0.999849320511807,0.8746214825400909,-3.215714259890978e-05,2.220446049250313e-16,1.1102230246251565e-16
How do within-family activation hyperparameters tune the welfare-convergence tradeoff?,hyperparameter_shifted_log,c,10.0,nrd,shifted_log,c,10.0,0.5,3,3,3,1.0,26,True,3000,0.9997972151531149,0.8759547433653824,3.709930714446141e-05,True,700,0.9999237429565814,0.8742844395034046,-4.115805535548356e-05,1.1102230246251565e-16,0.0
How do within-family activation hyperparameters tune the welfare-convergence tradeoff?,hyperparameter_shifted_log,c,10.0,nrd,shifted_log,c,10.0,0.5,3,3,3,1.0,25,False,,0.9987044890620704,0.7526477447491587,0.0002121118552904644,True,2100,0.9995125553943062,0.7436637098980619,2.1952725548446406e-05,2.220446049250313e-16,2.220446049250313e-16
How do within-family activation hyperparameters tune the welfare-convergence tradeoff?,hyperparameter_shifted_log,c,10.0,nrd,shifted_log,c,10.0,0.5,3,3,3,1.0,27,False,,0.9993638040221128,0.820560530966322,0.00015846148340364907,True,1600,0.9997417526022108,0.8160948202355675,-4.944098500048177e-07,2.220446049250313e-16,1.1102230246251565e-16
How do within-family activation hyperparameters tune the welfare-convergence tradeoff?,hyperparameter_shifted_log,c,10.0,nrd,shifted_log,c,10.0,0.5,3,3,3,1.0,30,True,2200,0.9996843981135098,0.8712777059471192,1.6845922973185434e-05,True,500,0.9998508117882363,0.8685813949737514,-4.18524133014575e-05,2.220446049250313e-16,0.0
How do within-family activation hyperparameters tune the welfare-convergence tradeoff?,hyperparameter_shifted_log,c,10.0,nrd,shifted_log,c,10.0,0.5,3,3,3,1.0,28,False,,0.999437047411213,0.7854244314168609,0.00015904026722873832,True,1400,0.9997341943575639,0.7824089400068548,-2.652485249032832e-05,2.220446049250313e-16,2.220446049250313e-16
How do within-family activation hyperparameters tune the welfare-convergence tradeoff?,hyperparameter_shifted_log,c,10.0,nrd,shifted_log,c,10.0,0.5,3,3,3,1.0,32,True,1500,0.9998433529103117,0.8641239833570569,-4.303952172102221e-06,True,300,0.9998654368213056,0.8639391006462048,-4.185517302646158e-05,1.1102230246251565e-16,2.220446049250313e-16
How do within-family activation hyperparameters tune the welfare-convergence tradeoff?,hyperparameter_shifted_log,c,10.0,nrd,shifted_log,c,10.0,0.5,3,3,3,1.0,29,False,,0.9990184967388692,0.7952731114693714,0.00012984723603870485,True,1400,0.9997097670471603,0.7869984614587474,-1.1222477806382969e-05,1.1102230246251565e-16,2.220446049250313e-16
How do within-family activation hyperparameters tune the welfare-convergence tradeoff?,hyperparameter_shifted_log,c,10.0,nrd,shifted_log,c,10.0,0.5,3,3,3,1.0,33,True,1200,0.9998680630620004,0.8425994116939522,-1.0198070871159093e-05,True,300,0.9998510265192753,0.843334753384823,-4.187850702908058e-05,1.1102230246251565e-16,0.0
How do within-family activation hyperparameters tune the welfare-convergence tradeoff?,hyperparameter_shifted_log,c,10.0,nrd,shifted_log,c,10.0,0.5,3,3,3,1.0,31,True,4100,0.9994768860807539,0.83275046510696,6.863590592465219e-05,True,1000,0.9998398215084082,0.8287315486104884,-3.327775233807895e-05,1.1102230246251565e-16,0.0
How do within-family activation hyperparameters tune the welfare-convergence tradeoff?,hyperparameter_shifted_log,c,10.0,nrd,shifted_log,c,10.0,0.5,3,3,3,1.0,34,False,,0.9993906438248493,0.8078121663276044,0.00015936581401365668,True,1600,0.9997563200621661,0.8032703539470001,-1.5986660517608442e-07,2.220446049250313e-16,2.220446049250313e-16
How do within-family activation hyperparameters tune the welfare-convergence tradeoff?,hyperparameter_shifted_log,c,10.0,nrd,shifted_log,c,10.0,0.5,3,3,3,1.0,36,True,1400,0.9999098755341648,0.8861238327494169,-7.099501431295785e-06,True,300,0.999921806568152,0.8862344306183642,-4.1866096826159716e-05,2.220446049250313e-16,1.1102230246251565e-16
How do within-family activation hyperparameters tune the welfare-convergence tradeoff?,hyperparameter_shifted_log,c,10.0,nrd,shifted_log,c,10.0,0.5,3,3,3,1.0,35,False,,0.99934376942862,0.7400220012807163,0.00029386754261784276,True,3300,0.9996938790553237,0.7385001805240984,5.997428691445483e-05,0.0,1.1102230246251565e-16
How do within-family activation hyperparameters tune the welfare-convergence tradeoff?,hyperparameter_shifted_log,c,10.0,nrd,shifted_log,c,10.0,0.5,3,3,3,1.0,37,True,3100,0.9994786637045249,0.7491069478304753,4.126048071845245e-05,True,700,0.9997023848793047,0.7460075594396965,-4.0720769466762174e-05,2.220446049250313e-16,1.1102230246251565e-16
How do within-family activation hyperparameters tune the welfare-convergence tradeoff?,hyperparameter_shifted_log,c,10.0,nrd,shifted_log,c,10.0,0.5,3,3,3,1.0,39,True,1800,0.9998271024760711,0.8825675733961366,4.382298481042657e-06,True,300,0.9999223058638526,0.8810786897814266,-4.187459985410813e-05,0.0,2.220446049250313e-16
How do within-family activation hyperparameters tune the welfare-convergence tradeoff?,hyperparameter_shifted_log,c,10.0,nrd,shifted_log,c,10.0,0.5,3,3,3,1.0,38,True,4700,0.9997692294958346,0.9038447729872955,8.383257248256726e-05,True,1100,0.9999020636488449,0.9031274889348255,-2.585897942691817e-05,2.220446049250313e-16,1.1102230246251565e-16
How do within-family activation hyperparameters tune the welfare-convergence tradeoff?,hyperparameter_shifted_log,c,10.0,nrd,shifted_log,c,10.0,0.5,3,3,3,1.0,41,True,1800,0.9998929398592836,0.8875406293546749,3.7616134960782865e-06,True,400,0.9999479949679725,0.8867348239994466,-4.182172171818266e-05,1.1102230246251565e-16,1.1102230246251565e-16
How do within-family activation hyperparameters tune the welfare-convergence tradeoff?,hyperparameter_shifted_log,c,10.0,nrd,shifted_log,c,10.0,0.5,3,3,3,1.0,40,True,3100,0.9996641741304676,0.7604014357969012,4.182325665719189e-05,True,700,0.9997381984594005,0.7598558948825228,-4.064849145557492e-05,0.0,1.1102230246251565e-16
How do within-family activation hyperparameters tune the welfare-convergence tradeoff?,hyperparameter_shifted_log,c,10.0,nrd,shifted_log,c,10.0,0.5,3,3,3,1.0,42,True,2200,0.9997583765260533,0.8245187315170271,1.5803067412056837e-05,True,500,0.9998477641093557,0.823329525828831,-4.185268668327469e-05,2.220446049250313e-16,2.220446049250313e-16
How do within-family activation hyperparameters tune the welfare-convergence tradeoff?,hyperparameter_shifted_log,c,10.0,nrd,shifted_log,c,10.0,0.5,3,3,3,1.0,45,True,800,0.9999260201920045,0.952141721407683,-2.2724513897509624e-05,True,100,0.9999504399529824,0.951718770006623,-4.184535147450097e-05,1.1102230246251565e-16,1.1102230246251565e-16
How do within-family activation hyperparameters tune the welfare-convergence tradeoff?,hyperparameter_shifted_log,c,10.0,nrd,shifted_log,c,10.0,0.5,3,3,3,1.0,44,True,1900,0.9995638301084275,0.7473343962356743,6.974538494242122e-06,True,400,0.9997427698522371,0.7441215676996139,-4.1894760047123114e-05,1.1102230246251565e-16,2.220446049250313e-16
How do within-family activation hyperparameters tune the welfare-convergence tradeoff?,hyperparameter_shifted_log,c,10.0,nrd,shifted_log,c,10.0,0.5,3,3,3,1.0,43,False,,0.9992415785515761,0.734757690949274,0.00017544758821824713,True,1500,0.9996787707536944,0.7292622047910003,-1.9506871163477157e-05,2.220446049250313e-16,2.220446049250313e-16
How do within-family activation hyperparameters tune the welfare-convergence tradeoff?,hyperparameter_shifted_log,c,10.0,nrd,shifted_log,c,10.0,0.5,3,3,3,1.0,48,True,900,0.9999180458937643,0.8637957027455051,-1.935616169274068e-05,True,100,0.9998831978999051,0.8647248988825256,-4.186227592478664e-05,1.1102230246251565e-16,2.220446049250313e-16
How do within-family activation hyperparameters tune the welfare-convergence tradeoff?,hyperparameter_shifted_log,c,10.0,nrd,shifted_log,c,10.0,0.5,3,3,3,1.0,47,True,2100,0.9998338483127532,0.903941262139778,1.3984122975263524e-05,True,500,0.9999094387166636,0.9028993299230832,-4.1862782537704923e-05,2.220446049250313e-16,2.220446049250313e-16
How do within-family activation hyperparameters tune the welfare-convergence tradeoff?,hyperparameter_shifted_log,c,10.0,nrd,shifted_log,c,10.0,0.5,3,3,3,1.0,46,True,2800,0.9997486863699855,0.8416833946333041,3.1894605882043514e-05,True,600,0.9998822241844167,0.8401479698214809,-4.153629149417082e-05,2.220446049250313e-16,0.0
How do within-family activation hyperparameters tune the welfare-convergence tradeoff?,hyperparameter_shifted_log,c,10.0,nrd,shifted_log,c,10.0,0.5,3,3,3,1.0,50,True,3000,0.9997915943867768,0.8174348560690602,3.7705674694576974e-05,True,700,0.9999010606113816,0.8160375966312289,-4.111020745872773e-05,2.220446049250313e-16,2.220446049250313e-16
How do within-family activation hyperparameters tune the welfare-convergence tradeoff?,hyperparameter_shifted_log,c,10.0,nrd,shifted_log,c,10.0,0.5,3,3,3,1.0,49,False,,0.9995705942717704,0.8235822360331942,0.0001639968126323499,True,1700,0.9998328864780279,0.821292288579676,1.7230642562759968e-06,2.220446049250313e-16,2.220446049250313e-16
How do within-family activation hyperparameters tune the welfare-convergence tradeoff?,hyperparameter_shifted_log,c,10.0,nrd,shifted_log,c,10.0,0.5,3,3,3,1.0,51,True,1500,0.9998468740391204,0.852463161763635,-3.2765383803923243e-06,True,200,0.9999086962932493,0.8514722793720635,-4.186783999760024e-05,0.0,1.1102230246251565e-16
How do within-family activation hyperparameters tune the welfare-convergence tradeoff?,hyperparameter_shifted_log,c,10.0,nrd,shifted_log,c,10.0,0.5,3,3,3,1.0,54,True,2400,0.9996157456883377,0.8283178530932545,2.2050041144194843e-05,True,500,0.9998516691672252,0.8245378419411106,-4.185071934681428e-05,1.1102230246251565e-16,0.0
How do within-family activation hyperparameters tune the welfare-convergence tradeoff?,hyperparameter_shifted_log,c,10.0,nrd,shifted_log,c,10.0,0.5,3,3,3,1.0,53,False,,0.9994229388360549,0.8333757129374663,0.00015440356271645417,True,1600,0.9997670139732927,0.8293753729607728,-2.0616004141604805e-06,2.220446049250313e-16,2.220446049250313e-16
How do within-family activation hyperparameters tune the welfare-convergence tradeoff?,hyperparameter_shifted_log,c,10.0,nrd,shifted_log,c,10.0,0.5,3,3,3,1.0,52,False,,0.9992169406045708,0.819528673353617,0.00023529464184052218,True,2300,0.9997722807276102,0.8154459537042014,3.239436007529406e-05,1.1102230246251565e-16,2.220446049250313e-16
How do within-family activation hyperparameters tune the welfare-convergence tradeoff?,hyperparameter_shifted_log,c,10.0,nrd,shifted_log,c,10.0,0.5,3,3,3,1.0,55,True,3000,0.9997753569567791,0.8296070858323642,3.88564362270305e-05,True,700,0.999865864175634,0.8287028205342503,-4.098059614937588e-05,0.0,2.220446049250313e-16
How do within-family activation hyperparameters tune the welfare-convergence tradeoff?,hyperparameter_shifted_log,c,10.0,nrd,shifted_log,c,10.0,0.5,3,3,3,1.0,57,True,1600,0.9998863802567047,0.8691130491323987,-4.393791699364158e-07,True,300,0.9999307452524896,0.8685287464317373,-4.187168124614171e-05,2.220446049250313e-16,1.1102230246251565e-16
How do within-family activation hyperparameters tune the welfare-convergence tradeoff?,hyperparameter_shifted_log,c,10.0,nrd,shifted_log,c,10.0,0.5,3,3,3,1.0,56,False,,0.9996699538245464,0.8823806574125262,0.00021402061451980536,True,2100,0.9998899466830642,0.881973181448774,2.2861874739932286e-05,2.220446049250313e-16,2.220446049250313e-16
How do within-family activation hyperparameters tune the welfare-convergence tradeoff?,hyperparameter_shifted_log,c,10.0,nrd,shifted_log,c,10.0,0.5,3,3,3,1.0,58,True,1900,0.9996468136930311,0.8016300785361801,7.109629865942324e-06,True,300,0.9998091116701077,0.7987557217289188,-4.189039754959323e-05,0.0,1.1102230246251565e-16
How do within-family activation hyperparameters tune the welfare-convergence tradeoff?,hyperparameter_shifted_log,c,10.0,nrd,shifted_log,c,10.0,0.5,3,3,3,1.0,62,True,900,0.9998238710249026,0.807082822937104,-2.016239560048705e-05,True,200,0.9997858630827214,0.8080872327118275,-4.1866488069808305e-05,1.1102230246251565e-16,2.220446049250313e-16
How do within-family activation hyperparameters tune the welfare-convergence tradeoff?,hyperparameter_shifted_log,c,10.0,nrd,shifted_log,c,10.0,0.5,3,3,3,1.0,61,True,1200,0.999861813267148,0.8580693018752026,-1.112079553711176e-05,True,300,0.9998754437315237,0.8580139657840679,-4.184149755853683e-05,2.220446049250313e-16,1.1102230246251565e-16
How do within-family activation hyperparameters tune the welfare-convergence tradeoff?,hyperparameter_shifted_log,c,10.0,nrd,shifted_log,c,10.0,0.5,3,3,3,1.0,59,False,,0.999301356856952,0.7867351059538472,0.00023703874736169528,True,2400,0.9997392040814937,0.7827946133006999,3.317135261071691e-05,1.1102230246251565e-16,1.1102230246251565e-16
How do within-family activation hyperparameters tune the welfare-convergence tradeoff?,hyperparameter_shifted_log,c,10.0,nrd,shifted_log,c,10.0,0.5,3,3,3,1.0,60,False,,0.9995117350596735,0.8499421251554566,0.00015656608511793735,True,1400,0.9998120034622231,0.8468616244510093,-2.4279474066246642e-05,1.1102230246251565e-16,1.1102230246251565e-16
How do within-family activation hyperparameters tune the welfare-convergence tradeoff?,hyperparameter_shifted_log,c,10.0,nrd,shifted_log,c,10.0,0.5,3,3,3,1.0,63,True,1800,0.9998870271482643,0.9022946633985529,4.503181936843514e-06,True,300,0.9999402020041971,0.901686825230812,-4.187152490614521e-05,2.220446049250313e-16,0.0
How do within-family activation hyperparameters tune the welfare-convergence tradeoff?,hyperparameter_shifted_log,c,10.0,nrd,shifted_log,c,10.0,0.5,3,3,3,1.0,64,True,2700,0.999427133357532,0.7098741309559725,3.0679204810257765e-05,True,600,0.9996709673633309,0.7058998099153381,-4.1647014603518606e-05,2.220446049250313e-16,1.1102230246251565e-16
How do within-family activation hyperparameters tune the welfare-convergence tradeoff?,hyperparameter_shifted_log,c,10.0,nrd,shifted_log,c,10.0,0.5,3,3,3,1.0,66,True,2900,0.9997830773611148,0.8519847596630012,3.565089831347734e-05,True,700,0.999896169898957,0.8507674368606745,-4.1275242046445726e-05,1.1102230246251565e-16,1.1102230246251565e-16
How do within-family activation hyperparameters tune the welfare-convergence tradeoff?,hyperparameter_shifted_log,c,10.0,nrd,shifted_log,c,10.0,0.5,3,3,3,1.0,68,True,1700,0.9998849939935133,0.8429926471475934,3.607446015796434e-06,True,400,0.9998923412912062,0.8432180564813457,-4.187655260412537e-05,2.220446049250313e-16,2.220446049250313e-16
How do within-family activation hyperparameters tune the welfare-convergence tradeoff?,hyperparameter_shifted_log,c,10.0,nrd,shifted_log,c,10.0,0.5,3,3,3,1.0,67,True,2400,0.9997036112440386,0.8218862567681979,2.1144343160472978e-05,True,500,0.9998657990436121,0.8193095095161462,-4.186580816795127e-05,2.220446049250313e-16,1.1102230246251565e-16
How do within-family activation hyperparameters tune the welfare-convergence tradeoff?,hyperparameter_shifted_log,c,10.0,nrd,shifted_log,c,10.0,0.5,3,3,3,1.0,65,True,4100,0.9994970869301057,0.8142650567715203,6.74105758405319e-05,True,1000,0.9998399198852742,0.809890454713328,-3.376758701190141e-05,2.220446049250313e-16,1.1102230246251565e-16
How do within-family activation hyperparameters tune the welfare-convergence tradeoff?,hyperparameter_shifted_log,c,10.0,nrd,shifted_log,c,10.0,0.5,3,3,3,1.0,69,False,,0.99948270969779,0.864597729273712,0.00020851938807731063,True,2000,0.9997969439780804,0.8619002283288436,2.0406029610897658e-05,2.220446049250313e-16,1.1102230246251565e-16
How do within-family activation hyperparameters tune the welfare-convergence tradeoff?,hyperparameter_shifted_log,c,10.0,nrd,shifted_log,c,10.0,0.5,3,3,3,1.0,70,False,,0.999444130111728,0.8181059452006781,0.0002787052653155375,True,3000,0.9997107574533488,0.8178837924896133,5.269816867525812e-05,2.220446049250313e-16,2.220446049250313e-16
How do within-family activation hyperparameters tune the welfare-convergence tradeoff?,hyperparameter_shifted_log,c,10.0,nrd,shifted_log,c,10.0,0.5,3,3,3,1.0,71,True,3500,0.9996019996756992,0.8405976077754436,5.212695089029662e-05,True,800,0.9998183653462601,0.837378815875593,-3.8743535931917705e-05,2.220446049250313e-16,2.220446049250313e-16
How do within-family activation hyperparameters tune the welfare-convergence tradeoff?,hyperparameter_shifted_log,c,10.0,nrd,shifted_log,c,10.0,0.5,3,3,3,1.0,75,True,1800,0.9998189991571188,0.7882479166612987,5.72556696454285e-06,True,300,0.9998440862019563,0.7880644663254652,-4.1809734922515496e-05,2.220446049250313e-16,1.1102230246251565e-16
How do within-family activation hyperparameters tune the welfare-convergence tradeoff?,hyperparameter_shifted_log,c,10.0,nrd,shifted_log,c,10.0,0.5,3,3,3,1.0,73,False,,0.9996260633436675,0.822494501408103,0.000129742215293549,True,1400,0.9998197344334921,0.8214215291796694,-1.1213663854592326e-05,2.220446049250313e-16,2.220446049250313e-16
How do within-family activation hyperparameters tune the welfare-convergence tradeoff?,hyperparameter_shifted_log,c,10.0,nrd,shifted_log,c,10.0,0.5,3,3,3,1.0,74,False,,0.9995065687899819,0.8598278452059156,0.00023409738164326122,True,2300,0.9998170998310767,0.8576285656825807,3.1846688149095304e-05,1.1102230246251565e-16,2.220446049250313e-16
How do within-family activation hyperparameters tune the welfare-convergence tradeoff?,hyperparameter_shifted_log,c,10.0,nrd,shifted_log,c,10.0,0.5,3,3,3,1.0,72,False,,0.9991632139179609,0.8336964385041199,0.00017827676392206948,True,1800,0.9997223417559419,0.8263643789561504,7.5029151193062305e-06,0.0,1.1102230246251565e-16
How do within-family activation hyperparameters tune the welfare-convergence tradeoff?,hyperparameter_shifted_log,c,10.0,nrd,shifted_log,c,10.0,0.5,3,3,3,1.0,76,True,2900,0.9996801366093305,0.7476459663286681,3.552895313874149e-05,True,700,0.99968087005792,0.7486299236737867,-4.126977182050684e-05,0.0,2.220446049250313e-16
How do within-family activation hyperparameters tune the welfare-convergence tradeoff?,hyperparameter_shifted_log,c,10.0,nrd,shifted_log,c,10.0,0.5,3,3,3,1.0,77,True,2200,0.9997865696604076,0.8521754914152041,1.7274779618159375e-05,True,500,0.9999122214207928,0.8500923671610591,-4.18795068792277e-05,1.1102230246251565e-16,2.220446049250313e-16
How do within-family activation hyperparameters tune the welfare-convergence tradeoff?,hyperparameter_shifted_log,c,10.0,nrd,shifted_log,c,10.0,0.5,3,3,3,1.0,78,True,1000,0.999876366545865,0.8765677268060129,-1.5582912421374662e-05,True,200,0.9999091881058708,0.876038148639123,-4.1796831336538e-05,2.220446049250313e-16,2.220446049250313e-16
How do within-family activation hyperparameters tune the welfare-convergence tradeoff?,hyperparameter_shifted_log,c,10.0,nrd,shifted_log,c,10.0,0.5,3,3,3,1.0,81,True,2000,0.9996404928869217,0.7908155647786114,1.0495754494632692e-05,True,400,0.9997759051844329,0.7884325187398339,-4.187641587299895e-05,2.220446049250313e-16,1.1102230246251565e-16
How do within-family activation hyperparameters tune the welfare-convergence tradeoff?,hyperparameter_shifted_log,c,10.0,nrd,shifted_log,c,10.0,0.5,3,3,3,1.0,79,False,,0.9992982060004204,0.7485116242957583,0.00011272621868796406,True,1200,0.9997343713116154,0.743081688694593,-2.0422368538719482e-05,2.220446049250313e-16,1.1102230246251565e-16
How do within-family activation hyperparameters tune the welfare-convergence tradeoff?,hyperparameter_shifted_log,c,10.0,nrd,shifted_log,c,10.0,0.5,3,3,3,1.0,82,True,1300,0.9997436034441131,0.7471081368213058,-8.590903163685493e-06,True,300,0.9997421989221935,0.7474713035870945,-4.1887864904111005e-05,2.220446049250313e-16,2.220446049250313e-16
How do within-family activation hyperparameters tune the welfare-convergence tradeoff?,hyperparameter_shifted_log,c,10.0,nrd,shifted_log,c,10.0,0.5,3,3,3,1.0,80,False,,0.9993986757034552,0.8673972618396847,0.0002192409490884839,True,1800,0.9998135724071516,0.863219103684486,-7.187516209428146e-06,1.1102230246251565e-16,2.220446049250313e-16
How do within-family activation hyperparameters tune the welfare-convergence tradeoff?,hyperparameter_shifted_log,c,10.0,nrd,shifted_log,c,10.0,0.5,3,3,3,1.0,84,True,1200,0.9999113986539073,0.9173963982788123,-1.0859481193503662e-05,True,200,0.9999113624765206,0.9176782768018471,-4.186425770552615e-05,2.220446049250313e-16,1.1102230246251565e-16
How do within-family activation hyperparameters tune the welfare-convergence tradeoff?,hyperparameter_shifted_log,c,10.0,nrd,shifted_log,c,10.0,0.5,3,3,3,1.0,83,True,3900,0.9996886447309195,0.9107797372432892,6.428184104878554e-05,True,900,0.9998954233317183,0.9079122124175277,-3.496730332924747e-05,2.220446049250313e-16,1.1102230246251565e-16
How do within-family activation hyperparameters tune the welfare-convergence tradeoff?,hyperparameter_shifted_log,c,10.0,nrd,shifted_log,c,10.0,0.5,3,3,3,1.0,85,True,4400,0.9997848334838095,0.8491167940137601,7.606090388861952e-05,True,1000,0.9999272057611696,0.8480943530451253,-2.9889749710521052e-05,1.1102230246251565e-16,0.0
How do within-family activation hyperparameters tune the welfare-convergence tradeoff?,hyperparameter_shifted_log,c,10.0,nrd,shifted_log,c,10.0,0.5,3,3,3,1.0,87,True,1400,0.9999218861863605,0.8509696777830241,-6.890388714930751e-06,True,300,0.9999468714636046,0.8508476553292796,-4.187858590276594e-05,1.1102230246251565e-16,1.1102230246251565e-16
How do within-family activation hyperparameters tune the welfare-convergence tradeoff?,hyperparameter_shifted_log,c,10.0,nrd,shifted_log,c,10.0,0.5,3,3,3,1.0,86,True,1700,0.9998476879037645,0.8750447817143031,2.343098833734736e-06,True,400,0.9999174866872396,0.8740460594442037,-4.1871304069074355e-05,1.1102230246251565e-16,1.1102230246251565e-16
How do within-family activation hyperparameters tune the welfare-convergence tradeoff?,hyperparameter_shifted_log,c,10.0,nrd,shifted_log,c,10.0,0.5,3,3,3,1.0,88,True,1800,0.9997719057949532,0.861189725005041,6.185100918598696e-06,True,400,0.999884575442613,0.8594207988975744,-4.187621396001262e-05,1.1102230246251565e-16,0.0
How do within-family activation hyperparameters tune the welfare-convergence tradeoff?,hyperparameter_shifted_log,c,10.0,nrd,shifted_log,c,10.0,0.5,3,3,3,1.0,90,True,1800,0.9998922784671752,0.861394356159769,3.7021155385730253e-06,True,400,0.9999237730783104,0.8611276303213965,-4.187404835737096e-05,0.0,1.1102230246251565e-16
How do within-family activation hyperparameters tune the welfare-convergence tradeoff?,hyperparameter_shifted_log,c,10.0,nrd,shifted_log,c,10.0,0.5,3,3,3,1.0,89,False,,0.9996437625269243,0.8556270511786043,0.0001574492623252488,True,1600,0.9998744326576655,0.8539053667058466,-8.492984759356226e-07,2.220446049250313e-16,2.220446049250313e-16
How do within-family activation hyperparameters tune the welfare-convergence tradeoff?,hyperparameter_shifted_log,c,10.0,nrd,shifted_log,c,10.0,0.5,3,3,3,1.0,91,True,1000,0.999846940111678,0.818569400007231,-1.574974631302073e-05,True,200,0.9998658823562346,0.8183944222085091,-4.1867077019808185e-05,1.1102230246251565e-16,2.220446049250313e-16
How do within-family activation hyperparameters tune the welfare-convergence tradeoff?,hyperparameter_shifted_log,c,10.0,nrd,shifted_log,c,10.0,0.5,3,3,3,1.0,93,True,3100,0.9996918921200001,0.747244315237675,4.132723399491445e-05,True,700,0.9998246779241076,0.7453275858772894,-4.0720163066887416e-05,2.220446049250313e-16,2.220446049250313e-16
How do within-family activation hyperparameters tune the welfare-convergence tradeoff?,hyperparameter_shifted_log,c,10.0,nrd,shifted_log,c,10.0,0.5,3,3,3,1.0,94,True,3500,0.9996141830764723,0.8094509323522524,5.251023024072099e-05,True,800,0.9998169326156711,0.8064149434237837,-3.863860515407325e-05,0.0,1.1102230246251565e-16
How do within-family activation hyperparameters tune the welfare-convergence tradeoff?,hyperparameter_shifted_log,c,10.0,nrd,shifted_log,c,10.0,0.5,3,3,3,1.0,95,True,1400,0.9998853643363717,0.9061758778506442,-5.5049167332343885e-06,True,300,0.9999221203391664,0.905758329152313,-4.187068913596992e-05,1.1102230246251565e-16,2.220446049250313e-16
How do within-family activation hyperparameters tune the welfare-convergence tradeoff?,hyperparameter_shifted_log,c,10.0,nrd,shifted_log,c,10.0,0.5,3,3,3,1.0,96,True,2400,0.9998732020453565,0.8546125298496018,2.097711088006049e-05,True,500,0.9998973777853002,0.8547206687816953,-4.186011986639926e-05,1.1102230246251565e-16,0.0
How do within-family activation hyperparameters tune the welfare-convergence tradeoff?,hyperparameter_shifted_log,c,10.0,nrd,shifted_log,c,10.0,0.5,3,3,3,1.0,92,False,,0.9990871070790754,0.8660971870438029,0.00032449969272230206,True,2900,0.9997471907273504,0.8618351076706471,4.987468906453296e-05,1.1102230246251565e-16,2.220446049250313e-16
How do within-family activation hyperparameters tune the welfare-convergence tradeoff?,hyperparameter_shifted_log,c,10.0,nrd,shifted_log,c,10.0,0.5,3,3,3,1.0,97,False,,0.9994156327535487,0.7707165455403574,0.00013040763843180647,True,1200,0.9997717789242108,0.7660579102506856,-3.1152253931687746e-05,2.220446049250313e-16,2.220446049250313e-16
How do within-family activation hyperparameters tune the welfare-convergence tradeoff?,hyperparameter_shifted_log,c,10.0,nrd,shifted_log,c,10.0,0.5,3,3,3,1.0,99,True,1000,0.9999217019765818,0.911687702963361,-1.5232171638790426e-05,True,200,0.999923156469961,0.9118512099066681,-4.186104395492718e-05,0.0,2.220446049250313e-16
How do within-family activation hyperparameters tune the welfare-convergence tradeoff?,hyperparameter_shifted_log,c,10.0,nrd,shifted_log,c,10.0,0.5,3,3,3,1.0,98,True,4000,0.999599734773047,0.8598850651130475,6.662063522250294e-05,True,1000,0.9998850124669101,0.8566579224065802,-3.406951588785789e-05,2.220446049250313e-16,0.0
